Variable1,Variable1_Type,Variable2,Variable2_Type,Correlation,P_Value,N,Strength,Direction,Significant
Albumin,binary,Total.Protein,binary,1.0,0.0,12,STRONG,Positive,True
CV.Catheter.in.6.Months,binary,Meropenem,ordinal,-1.0,0.0,12,STRONG,Negative,True
CV.Catheter.in.6.Months,binary,Imipenem,ordinal,-1.0,0.0,12,STRONG,Negative,True
CV.Catheter.in.6.Months,binary,Urinary.Catheter.in.6.Months,binary,1.0,0.0,12,STRONG,Positive,True
CKD,binary,Endoscopy.in.1.week,binary,1.0,0.0,12,STRONG,Positive,True
HTN,binary,Clinical.improvement,binary,1.0,1.3283169408470465e-79,12,STRONG,Positive,True
CAP.CRO,binary,Relapse.post.28.Day.Discharge,binary,1.0,0.0,12,STRONG,Positive,True
Male,binary,Female,binary,-1.0,0.0,12,STRONG,Negative,True
COPD,binary,Creatinine,binary,-1.0,0.0,12,STRONG,Negative,True
P.C.in.vitro,binary,Colistin,ordinal,1.0,0.0,12,STRONG,Positive,True
COPD,binary,Other.CRO,binary,1.0,0.0,12,STRONG,Positive,True
Imipenem,ordinal,Meropenem,ordinal,1.0,0.0,12,STRONG,Positive,True
Urinary.Catheter.in.6.Months,binary,Imipenem,ordinal,-1.0,0.0,12,STRONG,Negative,True
COPD,binary,Gentamicin,binary,1.0,0.0,12,STRONG,Positive,True
Other.CRO,binary,Gentamicin,binary,1.0,0.0,12,STRONG,Positive,True
VIM,binary,Z.A.only.E,binary,1.0,0.0,12,STRONG,Positive,True
Creatinine,binary,Gentamicin,binary,-1.0,0.0,12,STRONG,Negative,True
Ciprofloxacin,ordinal,Piperacillin.Tazobactam,ordinal,1.0,0.0,12,STRONG,Positive,True
Z.A.invitro,binary,P.C.Z.A.T,binary,1.0,0.0,12,STRONG,Positive,True
Other.CRO,binary,Creatinine,binary,-1.0,0.0,12,STRONG,Negative,True
Past.CREPA.infection,binary,Mortality.post.28.Day.Discharge,binary,1.0,0.0,12,STRONG,Positive,True
Urinary.Catheter.in.6.Months,binary,Meropenem,ordinal,-1.0,0.0,12,STRONG,Negative,True
Ceftazidime,ordinal,Mortality.in.Hospital,binary,0.9909,4.927237820529111e-10,12,STRONG,Positive,True
Aztreonam,ordinal,Carbapenemase,binary,-0.9909,4.927237820529111e-10,12,STRONG,Negative,True
Cefoperazone.Sulbactam,ordinal,Piperacillin.Tazobactam,ordinal,0.9727,1.1351404071716558e-07,12,STRONG,Positive,True
Ciprofloxacin,ordinal,Cefoperazone.Sulbactam,ordinal,0.9727,1.1351404071716558e-07,12,STRONG,Positive,True
Cefepime,ordinal,Cefoperazone.Sulbactam,ordinal,0.8963,7.926947867522728e-05,12,STRONG,Positive,True
Ciprofloxacin,ordinal,Cefepime,ordinal,0.8963,7.926947867522728e-05,12,STRONG,Positive,True
Cefepime,ordinal,Piperacillin.Tazobactam,ordinal,0.8963,7.926947867522728e-05,12,STRONG,Positive,True
Albumin,binary,Piperacillin.Tazobactam,ordinal,0.8528,0.0004227811936060186,12,STRONG,Positive,True
Total.Protein,binary,Levofloxacin,ordinal,0.8528,0.0004227811936060186,12,STRONG,Positive,True
Total.Protein,binary,Piperacillin.Tazobactam,ordinal,0.8528,0.0004227811936060186,12,STRONG,Positive,True
Albumin,binary,Ciprofloxacin,ordinal,0.8528,0.0004227811936060186,12,STRONG,Positive,True
Albumin,binary,Levofloxacin,ordinal,0.8528,0.0004227811936060186,12,STRONG,Positive,True
Total.Protein,binary,Ciprofloxacin,ordinal,0.8528,0.0004227811936060186,12,STRONG,Positive,True
TLC,binary,Overall.mortality,binary,-0.8452,0.0005373336027564527,12,STRONG,Negative,True
Hemat.Malignancy,binary,Solid.Organ,binary,-0.8367,0.0006913033857629756,12,STRONG,Negative,True
ALP,binary,Cefoperazone.Sulbactam,ordinal,-0.809,0.0014371303815536155,12,STRONG,Negative,True
ALP,binary,Ciprofloxacin,ordinal,-0.809,0.0014371303815536155,12,STRONG,Negative,True
ALP,binary,Piperacillin.Tazobactam,ordinal,-0.809,0.0014371303815536155,12,STRONG,Negative,True
APACHEII,continuous,SOFA,continuous,0.7937,0.0020580488165246724,12,STRONG,Positive,True
GW.Stay.in.28.Days,continuous,Total.Hospital.stay.in.28.days,continuous,0.7841,0.00253900599409348,12,STRONG,Positive,True
Aztreonam,ordinal,Cefepime,ordinal,-0.7746,0.003096577032854415,12,STRONG,Negative,True
Cefepime,ordinal,Carbapenemase,binary,0.7705,0.0033585383206076193,12,STRONG,Positive,True
APACHEII,continuous,Aztreonam,ordinal,0.7596,0.004157968440476162,12,STRONG,Positive,True
SOFA,continuous,Carbapenemase,binary,-0.7593,0.00417932596595122,12,STRONG,Negative,True
HAP.CRO,binary,GW.Stay.in.28.Days,continuous,-0.7553,0.004506887649783592,12,STRONG,Negative,True
APACHEII,continuous,Carbapenemase,binary,-0.7526,0.004732742918026871,12,STRONG,Negative,True
SOFA,continuous,Aztreonam,ordinal,0.7384,0.006094666475043198,12,MODERATE,Positive,True
Total.Protein,binary,Cefoperazone.Sulbactam,ordinal,0.7249,0.007649005613399282,12,MODERATE,Positive,True
Albumin,binary,Cefoperazone.Sulbactam,ordinal,0.7249,0.007649005613399282,12,MODERATE,Positive,True
Overall.organ.support,binary,Levofloxacin,ordinal,0.7249,0.007649005613399282,12,MODERATE,Positive,True
ALP,binary,Total.Hospital.stay.in.28.days,continuous,-0.7233,0.007851155607447197,12,MODERATE,Negative,True
Inotropes.,binary,Magnesium,binary,0.7143,0.00905946276376234,12,MODERATE,Positive,True
ALP,binary,Cefepime,ordinal,-0.7078,0.010017006018548328,12,MODERATE,Negative,True
ALP,binary,Amikacin,ordinal,-0.7071,0.010119559735433718,12,MODERATE,Negative,True
TLC,binary,Globulin,binary,0.7071,0.010119559735433718,12,MODERATE,Positive,True
Urea,binary,Amikacin,ordinal,-0.7071,0.010119559735433718,12,MODERATE,Negative,True
Total.Protein,binary,Cefepime,ordinal,0.7006,0.011149652117061357,12,MODERATE,Positive,True
Albumin,binary,Cefepime,ordinal,0.7006,0.011149652117061357,12,MODERATE,Positive,True
Ventilation,binary,SOFA,continuous,0.6974,0.011688352430261412,12,MODERATE,Positive,True
Ciprofloxacin,ordinal,Levofloxacin,ordinal,0.697,0.011770284624359332,12,MODERATE,Positive,True
Levofloxacin,ordinal,Piperacillin.Tazobactam,ordinal,0.697,0.011770284624359332,12,MODERATE,Positive,True
Cefoperazone.Sulbactam,ordinal,Ceftazidime,ordinal,-0.697,0.011770284624359332,12,MODERATE,Negative,True
Amikacin,ordinal,Cefepime,ordinal,0.6963,0.01188410659111673,12,MODERATE,Positive,True
Height,continuous,Potassium,binary,-0.6925,0.012551885913612693,12,MODERATE,Negative,True
Magnesium,binary,ICU.Stay.in.28.Days,continuous,0.6891,0.013176157143525994,12,MODERATE,Positive,True
Age,continuous,Levofloxacin,ordinal,-0.686,0.013772655732420046,12,MODERATE,Negative,True
Weight,continuous,Cefoperazone.Sulbactam,ordinal,0.6859,0.013792215927263448,12,MODERATE,Positive,True
HAP.CRO,binary,Overall.mortality,binary,0.6831,0.014336107062361986,12,MODERATE,Positive,True
SGOT,binary,Carbapenemase,binary,0.6831,0.014336107062361969,12,MODERATE,Positive,True
DM,binary,Any.Fungal.Infection,binary,0.6831,0.014336107062361986,12,MODERATE,Positive,True
VAP.CRO,binary,Immunosuppressive.drugs.in.1.week,binary,0.6831,0.014336107062361986,12,MODERATE,Positive,True
HAP.CRO,binary,Magnesium,binary,0.6831,0.014336107062361986,12,MODERATE,Positive,True
Mortality.in.Hospital,binary,Overall.mortality,binary,0.6831,0.014336107062361986,12,MODERATE,Positive,True
Inotropes.,binary,Levofloxacin,ordinal,0.6769,0.015618534226467846,12,MODERATE,Positive,True
SGOT,binary,Aztreonam,ordinal,-0.6769,0.015618534226467846,12,MODERATE,Negative,True
Ceftazidime,ordinal,Overall.mortality,binary,0.6769,0.015618534226467846,12,MODERATE,Positive,True
Bil,binary,Total.Hospital.stay.in.28.days,continuous,-0.6749,0.016040913757173952,12,MODERATE,Negative,True
Past.CREPA.infection,binary,Relapse.post.28.Day.Discharge,binary,0.6742,0.016197070786617845,12,MODERATE,Positive,True
Past.CREPA.infection,binary,Endoscopy.in.1.week,binary,0.6742,0.016197070786617845,12,MODERATE,Positive,True
UTI.CRO,binary,Urinary.Catheter.in.6.Months,binary,0.6742,0.016197070786617845,12,MODERATE,Positive,True
Hypothyroidism,binary,Relapse.post.28.Day.Discharge,binary,0.6742,0.016197070786617845,12,MODERATE,Positive,True
UTI.CRO,binary,Meropenem,ordinal,-0.6742,0.016197070786617845,12,MODERATE,Negative,True
Hypothyroidism,binary,CAP.CRO,binary,0.6742,0.016197070786617845,12,MODERATE,Positive,True
P.C.in.vitro,binary,P.C.Z.A.T,binary,0.6742,0.016197070786617845,12,MODERATE,Positive,True
Endoscopy.in.1.week,binary,Mortality.post.28.Day.Discharge,binary,0.6742,0.016197070786617845,12,MODERATE,Positive,True
P.C.in.vitro,binary,Z.A.invitro,binary,0.6742,0.016197070786617845,12,MODERATE,Positive,True
Urinary.Catheter.in.6.Months,binary,Albumin,binary,-0.6742,0.016197070786617845,12,MODERATE,Negative,True
Male,binary,Z.A.only.E,binary,-0.6742,0.016197070786617845,12,MODERATE,Negative,True
Overall.organ.support,binary,Creatinine,binary,0.6742,0.016197070786617845,12,MODERATE,Positive,True
CKD,binary,P.C.Z.A.T,binary,0.6742,0.016197070786617845,12,MODERATE,Positive,True
Z.A.invitro,binary,Colistin,ordinal,0.6742,0.016197070786617845,12,MODERATE,Positive,True
Z.A.invitro,binary,Endoscopy.in.1.week,binary,0.6742,0.016197070786617845,12,MODERATE,Positive,True
Endoscopy.in.1.week,binary,P.C.Z.A.T,binary,0.6742,0.016197070786617845,12,MODERATE,Positive,True
BSI.CRO,binary,Neutropenia,binary,0.6742,0.016197070786617845,12,MODERATE,Positive,True
Mortality.post.28.Day.Discharge,binary,Relapse.post.28.Day.Discharge,binary,0.6742,0.016197070786617845,12,MODERATE,Positive,True
Z.A.invitro,binary,CKD,binary,0.6742,0.016197070786617845,12,MODERATE,Positive,True
CV.Catheter.in.6.Months,binary,Albumin,binary,-0.6742,0.016197070786617845,12,MODERATE,Negative,True
Neutropenia,binary,P.C.Z.A.E,binary,0.6742,0.016197070786617845,12,MODERATE,Positive,True
Lympho,binary,Colistin,ordinal,-0.6742,0.016197070786617845,12,MODERATE,Negative,True
CKD,binary,Mortality.post.28.Day.Discharge,binary,0.6742,0.016197070786617845,12,MODERATE,Positive,True
P.C.in.vitro,binary,Lympho,binary,-0.6742,0.016197070786617845,12,MODERATE,Negative,True
Male,binary,VIM,binary,-0.6742,0.016197070786617845,12,MODERATE,Negative,True
Urinary.Catheter.in.6.Months,binary,Total.Protein,binary,-0.6742,0.016197070786617845,12,MODERATE,Negative,True
Albumin,binary,Imipenem,ordinal,0.6742,0.016197070786617845,12,MODERATE,Positive,True
UTI.CRO,binary,Imipenem,ordinal,-0.6742,0.016197070786617845,12,MODERATE,Negative,True
Total.Protein,binary,Imipenem,ordinal,0.6742,0.016197070786617845,12,MODERATE,Positive,True
P.C.Z.A.T,binary,Colistin,ordinal,0.6742,0.016197070786617845,12,MODERATE,Positive,True
CAP.CRO,binary,Mortality.post.28.Day.Discharge,binary,0.6742,0.016197070786617845,12,MODERATE,Positive,True
UTI.CRO,binary,CV.Catheter.in.6.Months,binary,0.6742,0.016197070786617845,12,MODERATE,Positive,True
Female,binary,Z.A.only.E,binary,0.6742,0.016197070786617845,12,MODERATE,Positive,True
CV.Catheter.in.6.Months,binary,Total.Protein,binary,-0.6742,0.016197070786617845,12,MODERATE,Negative,True
Female,binary,VIM,binary,0.6742,0.016197070786617845,12,MODERATE,Positive,True
CAP.CRO,binary,Z.A.only.T,binary,0.6742,0.016197070786617845,12,MODERATE,Positive,True
IAI.CRO,binary,Total.Protein,binary,-0.6742,0.016197070786617845,12,MODERATE,Negative,True
Z.A.only.T,binary,Relapse.post.28.Day.Discharge,binary,0.6742,0.016197070786617845,12,MODERATE,Positive,True
CKD,binary,Past.CREPA.infection,binary,0.6742,0.016197070786617845,12,MODERATE,Positive,True
IAI.CRO,binary,Albumin,binary,-0.6742,0.016197070786617845,12,MODERATE,Negative,True
IAI.CRO,binary,Overall.organ.support,binary,-0.6742,0.016197070786617845,12,MODERATE,Negative,True
Albumin,binary,Meropenem,ordinal,0.6742,0.016197070786617845,12,MODERATE,Positive,True
Overall.organ.support,binary,Gentamicin,binary,-0.6742,0.016197070786617845,12,MODERATE,Negative,True
Total.Protein,binary,Meropenem,ordinal,0.6742,0.016197070786617845,12,MODERATE,Positive,True
Other.CRO,binary,Overall.organ.support,binary,-0.6742,0.016197070786617845,12,MODERATE,Negative,True
CAP.CRO,binary,Past.CREPA.infection,binary,0.6742,0.016197070786617845,12,MODERATE,Positive,True
COPD,binary,Overall.organ.support,binary,-0.6742,0.016197070786617845,12,MODERATE,Negative,True
Weight,continuous,Ciprofloxacin,ordinal,0.6721,0.01666134546813343,12,MODERATE,Positive,True
Weight,continuous,Piperacillin.Tazobactam,ordinal,0.6721,0.01666134546813343,12,MODERATE,Positive,True
ALP,binary,GW.Stay.in.28.Days,continuous,-0.6681,0.017575897947680358,12,MODERATE,Negative,True
Height,continuous,P.C.only.T,binary,-0.6622,0.01897220543222236,12,MODERATE,Negative,True
Weight,continuous,Any.Viral.Infection,binary,0.661,0.01925720925832869,12,MODERATE,Positive,True
Aztreonam,ordinal,Cefoperazone.Sulbactam,ordinal,-0.6576,0.020125896085037592,12,MODERATE,Negative,True
Aztreonam,ordinal,Ceftazidime,ordinal,0.6576,0.020125896085037592,12,MODERATE,Positive,True
Sodium,binary,P.C.only.T,binary,-0.6571,0.020236688803349823,12,MODERATE,Negative,True
NDM,binary,Sodium,binary,0.6571,0.020236688803349823,12,MODERATE,Positive,True
Overall.organ.support,binary,APACHEII,continuous,0.6478,0.022751806072576646,12,MODERATE,Positive,True
VAP.CRO,binary,Total.Hospital.stay.in.28.days,continuous,0.6468,0.023019012349110992,12,MODERATE,Positive,True
Age,continuous,HAP.CRO,binary,-0.6434,0.02399862347426029,12,MODERATE,Negative,True
GW.Stay.in.28.Days,continuous,Overall.mortality,binary,-0.6388,0.02535707349832905,12,MODERATE,Negative,True
Urinary.Catheter.in.6.Months,binary,Aztreonam,ordinal,0.6325,0.02732292020295861,12,MODERATE,Positive,True
Past.CREPA.infection,binary,Globulin,binary,-0.6325,0.02732292020295869,12,MODERATE,Negative,True
ANC,binary,Albumin,binary,0.6325,0.02732292020295869,12,MODERATE,Positive,True
Z.A.invitro,binary,Globulin,binary,-0.6325,0.02732292020295869,12,MODERATE,Negative,True
Ventilation,binary,Overall.organ.support,binary,0.6325,0.02732292020295869,12,MODERATE,Positive,True
Aztreonam,ordinal,Imipenem,ordinal,-0.6325,0.02732292020295861,12,MODERATE,Negative,True
Male,binary,Potassium,binary,-0.6325,0.02732292020295869,12,MODERATE,Negative,True
Lympho,binary,Globulin,binary,0.6325,0.02732292020295869,12,MODERATE,Positive,True
Aztreonam,ordinal,Meropenem,ordinal,-0.6325,0.02732292020295861,12,MODERATE,Negative,True
CV.Catheter.in.6.Months,binary,Aztreonam,ordinal,0.6325,0.02732292020295861,12,MODERATE,Positive,True
Hypothyroidism,binary,Urea,binary,-0.6325,0.02732292020295869,12,MODERATE,Negative,True
HTN,binary,Hypothyroidism,binary,-0.6325,0.02732292020295869,12,MODERATE,Negative,True
Globulin,binary,Mortality.post.28.Day.Discharge,binary,-0.6325,0.02732292020295869,12,MODERATE,Negative,True
Male,binary,Urea,binary,0.6325,0.02732292020295869,12,MODERATE,Positive,True
Neutropenia,binary,Hemat.Malignancy,binary,0.6325,0.02732292020295869,12,MODERATE,Positive,True
Albumin,binary,ALP,binary,-0.6325,0.02732292020295869,12,MODERATE,Negative,True
Total.Protein,binary,P.C.only.E,binary,-0.6325,0.02732292020295869,12,MODERATE,Negative,True
Albumin,binary,P.C.only.E,binary,-0.6325,0.02732292020295869,12,MODERATE,Negative,True
ANC,binary,Total.Protein,binary,0.6325,0.02732292020295869,12,MODERATE,Positive,True
Ventilation,binary,Z.A.only.T,binary,-0.6325,0.02732292020295869,12,MODERATE,Negative,True
Female,binary,Potassium,binary,0.6325,0.02732292020295869,12,MODERATE,Positive,True
Female,binary,Urea,binary,-0.6325,0.02732292020295869,12,MODERATE,Negative,True
P.C.only.E,binary,Z.A.only.T,binary,0.6325,0.02732292020295869,12,MODERATE,Positive,True
Globulin,binary,P.C.Z.A.T,binary,-0.6325,0.02732292020295869,12,MODERATE,Negative,True
Hypothyroidism,binary,Clinical.improvement,binary,-0.6325,0.02732292020295869,12,MODERATE,Negative,True
Total.Protein,binary,ALP,binary,-0.6325,0.02732292020295869,12,MODERATE,Negative,True
UTI.CRO,binary,P.C.only.E,binary,0.6325,0.02732292020295869,12,MODERATE,Positive,True
ICU.Stay.in.28.Days,continuous,Total.Hospital.stay.in.28.days,continuous,0.6294,0.028298091374286172,12,MODERATE,Positive,True
Ventilation,binary,P.C.only.E,binary,-0.625,0.029776397219393316,12,MODERATE,Negative,True
Potassium,binary,Urea,binary,-0.625,0.029776397219393316,12,MODERATE,Negative,True
ANC,binary,P.C.only.E,binary,-0.625,0.029776397219393316,12,MODERATE,Negative,True
Ceftazidime,ordinal,Carbapenemase,binary,-0.6239,0.030158393457521658,12,MODERATE,Negative,True
Cefoperazone.Sulbactam,ordinal,Mortality.in.Hospital,binary,-0.6239,0.030158393457521658,12,MODERATE,Negative,True
Cefoperazone.Sulbactam,ordinal,Carbapenemase,binary,0.6239,0.030158393457521658,12,MODERATE,Positive,True
Overall.organ.support,binary,ICU.Stay.in.28.Days,continuous,0.6186,0.0320001220354841,12,MODERATE,Positive,True
Age,continuous,Total.Protein,binary,-0.6175,0.03239139376454925,12,MODERATE,Negative,True
Age,continuous,Albumin,binary,-0.6175,0.03239139376454925,12,MODERATE,Negative,True
Male,binary,Height,continuous,0.6164,0.03278399806074695,12,MODERATE,Positive,True
Female,binary,Height,continuous,-0.6164,0.03278399806074695,12,MODERATE,Negative,True
VAP.CRO,binary,GW.Stay.in.28.Days,continuous,0.6154,0.03316438354917416,12,MODERATE,Positive,True
Ventilation,binary,APACHEII,continuous,0.6145,0.03349178414919414,12,MODERATE,Positive,True
Sodium,binary,P.C.only.E,binary,0.5976,0.04015671811047755,12,MODERATE,Positive,True
ANC,binary,Magnesium,binary,0.5976,0.04015671811047755,12,MODERATE,Positive,True
Inotropes.,binary,Clinical.improvement,binary,-0.5976,0.04015671811047755,12,MODERATE,Negative,True
SGOT,binary,Urea,binary,-0.5976,0.04015671811047755,12,MODERATE,Negative,True
SGOT,binary,Potassium,binary,0.5976,0.04015671811047755,12,MODERATE,Positive,True
HTN,binary,Inotropes.,binary,-0.5976,0.04015671811047755,12,MODERATE,Negative,True
Solid.Organ,binary,ALP,binary,0.5976,0.04015671811047755,12,MODERATE,Positive,True
P.C.only.E,binary,P.C.only.T,binary,-0.5976,0.04015671811047755,12,MODERATE,Negative,True
Surgery.in.last.3.Months,binary,Solid.Organ,binary,0.5976,0.04015671811047755,12,MODERATE,Positive,True
Ventilation,binary,Sodium,binary,-0.5976,0.04015671811047755,12,MODERATE,Negative,True
ANC,binary,Sodium,binary,-0.5976,0.04015671811047755,12,MODERATE,Negative,True
ANC,binary,P.C.only.T,binary,0.5976,0.04015671811047755,12,MODERATE,Positive,True
Age,continuous,P.C.only.E,binary,0.591,0.04301658191387238,12,MODERATE,Positive,True
Overall.organ.support,binary,SOFA,continuous,0.5881,0.044281223990975935,12,MODERATE,Positive,True
Aztreonam,ordinal,Mortality.in.Hospital,binary,0.5872,0.04471439811381054,12,MODERATE,Positive,True
Weight,continuous,Bil,binary,-0.5854,0.045541284105462515,12,MODERATE,Negative,True
Height,continuous,Z.A.only.T,binary,0.584,0.046174913442432644,12,MODERATE,Positive,True
Levofloxacin,ordinal,Cefoperazone.Sulbactam,ordinal,0.5788,0.048636832089399284,12,MODERATE,Positive,True
Ceftazidime,ordinal,Piperacillin.Tazobactam,ordinal,-0.5788,0.048636832089399284,12,MODERATE,Negative,True
Ciprofloxacin,ordinal,Ceftazidime,ordinal,-0.5788,0.048636832089399284,12,MODERATE,Negative,True
TLC,binary,Mortality.in.Hospital,binary,-0.5774,0.04933219563992177,12,MODERATE,Negative,True
HAP.CRO,binary,TLC,binary,-0.5774,0.049332195639921826,12,MODERATE,Negative,True
Platelet,binary,Carbapenemase,binary,-0.5774,0.04933219563992177,12,MODERATE,Negative,True
Amikacin,ordinal,Carbapenemase,binary,0.5774,0.04933219563992177,12,MODERATE,Positive,True
Imipenem,ordinal,Levofloxacin,ordinal,0.575,0.050503989797692043,12,MODERATE,Positive,False
CV.Catheter.in.6.Months,binary,Piperacillin.Tazobactam,ordinal,-0.575,0.050503989797692043,12,MODERATE,Negative,False
CV.Catheter.in.6.Months,binary,Ceftazidime,ordinal,0.575,0.050503989797692043,12,MODERATE,Positive,False
CV.Catheter.in.6.Months,binary,Cefoperazone.Sulbactam,ordinal,-0.575,0.050503989797692043,12,MODERATE,Negative,False
CV.Catheter.in.6.Months,binary,Levofloxacin,ordinal,-0.575,0.050503989797692043,12,MODERATE,Negative,False
CV.Catheter.in.6.Months,binary,Ciprofloxacin,ordinal,-0.575,0.050503989797692043,12,MODERATE,Negative,False
Ciprofloxacin,ordinal,Imipenem,ordinal,0.575,0.050503989797692043,12,MODERATE,Positive,False
IAI.CRO,binary,Ciprofloxacin,ordinal,-0.575,0.050503989797692043,12,MODERATE,Negative,False
Urinary.Catheter.in.6.Months,binary,Ciprofloxacin,ordinal,-0.575,0.050503989797692043,12,MODERATE,Negative,False
Ciprofloxacin,ordinal,Meropenem,ordinal,0.575,0.050503989797692043,12,MODERATE,Positive,False
Levofloxacin,ordinal,Meropenem,ordinal,0.575,0.050503989797692043,12,MODERATE,Positive,False
Urinary.Catheter.in.6.Months,binary,Ceftazidime,ordinal,0.575,0.050503989797692043,12,MODERATE,Positive,False
IAI.CRO,binary,Piperacillin.Tazobactam,ordinal,-0.575,0.050503989797692043,12,MODERATE,Negative,False
IAI.CRO,binary,Levofloxacin,ordinal,-0.575,0.050503989797692043,12,MODERATE,Negative,False
Meropenem,ordinal,Ceftazidime,ordinal,-0.575,0.050503989797692043,12,MODERATE,Negative,False
Imipenem,ordinal,Cefoperazone.Sulbactam,ordinal,0.575,0.050503989797692043,12,MODERATE,Positive,False
Imipenem,ordinal,Ceftazidime,ordinal,-0.575,0.050503989797692043,12,MODERATE,Negative,False
Imipenem,ordinal,Piperacillin.Tazobactam,ordinal,0.575,0.050503989797692043,12,MODERATE,Positive,False
Meropenem,ordinal,Cefoperazone.Sulbactam,ordinal,0.575,0.050503989797692043,12,MODERATE,Positive,False
Meropenem,ordinal,Piperacillin.Tazobactam,ordinal,0.575,0.050503989797692043,12,MODERATE,Positive,False
Urinary.Catheter.in.6.Months,binary,Cefoperazone.Sulbactam,ordinal,-0.575,0.050503989797692043,12,MODERATE,Negative,False
Urinary.Catheter.in.6.Months,binary,Piperacillin.Tazobactam,ordinal,-0.575,0.050503989797692043,12,MODERATE,Negative,False
Urinary.Catheter.in.6.Months,binary,Levofloxacin,ordinal,-0.575,0.050503989797692043,12,MODERATE,Negative,False
TLC,binary,Ceftazidime,ordinal,-0.5721,0.05194242140716237,12,MODERATE,Negative,False
Amikacin,ordinal,Ciprofloxacin,ordinal,0.5721,0.05194242140716237,12,MODERATE,Positive,False
Amikacin,ordinal,Piperacillin.Tazobactam,ordinal,0.5721,0.05194242140716237,12,MODERATE,Positive,False
Amikacin,ordinal,Cefoperazone.Sulbactam,ordinal,0.5721,0.05194242140716237,12,MODERATE,Positive,False
Amikacin,ordinal,Aztreonam,ordinal,-0.5721,0.05194242140716237,12,MODERATE,Negative,False
Amikacin,ordinal,Levofloxacin,ordinal,0.5721,0.05194242140716237,12,MODERATE,Positive,False
Platelet,binary,Aztreonam,ordinal,0.5721,0.05194242140716237,12,MODERATE,Positive,False
Ciprofloxacin,ordinal,Total.Hospital.stay.in.28.days,continuous,0.5712,0.05237153261375187,12,MODERATE,Positive,False
Piperacillin.Tazobactam,ordinal,Total.Hospital.stay.in.28.days,continuous,0.5712,0.05237153261375187,12,MODERATE,Positive,False
Immunosuppressive.drugs.in.1.week,binary,Total.Hospital.stay.in.28.days,continuous,0.5681,0.05398023819934224,12,MODERATE,Positive,False
Inotropes.,binary,ICU.Stay.in.28.Days,continuous,0.5661,0.0550285410538872,12,MODERATE,Positive,False
Age,continuous,Magnesium,binary,-0.5651,0.05555377687257667,12,MODERATE,Negative,False
Height,continuous,GW.Stay.in.28.Days,continuous,0.5606,0.05793793117410217,12,MODERATE,Positive,False
Amikacin,ordinal,Total.Hospital.stay.in.28.days,continuous,0.5601,0.05820513229017666,12,MODERATE,Positive,False
GW.Stay.in.28.Days,continuous,Mortality.in.Hospital,binary,-0.5595,0.05858197571446696,12,MODERATE,Negative,False
Aztreonam,ordinal,Piperacillin.Tazobactam,ordinal,-0.5576,0.05961811107597445,12,MODERATE,Negative,False
Aztreonam,ordinal,Ciprofloxacin,ordinal,-0.5576,0.05961811107597445,12,MODERATE,Negative,False
Cefoperazone.Sulbactam,ordinal,Total.Hospital.stay.in.28.days,continuous,0.5573,0.05977336865862435,12,MODERATE,Positive,False
Carbapenemase,binary,Mortality.in.Hospital,binary,-0.5556,0.060746565213281714,12,MODERATE,Negative,False
HAP.CRO,binary,Mortality.in.Hospital,binary,0.5556,0.060746565213281714,12,MODERATE,Positive,False
Weight,continuous,Cefepime,ordinal,0.5505,0.06363657036693277,12,MODERATE,Positive,False
Immunosuppressive.drugs.in.1.week,binary,GW.Stay.in.28.Days,continuous,0.5405,0.06961973948350367,12,MODERATE,Positive,False
Height,continuous,Surgery.in.last.3.Months,binary,-0.5386,0.07078359014565354,12,MODERATE,Negative,False
Ceftazidime,ordinal,GW.Stay.in.28.Days,continuous,-0.5382,0.0710727430607378,12,MODERATE,Negative,False
Cefepime,ordinal,Ceftazidime,ordinal,-0.5367,0.07202909125143943,12,MODERATE,Negative,False
Cefepime,ordinal,Levofloxacin,ordinal,0.5367,0.07202909125143943,12,MODERATE,Positive,False
Bil,binary,ICU.Stay.in.28.Days,continuous,-0.5324,0.07474356914849314,12,MODERATE,Negative,False
APACHEII,continuous,Ceftazidime,ordinal,0.5294,0.07672897254804781,12,MODERATE,Positive,False
Solid.Organ,binary,Z.A.only.T,binary,-0.5292,0.07688509128348098,12,MODERATE,Negative,False
Past.CREPA.infection,binary,Overall.mortality,binary,0.5292,0.07688509128348098,12,MODERATE,Positive,False
Neutropenia,binary,Solid.Organ,binary,-0.5292,0.07688509128348098,12,MODERATE,Negative,False
Hypothyroidism,binary,Overall.mortality,binary,0.5292,0.07688509128348098,12,MODERATE,Positive,False
Overall.organ.support,binary,Any.Viral.Infection,binary,0.5292,0.07688509128348098,12,MODERATE,Positive,False
Any.Fungal.Infection,binary,P.C.Z.A.T,binary,0.5292,0.07688509128348098,12,MODERATE,Positive,False
Male,binary,NDM,binary,0.5292,0.07688509128348098,12,MODERATE,Positive,False
Immunosuppressive.drugs.in.1.week,binary,Lympho,binary,-0.5292,0.07688509128348098,12,MODERATE,Negative,False
UTI.CRO,binary,SGOT,binary,-0.5292,0.07688509128348098,12,MODERATE,Negative,False
Inotropes.,binary,Overall.organ.support,binary,0.5292,0.07688509128348098,12,MODERATE,Positive,False
Total.Protein,binary,Calcium,binary,0.5292,0.07688509128348098,12,MODERATE,Positive,False
Female,binary,Sodium,binary,-0.5292,0.07688509128348098,12,MODERATE,Negative,False
Hypothyroidism,binary,Solid.Organ,binary,-0.5292,0.07688509128348098,12,MODERATE,Negative,False
Z.A.invitro,binary,Any.Fungal.Infection,binary,0.5292,0.07688509128348098,12,MODERATE,Positive,False
UTI.CRO,binary,Hospitalization.in.past.6.Months,binary,0.5292,0.07688509128348098,12,MODERATE,Positive,False
Calcium,binary,P.C.Z.A.T,binary,-0.5292,0.07688509128348098,12,MODERATE,Negative,False
Male,binary,P.C.only.T,binary,-0.5292,0.07688509128348098,12,MODERATE,Negative,False
Male,binary,Sodium,binary,0.5292,0.07688509128348098,12,MODERATE,Positive,False
Female,binary,NDM,binary,-0.5292,0.07688509128348098,12,MODERATE,Negative,False
Inotropes.,binary,Albumin,binary,0.5292,0.07688509128348098,12,MODERATE,Positive,False
Inotropes.,binary,Total.Protein,binary,0.5292,0.07688509128348098,12,MODERATE,Positive,False
Neutropenia,binary,Sodium,binary,-0.5292,0.07688509128348098,12,MODERATE,Negative,False
Female,binary,P.C.only.T,binary,0.5292,0.07688509128348098,12,MODERATE,Positive,False
Neutropenia,binary,Any.Fungal.Infection,binary,0.5292,0.07688509128348098,12,MODERATE,Positive,False
Albumin,binary,Calcium,binary,0.5292,0.07688509128348098,12,MODERATE,Positive,False
Z.A.invitro,binary,Calcium,binary,-0.5292,0.07688509128348098,12,MODERATE,Negative,False
Mortality.post.28.Day.Discharge,binary,Overall.mortality,binary,0.5292,0.07688509128348098,12,MODERATE,Positive,False
Meropenem,ordinal,Mortality.in.Hospital,binary,-0.5222,0.08155339870160576,12,MODERATE,Negative,False
CV.Catheter.in.6.Months,binary,Mortality.in.Hospital,binary,0.5222,0.08155339870160576,12,MODERATE,Positive,False
CV.Catheter.in.6.Months,binary,Carbapenemase,binary,-0.5222,0.08155339870160576,12,MODERATE,Negative,False
Meropenem,ordinal,Carbapenemase,binary,0.5222,0.08155339870160576,12,MODERATE,Positive,False
Urinary.Catheter.in.6.Months,binary,Carbapenemase,binary,-0.5222,0.08155339870160576,12,MODERATE,Negative,False
Imipenem,ordinal,Carbapenemase,binary,0.5222,0.08155339870160576,12,MODERATE,Positive,False
P.C.Z.A.E,binary,Carbapenemase,binary,-0.5222,0.08155339870160576,12,MODERATE,Negative,False
CKD,binary,HAP.CRO,binary,0.5222,0.08155339870160576,12,MODERATE,Positive,False
CKD,binary,DM,binary,0.5222,0.08155339870160576,12,MODERATE,Positive,False
P.C.in.vitro,binary,VAP.CRO,binary,0.5222,0.08155339870160576,12,MODERATE,Positive,False
VIM,binary,VAP.CRO,binary,0.5222,0.08155339870160576,12,MODERATE,Positive,False
IAI.CRO,binary,Bil,binary,0.5222,0.08155339870160576,12,MODERATE,Positive,False
VAP.CRO,binary,Colistin,ordinal,0.5222,0.08155339870160576,12,MODERATE,Positive,False
Urinary.Catheter.in.6.Months,binary,Mortality.in.Hospital,binary,0.5222,0.08155339870160576,12,MODERATE,Positive,False
Imipenem,ordinal,Mortality.in.Hospital,binary,-0.5222,0.08155339870160576,12,MODERATE,Negative,False
VAP.CRO,binary,Z.A.only.E,binary,0.5222,0.08155339870160576,12,MODERATE,Positive,False
VAP.CRO,binary,P.C.Z.A.E,binary,0.5222,0.08155339870160576,12,MODERATE,Positive,False
DM,binary,BSI.CRO,binary,0.5222,0.08155339870160576,12,MODERATE,Positive,False
BSI.CRO,binary,Bil,binary,0.5222,0.08155339870160576,12,MODERATE,Positive,False
DM,binary,Endoscopy.in.1.week,binary,0.5222,0.08155339870160576,12,MODERATE,Positive,False
HAP.CRO,binary,Endoscopy.in.1.week,binary,0.5222,0.08155339870160576,12,MODERATE,Positive,False
Weight,continuous,P.C.Z.A.T,binary,0.5182,0.0843621179168814,12,MODERATE,Positive,False
Weight,continuous,Z.A.invitro,binary,0.5182,0.0843621179168814,12,MODERATE,Positive,False
Weight,continuous,Hospitalization.in.past.6.Months,binary,-0.5141,0.0872585685105483,12,MODERATE,Negative,False
Bil,binary,Ciprofloxacin,ordinal,-0.5138,0.08751308558860203,12,MODERATE,Negative,False
Ciprofloxacin,ordinal,Carbapenemase,binary,0.5138,0.08751308558860203,12,MODERATE,Positive,False
Ciprofloxacin,ordinal,Mortality.in.Hospital,binary,-0.5138,0.08751308558860203,12,MODERATE,Negative,False
Piperacillin.Tazobactam,ordinal,Mortality.in.Hospital,binary,-0.5138,0.08751308558860203,12,MODERATE,Negative,False
Bil,binary,Piperacillin.Tazobactam,ordinal,-0.5138,0.08751308558860203,12,MODERATE,Negative,False
Bil,binary,Cefoperazone.Sulbactam,ordinal,-0.5138,0.08751308558860203,12,MODERATE,Negative,False
Piperacillin.Tazobactam,ordinal,Carbapenemase,binary,0.5138,0.08751308558860203,12,MODERATE,Positive,False
HAP.CRO,binary,Ceftazidime,ordinal,0.5138,0.08751308558860203,12,MODERATE,Positive,False
Height,continuous,ANC,binary,-0.513,0.08808774602966071,12,MODERATE,Negative,False
Weight,continuous,ALP,binary,-0.5121,0.08874053918241115,12,MODERATE,Negative,False
TLC,binary,Calcium,binary,0.5071,0.09243590837260084,12,MODERATE,Positive,False
Platelet,binary,P.C.only.T,binary,0.5071,0.09243590837260084,12,MODERATE,Positive,False
Solid.Organ,binary,Amikacin,ordinal,-0.5071,0.09243590837260084,12,MODERATE,Negative,False
SGOT,binary,Amikacin,ordinal,0.5071,0.09243590837260084,12,MODERATE,Positive,False
Any.Viral.Infection,binary,TLC,binary,-0.5071,0.09243590837260084,12,MODERATE,Negative,False
SGPT,binary,SGOT,binary,0.5071,0.09243590837260084,12,MODERATE,Positive,False
SGPT,binary,Calcium,binary,-0.5071,0.09243590837260084,12,MODERATE,Negative,False
Platelet,binary,Sodium,binary,-0.5071,0.09243590837260084,12,MODERATE,Negative,False
Platelet,binary,Calcium,binary,0.5071,0.09243590837260084,12,MODERATE,Positive,False
Platelet,binary,SGOT,binary,-0.5071,0.09243590837260084,12,MODERATE,Negative,False
SGPT,binary,Magnesium,binary,-0.5071,0.09243590837260084,12,MODERATE,Negative,False
Inotropes.,binary,SGPT,binary,-0.5071,0.09243590837260084,12,MODERATE,Negative,False
Ventilation,binary,Potassium,binary,0.5,0.0978546142578125,12,WEAK,Positive,False
Hemat.Malignancy,binary,Globulin,binary,0.5,0.0978546142578125,12,WEAK,Positive,False
Potassium,binary,P.C.only.E,binary,-0.5,0.0978546142578125,12,WEAK,Negative,False
Hemat.Malignancy,binary,ANC,binary,0.5,0.0978546142578125,12,WEAK,Positive,False
ANC,binary,Potassium,binary,0.5,0.0978546142578125,12,WEAK,Positive,False
Surgery.in.last.3.Months,binary,Hemat.Malignancy,binary,-0.5,0.0978546142578125,12,WEAK,Negative,False
Surgery.in.last.3.Months,binary,ANC,binary,0.5,0.0978546142578125,12,WEAK,Positive,False
ALP,binary,Urea,binary,0.5,0.0978546142578125,12,WEAK,Positive,False
Hemat.Malignancy,binary,ALP,binary,-0.5,0.0978546142578125,12,WEAK,Negative,False
Surgery.in.last.3.Months,binary,P.C.only.E,binary,-0.5,0.0978546142578125,12,WEAK,Negative,False
Levofloxacin,ordinal,ICU.Stay.in.28.Days,continuous,0.4952,0.10166934332309374,12,WEAK,Positive,False
Potassium,binary,Cefepime,ordinal,0.4924,0.10392052069843798,12,WEAK,Positive,False
Urea,binary,Cefepime,ordinal,-0.4924,0.10392052069843798,12,WEAK,Negative,False
Overall.organ.support,binary,Total.Hospital.stay.in.28.days,continuous,0.4901,0.10575515940532787,12,WEAK,Positive,False
Hemat.Malignancy,binary,ICU.Stay.in.28.Days,continuous,0.4891,0.1066244469658432,12,WEAK,Positive,False
Potassium,binary,GW.Stay.in.28.Days,continuous,-0.4882,0.10733662579324399,12,WEAK,Negative,False
Any.Fungal.Infection,binary,Mortality.in.Hospital,binary,-0.488,0.10754126251881159,12,WEAK,Negative,False
VAP.CRO,binary,Overall.mortality,binary,-0.488,0.10754126251881159,12,WEAK,Negative,False
NDM,binary,DM,binary,0.488,0.10754126251881159,12,WEAK,Positive,False
HAP.CRO,binary,Inotropes.,binary,0.488,0.10754126251881159,12,WEAK,Positive,False
Age,continuous,Lympho,binary,0.4875,0.1078980171201886,12,WEAK,Positive,False
SOFA,continuous,P.C.Z.A.E,binary,0.4846,0.1103099664205227,12,WEAK,Positive,False
COPD,binary,SOFA,continuous,-0.4846,0.1103099664205227,12,WEAK,Negative,False
SOFA,continuous,Gentamicin,binary,-0.4846,0.1103099664205227,12,WEAK,Negative,False
SOFA,continuous,Creatinine,binary,0.4846,0.1103099664205227,12,WEAK,Positive,False
Other.CRO,binary,SOFA,continuous,-0.4846,0.1103099664205227,12,WEAK,Negative,False
IAI.CRO,binary,Total.Hospital.stay.in.28.days,continuous,-0.4846,0.1103099664205227,12,WEAK,Negative,False
Sodium,binary,Levofloxacin,ordinal,-0.4835,0.11127906485691497,12,WEAK,Negative,False
Immunosuppressive.drugs.in.1.week,binary,Levofloxacin,ordinal,0.4835,0.11127906485691497,12,WEAK,Positive,False
Any.Fungal.Infection,binary,Piperacillin.Tazobactam,ordinal,0.4835,0.11127906485691497,12,WEAK,Positive,False
Solid.Organ,binary,Ciprofloxacin,ordinal,-0.4835,0.11127906485691497,12,WEAK,Negative,False
Magnesium,binary,Levofloxacin,ordinal,0.4835,0.11127906485691497,12,WEAK,Positive,False
Any.Fungal.Infection,binary,Levofloxacin,ordinal,0.4835,0.11127906485691497,12,WEAK,Positive,False
Any.Fungal.Infection,binary,Ciprofloxacin,ordinal,0.4835,0.11127906485691497,12,WEAK,Positive,False
Any.Fungal.Infection,binary,Ceftazidime,ordinal,-0.4835,0.11127906485691497,12,WEAK,Negative,False
Any.Fungal.Infection,binary,Cefoperazone.Sulbactam,ordinal,0.4835,0.11127906485691497,12,WEAK,Positive,False
Solid.Organ,binary,Cefoperazone.Sulbactam,ordinal,-0.4835,0.11127906485691497,12,WEAK,Negative,False
Solid.Organ,binary,Piperacillin.Tazobactam,ordinal,-0.4835,0.11127906485691497,12,WEAK,Negative,False
Solid.Organ,binary,Levofloxacin,ordinal,-0.4835,0.11127906485691497,12,WEAK,Negative,False
COPD,binary,ICU.Stay.in.28.Days,continuous,-0.4829,0.11176313611247689,12,WEAK,Negative,False
Other.CRO,binary,ICU.Stay.in.28.Days,continuous,-0.4829,0.11176313611247689,12,WEAK,Negative,False
Gentamicin,binary,ICU.Stay.in.28.Days,continuous,-0.4829,0.11176313611247689,12,WEAK,Negative,False
Creatinine,binary,ICU.Stay.in.28.Days,continuous,0.4829,0.11176313611247689,12,WEAK,Positive,False
APACHEII,continuous,Platelet,binary,0.4828,0.11186475013985178,12,WEAK,Positive,False
Age,continuous,Imipenem,ordinal,-0.4821,0.11248863621863746,12,WEAK,Negative,False
Age,continuous,CV.Catheter.in.6.Months,binary,0.4821,0.11248863621863746,12,WEAK,Positive,False
Age,continuous,Urinary.Catheter.in.6.Months,binary,0.4821,0.11248863621863746,12,WEAK,Positive,False
P.C.in.vitro,binary,GW.Stay.in.28.Days,continuous,0.4821,0.11248863621863746,12,WEAK,Positive,False
CKD,binary,GW.Stay.in.28.Days,continuous,-0.4821,0.11248863621863746,12,WEAK,Negative,False
Colistin,ordinal,GW.Stay.in.28.Days,continuous,0.4821,0.11248863621863746,12,WEAK,Positive,False
Age,continuous,Meropenem,ordinal,-0.4821,0.11248863621863746,12,WEAK,Negative,False
Endoscopy.in.1.week,binary,GW.Stay.in.28.Days,continuous,-0.4821,0.11248863621863746,12,WEAK,Negative,False
Height,continuous,Z.A.only.E,binary,-0.4812,0.11321339846933906,12,WEAK,Negative,False
Height,continuous,VIM,binary,-0.4812,0.11321339846933906,12,WEAK,Negative,False
Height,continuous,Relapse.post.28.Day.Discharge,binary,0.4812,0.11321339846933906,12,WEAK,Positive,False
Height,continuous,CAP.CRO,binary,0.4812,0.11321339846933906,12,WEAK,Positive,False
Urinary.Catheter.in.6.Months,binary,APACHEII,continuous,0.4804,0.11393741215192033,12,WEAK,Positive,False
APACHEII,continuous,Creatinine,binary,0.4804,0.11393741215192033,12,WEAK,Positive,False
Other.CRO,binary,APACHEII,continuous,-0.4804,0.11393741215192033,12,WEAK,Negative,False
CV.Catheter.in.6.Months,binary,APACHEII,continuous,0.4804,0.11393741215192033,12,WEAK,Positive,False
APACHEII,continuous,Imipenem,ordinal,-0.4804,0.11393741215192033,12,WEAK,Negative,False
Weight,continuous,Colistin,ordinal,0.4804,0.11393741215192033,12,WEAK,Positive,False
COPD,binary,APACHEII,continuous,-0.4804,0.11393741215192033,12,WEAK,Negative,False
APACHEII,continuous,Meropenem,ordinal,-0.4804,0.11393741215192033,12,WEAK,Negative,False
Weight,continuous,P.C.in.vitro,binary,0.4804,0.11393741215192033,12,WEAK,Positive,False
APACHEII,continuous,Gentamicin,binary,-0.4804,0.11393741215192033,12,WEAK,Negative,False
Weight,continuous,Total.Hospital.stay.in.28.days,continuous,0.4797,0.11449665644705802,12,WEAK,Positive,False
ALP,binary,Calcium,binary,-0.4781,0.11592450533785344,12,WEAK,Negative,False
Clinical.improvement,binary,Overall.mortality,binary,-0.4781,0.11592450533785344,12,WEAK,Negative,False
Magnesium,binary,Clinical.improvement,binary,-0.4781,0.11592450533785344,12,WEAK,Negative,False
Globulin,binary,Overall.mortality,binary,-0.4781,0.11592450533785344,12,WEAK,Negative,False
Urea,binary,P.C.only.T,binary,-0.4781,0.11592450533785344,12,WEAK,Negative,False
Hospitalization.in.past.6.Months,binary,ALP,binary,0.4781,0.11592450533785344,12,WEAK,Positive,False
ANC,binary,Calcium,binary,0.4781,0.11592450533785344,12,WEAK,Positive,False
NDM,binary,Clinical.improvement,binary,0.4781,0.11592450533785344,12,WEAK,Positive,False
HTN,binary,Overall.mortality,binary,-0.4781,0.11592450533785344,12,WEAK,Negative,False
NDM,binary,HTN,binary,0.4781,0.11592450533785344,12,WEAK,Positive,False
Hemat.Malignancy,binary,Sodium,binary,-0.4781,0.11592450533785344,12,WEAK,Negative,False
Surgery.in.last.3.Months,binary,P.C.only.T,binary,0.4781,0.11592450533785344,12,WEAK,Positive,False
Solid.Organ,binary,Urea,binary,0.4781,0.11592450533785344,12,WEAK,Positive,False
Hospitalization.in.past.6.Months,binary,Surgery.in.last.3.Months,binary,0.4781,0.11592450533785344,12,WEAK,Positive,False
Any.Fungal.Infection,binary,Hemat.Malignancy,binary,0.4781,0.11592450533785344,12,WEAK,Positive,False
Solid.Organ,binary,Clinical.improvement,binary,0.4781,0.11592450533785344,12,WEAK,Positive,False
Surgery.in.last.3.Months,binary,Any.Viral.Infection,binary,-0.4781,0.11592450533785344,12,WEAK,Negative,False
Sodium,binary,Potassium,binary,-0.4781,0.11592450533785344,12,WEAK,Negative,False
Inotropes.,binary,ANC,binary,0.4781,0.11592450533785344,12,WEAK,Positive,False
Hemat.Malignancy,binary,Magnesium,binary,0.4781,0.11592450533785344,12,WEAK,Positive,False
Ventilation,binary,Any.Viral.Infection,binary,0.4781,0.11592450533785344,12,WEAK,Positive,False
ALP,binary,Overall.mortality,binary,0.4781,0.11592450533785344,12,WEAK,Positive,False
Potassium,binary,P.C.only.T,binary,0.4781,0.11592450533785344,12,WEAK,Positive,False
HTN,binary,Solid.Organ,binary,0.4781,0.11592450533785344,12,WEAK,Positive,False
Sodium,binary,Urea,binary,0.4781,0.11592450533785344,12,WEAK,Positive,False
HTN,binary,Sodium,binary,0.4781,0.11592450533785344,12,WEAK,Positive,False
HTN,binary,Magnesium,binary,-0.4781,0.11592450533785344,12,WEAK,Negative,False
Sodium,binary,Clinical.improvement,binary,0.4781,0.11592450533785344,12,WEAK,Positive,False
APACHEII,continuous,Mortality.in.Hospital,binary,0.4739,0.11964179850122239,12,WEAK,Positive,False
IAI.CRO,binary,Cefepime,ordinal,-0.4724,0.12097515295130742,12,WEAK,Negative,False
Urinary.Catheter.in.6.Months,binary,Cefepime,ordinal,-0.4724,0.12097515295130742,12,WEAK,Negative,False
Cefepime,ordinal,Imipenem,ordinal,0.4724,0.12097515295130742,12,WEAK,Positive,False
CV.Catheter.in.6.Months,binary,Cefepime,ordinal,-0.4724,0.12097515295130742,12,WEAK,Negative,False
Cefepime,ordinal,Meropenem,ordinal,0.4724,0.12097515295130742,12,WEAK,Positive,False
P.C.only.E,binary,Piperacillin.Tazobactam,ordinal,-0.4719,0.12136779720634629,12,WEAK,Negative,False
ANC,binary,Piperacillin.Tazobactam,ordinal,0.4719,0.12136779720634629,12,WEAK,Positive,False
P.C.only.E,binary,Ciprofloxacin,ordinal,-0.4719,0.12136779720634629,12,WEAK,Negative,False
P.C.only.E,binary,Levofloxacin,ordinal,-0.4719,0.12136779720634629,12,WEAK,Negative,False
ANC,binary,Ciprofloxacin,ordinal,0.4719,0.12136779720634629,12,WEAK,Positive,False
ALP,binary,Levofloxacin,ordinal,-0.4719,0.12136779720634629,12,WEAK,Negative,False
ALP,binary,Ceftazidime,ordinal,0.4719,0.12136779720634629,12,WEAK,Positive,False
ANC,binary,Levofloxacin,ordinal,0.4719,0.12136779720634629,12,WEAK,Positive,False
Cefepime,ordinal,Mortality.in.Hospital,binary,-0.469,0.12401135363010035,12,WEAK,Negative,False
Bil,binary,Cefepime,ordinal,-0.469,0.12401135363010063,12,WEAK,Negative,False
Immunosuppressive.drugs.in.1.week,binary,ICU.Stay.in.28.Days,continuous,0.4676,0.12528012696293886,12,WEAK,Positive,False
Age,continuous,Sodium,binary,0.4668,0.12603733419307167,12,WEAK,Positive,False
Weight,continuous,Any.Fungal.Infection,binary,0.4652,0.1275486589372921,12,WEAK,Positive,False
Age,continuous,HTN,binary,0.4625,0.13004021235634522,12,WEAK,Positive,False
Age,continuous,Clinical.improvement,binary,0.4625,0.13004021235634522,12,WEAK,Positive,False
Height,continuous,P.C.only.E,binary,0.4617,0.13080482810467997,12,WEAK,Positive,False
Height,continuous,Globulin,binary,-0.4617,0.13080482810467997,12,WEAK,Negative,False
P.C.Z.A.E,binary,Aztreonam,ordinal,0.46,0.13243633444677858,12,WEAK,Positive,False
SOFA,continuous,Cefepime,ordinal,-0.4579,0.1344450946570759,12,WEAK,Negative,False
Levofloxacin,ordinal,Total.Hospital.stay.in.28.days,continuous,0.4551,0.13709330208415071,12,WEAK,Positive,False
Weight,continuous,Albumin,binary,0.4534,0.13875307621130162,12,WEAK,Positive,False
Weight,continuous,Total.Protein,binary,0.4534,0.13875307621130162,12,WEAK,Positive,False
TLC,binary,P.C.Z.A.T,binary,-0.4472,0.1449276054040803,12,WEAK,Negative,False
TLC,binary,Mortality.post.28.Day.Discharge,binary,-0.4472,0.1449276054040803,12,WEAK,Negative,False
SGPT,binary,Total.Protein,binary,-0.4472,0.1449276054040803,12,WEAK,Negative,False
SGPT,binary,Albumin,binary,-0.4472,0.1449276054040803,12,WEAK,Negative,False
SGPT,binary,Mortality.post.28.Day.Discharge,binary,-0.4472,0.1449276054040803,12,WEAK,Negative,False
Z.A.invitro,binary,TLC,binary,-0.4472,0.1449276054040803,12,WEAK,Negative,False
Z.A.invitro,binary,Platelet,binary,-0.4472,0.1449276054040803,12,WEAK,Negative,False
Overall.organ.support,binary,TLC,binary,-0.4472,0.1449276054040803,12,WEAK,Negative,False
Female,binary,SGPT,binary,0.4472,0.1449276054040803,12,WEAK,Positive,False
Past.CREPA.infection,binary,SGPT,binary,-0.4472,0.1449276054040803,12,WEAK,Negative,False
Past.CREPA.infection,binary,TLC,binary,-0.4472,0.1449276054040803,12,WEAK,Negative,False
Past.CREPA.infection,binary,Platelet,binary,-0.4472,0.1449276054040803,12,WEAK,Negative,False
Z.A.only.T,binary,Amikacin,ordinal,0.4472,0.1449276054040803,12,WEAK,Positive,False
Male,binary,SGPT,binary,-0.4472,0.1449276054040803,12,WEAK,Negative,False
Platelet,binary,Z.A.only.T,binary,-0.4472,0.1449276054040803,12,WEAK,Negative,False
Platelet,binary,P.C.Z.A.T,binary,-0.4472,0.1449276054040803,12,WEAK,Negative,False
Albumin,binary,Amikacin,ordinal,0.4472,0.1449276054040803,12,WEAK,Positive,False
Male,binary,Amikacin,ordinal,-0.4472,0.1449276054040803,12,WEAK,Negative,False
Neutropenia,binary,Platelet,binary,0.4472,0.1449276054040803,12,WEAK,Positive,False
Neutropenia,binary,TLC,binary,0.4472,0.1449276054040803,12,WEAK,Positive,False
TLC,binary,Lympho,binary,0.4472,0.1449276054040803,12,WEAK,Positive,False
Platelet,binary,Mortality.post.28.Day.Discharge,binary,-0.4472,0.1449276054040803,12,WEAK,Negative,False
Hypothyroidism,binary,Amikacin,ordinal,0.4472,0.1449276054040803,12,WEAK,Positive,False
SGPT,binary,Z.A.only.T,binary,-0.4472,0.1449276054040803,12,WEAK,Negative,False
Female,binary,Amikacin,ordinal,0.4472,0.1449276054040803,12,WEAK,Positive,False
Overall.organ.support,binary,Amikacin,ordinal,0.4472,0.1449276054040803,12,WEAK,Positive,False
Total.Protein,binary,Amikacin,ordinal,0.4472,0.1449276054040803,12,WEAK,Positive,False
Hypothyroidism,binary,Platelet,binary,-0.4472,0.1449276054040803,12,WEAK,Negative,False
Hypothyroidism,binary,TLC,binary,-0.4472,0.1449276054040803,12,WEAK,Negative,False
Any.Viral.Infection,binary,SOFA,continuous,0.4446,0.147586405754591,12,WEAK,Positive,False
Solid.Organ,binary,Total.Hospital.stay.in.28.days,continuous,-0.4446,0.147586405754591,12,WEAK,Negative,False
Any.Fungal.Infection,binary,ICU.Stay.in.28.Days,continuous,0.443,0.14919700798623425,12,WEAK,Positive,False
SGOT,binary,Cefepime,ordinal,0.4414,0.1508977554773721,12,WEAK,Positive,False
NDM,binary,Cefepime,ordinal,0.4414,0.1508977554773721,12,WEAK,Positive,False
Age,continuous,Weight,continuous,-0.4386,0.15377870790814357,12,WEAK,Negative,False
ALP,binary,Aztreonam,ordinal,0.4382,0.1541656595300813,12,WEAK,Positive,False
Age,continuous,Ventilation,binary,-0.4368,0.15566161757707983,12,WEAK,Negative,False
Age,continuous,Hemat.Malignancy,binary,-0.4368,0.15566161757707983,12,WEAK,Negative,False
APACHEII,continuous,Cefepime,ordinal,-0.4328,0.15989040875279203,12,WEAK,Negative,False
VIM,binary,Urea,binary,-0.4264,0.16688959581639695,12,WEAK,Negative,False
IAI.CRO,binary,Ventilation,binary,-0.4264,0.16688959581639695,12,WEAK,Negative,False
ANC,binary,Relapse.post.28.Day.Discharge,binary,-0.4264,0.16688959581639695,12,WEAK,Negative,False
COPD,binary,Surgery.in.last.3.Months,binary,0.4264,0.16688959581639695,12,WEAK,Positive,False
CV.Catheter.in.6.Months,binary,P.C.only.E,binary,0.4264,0.16688959581639695,12,WEAK,Positive,False
ANC,binary,Meropenem,ordinal,0.4264,0.16688959581639695,12,WEAK,Positive,False
P.C.only.E,binary,Relapse.post.28.Day.Discharge,binary,0.4264,0.16688959581639695,12,WEAK,Positive,False
P.C.only.E,binary,Imipenem,ordinal,-0.4264,0.16688959581639695,12,WEAK,Negative,False
Surgery.in.last.3.Months,binary,Endoscopy.in.1.week,binary,0.4264,0.16688959581639695,12,WEAK,Positive,False
Urinary.Catheter.in.6.Months,binary,ANC,binary,-0.4264,0.16688959581639695,12,WEAK,Negative,False
Urea,binary,Relapse.post.28.Day.Discharge,binary,-0.4264,0.16688959581639695,12,WEAK,Negative,False
Globulin,binary,Colistin,ordinal,-0.4264,0.16688959581639695,12,WEAK,Negative,False
CKD,binary,Potassium,binary,0.4264,0.16688959581639695,12,WEAK,Positive,False
P.C.only.E,binary,Meropenem,ordinal,-0.4264,0.16688959581639695,12,WEAK,Negative,False
Ventilation,binary,Gentamicin,binary,-0.4264,0.16688959581639695,12,WEAK,Negative,False
CKD,binary,ALP,binary,0.4264,0.16688959581639695,12,WEAK,Positive,False
CKD,binary,Globulin,binary,-0.4264,0.16688959581639695,12,WEAK,Negative,False
HTN,binary,CAP.CRO,binary,-0.4264,0.16688959581639695,12,WEAK,Negative,False
Surgery.in.last.3.Months,binary,Gentamicin,binary,0.4264,0.16688959581639695,12,WEAK,Positive,False
Surgery.in.last.3.Months,binary,Creatinine,binary,-0.4264,0.16688959581639695,12,WEAK,Negative,False
Surgery.in.last.3.Months,binary,Z.A.only.E,binary,0.4264,0.16688959581639695,12,WEAK,Positive,False
HTN,binary,P.C.Z.A.E,binary,-0.4264,0.16688959581639695,12,WEAK,Negative,False
CAP.CRO,binary,Ventilation,binary,-0.4264,0.16688959581639695,12,WEAK,Negative,False
Urinary.Catheter.in.6.Months,binary,ALP,binary,0.4264,0.16688959581639695,12,WEAK,Positive,False
CAP.CRO,binary,ANC,binary,-0.4264,0.16688959581639695,12,WEAK,Negative,False
CV.Catheter.in.6.Months,binary,ANC,binary,-0.4264,0.16688959581639695,12,WEAK,Negative,False
CAP.CRO,binary,Globulin,binary,-0.4264,0.16688959581639695,12,WEAK,Negative,False
Clinical.improvement,binary,Relapse.post.28.Day.Discharge,binary,-0.4264,0.16688959581639695,12,WEAK,Negative,False
Other.CRO,binary,Surgery.in.last.3.Months,binary,0.4264,0.16688959581639695,12,WEAK,Positive,False
Other.CRO,binary,Ventilation,binary,-0.4264,0.16688959581639695,12,WEAK,Negative,False
Potassium,binary,Z.A.only.E,binary,0.4264,0.16688959581639695,12,WEAK,Positive,False
VIM,binary,Potassium,binary,0.4264,0.16688959581639695,12,WEAK,Positive,False
Ventilation,binary,Relapse.post.28.Day.Discharge,binary,-0.4264,0.16688959581639695,12,WEAK,Negative,False
Ventilation,binary,Creatinine,binary,0.4264,0.16688959581639695,12,WEAK,Positive,False
BSI.CRO,binary,Hemat.Malignancy,binary,0.4264,0.16688959581639695,12,WEAK,Positive,False
BSI.CRO,binary,Potassium,binary,0.4264,0.16688959581639695,12,WEAK,Positive,False
VIM,binary,Surgery.in.last.3.Months,binary,0.4264,0.16688959581639695,12,WEAK,Positive,False
Urea,binary,Z.A.only.E,binary,-0.4264,0.16688959581639695,12,WEAK,Negative,False
P.C.Z.A.E,binary,Clinical.improvement,binary,-0.4264,0.16688959581639695,12,WEAK,Negative,False
Hemat.Malignancy,binary,P.C.Z.A.E,binary,0.4264,0.16688959581639695,12,WEAK,Positive,False
HTN,binary,Relapse.post.28.Day.Discharge,binary,-0.4264,0.16688959581639695,12,WEAK,Negative,False
CKD,binary,Surgery.in.last.3.Months,binary,0.4264,0.16688959581639695,12,WEAK,Positive,False
ALP,binary,Meropenem,ordinal,-0.4264,0.16688959581639695,12,WEAK,Negative,False
ALP,binary,Imipenem,ordinal,-0.4264,0.16688959581639695,12,WEAK,Negative,False
Urinary.Catheter.in.6.Months,binary,P.C.only.E,binary,0.4264,0.16688959581639695,12,WEAK,Positive,False
BSI.CRO,binary,Urea,binary,-0.4264,0.16688959581639695,12,WEAK,Negative,False
ANC,binary,Colistin,ordinal,-0.4264,0.16688959581639695,12,WEAK,Negative,False
CV.Catheter.in.6.Months,binary,ALP,binary,0.4264,0.16688959581639695,12,WEAK,Positive,False
ANC,binary,Imipenem,ordinal,0.4264,0.16688959581639695,12,WEAK,Positive,False
IAI.CRO,binary,ANC,binary,-0.4264,0.16688959581639695,12,WEAK,Negative,False
IAI.CRO,binary,ALP,binary,0.4264,0.16688959581639695,12,WEAK,Positive,False
IAI.CRO,binary,P.C.only.E,binary,0.4264,0.16688959581639695,12,WEAK,Positive,False
Endoscopy.in.1.week,binary,ALP,binary,0.4264,0.16688959581639695,12,WEAK,Positive,False
COPD,binary,Ventilation,binary,-0.4264,0.16688959581639695,12,WEAK,Negative,False
Globulin,binary,Relapse.post.28.Day.Discharge,binary,-0.4264,0.16688959581639695,12,WEAK,Negative,False
P.C.in.vitro,binary,ANC,binary,-0.4264,0.16688959581639695,12,WEAK,Negative,False
P.C.in.vitro,binary,Globulin,binary,-0.4264,0.16688959581639695,12,WEAK,Negative,False
Endoscopy.in.1.week,binary,Potassium,binary,0.4264,0.16688959581639695,12,WEAK,Positive,False
Endoscopy.in.1.week,binary,Globulin,binary,-0.4264,0.16688959581639695,12,WEAK,Negative,False
CAP.CRO,binary,Urea,binary,-0.4264,0.16688959581639695,12,WEAK,Negative,False
CAP.CRO,binary,P.C.only.E,binary,0.4264,0.16688959581639695,12,WEAK,Positive,False
CAP.CRO,binary,Clinical.improvement,binary,-0.4264,0.16688959581639695,12,WEAK,Negative,False
Cefoperazone.Sulbactam,ordinal,GW.Stay.in.28.Days,continuous,0.4227,0.17101649403262234,12,WEAK,Positive,False
Age,continuous,Overall.organ.support,binary,-0.4225,0.1712074235108945,12,WEAK,Negative,False
HAP.CRO,binary,Total.Hospital.stay.in.28.days,continuous,-0.4218,0.17198524304140522,12,WEAK,Negative,False
Calcium,binary,GW.Stay.in.28.Days,continuous,0.4177,0.17669645679265195,12,WEAK,Positive,False
APACHEII,continuous,Sodium,binary,-0.4162,0.17837368409261067,12,WEAK,Negative,False
Weight,continuous,ICU.Stay.in.28.Days,continuous,0.4148,0.18003047220640767,12,WEAK,Positive,False
Age,continuous,ANC,binary,-0.4111,0.18428885999123962,12,WEAK,Negative,False
APACHEII,continuous,Clinical.improvement,binary,-0.4097,0.18598346321221745,12,WEAK,Negative,False
HTN,binary,APACHEII,continuous,-0.4097,0.1859834632122173,12,WEAK,Negative,False
Weight,continuous,P.C.only.E,binary,-0.4097,0.18598346321221745,12,WEAK,Negative,False
DM,binary,Clinical.improvement,binary,0.4082,0.1876698708696031,12,WEAK,Positive,False
HTN,binary,Mortality.in.Hospital,binary,-0.4082,0.1876698708696031,12,WEAK,Negative,False
VAP.CRO,binary,P.C.only.E,binary,-0.4082,0.1876698708696031,12,WEAK,Negative,False
Bil,binary,ALP,binary,0.4082,0.1876698708696031,12,WEAK,Positive,False
Carbapenemase,binary,Clinical.improvement,binary,0.4082,0.1876698708696031,12,WEAK,Positive,False
VAP.CRO,binary,ALP,binary,-0.4082,0.1876698708696031,12,WEAK,Negative,False
ALP,binary,Mortality.in.Hospital,binary,0.4082,0.1876698708696031,12,WEAK,Positive,False
Clinical.improvement,binary,Mortality.in.Hospital,binary,-0.4082,0.1876698708696031,12,WEAK,Negative,False
Potassium,binary,Carbapenemase,binary,0.4082,0.1876698708696031,12,WEAK,Positive,False
DM,binary,ANC,binary,0.4082,0.1876698708696031,12,WEAK,Positive,False
DM,binary,Hemat.Malignancy,binary,0.4082,0.1876698708696031,12,WEAK,Positive,False
HAP.CRO,binary,Potassium,binary,0.4082,0.1876698708696031,12,WEAK,Positive,False
Ventilation,binary,Carbapenemase,binary,-0.4082,0.1876698708696031,12,WEAK,Negative,False
HAP.CRO,binary,ANC,binary,0.4082,0.1876698708696031,12,WEAK,Positive,False
HAP.CRO,binary,Surgery.in.last.3.Months,binary,0.4082,0.1876698708696031,12,WEAK,Positive,False
HAP.CRO,binary,Ventilation,binary,0.4082,0.1876698708696031,12,WEAK,Positive,False
HAP.CRO,binary,Globulin,binary,-0.4082,0.1876698708696031,12,WEAK,Negative,False
HAP.CRO,binary,ALP,binary,0.4082,0.1876698708696031,12,WEAK,Positive,False
HAP.CRO,binary,Clinical.improvement,binary,-0.4082,0.1876698708696031,12,WEAK,Negative,False
VAP.CRO,binary,Ventilation,binary,0.4082,0.1876698708696031,12,WEAK,Positive,False
HAP.CRO,binary,P.C.only.E,binary,-0.4082,0.1876698708696031,12,WEAK,Negative,False
Ventilation,binary,Mortality.in.Hospital,binary,0.4082,0.1876698708696031,12,WEAK,Positive,False
HTN,binary,HAP.CRO,binary,-0.4082,0.1876698708696031,12,WEAK,Negative,False
HTN,binary,DM,binary,0.4082,0.1876698708696031,12,WEAK,Positive,False
Urea,binary,Carbapenemase,binary,-0.4082,0.1876698708696031,12,WEAK,Negative,False
DM,binary,Potassium,binary,0.4082,0.1876698708696031,12,WEAK,Positive,False
HTN,binary,Carbapenemase,binary,0.4082,0.1876698708696031,12,WEAK,Positive,False
ALP,binary,Carbapenemase,binary,-0.4082,0.1876698708696031,12,WEAK,Negative,False
Cefepime,ordinal,Total.Hospital.stay.in.28.days,continuous,0.407,0.18916494207638138,12,WEAK,Positive,False
HTN,binary,Levofloxacin,ordinal,-0.4045,0.19212703135616802,12,WEAK,Negative,False
Urea,binary,Levofloxacin,ordinal,-0.4045,0.19212703135616802,12,WEAK,Negative,False
Urea,binary,Cefoperazone.Sulbactam,ordinal,-0.4045,0.19212703135616802,12,WEAK,Negative,False
Urea,binary,Piperacillin.Tazobactam,ordinal,-0.4045,0.19212703135616802,12,WEAK,Negative,False
Globulin,binary,Levofloxacin,ordinal,-0.4045,0.19212703135616802,12,WEAK,Negative,False
Hemat.Malignancy,binary,Levofloxacin,ordinal,0.4045,0.19212703135616802,12,WEAK,Positive,False
Potassium,binary,Piperacillin.Tazobactam,ordinal,0.4045,0.19212703135616802,12,WEAK,Positive,False
Hemat.Malignancy,binary,Piperacillin.Tazobactam,ordinal,0.4045,0.19212703135616802,12,WEAK,Positive,False
Potassium,binary,Ciprofloxacin,ordinal,0.4045,0.19212703135616802,12,WEAK,Positive,False
Urea,binary,Ciprofloxacin,ordinal,-0.4045,0.19212703135616802,12,WEAK,Negative,False
Potassium,binary,Cefoperazone.Sulbactam,ordinal,0.4045,0.19212703135616802,12,WEAK,Positive,False
Ventilation,binary,Aztreonam,ordinal,0.4045,0.19212703135616802,12,WEAK,Positive,False
Ventilation,binary,Ceftazidime,ordinal,0.4045,0.19212703135616802,12,WEAK,Positive,False
Levofloxacin,ordinal,Clinical.improvement,binary,-0.4045,0.19212703135616802,12,WEAK,Negative,False
Urea,binary,Aztreonam,ordinal,0.4045,0.19212703135616802,12,WEAK,Positive,False
Hemat.Malignancy,binary,Ciprofloxacin,ordinal,0.4045,0.19212703135616802,12,WEAK,Positive,False
Potassium,binary,Levofloxacin,ordinal,0.4045,0.19212703135616802,12,WEAK,Positive,False
Potassium,binary,Aztreonam,ordinal,-0.4045,0.19212703135616802,12,WEAK,Negative,False
Hemat.Malignancy,binary,Cefoperazone.Sulbactam,ordinal,0.4045,0.19212703135616802,12,WEAK,Positive,False
Gentamicin,binary,Levofloxacin,ordinal,-0.4025,0.194603168997476,12,WEAK,Negative,False
IAI.CRO,binary,Cefoperazone.Sulbactam,ordinal,-0.4025,0.194603168997476,12,WEAK,Negative,False
COPD,binary,Levofloxacin,ordinal,-0.4025,0.194603168997476,12,WEAK,Negative,False
Other.CRO,binary,Levofloxacin,ordinal,-0.4025,0.194603168997476,12,WEAK,Negative,False
Creatinine,binary,Levofloxacin,ordinal,0.4025,0.194603168997476,12,WEAK,Positive,False
DM,binary,Cefepime,ordinal,0.402,0.1951578009402287,12,WEAK,Positive,False
Piperacillin.Tazobactam,ordinal,GW.Stay.in.28.Days,continuous,0.4019,0.19529768800143088,12,WEAK,Positive,False
Ciprofloxacin,ordinal,GW.Stay.in.28.Days,continuous,0.4019,0.19529768800143088,12,WEAK,Positive,False
UTI.CRO,binary,Z.A.only.T,binary,0.4,0.19761732000000007,12,WEAK,Positive,False
Z.A.invitro,binary,Mortality.post.28.Day.Discharge,binary,0.4,0.19761732000000007,12,WEAK,Positive,False
Lympho,binary,P.C.Z.A.T,binary,-0.4,0.19761732000000007,12,WEAK,Negative,False
Z.A.only.T,binary,Mortality.post.28.Day.Discharge,binary,0.4,0.19761732000000007,12,WEAK,Positive,False
Overall.organ.support,binary,Total.Protein,binary,0.4,0.19761732000000007,12,WEAK,Positive,False
Female,binary,Hypothyroidism,binary,0.4,0.19761732000000007,12,WEAK,Positive,False
Overall.organ.support,binary,Albumin,binary,0.4,0.19761732000000007,12,WEAK,Positive,False
Hypothyroidism,binary,Z.A.only.T,binary,0.4,0.19761732000000007,12,WEAK,Positive,False
Hypothyroidism,binary,Past.CREPA.infection,binary,0.4,0.19761732000000007,12,WEAK,Positive,False
P.C.Z.A.T,binary,Mortality.post.28.Day.Discharge,binary,0.4,0.19761732000000007,12,WEAK,Positive,False
UTI.CRO,binary,Albumin,binary,-0.4,0.19761732000000007,12,WEAK,Negative,False
Past.CREPA.infection,binary,Z.A.only.T,binary,0.4,0.19761732000000007,12,WEAK,Positive,False
Past.CREPA.infection,binary,P.C.Z.A.T,binary,0.4,0.19761732000000007,12,WEAK,Positive,False
Z.A.invitro,binary,Past.CREPA.infection,binary,0.4,0.19761732000000007,12,WEAK,Positive,False
Z.A.invitro,binary,Lympho,binary,-0.4,0.19761732000000007,12,WEAK,Negative,False
Male,binary,Hypothyroidism,binary,-0.4,0.19761732000000007,12,WEAK,Negative,False
Hypothyroidism,binary,Mortality.post.28.Day.Discharge,binary,0.4,0.19761732000000007,12,WEAK,Positive,False
UTI.CRO,binary,Total.Protein,binary,-0.4,0.19761732000000007,12,WEAK,Negative,False
P.C.Z.A.E,binary,Total.Hospital.stay.in.28.days,continuous,0.3965,0.2019053891554432,12,WEAK,Positive,False
P.C.in.vitro,binary,Total.Hospital.stay.in.28.days,continuous,0.3965,0.2019053891554432,12,WEAK,Positive,False
Colistin,ordinal,Total.Hospital.stay.in.28.days,continuous,0.3965,0.2019053891554432,12,WEAK,Positive,False
Any.Fungal.Infection,binary,Total.Hospital.stay.in.28.days,continuous,0.3952,0.203561886636902,12,WEAK,Positive,False
P.C.Z.A.E,binary,GW.Stay.in.28.Days,continuous,0.3944,0.2045226185161042,12,WEAK,Positive,False
Height,continuous,P.C.in.vitro,binary,0.3937,0.20539035232092862,12,WEAK,Positive,False
Height,continuous,Colistin,ordinal,0.3937,0.20539035232092862,12,WEAK,Positive,False
Weight,continuous,IAI.CRO,binary,-0.393,0.20625575661998363,12,WEAK,Negative,False
IAI.CRO,binary,APACHEII,continuous,-0.393,0.20625575661998338,12,WEAK,Negative,False
Total.Protein,binary,Total.Hospital.stay.in.28.days,continuous,0.3921,0.2074516779774415,12,WEAK,Positive,False
Albumin,binary,Total.Hospital.stay.in.28.days,continuous,0.3921,0.2074516779774415,12,WEAK,Positive,False
Neutropenia,binary,SOFA,continuous,0.3921,0.2074516779774415,12,WEAK,Positive,False
Z.A.only.T,binary,Total.Hospital.stay.in.28.days,continuous,0.3921,0.2074516779774415,12,WEAK,Positive,False
SOFA,continuous,Lympho,binary,-0.3921,0.2074516779774415,12,WEAK,Negative,False
APACHEII,continuous,Cefoperazone.Sulbactam,ordinal,-0.3913,0.2084717795270379,12,WEAK,Negative,False
Height,continuous,Total.Hospital.stay.in.28.days,continuous,0.3905,0.20950705859381158,12,WEAK,Positive,False
Age,continuous,UTI.CRO,binary,0.39,0.21008257655917587,12,WEAK,Positive,False
Z.A.only.T,binary,GW.Stay.in.28.Days,continuous,0.39,0.21008257655917584,12,WEAK,Positive,False
Height,continuous,Lympho,binary,-0.3893,0.2109547229428807,12,WEAK,Negative,False
Hemat.Malignancy,binary,Total.Hospital.stay.in.28.days,continuous,0.3875,0.2133355823629889,12,WEAK,Positive,False
SOFA,continuous,Globulin,binary,-0.3875,0.2133355823629889,12,WEAK,Negative,False
Surgery.in.last.3.Months,binary,Total.Hospital.stay.in.28.days,continuous,-0.3875,0.2133355823629889,12,WEAK,Negative,False
APACHEII,continuous,TLC,binary,-0.3862,0.21491427805036065,12,WEAK,Negative,False
Age,continuous,Globulin,binary,0.3854,0.2159797497210917,12,WEAK,Positive,False
Neutropenia,binary,Calcium,binary,0.378,0.22575134738160826,12,WEAK,Positive,False
Neutropenia,binary,Overall.mortality,binary,-0.378,0.22575134738160826,12,WEAK,Negative,False
Past.CREPA.infection,binary,Sodium,binary,0.378,0.22575134738160826,12,WEAK,Positive,False
Any.Viral.Infection,binary,P.C.Z.A.T,binary,0.378,0.22575134738160826,12,WEAK,Positive,False
Male,binary,Inotropes.,binary,-0.378,0.22575134738160826,12,WEAK,Negative,False
Past.CREPA.infection,binary,P.C.only.T,binary,-0.378,0.22575134738160826,12,WEAK,Negative,False
Hospitalization.in.past.6.Months,binary,Neutropenia,binary,-0.378,0.22575134738160826,12,WEAK,Negative,False
Hospitalization.in.past.6.Months,binary,Overall.organ.support,binary,0.378,0.22575134738160826,12,WEAK,Positive,False
Solid.Organ,binary,Albumin,binary,-0.378,0.22575134738160826,12,WEAK,Negative,False
Solid.Organ,binary,Lympho,binary,-0.378,0.22575134738160826,12,WEAK,Negative,False
NDM,binary,Mortality.post.28.Day.Discharge,binary,0.378,0.22575134738160826,12,WEAK,Positive,False
Solid.Organ,binary,Total.Protein,binary,-0.378,0.22575134738160826,12,WEAK,Negative,False
Hypothyroidism,binary,Any.Viral.Infection,binary,0.378,0.22575134738160826,12,WEAK,Positive,False
Hypothyroidism,binary,Hospitalization.in.past.6.Months,binary,-0.378,0.22575134738160826,12,WEAK,Negative,False
Z.A.invitro,binary,Any.Viral.Infection,binary,0.378,0.22575134738160826,12,WEAK,Positive,False
Z.A.invitro,binary,Solid.Organ,binary,0.378,0.22575134738160826,12,WEAK,Positive,False
Hypothyroidism,binary,SGOT,binary,0.378,0.22575134738160826,12,WEAK,Positive,False
Calcium,binary,Z.A.only.T,binary,0.378,0.22575134738160826,12,WEAK,Positive,False
Z.A.invitro,binary,SGOT,binary,0.378,0.22575134738160826,12,WEAK,Positive,False
Immunosuppressive.drugs.in.1.week,binary,Overall.organ.support,binary,0.378,0.22575134738160826,12,WEAK,Positive,False
Solid.Organ,binary,P.C.Z.A.T,binary,0.378,0.22575134738160826,12,WEAK,Positive,False
Total.Protein,binary,Sodium,binary,-0.378,0.22575134738160826,12,WEAK,Negative,False
Hypothyroidism,binary,Inotropes.,binary,0.378,0.22575134738160826,12,WEAK,Positive,False
Hypothyroidism,binary,Immunosuppressive.drugs.in.1.week,binary,-0.378,0.22575134738160826,12,WEAK,Negative,False
Hypothyroidism,binary,Any.Fungal.Infection,binary,-0.378,0.22575134738160826,12,WEAK,Negative,False
NDM,binary,Z.A.invitro,binary,0.378,0.22575134738160826,12,WEAK,Positive,False
NDM,binary,P.C.Z.A.T,binary,0.378,0.22575134738160826,12,WEAK,Positive,False
Immunosuppressive.drugs.in.1.week,binary,Albumin,binary,0.378,0.22575134738160826,12,WEAK,Positive,False
Immunosuppressive.drugs.in.1.week,binary,Total.Protein,binary,0.378,0.22575134738160826,12,WEAK,Positive,False
NDM,binary,Z.A.only.T,binary,0.378,0.22575134738160826,12,WEAK,Positive,False
NDM,binary,Past.CREPA.infection,binary,0.378,0.22575134738160826,12,WEAK,Positive,False
Immunosuppressive.drugs.in.1.week,binary,Mortality.post.28.Day.Discharge,binary,-0.378,0.22575134738160826,12,WEAK,Negative,False
NDM,binary,UTI.CRO,binary,0.378,0.22575134738160826,12,WEAK,Positive,False
Z.A.invitro,binary,P.C.only.T,binary,-0.378,0.22575134738160826,12,WEAK,Negative,False
P.C.Z.A.T,binary,P.C.only.T,binary,-0.378,0.22575134738160826,12,WEAK,Negative,False
UTI.CRO,binary,P.C.only.T,binary,-0.378,0.22575134738160826,12,WEAK,Negative,False
Inotropes.,binary,Z.A.only.T,binary,0.378,0.22575134738160826,12,WEAK,Positive,False
Past.CREPA.infection,binary,SGOT,binary,0.378,0.22575134738160826,12,WEAK,Positive,False
Albumin,binary,Magnesium,binary,0.378,0.22575134738160826,12,WEAK,Positive,False
Inotropes.,binary,Mortality.post.28.Day.Discharge,binary,0.378,0.22575134738160826,12,WEAK,Positive,False
Z.A.invitro,binary,Sodium,binary,0.378,0.22575134738160826,12,WEAK,Positive,False
Sodium,binary,P.C.Z.A.T,binary,0.378,0.22575134738160826,12,WEAK,Positive,False
Past.CREPA.infection,binary,Inotropes.,binary,0.378,0.22575134738160826,12,WEAK,Positive,False
Past.CREPA.infection,binary,Immunosuppressive.drugs.in.1.week,binary,-0.378,0.22575134738160826,12,WEAK,Negative,False
Past.CREPA.infection,binary,Any.Viral.Infection,binary,0.378,0.22575134738160826,12,WEAK,Positive,False
UTI.CRO,binary,Sodium,binary,0.378,0.22575134738160826,12,WEAK,Positive,False
Total.Protein,binary,P.C.only.T,binary,0.378,0.22575134738160826,12,WEAK,Positive,False
Total.Protein,binary,Magnesium,binary,0.378,0.22575134738160826,12,WEAK,Positive,False
P.C.only.T,binary,Z.A.only.T,binary,-0.378,0.22575134738160826,12,WEAK,Negative,False
P.C.only.T,binary,Mortality.post.28.Day.Discharge,binary,-0.378,0.22575134738160826,12,WEAK,Negative,False
Albumin,binary,Sodium,binary,-0.378,0.22575134738160826,12,WEAK,Negative,False
Albumin,binary,P.C.only.T,binary,0.378,0.22575134738160826,12,WEAK,Positive,False
SGOT,binary,Mortality.post.28.Day.Discharge,binary,0.378,0.22575134738160826,12,WEAK,Positive,False
Overall.organ.support,binary,Any.Fungal.Infection,binary,0.378,0.22575134738160826,12,WEAK,Positive,False
Overall.organ.support,binary,Solid.Organ,binary,-0.378,0.22575134738160826,12,WEAK,Negative,False
SGOT,binary,P.C.Z.A.T,binary,0.378,0.22575134738160826,12,WEAK,Positive,False
Female,binary,Inotropes.,binary,0.378,0.22575134738160826,12,WEAK,Positive,False
Any.Fungal.Infection,binary,Total.Protein,binary,0.378,0.22575134738160826,12,WEAK,Positive,False
Overall.organ.support,binary,Sodium,binary,-0.378,0.22575134738160826,12,WEAK,Negative,False
Female,binary,Any.Fungal.Infection,binary,-0.378,0.22575134738160826,12,WEAK,Negative,False
Any.Viral.Infection,binary,Mortality.post.28.Day.Discharge,binary,0.378,0.22575134738160826,12,WEAK,Positive,False
Overall.organ.support,binary,Magnesium,binary,0.378,0.22575134738160826,12,WEAK,Positive,False
Any.Fungal.Infection,binary,Albumin,binary,0.378,0.22575134738160826,12,WEAK,Positive,False
Overall.organ.support,binary,Overall.mortality,binary,0.378,0.22575134738160826,12,WEAK,Positive,False
Female,binary,SGOT,binary,0.378,0.22575134738160826,12,WEAK,Positive,False
Male,binary,SGOT,binary,-0.378,0.22575134738160826,12,WEAK,Negative,False
Neutropenia,binary,Any.Viral.Infection,binary,0.378,0.22575134738160826,12,WEAK,Positive,False
Sodium,binary,Mortality.post.28.Day.Discharge,binary,0.378,0.22575134738160826,12,WEAK,Positive,False
Sodium,binary,Z.A.only.T,binary,0.378,0.22575134738160826,12,WEAK,Positive,False
Male,binary,Any.Fungal.Infection,binary,0.378,0.22575134738160826,12,WEAK,Positive,False
Hospitalization.in.past.6.Months,binary,Solid.Organ,binary,0.3714,0.2345334125648117,12,WEAK,Positive,False
Any.Viral.Infection,binary,Calcium,binary,-0.3714,0.2345334125648117,12,WEAK,Negative,False
Hospitalization.in.past.6.Months,binary,Inotropes.,binary,0.3714,0.2345334125648117,12,WEAK,Positive,False
NDM,binary,Any.Fungal.Infection,binary,0.3714,0.2345334125648117,12,WEAK,Positive,False
Immunosuppressive.drugs.in.1.week,binary,Overall.mortality,binary,-0.3714,0.2345334125648117,12,WEAK,Negative,False
NDM,binary,Inotropes.,binary,-0.3714,0.2345334125648117,12,WEAK,Negative,False
Inotropes.,binary,Solid.Organ,binary,-0.3714,0.2345334125648117,12,WEAK,Negative,False
SGOT,binary,Calcium,binary,-0.3714,0.2345334125648117,12,WEAK,Negative,False
Immunosuppressive.drugs.in.1.week,binary,Inotropes.,binary,0.3714,0.2345334125648117,12,WEAK,Positive,False
Calcium,binary,P.C.only.T,binary,0.3714,0.2345334125648117,12,WEAK,Positive,False
Solid.Organ,binary,Calcium,binary,-0.3714,0.2345334125648117,12,WEAK,Negative,False
Any.Fungal.Infection,binary,Overall.mortality,binary,-0.3714,0.2345334125648117,12,WEAK,Negative,False
Inotropes.,binary,Overall.mortality,binary,0.3714,0.2345334125648117,12,WEAK,Positive,False
Any.Fungal.Infection,binary,P.C.only.T,binary,-0.3714,0.2345334125648117,12,WEAK,Negative,False
Any.Viral.Infection,binary,Overall.mortality,binary,0.3714,0.2345334125648117,12,WEAK,Positive,False
Sodium,binary,Calcium,binary,-0.3714,0.2345334125648117,12,WEAK,Negative,False
Any.Viral.Infection,binary,Any.Fungal.Infection,binary,0.3714,0.2345334125648117,12,WEAK,Positive,False
Any.Viral.Infection,binary,Solid.Organ,binary,-0.3714,0.2345334125648117,12,WEAK,Negative,False
Immunosuppressive.drugs.in.1.week,binary,Calcium,binary,0.3714,0.2345334125648117,12,WEAK,Positive,False
Inotropes.,binary,Sodium,binary,-0.3714,0.2345334125648117,12,WEAK,Negative,False
P.C.only.E,binary,Cefoperazone.Sulbactam,ordinal,-0.3708,0.2353750357002833,12,WEAK,Negative,False
ANC,binary,Cefoperazone.Sulbactam,ordinal,0.3708,0.2353750357002833,12,WEAK,Positive,False
HTN,binary,Ceftazidime,ordinal,-0.3708,0.2353750357002833,12,WEAK,Negative,False
Ventilation,binary,Levofloxacin,ordinal,0.3708,0.2353750357002833,12,WEAK,Positive,False
Ceftazidime,ordinal,Clinical.improvement,binary,-0.3708,0.23537503570028329,12,WEAK,Negative,False
Age,continuous,Any.Fungal.Infection,binary,-0.3685,0.2384911945932709,12,WEAK,Negative,False
Any.Fungal.Infection,binary,GW.Stay.in.28.Days,continuous,0.3685,0.2384911945932709,12,WEAK,Positive,False
Immunosuppressive.drugs.in.1.week,binary,APACHEII,continuous,0.3672,0.24026682170610808,12,WEAK,Positive,False
APACHEII,continuous,Overall.mortality,binary,0.3672,0.24026682170610808,12,WEAK,Positive,False
SOFA,continuous,TLC,binary,-0.3653,0.2429350008195726,12,WEAK,Negative,False
SOFA,continuous,Platelet,binary,0.3653,0.2429350008195726,12,WEAK,Positive,False
Platelet,binary,ICU.Stay.in.28.Days,continuous,-0.364,0.24473330210301666,12,WEAK,Negative,False
TLC,binary,GW.Stay.in.28.Days,continuous,0.3634,0.24562822377149707,12,WEAK,Positive,False
Age,continuous,TLC,binary,0.3634,0.2456282237714971,12,WEAK,Positive,False
Amikacin,ordinal,GW.Stay.in.28.Days,continuous,0.3634,0.24562822377149707,12,WEAK,Positive,False
Age,continuous,Ciprofloxacin,ordinal,-0.3626,0.2466661123180538,12,WEAK,Negative,False
Age,continuous,Piperacillin.Tazobactam,ordinal,-0.3626,0.2466661123180538,12,WEAK,Negative,False
VAP.CRO,binary,APACHEII,continuous,0.3624,0.24703375192959398,12,WEAK,Positive,False
DM,binary,APACHEII,continuous,-0.3624,0.24703375192959398,12,WEAK,Negative,False
SOFA,continuous,ALP,binary,0.3616,0.2480612699222807,12,WEAK,Positive,False
Surgery.in.last.3.Months,binary,GW.Stay.in.28.Days,continuous,-0.3597,0.25076022235750556,12,WEAK,Negative,False
UTI.CRO,binary,ICU.Stay.in.28.Days,continuous,0.3581,0.25299705157002117,12,WEAK,Positive,False
CAP.CRO,binary,Solid.Organ,binary,-0.3568,0.25498114530639776,12,WEAK,Negative,False
Urinary.Catheter.in.6.Months,binary,SGOT,binary,-0.3568,0.25498114530639776,12,WEAK,Negative,False
P.C.in.vitro,binary,Inotropes.,binary,-0.3568,0.25498114530639776,12,WEAK,Negative,False
P.C.in.vitro,binary,Calcium,binary,-0.3568,0.25498114530639776,12,WEAK,Negative,False
SGOT,binary,Imipenem,ordinal,0.3568,0.25498114530639754,12,WEAK,Positive,False
SGOT,binary,Creatinine,binary,0.3568,0.25498114530639754,12,WEAK,Positive,False
P.C.in.vitro,binary,Immunosuppressive.drugs.in.1.week,binary,0.3568,0.25498114530639776,12,WEAK,Positive,False
P.C.in.vitro,binary,Any.Fungal.Infection,binary,0.3568,0.25498114530639776,12,WEAK,Positive,False
Endoscopy.in.1.week,binary,Any.Fungal.Infection,binary,0.3568,0.25498114530639776,12,WEAK,Positive,False
Endoscopy.in.1.week,binary,Magnesium,binary,0.3568,0.25498114530639776,12,WEAK,Positive,False
COPD,binary,SGOT,binary,-0.3568,0.25498114530639776,12,WEAK,Negative,False
Sodium,binary,P.C.Z.A.E,binary,-0.3568,0.25498114530639754,12,WEAK,Negative,False
BSI.CRO,binary,Inotropes.,binary,-0.3568,0.25498114530639776,12,WEAK,Negative,False
Sodium,binary,Z.A.only.E,binary,-0.3568,0.25498114530639754,12,WEAK,Negative,False
BSI.CRO,binary,Any.Fungal.Infection,binary,0.3568,0.25498114530639776,12,WEAK,Positive,False
Creatinine,binary,P.C.only.T,binary,-0.3568,0.25498114530639776,12,WEAK,Negative,False
Inotropes.,binary,Meropenem,ordinal,0.3568,0.25498114530639754,12,WEAK,Positive,False
Immunosuppressive.drugs.in.1.week,binary,P.C.Z.A.E,binary,0.3568,0.25498114530639754,12,WEAK,Positive,False
NDM,binary,IAI.CRO,binary,-0.3568,0.25498114530639754,12,WEAK,Negative,False
Urinary.Catheter.in.6.Months,binary,Calcium,binary,-0.3568,0.25498114530639776,12,WEAK,Negative,False
Immunosuppressive.drugs.in.1.week,binary,Z.A.only.E,binary,0.3568,0.25498114530639754,12,WEAK,Positive,False
Inotropes.,binary,Colistin,ordinal,-0.3568,0.25498114530639754,12,WEAK,Negative,False
Inotropes.,binary,Gentamicin,binary,-0.3568,0.25498114530639754,12,WEAK,Negative,False
BSI.CRO,binary,Solid.Organ,binary,-0.3568,0.25498114530639776,12,WEAK,Negative,False
Inotropes.,binary,Imipenem,ordinal,0.3568,0.25498114530639754,12,WEAK,Positive,False
Any.Viral.Infection,binary,Z.A.only.E,binary,-0.3568,0.25498114530639754,12,WEAK,Negative,False
Overall.mortality,binary,Relapse.post.28.Day.Discharge,binary,0.3568,0.25498114530639754,12,WEAK,Positive,False
P.C.only.T,binary,Gentamicin,binary,0.3568,0.25498114530639754,12,WEAK,Positive,False
BSI.CRO,binary,P.C.only.T,binary,0.3568,0.25498114530639776,12,WEAK,Positive,False
BSI.CRO,binary,Sodium,binary,-0.3568,0.25498114530639776,12,WEAK,Negative,False
Calcium,binary,Imipenem,ordinal,0.3568,0.25498114530639754,12,WEAK,Positive,False
VIM,binary,Sodium,binary,-0.3568,0.25498114530639776,12,WEAK,Negative,False
Magnesium,binary,P.C.Z.A.E,binary,0.3568,0.25498114530639754,12,WEAK,Positive,False
VIM,binary,NDM,binary,-0.3568,0.25498114530639776,12,WEAK,Negative,False
Calcium,binary,Meropenem,ordinal,0.3568,0.25498114530639754,12,WEAK,Positive,False
Inotropes.,binary,Creatinine,binary,0.3568,0.25498114530639754,12,WEAK,Positive,False
Other.CRO,binary,SGOT,binary,-0.3568,0.25498114530639776,12,WEAK,Negative,False
CV.Catheter.in.6.Months,binary,Overall.mortality,binary,0.3568,0.25498114530639776,12,WEAK,Positive,False
Other.CRO,binary,Any.Viral.Infection,binary,-0.3568,0.25498114530639776,12,WEAK,Negative,False
Immunosuppressive.drugs.in.1.week,binary,Colistin,ordinal,0.3568,0.25498114530639754,12,WEAK,Positive,False
Solid.Organ,binary,Relapse.post.28.Day.Discharge,binary,-0.3568,0.25498114530639754,12,WEAK,Negative,False
Solid.Organ,binary,P.C.Z.A.E,binary,-0.3568,0.25498114530639754,12,WEAK,Negative,False
Urinary.Catheter.in.6.Months,binary,Inotropes.,binary,-0.3568,0.25498114530639776,12,WEAK,Negative,False
Other.CRO,binary,Inotropes.,binary,-0.3568,0.25498114530639776,12,WEAK,Negative,False
CV.Catheter.in.6.Months,binary,Inotropes.,binary,-0.3568,0.25498114530639776,12,WEAK,Negative,False
CV.Catheter.in.6.Months,binary,SGOT,binary,-0.3568,0.25498114530639776,12,WEAK,Negative,False
Any.Fungal.Infection,binary,Colistin,ordinal,0.3568,0.25498114530639754,12,WEAK,Positive,False
Any.Fungal.Infection,binary,P.C.Z.A.E,binary,0.3568,0.25498114530639754,12,WEAK,Positive,False
Hospitalization.in.past.6.Months,binary,Meropenem,ordinal,-0.3568,0.25498114530639754,12,WEAK,Negative,False
IAI.CRO,binary,Inotropes.,binary,-0.3568,0.25498114530639776,12,WEAK,Negative,False
Hospitalization.in.past.6.Months,binary,Urinary.Catheter.in.6.Months,binary,0.3568,0.25498114530639754,12,WEAK,Positive,False
NDM,binary,P.C.Z.A.E,binary,-0.3568,0.25498114530639754,12,WEAK,Negative,False
SGOT,binary,Meropenem,ordinal,0.3568,0.25498114530639754,12,WEAK,Positive,False
VIM,binary,Hospitalization.in.past.6.Months,binary,0.3568,0.25498114530639776,12,WEAK,Positive,False
Hospitalization.in.past.6.Months,binary,CV.Catheter.in.6.Months,binary,0.3568,0.25498114530639754,12,WEAK,Positive,False
VIM,binary,Any.Viral.Infection,binary,-0.3568,0.25498114530639776,12,WEAK,Negative,False
Z.A.only.E,binary,P.C.only.T,binary,0.3568,0.25498114530639776,12,WEAK,Positive,False
Hospitalization.in.past.6.Months,binary,Endoscopy.in.1.week,binary,0.3568,0.25498114530639754,12,WEAK,Positive,False
SGOT,binary,P.C.Z.A.E,binary,-0.3568,0.25498114530639754,12,WEAK,Negative,False
SGOT,binary,Gentamicin,binary,-0.3568,0.25498114530639754,12,WEAK,Negative,False
VIM,binary,Immunosuppressive.drugs.in.1.week,binary,0.3568,0.25498114530639776,12,WEAK,Positive,False
CKD,binary,Any.Fungal.Infection,binary,0.3568,0.25498114530639776,12,WEAK,Positive,False
Calcium,binary,Colistin,ordinal,-0.3568,0.25498114530639754,12,WEAK,Negative,False
CAP.CRO,binary,Overall.mortality,binary,0.3568,0.25498114530639776,12,WEAK,Positive,False
CKD,binary,Calcium,binary,-0.3568,0.25498114530639776,12,WEAK,Negative,False
CKD,binary,Magnesium,binary,0.3568,0.25498114530639776,12,WEAK,Positive,False
CKD,binary,Hospitalization.in.past.6.Months,binary,0.3568,0.25498114530639776,12,WEAK,Positive,False
Urinary.Catheter.in.6.Months,binary,Overall.mortality,binary,0.3568,0.25498114530639776,12,WEAK,Positive,False
COPD,binary,Any.Viral.Infection,binary,-0.3568,0.25498114530639776,12,WEAK,Negative,False
CV.Catheter.in.6.Months,binary,Calcium,binary,-0.3568,0.25498114530639776,12,WEAK,Negative,False
COPD,binary,Inotropes.,binary,-0.3568,0.25498114530639776,12,WEAK,Negative,False
Hospitalization.in.past.6.Months,binary,Imipenem,ordinal,-0.3568,0.25498114530639754,12,WEAK,Negative,False
IAI.CRO,binary,Any.Viral.Infection,binary,-0.3568,0.25498114530639776,12,WEAK,Negative,False
IAI.CRO,binary,Calcium,binary,-0.3568,0.25498114530639776,12,WEAK,Negative,False
Other.CRO,binary,P.C.only.T,binary,0.3568,0.25498114530639776,12,WEAK,Positive,False
Any.Viral.Infection,binary,Creatinine,binary,0.3568,0.25498114530639754,12,WEAK,Positive,False
CKD,binary,Overall.mortality,binary,0.3568,0.25498114530639776,12,WEAK,Positive,False
VIM,binary,P.C.only.T,binary,0.3568,0.25498114530639776,12,WEAK,Positive,False
Imipenem,ordinal,Overall.mortality,binary,-0.3568,0.25498114530639776,12,WEAK,Negative,False
Any.Viral.Infection,binary,Gentamicin,binary,-0.3568,0.25498114530639754,12,WEAK,Negative,False
Meropenem,ordinal,Overall.mortality,binary,-0.3568,0.25498114530639776,12,WEAK,Negative,False
Hospitalization.in.past.6.Months,binary,Z.A.only.E,binary,0.3568,0.25498114530639754,12,WEAK,Positive,False
Endoscopy.in.1.week,binary,Calcium,binary,-0.3568,0.25498114530639776,12,WEAK,Negative,False
NDM,binary,Z.A.only.E,binary,-0.3568,0.25498114530639754,12,WEAK,Negative,False
Endoscopy.in.1.week,binary,Overall.mortality,binary,0.3568,0.25498114530639776,12,WEAK,Positive,False
COPD,binary,P.C.only.T,binary,0.3568,0.25498114530639776,12,WEAK,Positive,False
Hospitalization.in.past.6.Months,binary,Ceftazidime,ordinal,0.3546,0.25812017834748247,12,WEAK,Positive,False
Calcium,binary,Levofloxacin,ordinal,0.3546,0.25812017834748247,12,WEAK,Positive,False
SGOT,binary,Cefoperazone.Sulbactam,ordinal,0.3546,0.25812017834748247,12,WEAK,Positive,False
Inotropes.,binary,Piperacillin.Tazobactam,ordinal,0.3546,0.25812017834748247,12,WEAK,Positive,False
Inotropes.,binary,Ciprofloxacin,ordinal,0.3546,0.25812017834748247,12,WEAK,Positive,False
Calcium,binary,Ciprofloxacin,ordinal,0.3546,0.25812017834748247,12,WEAK,Positive,False
Hospitalization.in.past.6.Months,binary,Cefoperazone.Sulbactam,ordinal,-0.3546,0.25812017834748247,12,WEAK,Negative,False
Cefoperazone.Sulbactam,ordinal,Overall.mortality,binary,-0.3546,0.25812017834748247,12,WEAK,Negative,False
SGOT,binary,Ceftazidime,ordinal,-0.3546,0.25812017834748247,12,WEAK,Negative,False
Calcium,binary,Piperacillin.Tazobactam,ordinal,0.3546,0.25812017834748247,12,WEAK,Positive,False
Platelet,binary,P.C.only.E,binary,-0.3536,0.25957293190510367,12,WEAK,Negative,False
TLC,binary,ALP,binary,-0.3536,0.25957293190510367,12,WEAK,Negative,False
Surgery.in.last.3.Months,binary,SGPT,binary,-0.3536,0.25957293190510367,12,WEAK,Negative,False
SGPT,binary,Globulin,binary,0.3536,0.25957293190510367,12,WEAK,Positive,False
Surgery.in.last.3.Months,binary,Platelet,binary,0.3536,0.25957293190510367,12,WEAK,Positive,False
ANC,binary,Platelet,binary,0.3536,0.25957293190510367,12,WEAK,Positive,False
ANC,binary,SGPT,binary,-0.3536,0.25957293190510367,12,WEAK,Negative,False
Hemat.Malignancy,binary,Amikacin,ordinal,0.3536,0.25957293190510367,12,WEAK,Positive,False
Hemat.Malignancy,binary,TLC,binary,0.3536,0.25957293190510367,12,WEAK,Positive,False
Platelet,binary,Globulin,binary,0.3536,0.25957293190510367,12,WEAK,Positive,False
TLC,binary,ANC,binary,0.3536,0.25957293190510367,12,WEAK,Positive,False
SGPT,binary,Potassium,binary,0.3536,0.25957293190510367,12,WEAK,Positive,False
SGPT,binary,Urea,binary,-0.3536,0.25957293190510367,12,WEAK,Negative,False
Ventilation,binary,TLC,binary,-0.3536,0.25957293190510367,12,WEAK,Negative,False
Ventilation,binary,Platelet,binary,0.3536,0.25957293190510367,12,WEAK,Positive,False
Ventilation,binary,SGPT,binary,0.3536,0.25957293190510367,12,WEAK,Positive,False
HTN,binary,SGPT,binary,0.3536,0.25957293190510367,12,WEAK,Positive,False
Potassium,binary,Amikacin,ordinal,0.3536,0.25957293190510367,12,WEAK,Positive,False
Surgery.in.last.3.Months,binary,Amikacin,ordinal,-0.3536,0.25957293190510367,12,WEAK,Negative,False
HTN,binary,TLC,binary,0.3536,0.25957293190510367,12,WEAK,Positive,False
SGPT,binary,Clinical.improvement,binary,0.3536,0.25957293190510367,12,WEAK,Positive,False
TLC,binary,Clinical.improvement,binary,0.3536,0.25957293190510367,12,WEAK,Positive,False
BSI.CRO,binary,ICU.Stay.in.28.Days,continuous,-0.3512,0.2629554154866416,12,WEAK,Negative,False
IAI.CRO,binary,ICU.Stay.in.28.Days,continuous,-0.3512,0.2629554154866416,12,WEAK,Negative,False
Age,continuous,VIM,binary,0.3506,0.26385582328093865,12,WEAK,Positive,False
Age,continuous,Z.A.only.E,binary,0.3506,0.26385582328093865,12,WEAK,Positive,False
Age,continuous,IAI.CRO,binary,0.3506,0.26385582328093865,12,WEAK,Positive,False
Height,continuous,Gentamicin,binary,-0.35,0.2647532576259954,12,WEAK,Negative,False
Height,continuous,COPD,binary,-0.35,0.2647532576259954,12,WEAK,Negative,False
Height,continuous,Creatinine,binary,0.35,0.2647532576259954,12,WEAK,Positive,False
Height,continuous,Other.CRO,binary,-0.35,0.2647532576259954,12,WEAK,Negative,False
Weight,continuous,Levofloxacin,ordinal,0.3499,0.2649393333734928,12,WEAK,Positive,False
Immunosuppressive.drugs.in.1.week,binary,SOFA,continuous,0.3458,0.27090765607339845,12,WEAK,Positive,False
Solid.Organ,binary,ICU.Stay.in.28.Days,continuous,-0.3446,0.2727211146667917,12,WEAK,Negative,False
Age,continuous,Solid.Organ,binary,0.344,0.2736232333797343,12,WEAK,Positive,False
Height,continuous,Sodium,binary,0.3434,0.27452229751006973,12,WEAK,Positive,False
Total.Protein,binary,Aztreonam,ordinal,-0.3411,0.27786682653596834,12,WEAK,Negative,False
UTI.CRO,binary,Aztreonam,ordinal,0.3411,0.27786682653596834,12,WEAK,Positive,False
Albumin,binary,Aztreonam,ordinal,-0.3411,0.27786682653596834,12,WEAK,Negative,False
SOFA,continuous,Amikacin,ordinal,-0.341,0.2781135919446172,12,WEAK,Negative,False
Weight,continuous,Platelet,binary,-0.338,0.2826279889164886,12,WEAK,Negative,False
VAP.CRO,binary,SOFA,continuous,0.3375,0.2833914447378734,12,WEAK,Positive,False
HTN,binary,Aztreonam,ordinal,-0.3371,0.28393752003252576,12,WEAK,Negative,False
Aztreonam,ordinal,Clinical.improvement,binary,-0.3371,0.28393752003252576,12,WEAK,Negative,False
Height,continuous,SOFA,continuous,0.3357,0.2860724180793043,12,WEAK,Positive,False
Bil,binary,GW.Stay.in.28.Days,continuous,-0.3357,0.28611038148761053,12,WEAK,Negative,False
Age,continuous,ICU.Stay.in.28.Days,continuous,-0.3351,0.28698837296909835,12,WEAK,Negative,False
Ventilation,binary,ICU.Stay.in.28.Days,continuous,0.3346,0.28771998234842333,12,WEAK,Positive,False
HAP.CRO,binary,VAP.CRO,binary,-0.3333,0.2896916120510086,12,WEAK,Negative,False
VAP.CRO,binary,Bil,binary,-0.3333,0.2896916120510086,12,WEAK,Negative,False
SGPT,binary,Amikacin,ordinal,0.3333,0.28969161205100835,12,WEAK,Positive,False
TLC,binary,Platelet,binary,0.3333,0.28969161205100835,12,WEAK,Positive,False
DM,binary,Mortality.in.Hospital,binary,-0.3333,0.2896916120510086,12,WEAK,Negative,False
DM,binary,Carbapenemase,binary,0.3333,0.2896916120510086,12,WEAK,Positive,False
Platelet,binary,Amikacin,ordinal,-0.3333,0.28969161205100835,12,WEAK,Negative,False
VAP.CRO,binary,Mortality.in.Hospital,binary,-0.3333,0.2896916120510086,12,WEAK,Negative,False
DM,binary,VAP.CRO,binary,-0.3333,0.2896916120510086,12,WEAK,Negative,False
DM,binary,Ciprofloxacin,ordinal,0.3303,0.2943899180266554,12,WEAK,Positive,False
DM,binary,Aztreonam,ordinal,-0.3303,0.2943899180266554,12,WEAK,Negative,False
DM,binary,Levofloxacin,ordinal,0.3303,0.2943899180266554,12,WEAK,Positive,False
VAP.CRO,binary,Ciprofloxacin,ordinal,0.3303,0.2943899180266554,12,WEAK,Positive,False
VAP.CRO,binary,Ceftazidime,ordinal,-0.3303,0.2943899180266554,12,WEAK,Negative,False
VAP.CRO,binary,Piperacillin.Tazobactam,ordinal,0.3303,0.2943899180266554,12,WEAK,Positive,False
VAP.CRO,binary,Cefoperazone.Sulbactam,ordinal,0.3303,0.2943899180266554,12,WEAK,Positive,False
DM,binary,Piperacillin.Tazobactam,ordinal,0.3303,0.2943899180266554,12,WEAK,Positive,False
HAP.CRO,binary,Levofloxacin,ordinal,0.3303,0.2943899180266554,12,WEAK,Positive,False
DM,binary,Cefoperazone.Sulbactam,ordinal,0.3303,0.2943899180266554,12,WEAK,Positive,False
DM,binary,Ceftazidime,ordinal,-0.3303,0.2943899180266554,12,WEAK,Negative,False
VAP.CRO,binary,Levofloxacin,ordinal,0.3303,0.2943899180266554,12,WEAK,Positive,False
APACHEII,continuous,Lympho,binary,-0.3239,0.30442836548383906,12,WEAK,Negative,False
Weight,continuous,Hypothyroidism,binary,0.3239,0.30442836548383906,12,WEAK,Positive,False
Any.Fungal.Infection,binary,Cefepime,ordinal,0.3237,0.3047534232679613,12,WEAK,Positive,False
Solid.Organ,binary,Cefepime,ordinal,-0.3237,0.3047534232679613,12,WEAK,Negative,False
Aztreonam,ordinal,Overall.mortality,binary,0.3223,0.30687609010194,12,WEAK,Positive,False
Hospitalization.in.past.6.Months,binary,Aztreonam,ordinal,0.3223,0.30687609010194,12,WEAK,Positive,False
Total.Hospital.stay.in.28.days,continuous,Overall.mortality,binary,-0.3211,0.30884008320224693,12,WEAK,Negative,False
Any.Fungal.Infection,binary,SOFA,continuous,0.3211,0.30884008320224693,12,WEAK,Positive,False
SOFA,continuous,Ceftazidime,ordinal,0.3204,0.30987355765603597,12,WEAK,Positive,False
SOFA,continuous,Cefoperazone.Sulbactam,ordinal,-0.3204,0.30987355765603597,12,WEAK,Negative,False
P.C.only.T,binary,ICU.Stay.in.28.Days,continuous,-0.32,0.31065307220556243,12,WEAK,Negative,False
Age,continuous,P.C.only.T,binary,-0.3194,0.3115545607715656,12,WEAK,Negative,False
Age,continuous,Any.Viral.Infection,binary,-0.3194,0.3115545607715656,12,WEAK,Negative,False
Hospitalization.in.past.6.Months,binary,GW.Stay.in.28.Days,continuous,-0.3194,0.3115545607715656,12,WEAK,Negative,False
P.C.only.T,binary,GW.Stay.in.28.Days,continuous,-0.3194,0.3115545607715656,12,WEAK,Negative,False
Platelet,binary,Cefepime,ordinal,-0.3191,0.31195623200028444,12,WEAK,Negative,False
Height,continuous,Any.Fungal.Infection,binary,0.3188,0.31245273644566296,12,WEAK,Positive,False
Height,continuous,Immunosuppressive.drugs.in.1.week,binary,0.3188,0.31245273644566296,12,WEAK,Positive,False
Any.Viral.Infection,binary,APACHEII,continuous,0.3183,0.31334761738981703,12,WEAK,Positive,False
Hospitalization.in.past.6.Months,binary,APACHEII,continuous,0.3183,0.31334761738981703,12,WEAK,Positive,False
Weight,continuous,Solid.Organ,binary,-0.3183,0.313347617389817,12,WEAK,Negative,False
Total.Protein,binary,Globulin,binary,-0.3162,0.31664291502001224,12,WEAK,Negative,False
Male,binary,ANC,binary,-0.3162,0.31664291502001224,12,WEAK,Negative,False
Z.A.invitro,binary,HTN,binary,0.3162,0.31664291502001224,12,WEAK,Positive,False
UTI.CRO,binary,Urea,binary,0.3162,0.31664291502001224,12,WEAK,Positive,False
Albumin,binary,Potassium,binary,0.3162,0.31664291502001224,12,WEAK,Positive,False
Lympho,binary,Urea,binary,-0.3162,0.31664291502001224,12,WEAK,Negative,False
Ventilation,binary,Neutropenia,binary,0.3162,0.31664291502001224,12,WEAK,Positive,False
Ventilation,binary,Lympho,binary,-0.3162,0.31664291502001224,12,WEAK,Negative,False
Albumin,binary,Urea,binary,-0.3162,0.31664291502001224,12,WEAK,Negative,False
Lympho,binary,Potassium,binary,0.3162,0.31664291502001224,12,WEAK,Positive,False
Lympho,binary,P.C.only.E,binary,0.3162,0.31664291502001224,12,WEAK,Positive,False
Male,binary,Ventilation,binary,-0.3162,0.31664291502001224,12,WEAK,Negative,False
Overall.organ.support,binary,Hemat.Malignancy,binary,0.3162,0.31664291502001224,12,WEAK,Positive,False
Female,binary,ALP,binary,-0.3162,0.31664291502001224,12,WEAK,Negative,False
Albumin,binary,Clinical.improvement,binary,-0.3162,0.31664291502001224,12,WEAK,Negative,False
Surgery.in.last.3.Months,binary,Neutropenia,binary,-0.3162,0.31664291502001224,12,WEAK,Negative,False
Overall.organ.support,binary,Clinical.improvement,binary,-0.3162,0.31664291502001224,12,WEAK,Negative,False
Neutropenia,binary,ANC,binary,0.3162,0.31664291502001224,12,WEAK,Positive,False
Potassium,binary,Z.A.only.T,binary,-0.3162,0.31664291502001224,12,WEAK,Negative,False
HTN,binary,Overall.organ.support,binary,-0.3162,0.31664291502001224,12,WEAK,Negative,False
HTN,binary,UTI.CRO,binary,0.3162,0.31664291502001224,12,WEAK,Positive,False
HTN,binary,P.C.Z.A.T,binary,0.3162,0.31664291502001224,12,WEAK,Positive,False
HTN,binary,Albumin,binary,-0.3162,0.31664291502001224,12,WEAK,Negative,False
HTN,binary,Total.Protein,binary,-0.3162,0.31664291502001224,12,WEAK,Negative,False
Neutropenia,binary,ALP,binary,-0.3162,0.31664291502001224,12,WEAK,Negative,False
Female,binary,Globulin,binary,0.3162,0.31664291502001224,12,WEAK,Positive,False
UTI.CRO,binary,Globulin,binary,0.3162,0.31664291502001224,12,WEAK,Positive,False
Total.Protein,binary,Urea,binary,-0.3162,0.31664291502001224,12,WEAK,Negative,False
Total.Protein,binary,Potassium,binary,0.3162,0.31664291502001224,12,WEAK,Positive,False
Male,binary,P.C.only.E,binary,0.3162,0.31664291502001224,12,WEAK,Positive,False
Hypothyroidism,binary,ALP,binary,-0.3162,0.31664291502001224,12,WEAK,Negative,False
Hypothyroidism,binary,Surgery.in.last.3.Months,binary,-0.3162,0.31664291502001224,12,WEAK,Negative,False
P.C.only.E,binary,P.C.Z.A.T,binary,-0.3162,0.31664291502001224,12,WEAK,Negative,False
Hemat.Malignancy,binary,Mortality.post.28.Day.Discharge,binary,-0.3162,0.31664291502001224,12,WEAK,Negative,False
Ventilation,binary,P.C.Z.A.T,binary,0.3162,0.31664291502001224,12,WEAK,Positive,False
Z.A.invitro,binary,P.C.only.E,binary,-0.3162,0.31664291502001224,12,WEAK,Negative,False
Z.A.invitro,binary,Clinical.improvement,binary,0.3162,0.31664291502001224,12,WEAK,Positive,False
UTI.CRO,binary,Clinical.improvement,binary,0.3162,0.31664291502001224,12,WEAK,Positive,False
Overall.organ.support,binary,Potassium,binary,0.3162,0.31664291502001224,12,WEAK,Positive,False
Overall.organ.support,binary,Urea,binary,-0.3162,0.31664291502001224,12,WEAK,Negative,False
Female,binary,P.C.only.E,binary,-0.3162,0.31664291502001224,12,WEAK,Negative,False
Z.A.invitro,binary,Hemat.Malignancy,binary,-0.3162,0.31664291502001224,12,WEAK,Negative,False
UTI.CRO,binary,Surgery.in.last.3.Months,binary,-0.3162,0.31664291502001224,12,WEAK,Negative,False
Albumin,binary,Globulin,binary,-0.3162,0.31664291502001224,12,WEAK,Negative,False
ALP,binary,Z.A.only.T,binary,-0.3162,0.31664291502001224,12,WEAK,Negative,False
Z.A.invitro,binary,Ventilation,binary,0.3162,0.31664291502001224,12,WEAK,Positive,False
Past.CREPA.infection,binary,Hemat.Malignancy,binary,-0.3162,0.31664291502001224,12,WEAK,Negative,False
Neutropenia,binary,Globulin,binary,0.3162,0.31664291502001224,12,WEAK,Positive,False
Urea,binary,P.C.Z.A.T,binary,0.3162,0.31664291502001224,12,WEAK,Positive,False
Z.A.invitro,binary,Urea,binary,0.3162,0.31664291502001224,12,WEAK,Positive,False
Surgery.in.last.3.Months,binary,Z.A.only.T,binary,-0.3162,0.31664291502001224,12,WEAK,Negative,False
Surgery.in.last.3.Months,binary,Total.Protein,binary,0.3162,0.31664291502001224,12,WEAK,Positive,False
Surgery.in.last.3.Months,binary,Albumin,binary,0.3162,0.31664291502001224,12,WEAK,Positive,False
Female,binary,ANC,binary,0.3162,0.31664291502001224,12,WEAK,Positive,False
Overall.organ.support,binary,Globulin,binary,-0.3162,0.31664291502001224,12,WEAK,Negative,False
Female,binary,Ventilation,binary,0.3162,0.31664291502001224,12,WEAK,Positive,False
Total.Protein,binary,Clinical.improvement,binary,-0.3162,0.31664291502001224,12,WEAK,Negative,False
Hemat.Malignancy,binary,Lympho,binary,0.3162,0.31664291502001224,12,WEAK,Positive,False
Hemat.Malignancy,binary,P.C.Z.A.T,binary,-0.3162,0.31664291502001224,12,WEAK,Negative,False
Hemat.Malignancy,binary,Albumin,binary,0.3162,0.31664291502001224,12,WEAK,Positive,False
Hemat.Malignancy,binary,Total.Protein,binary,0.3162,0.31664291502001224,12,WEAK,Positive,False
UTI.CRO,binary,Potassium,binary,-0.3162,0.31664291502001224,12,WEAK,Negative,False
P.C.Z.A.T,binary,Clinical.improvement,binary,0.3162,0.31664291502001224,12,WEAK,Positive,False
Male,binary,ALP,binary,0.3162,0.31664291502001224,12,WEAK,Positive,False
Male,binary,Globulin,binary,-0.3162,0.31664291502001224,12,WEAK,Negative,False
Neutropenia,binary,P.C.only.E,binary,-0.3162,0.31664291502001224,12,WEAK,Negative,False
Height,continuous,SGPT,binary,-0.3144,0.31964539320515056,12,WEAK,Negative,False
Height,continuous,Platelet,binary,-0.3144,0.31964539320515056,12,WEAK,Negative,False
Any.Viral.Infection,binary,SGOT,binary,0.3143,0.3197871455614303,12,WEAK,Positive,False
Immunosuppressive.drugs.in.1.week,binary,Sodium,binary,-0.3143,0.3197871455614303,12,WEAK,Negative,False
Immunosuppressive.drugs.in.1.week,binary,Any.Fungal.Infection,binary,0.3143,0.3197871455614303,12,WEAK,Positive,False
Hospitalization.in.past.6.Months,binary,Immunosuppressive.drugs.in.1.week,binary,0.3143,0.3197871455614303,12,WEAK,Positive,False
Any.Viral.Infection,binary,P.C.only.T,binary,-0.3143,0.3197871455614303,12,WEAK,Negative,False
NDM,binary,Any.Viral.Infection,binary,0.3143,0.3197871455614303,12,WEAK,Positive,False
NDM,binary,Immunosuppressive.drugs.in.1.week,binary,-0.3143,0.3197871455614303,12,WEAK,Negative,False
Hospitalization.in.past.6.Months,binary,SGOT,binary,-0.3143,0.3197871455614303,12,WEAK,Negative,False
Sodium,binary,Magnesium,binary,-0.3143,0.3197871455614303,12,WEAK,Negative,False
NDM,binary,P.C.only.T,binary,-0.3143,0.3197871455614303,12,WEAK,Negative,False
NDM,binary,Magnesium,binary,-0.3143,0.3197871455614303,12,WEAK,Negative,False
Immunosuppressive.drugs.in.1.week,binary,SGOT,binary,-0.3143,0.3197871455614303,12,WEAK,Negative,False
Hospitalization.in.past.6.Months,binary,Overall.mortality,binary,0.3143,0.3197871455614303,12,WEAK,Positive,False
Inotropes.,binary,Calcium,binary,0.3143,0.3197871455614303,12,WEAK,Positive,False
Calcium,binary,Overall.mortality,binary,-0.3143,0.3197871455614303,12,WEAK,Negative,False
Solid.Organ,binary,Magnesium,binary,-0.3143,0.3197871455614303,12,WEAK,Negative,False
Hospitalization.in.past.6.Months,binary,Any.Viral.Infection,binary,-0.3143,0.3197871455614303,12,WEAK,Negative,False
Hospitalization.in.past.6.Months,binary,Magnesium,binary,0.3143,0.3197871455614303,12,WEAK,Positive,False
Immunosuppressive.drugs.in.1.week,binary,Magnesium,binary,0.3143,0.3197871455614303,12,WEAK,Positive,False
Immunosuppressive.drugs.in.1.week,binary,Any.Viral.Infection,binary,-0.3143,0.3197871455614303,12,WEAK,Negative,False
Solid.Organ,binary,Sodium,binary,0.3143,0.3197871455614303,12,WEAK,Positive,False
Magnesium,binary,Overall.mortality,binary,0.3143,0.3197871455614303,12,WEAK,Positive,False
Any.Fungal.Infection,binary,Magnesium,binary,0.3143,0.3197871455614303,12,WEAK,Positive,False
SGOT,binary,Magnesium,binary,-0.3143,0.3197871455614303,12,WEAK,Negative,False
Any.Fungal.Infection,binary,Solid.Organ,binary,-0.3143,0.3197871455614303,12,WEAK,Negative,False
Z.A.only.T,binary,Cefepime,ordinal,0.3114,0.3244914183880263,12,WEAK,Positive,False
Male,binary,Cefepime,ordinal,-0.3114,0.3244914183880263,12,WEAK,Negative,False
Female,binary,Cefepime,ordinal,0.3114,0.3244914183880263,12,WEAK,Positive,False
P.C.Z.A.T,binary,Cefepime,ordinal,0.3114,0.3244914183880263,12,WEAK,Positive,False
Past.CREPA.infection,binary,Cefepime,ordinal,0.3114,0.3244914183880263,12,WEAK,Positive,False
Z.A.invitro,binary,Cefepime,ordinal,0.3114,0.3244914183880263,12,WEAK,Positive,False
Cefepime,ordinal,Mortality.post.28.Day.Discharge,binary,0.3114,0.3244914183880263,12,WEAK,Positive,False
Hypothyroidism,binary,Cefepime,ordinal,0.3114,0.3244914183880263,12,WEAK,Positive,False
Ciprofloxacin,ordinal,ICU.Stay.in.28.Days,continuous,0.3101,0.32669484308206886,12,WEAK,Positive,False
Piperacillin.Tazobactam,ordinal,ICU.Stay.in.28.Days,continuous,0.3101,0.32669484308206886,12,WEAK,Positive,False
IAI.CRO,binary,SOFA,continuous,-0.3084,0.3294089695877153,12,WEAK,Negative,False
SOFA,continuous,Imipenem,ordinal,-0.3084,0.3294089695877153,12,WEAK,Negative,False
Urinary.Catheter.in.6.Months,binary,SOFA,continuous,0.3084,0.3294089695877153,12,WEAK,Positive,False
CKD,binary,Total.Hospital.stay.in.28.days,continuous,-0.3084,0.3294089695877153,12,WEAK,Negative,False
Endoscopy.in.1.week,binary,Total.Hospital.stay.in.28.days,continuous,-0.3084,0.3294089695877153,12,WEAK,Negative,False
SOFA,continuous,Meropenem,ordinal,-0.3084,0.3294089695877153,12,WEAK,Negative,False
CV.Catheter.in.6.Months,binary,SOFA,continuous,0.3084,0.3294089695877153,12,WEAK,Positive,False
Age,continuous,Potassium,binary,-0.3083,0.3295278364782253,12,WEAK,Negative,False
VAP.CRO,binary,ICU.Stay.in.28.Days,continuous,0.3082,0.3296795634306051,12,WEAK,Positive,False
P.C.only.E,binary,Cefepime,ordinal,-0.3077,0.3305290540715299,12,WEAK,Negative,False
ANC,binary,Cefepime,ordinal,0.3077,0.3305290540715299,12,WEAK,Positive,False
P.C.Z.A.E,binary,ICU.Stay.in.28.Days,continuous,0.3073,0.3312129304504659,12,WEAK,Positive,False
Weight,continuous,Hemat.Malignancy,binary,0.3073,0.3313127457838,12,WEAK,Positive,False
Weight,continuous,VAP.CRO,binary,0.3066,0.33236112488115016,12,WEAK,Positive,False
Weight,continuous,Z.A.only.E,binary,-0.3057,0.3338931364506604,12,WEAK,Negative,False
Weight,continuous,VIM,binary,-0.3057,0.3338931364506604,12,WEAK,Negative,False
APACHEII,continuous,P.C.Z.A.E,binary,0.3057,0.3338931364506604,12,WEAK,Positive,False
Weight,continuous,P.C.Z.A.E,binary,0.3057,0.3338931364506604,12,WEAK,Positive,False
CAP.CRO,binary,Platelet,binary,-0.3015,0.34089313230206003,12,WEAK,Negative,False
CAP.CRO,binary,SGPT,binary,-0.3015,0.34089313230206003,12,WEAK,Negative,False
VIM,binary,Amikacin,ordinal,0.3015,0.34089313230206003,12,WEAK,Positive,False
CV.Catheter.in.6.Months,binary,Amikacin,ordinal,-0.3015,0.34089313230206003,12,WEAK,Negative,False
TLC,binary,Creatinine,binary,-0.3015,0.34089313230206003,12,WEAK,Negative,False
Urinary.Catheter.in.6.Months,binary,Amikacin,ordinal,-0.3015,0.34089313230206003,12,WEAK,Negative,False
Urinary.Catheter.in.6.Months,binary,Platelet,binary,0.3015,0.34089313230206003,12,WEAK,Positive,False
SGPT,binary,Gentamicin,binary,-0.3015,0.34089313230206003,12,WEAK,Negative,False
SGPT,binary,Colistin,ordinal,0.3015,0.34089313230206003,12,WEAK,Positive,False
SGPT,binary,Imipenem,ordinal,-0.3015,0.34089313230206003,12,WEAK,Negative,False
Platelet,binary,Relapse.post.28.Day.Discharge,binary,-0.3015,0.34089313230206003,12,WEAK,Negative,False
CAP.CRO,binary,TLC,binary,-0.3015,0.34089313230206003,12,WEAK,Negative,False
VIM,binary,Platelet,binary,0.3015,0.34089313230206003,12,WEAK,Positive,False
VIM,binary,TLC,binary,0.3015,0.34089313230206003,12,WEAK,Positive,False
Z.A.only.E,binary,Amikacin,ordinal,0.3015,0.34089313230206003,12,WEAK,Positive,False
VIM,binary,SGPT,binary,0.3015,0.34089313230206003,12,WEAK,Positive,False
Amikacin,ordinal,Gentamicin,binary,-0.3015,0.34089313230206003,12,WEAK,Negative,False
IAI.CRO,binary,SGPT,binary,0.3015,0.34089313230206003,12,WEAK,Positive,False
IAI.CRO,binary,Platelet,binary,-0.3015,0.34089313230206003,12,WEAK,Negative,False
IAI.CRO,binary,TLC,binary,0.3015,0.34089313230206003,12,WEAK,Positive,False
Other.CRO,binary,Platelet,binary,0.3015,0.34089313230206003,12,WEAK,Positive,False
Platelet,binary,Creatinine,binary,-0.3015,0.34089313230206003,12,WEAK,Negative,False
SGPT,binary,Creatinine,binary,0.3015,0.34089313230206003,12,WEAK,Positive,False
CV.Catheter.in.6.Months,binary,TLC,binary,-0.3015,0.34089313230206003,12,WEAK,Negative,False
Other.CRO,binary,SGPT,binary,-0.3015,0.34089313230206003,12,WEAK,Negative,False
P.C.in.vitro,binary,Amikacin,ordinal,0.3015,0.34089313230206003,12,WEAK,Positive,False
SGPT,binary,P.C.Z.A.E,binary,-0.3015,0.34089313230206003,12,WEAK,Negative,False
Platelet,binary,Colistin,ordinal,-0.3015,0.34089313230206003,12,WEAK,Negative,False
SGPT,binary,Meropenem,ordinal,-0.3015,0.34089313230206003,12,WEAK,Negative,False
SGPT,binary,Z.A.only.E,binary,0.3015,0.34089313230206003,12,WEAK,Positive,False
BSI.CRO,binary,Amikacin,ordinal,0.3015,0.34089313230206003,12,WEAK,Positive,False
Creatinine,binary,Amikacin,ordinal,0.3015,0.34089313230206003,12,WEAK,Positive,False
BSI.CRO,binary,SGPT,binary,0.3015,0.34089313230206003,12,WEAK,Positive,False
P.C.in.vitro,binary,SGPT,binary,0.3015,0.34089313230206003,12,WEAK,Positive,False
P.C.in.vitro,binary,Platelet,binary,-0.3015,0.34089313230206003,12,WEAK,Negative,False
P.C.Z.A.E,binary,Amikacin,ordinal,-0.3015,0.34089313230206003,12,WEAK,Negative,False
COPD,binary,Platelet,binary,0.3015,0.34089313230206003,12,WEAK,Positive,False
CV.Catheter.in.6.Months,binary,Platelet,binary,0.3015,0.34089313230206003,12,WEAK,Positive,False
Amikacin,ordinal,Relapse.post.28.Day.Discharge,binary,0.3015,0.34089313230206003,12,WEAK,Positive,False
P.C.in.vitro,binary,TLC,binary,-0.3015,0.34089313230206003,12,WEAK,Negative,False
Endoscopy.in.1.week,binary,TLC,binary,-0.3015,0.34089313230206003,12,WEAK,Negative,False
Endoscopy.in.1.week,binary,Platelet,binary,-0.3015,0.34089313230206003,12,WEAK,Negative,False
SGPT,binary,Relapse.post.28.Day.Discharge,binary,-0.3015,0.34089313230206003,12,WEAK,Negative,False
Other.CRO,binary,TLC,binary,0.3015,0.34089313230206003,12,WEAK,Positive,False
TLC,binary,Colistin,ordinal,-0.3015,0.34089313230206003,12,WEAK,Negative,False
Endoscopy.in.1.week,binary,Amikacin,ordinal,-0.3015,0.34089313230206003,12,WEAK,Negative,False
Amikacin,ordinal,Imipenem,ordinal,0.3015,0.34089313230206003,12,WEAK,Positive,False
Amikacin,ordinal,Meropenem,ordinal,0.3015,0.34089313230206003,12,WEAK,Positive,False
Amikacin,ordinal,Colistin,ordinal,0.3015,0.34089313230206003,12,WEAK,Positive,False
IAI.CRO,binary,Amikacin,ordinal,-0.3015,0.34089313230206003,12,WEAK,Negative,False
COPD,binary,TLC,binary,0.3015,0.34089313230206003,12,WEAK,Positive,False
COPD,binary,SGPT,binary,-0.3015,0.34089313230206003,12,WEAK,Negative,False
Other.CRO,binary,Amikacin,ordinal,-0.3015,0.34089313230206003,12,WEAK,Negative,False
Endoscopy.in.1.week,binary,SGPT,binary,-0.3015,0.34089313230206003,12,WEAK,Negative,False
TLC,binary,Imipenem,ordinal,0.3015,0.34089313230206003,12,WEAK,Positive,False
TLC,binary,P.C.Z.A.E,binary,0.3015,0.34089313230206003,12,WEAK,Positive,False
TLC,binary,Gentamicin,binary,0.3015,0.34089313230206003,12,WEAK,Positive,False
TLC,binary,Relapse.post.28.Day.Discharge,binary,-0.3015,0.34089313230206003,12,WEAK,Negative,False
TLC,binary,Meropenem,ordinal,0.3015,0.34089313230206003,12,WEAK,Positive,False
TLC,binary,Z.A.only.E,binary,0.3015,0.34089313230206003,12,WEAK,Positive,False
Platelet,binary,P.C.Z.A.E,binary,0.3015,0.34089313230206003,12,WEAK,Positive,False
CKD,binary,TLC,binary,-0.3015,0.34089313230206003,12,WEAK,Negative,False
CKD,binary,Amikacin,ordinal,-0.3015,0.34089313230206003,12,WEAK,Negative,False
CKD,binary,SGPT,binary,-0.3015,0.34089313230206003,12,WEAK,Negative,False
CKD,binary,Platelet,binary,-0.3015,0.34089313230206003,12,WEAK,Negative,False
CV.Catheter.in.6.Months,binary,SGPT,binary,0.3015,0.34089313230206003,12,WEAK,Positive,False
COPD,binary,Amikacin,ordinal,-0.3015,0.34089313230206003,12,WEAK,Negative,False
Urinary.Catheter.in.6.Months,binary,TLC,binary,-0.3015,0.34089313230206003,12,WEAK,Negative,False
Platelet,binary,Gentamicin,binary,0.3015,0.34089313230206003,12,WEAK,Positive,False
Urinary.Catheter.in.6.Months,binary,SGPT,binary,0.3015,0.34089313230206003,12,WEAK,Positive,False
Platelet,binary,Z.A.only.E,binary,0.3015,0.34089313230206003,12,WEAK,Positive,False
Platelet,binary,Imipenem,ordinal,-0.3015,0.34089313230206003,12,WEAK,Negative,False
BSI.CRO,binary,Platelet,binary,0.3015,0.34089313230206003,12,WEAK,Positive,False
BSI.CRO,binary,TLC,binary,0.3015,0.34089313230206003,12,WEAK,Positive,False
Platelet,binary,Meropenem,ordinal,-0.3015,0.34089313230206003,12,WEAK,Negative,False
CAP.CRO,binary,Amikacin,ordinal,0.3015,0.34089313230206003,12,WEAK,Positive,False
Total.Protein,binary,Ceftazidime,ordinal,-0.2985,0.34600714192869275,12,WEAK,Negative,False
Albumin,binary,Ceftazidime,ordinal,-0.2985,0.34600714192869275,12,WEAK,Negative,False
UTI.CRO,binary,Ciprofloxacin,ordinal,-0.2985,0.34600714192869275,12,WEAK,Negative,False
UTI.CRO,binary,Levofloxacin,ordinal,-0.2985,0.34600714192869275,12,WEAK,Negative,False
Lympho,binary,Ceftazidime,ordinal,-0.2985,0.34600714192869275,12,WEAK,Negative,False
Lympho,binary,Cefoperazone.Sulbactam,ordinal,0.2985,0.34600714192869275,12,WEAK,Positive,False
Overall.organ.support,binary,Ciprofloxacin,ordinal,0.2985,0.34600714192869275,12,WEAK,Positive,False
UTI.CRO,binary,Piperacillin.Tazobactam,ordinal,-0.2985,0.34600714192869275,12,WEAK,Negative,False
UTI.CRO,binary,Cefoperazone.Sulbactam,ordinal,-0.2985,0.34600714192869275,12,WEAK,Negative,False
UTI.CRO,binary,Ceftazidime,ordinal,0.2985,0.34600714192869275,12,WEAK,Positive,False
Overall.organ.support,binary,Piperacillin.Tazobactam,ordinal,0.2985,0.34600714192869275,12,WEAK,Positive,False
SOFA,continuous,Sodium,binary,-0.2964,0.34955257207899565,12,WEAK,Negative,False
SOFA,continuous,Overall.mortality,binary,0.2964,0.34955257207899565,12,WEAK,Positive,False
Hospitalization.in.past.6.Months,binary,SOFA,continuous,0.2964,0.34955257207899565,12,WEAK,Positive,False
Hospitalization.in.past.6.Months,binary,ICU.Stay.in.28.Days,continuous,0.2953,0.35134239760634717,12,WEAK,Positive,False
Age,continuous,Inotropes.,binary,-0.2948,0.3522320185660053,12,WEAK,Negative,False
Height,continuous,NDM,binary,0.2943,0.3531181405137262,12,WEAK,Positive,False
Height,continuous,Solid.Organ,binary,-0.2943,0.3531181405137262,12,WEAK,Negative,False
Hypothyroidism,binary,SOFA,continuous,-0.2941,0.3535248677984516,12,WEAK,Negative,False
Female,binary,SOFA,continuous,-0.2941,0.3535248677984516,12,WEAK,Negative,False
SOFA,continuous,Z.A.only.T,binary,-0.2941,0.35352486779845155,12,WEAK,Negative,False
Male,binary,SOFA,continuous,0.2941,0.3535248677984516,12,WEAK,Positive,False
Female,binary,ICU.Stay.in.28.Days,continuous,0.293,0.35531132696209744,12,WEAK,Positive,False
Male,binary,ICU.Stay.in.28.Days,continuous,-0.293,0.35531132696209744,12,WEAK,Negative,False
SGOT,binary,Mortality.in.Hospital,binary,-0.2928,0.35575572583690773,12,WEAK,Negative,False
P.C.only.T,binary,Mortality.in.Hospital,binary,0.2928,0.35575572583690773,12,WEAK,Positive,False
Hospitalization.in.past.6.Months,binary,Carbapenemase,binary,-0.2928,0.35575572583690773,12,WEAK,Negative,False
Magnesium,binary,Carbapenemase,binary,-0.2928,0.35575572583690773,12,WEAK,Negative,False
Calcium,binary,Mortality.in.Hospital,binary,-0.2928,0.35575572583690773,12,WEAK,Negative,False
HAP.CRO,binary,P.C.only.T,binary,0.2928,0.35575572583690773,12,WEAK,Positive,False
HAP.CRO,binary,Hospitalization.in.past.6.Months,binary,0.2928,0.35575572583690773,12,WEAK,Positive,False
DM,binary,Solid.Organ,binary,-0.2928,0.35575572583690773,12,WEAK,Negative,False
DM,binary,Magnesium,binary,0.2928,0.35575572583690773,12,WEAK,Positive,False
NDM,binary,VAP.CRO,binary,-0.2928,0.35575572583690773,12,WEAK,Negative,False
VAP.CRO,binary,Sodium,binary,-0.2928,0.35575572583690773,12,WEAK,Negative,False
HAP.CRO,binary,Sodium,binary,-0.2928,0.35575572583690773,12,WEAK,Negative,False
HAP.CRO,binary,Calcium,binary,-0.2928,0.35575572583690773,12,WEAK,Negative,False
Bil,binary,Sodium,binary,-0.2928,0.35575572583690773,12,WEAK,Negative,False
Carbapenemase,binary,Overall.mortality,binary,-0.2928,0.35575572583690773,12,WEAK,Negative,False
Bil,binary,P.C.only.T,binary,0.2928,0.35575572583690773,12,WEAK,Positive,False
Sodium,binary,Carbapenemase,binary,0.2928,0.35575572583690773,12,WEAK,Positive,False
Magnesium,binary,Mortality.in.Hospital,binary,0.2928,0.35575572583690773,12,WEAK,Positive,False
NDM,binary,Carbapenemase,binary,0.2928,0.35575572583690773,12,WEAK,Positive,False
Sodium,binary,Mortality.in.Hospital,binary,-0.2928,0.35575572583690773,12,WEAK,Negative,False
VAP.CRO,binary,Any.Fungal.Infection,binary,0.2928,0.35575572583690773,12,WEAK,Positive,False
NDM,binary,Mortality.in.Hospital,binary,-0.2928,0.35575572583690773,12,WEAK,Negative,False
NDM,binary,Bil,binary,-0.2928,0.35575572583690773,12,WEAK,Negative,False
Inotropes.,binary,Bil,binary,-0.2928,0.35575572583690773,12,WEAK,Negative,False
Hospitalization.in.past.6.Months,binary,Mortality.in.Hospital,binary,0.2928,0.35575572583690773,12,WEAK,Positive,False
NDM,binary,HAP.CRO,binary,-0.2928,0.35575572583690773,12,WEAK,Negative,False
Any.Viral.Infection,binary,Bil,binary,-0.2928,0.35575572583690773,12,WEAK,Negative,False
DM,binary,Hospitalization.in.past.6.Months,binary,0.2928,0.35575572583690773,12,WEAK,Positive,False
Immunosuppressive.drugs.in.1.week,binary,Carbapenemase,binary,-0.2928,0.35575572583690773,12,WEAK,Negative,False
Age,continuous,P.C.Z.A.T,binary,-0.2925,0.3561992438418157,12,WEAK,Negative,False
Age,continuous,Z.A.invitro,binary,-0.2925,0.3561992438418157,12,WEAK,Negative,False
Height,continuous,Overall.organ.support,binary,0.292,0.35708364814974186,12,WEAK,Positive,False
SOFA,continuous,Clinical.improvement,binary,-0.2841,0.3707503105250559,12,WEAK,Negative,False
HTN,binary,SOFA,continuous,-0.2841,0.3707503105250559,12,WEAK,Negative,False
Height,continuous,HTN,binary,-0.2821,0.37427553017841325,12,WEAK,Negative,False
Height,continuous,Urea,binary,0.2821,0.37427553017841325,12,WEAK,Positive,False
Height,continuous,Clinical.improvement,binary,-0.2821,0.37427553017841325,12,WEAK,Negative,False
HAP.CRO,binary,ICU.Stay.in.28.Days,continuous,0.2802,0.3776798556384035,12,WEAK,Positive,False
Height,continuous,APACHEII,continuous,0.2802,0.37769815607666757,12,WEAK,Positive,False
Height,continuous,HAP.CRO,binary,-0.2792,0.37942960757558336,12,WEAK,Negative,False
Ceftazidime,ordinal,Total.Hospital.stay.in.28.days,continuous,-0.2786,0.3804758389614875,12,WEAK,Negative,False
Weight,continuous,GW.Stay.in.28.Days,continuous,0.2772,0.3830691198629653,12,WEAK,Positive,False
Cefoperazone.Sulbactam,ordinal,ICU.Stay.in.28.Days,continuous,0.2753,0.3863773191213814,12,WEAK,Positive,False
Inotropes.,binary,Total.Hospital.stay.in.28.days,continuous,0.2717,0.3929643965298406,12,WEAK,Positive,False
P.C.only.T,binary,Total.Hospital.stay.in.28.days,continuous,-0.2717,0.3929643965298406,12,WEAK,Negative,False
SOFA,continuous,Magnesium,binary,0.2717,0.3929643965298406,12,WEAK,Positive,False
Weight,continuous,Ceftazidime,ordinal,-0.2716,0.39313896759275796,12,WEAK,Negative,False
Any.Viral.Infection,binary,ICU.Stay.in.28.Days,continuous,0.2707,0.3947079670018477,12,WEAK,Positive,False
Solid.Organ,binary,GW.Stay.in.28.Days,continuous,-0.2703,0.3955742936189073,12,WEAK,Negative,False
Magnesium,binary,GW.Stay.in.28.Days,continuous,-0.2703,0.3955742936189073,12,WEAK,Negative,False
Weight,continuous,Calcium,binary,-0.2693,0.3972961506617034,12,WEAK,Negative,False
Weight,continuous,NDM,binary,0.2693,0.3972961506617034,12,WEAK,Positive,False
APACHEII,continuous,Ciprofloxacin,ordinal,-0.267,0.4015218005984294,12,WEAK,Negative,False
APACHEII,continuous,Piperacillin.Tazobactam,ordinal,-0.267,0.4015218005984294,12,WEAK,Negative,False
Amikacin,ordinal,ICU.Stay.in.28.Days,continuous,0.2669,0.4016108953159204,12,WEAK,Positive,False
Age,continuous,Amikacin,ordinal,-0.2665,0.4024726222397489,12,WEAK,Negative,False
Height,continuous,TLC,binary,-0.266,0.40333073310837836,12,WEAK,Negative,False
Age,continuous,Colistin,ordinal,-0.2629,0.4089634056921343,12,WEAK,Negative,False
Age,continuous,P.C.in.vitro,binary,-0.2629,0.4089634056921343,12,WEAK,Negative,False
Age,continuous,BSI.CRO,binary,-0.2629,0.4089634056921343,12,WEAK,Negative,False
P.C.Z.A.E,binary,Cefepime,ordinal,-0.2624,0.40991916039047055,12,WEAK,Negative,False
Weight,continuous,Aztreonam,ordinal,-0.2624,0.40999385639971164,12,WEAK,Negative,False
SOFA,continuous,P.C.Z.A.T,binary,0.2614,0.4118394059140414,12,WEAK,Positive,False
UTI.CRO,binary,Total.Hospital.stay.in.28.days,continuous,0.2614,0.4118394059140414,12,WEAK,Positive,False
Z.A.invitro,binary,SOFA,continuous,0.2614,0.4118394059140414,12,WEAK,Positive,False
Z.A.invitro,binary,ICU.Stay.in.28.Days,continuous,0.2605,0.41355685822956545,12,WEAK,Positive,False
Total.Protein,binary,ICU.Stay.in.28.Days,continuous,0.2605,0.41355685822956545,12,WEAK,Positive,False
Albumin,binary,ICU.Stay.in.28.Days,continuous,0.2605,0.41355685822956545,12,WEAK,Positive,False
P.C.Z.A.T,binary,ICU.Stay.in.28.Days,continuous,0.2605,0.41355685822956545,12,WEAK,Positive,False
Total.Protein,binary,GW.Stay.in.28.Days,continuous,0.26,0.41441009298788956,12,WEAK,Positive,False
Neutropenia,binary,GW.Stay.in.28.Days,continuous,0.26,0.41441009298788956,12,WEAK,Positive,False
Albumin,binary,GW.Stay.in.28.Days,continuous,0.26,0.41441009298788956,12,WEAK,Positive,False
Age,continuous,Hypothyroidism,binary,-0.26,0.41441009298788956,12,WEAK,Negative,False
Height,continuous,UTI.CRO,binary,0.2596,0.4152597003021144,12,WEAK,Positive,False
Weight,continuous,UTI.CRO,binary,-0.2591,0.4161057050018096,12,WEAK,Negative,False
SOFA,continuous,Urea,binary,0.2583,0.4175725903213088,12,WEAK,Positive,False
Bil,binary,Albumin,binary,-0.2582,0.417787004745065,12,WEAK,Negative,False
Hypothyroidism,binary,HAP.CRO,binary,0.2582,0.417787004745065,12,WEAK,Positive,False
Male,binary,Carbapenemase,binary,-0.2582,0.417787004745065,12,WEAK,Negative,False
Z.A.only.T,binary,Carbapenemase,binary,0.2582,0.417787004745065,12,WEAK,Positive,False
Bil,binary,Z.A.only.T,binary,-0.2582,0.417787004745065,12,WEAK,Negative,False
Bil,binary,P.C.Z.A.T,binary,-0.2582,0.417787004745065,12,WEAK,Negative,False
VAP.CRO,binary,Albumin,binary,0.2582,0.417787004745065,12,WEAK,Positive,False
VAP.CRO,binary,Total.Protein,binary,0.2582,0.417787004745065,12,WEAK,Positive,False
Carbapenemase,binary,Mortality.post.28.Day.Discharge,binary,0.2582,0.417787004745065,12,WEAK,Positive,False
Neutropenia,binary,Carbapenemase,binary,-0.2582,0.417787004745065,12,WEAK,Negative,False
Male,binary,Bil,binary,0.2582,0.417787004745065,12,WEAK,Positive,False
VAP.CRO,binary,Neutropenia,binary,0.2582,0.417787004745065,12,WEAK,Positive,False
VAP.CRO,binary,Overall.organ.support,binary,0.2582,0.417787004745065,12,WEAK,Positive,False
VAP.CRO,binary,Past.CREPA.infection,binary,-0.2582,0.417787004745065,12,WEAK,Negative,False
HAP.CRO,binary,Mortality.post.28.Day.Discharge,binary,0.2582,0.417787004745065,12,WEAK,Positive,False
UTI.CRO,binary,Bil,binary,-0.2582,0.417787004745065,12,WEAK,Negative,False
VAP.CRO,binary,P.C.Z.A.T,binary,0.2582,0.417787004745065,12,WEAK,Positive,False
Neutropenia,binary,Mortality.in.Hospital,binary,-0.2582,0.417787004745065,12,WEAK,Negative,False
Mortality.in.Hospital,binary,Mortality.post.28.Day.Discharge,binary,-0.2582,0.417787004745065,12,WEAK,Negative,False
Bil,binary,Mortality.post.28.Day.Discharge,binary,-0.2582,0.417787004745065,12,WEAK,Negative,False
Lympho,binary,Bil,binary,-0.2582,0.417787004745065,12,WEAK,Negative,False
UTI.CRO,binary,Mortality.in.Hospital,binary,0.2582,0.417787004745065,12,WEAK,Positive,False
Z.A.only.T,binary,Mortality.in.Hospital,binary,-0.2582,0.417787004745065,12,WEAK,Negative,False
DM,binary,Neutropenia,binary,0.2582,0.417787004745065,12,WEAK,Positive,False
Z.A.invitro,binary,Carbapenemase,binary,0.2582,0.417787004745065,12,WEAK,Positive,False
DM,binary,Lympho,binary,0.2582,0.417787004745065,12,WEAK,Positive,False
HAP.CRO,binary,Past.CREPA.infection,binary,0.2582,0.417787004745065,12,WEAK,Positive,False
HAP.CRO,binary,Z.A.only.T,binary,-0.2582,0.417787004745065,12,WEAK,Negative,False
Lympho,binary,Carbapenemase,binary,0.2582,0.417787004745065,12,WEAK,Positive,False
Z.A.invitro,binary,VAP.CRO,binary,0.2582,0.417787004745065,12,WEAK,Positive,False
DM,binary,Albumin,binary,0.2582,0.417787004745065,12,WEAK,Positive,False
DM,binary,Total.Protein,binary,0.2582,0.417787004745065,12,WEAK,Positive,False
DM,binary,Overall.organ.support,binary,0.2582,0.417787004745065,12,WEAK,Positive,False
Lympho,binary,Mortality.in.Hospital,binary,-0.2582,0.417787004745065,12,WEAK,Negative,False
HAP.CRO,binary,P.C.Z.A.T,binary,0.2582,0.417787004745065,12,WEAK,Positive,False
Past.CREPA.infection,binary,Carbapenemase,binary,0.2582,0.417787004745065,12,WEAK,Positive,False
Hypothyroidism,binary,VAP.CRO,binary,-0.2582,0.417787004745065,12,WEAK,Negative,False
UTI.CRO,binary,Carbapenemase,binary,-0.2582,0.417787004745065,12,WEAK,Negative,False
HAP.CRO,binary,Overall.organ.support,binary,0.2582,0.417787004745065,12,WEAK,Positive,False
DM,binary,P.C.Z.A.T,binary,0.2582,0.417787004745065,12,WEAK,Positive,False
Hypothyroidism,binary,Bil,binary,-0.2582,0.417787004745065,12,WEAK,Negative,False
DM,binary,Z.A.only.T,binary,0.2582,0.417787004745065,12,WEAK,Positive,False
HAP.CRO,binary,Neutropenia,binary,-0.2582,0.417787004745065,12,WEAK,Negative,False
HAP.CRO,binary,Lympho,binary,-0.2582,0.417787004745065,12,WEAK,Negative,False
Past.CREPA.infection,binary,Mortality.in.Hospital,binary,-0.2582,0.417787004745065,12,WEAK,Negative,False
Z.A.invitro,binary,Bil,binary,-0.2582,0.417787004745065,12,WEAK,Negative,False
Z.A.invitro,binary,HAP.CRO,binary,0.2582,0.417787004745065,12,WEAK,Positive,False
Z.A.invitro,binary,DM,binary,0.2582,0.417787004745065,12,WEAK,Positive,False
DM,binary,Mortality.post.28.Day.Discharge,binary,0.2582,0.417787004745065,12,WEAK,Positive,False
Total.Protein,binary,Mortality.in.Hospital,binary,-0.2582,0.417787004745065,12,WEAK,Negative,False
Hypothyroidism,binary,Carbapenemase,binary,0.2582,0.417787004745065,12,WEAK,Positive,False
Total.Protein,binary,Carbapenemase,binary,0.2582,0.417787004745065,12,WEAK,Positive,False
Female,binary,Carbapenemase,binary,0.2582,0.417787004745065,12,WEAK,Positive,False
Overall.organ.support,binary,Bil,binary,-0.2582,0.417787004745065,12,WEAK,Negative,False
HAP.CRO,binary,Total.Protein,binary,0.2582,0.417787004745065,12,WEAK,Positive,False
HAP.CRO,binary,Albumin,binary,0.2582,0.417787004745065,12,WEAK,Positive,False
UTI.CRO,binary,VAP.CRO,binary,-0.2582,0.417787004745065,12,WEAK,Negative,False
UTI.CRO,binary,HAP.CRO,binary,-0.2582,0.417787004745065,12,WEAK,Negative,False
VAP.CRO,binary,Lympho,binary,-0.2582,0.417787004745065,12,WEAK,Negative,False
Z.A.invitro,binary,Mortality.in.Hospital,binary,-0.2582,0.417787004745065,12,WEAK,Negative,False
P.C.Z.A.T,binary,Carbapenemase,binary,0.2582,0.417787004745065,12,WEAK,Positive,False
Albumin,binary,Carbapenemase,binary,0.2582,0.417787004745065,12,WEAK,Positive,False
Albumin,binary,Mortality.in.Hospital,binary,-0.2582,0.417787004745065,12,WEAK,Negative,False
P.C.Z.A.T,binary,Mortality.in.Hospital,binary,-0.2582,0.417787004745065,12,WEAK,Negative,False
Hypothyroidism,binary,Mortality.in.Hospital,binary,0.2582,0.417787004745065,12,WEAK,Positive,False
DM,binary,UTI.CRO,binary,0.2582,0.417787004745065,12,WEAK,Positive,False
DM,binary,Past.CREPA.infection,binary,0.2582,0.417787004745065,12,WEAK,Positive,False
DM,binary,Hypothyroidism,binary,-0.2582,0.417787004745065,12,WEAK,Negative,False
VAP.CRO,binary,Z.A.only.T,binary,-0.2582,0.417787004745065,12,WEAK,Negative,False
Bil,binary,Total.Protein,binary,-0.2582,0.417787004745065,12,WEAK,Negative,False
Past.CREPA.infection,binary,Bil,binary,-0.2582,0.417787004745065,12,WEAK,Negative,False
Female,binary,Mortality.in.Hospital,binary,0.2582,0.417787004745065,12,WEAK,Positive,False
Female,binary,Bil,binary,-0.2582,0.417787004745065,12,WEAK,Negative,False
VAP.CRO,binary,Mortality.post.28.Day.Discharge,binary,-0.2582,0.417787004745065,12,WEAK,Negative,False
Male,binary,HAP.CRO,binary,-0.2582,0.417787004745065,12,WEAK,Negative,False
Male,binary,VAP.CRO,binary,-0.2582,0.417787004745065,12,WEAK,Negative,False
Overall.organ.support,binary,Carbapenemase,binary,-0.2582,0.417787004745065,12,WEAK,Negative,False
Male,binary,DM,binary,0.2582,0.417787004745065,12,WEAK,Positive,False
Overall.organ.support,binary,Mortality.in.Hospital,binary,0.2582,0.417787004745065,12,WEAK,Positive,False
Neutropenia,binary,Bil,binary,0.2582,0.417787004745065,12,WEAK,Positive,False
Male,binary,Mortality.in.Hospital,binary,-0.2582,0.417787004745065,12,WEAK,Negative,False
Female,binary,HAP.CRO,binary,0.2582,0.417787004745065,12,WEAK,Positive,False
Female,binary,VAP.CRO,binary,0.2582,0.417787004745065,12,WEAK,Positive,False
Female,binary,DM,binary,-0.2582,0.417787004745065,12,WEAK,Negative,False
Piperacillin.Tazobactam,ordinal,Overall.mortality,binary,-0.2579,0.41841384200505344,12,WEAK,Negative,False
NDM,binary,Piperacillin.Tazobactam,ordinal,0.2579,0.41841384200505344,12,WEAK,Positive,False
NDM,binary,Ceftazidime,ordinal,-0.2579,0.41841384200505344,12,WEAK,Negative,False
NDM,binary,Cefoperazone.Sulbactam,ordinal,0.2579,0.41841384200505344,12,WEAK,Positive,False
Any.Viral.Infection,binary,Cefoperazone.Sulbactam,ordinal,0.2579,0.41841384200505344,12,WEAK,Positive,False
Any.Viral.Infection,binary,Piperacillin.Tazobactam,ordinal,0.2579,0.41841384200505344,12,WEAK,Positive,False
Calcium,binary,Cefoperazone.Sulbactam,ordinal,0.2579,0.41841384200505344,12,WEAK,Positive,False
Magnesium,binary,Ceftazidime,ordinal,0.2579,0.41841384200505344,12,WEAK,Positive,False
SGOT,binary,Levofloxacin,ordinal,0.2579,0.41841384200505344,12,WEAK,Positive,False
NDM,binary,Ciprofloxacin,ordinal,0.2579,0.41841384200505344,12,WEAK,Positive,False
SGOT,binary,Ciprofloxacin,ordinal,0.2579,0.41841384200505344,12,WEAK,Positive,False
Ciprofloxacin,ordinal,Overall.mortality,binary,-0.2579,0.41841384200505344,12,WEAK,Negative,False
Calcium,binary,Ceftazidime,ordinal,-0.2579,0.41841384200505344,12,WEAK,Negative,False
SGOT,binary,Piperacillin.Tazobactam,ordinal,0.2579,0.41841384200505344,12,WEAK,Positive,False
Hospitalization.in.past.6.Months,binary,Ciprofloxacin,ordinal,-0.2579,0.41841384200505344,12,WEAK,Negative,False
Hospitalization.in.past.6.Months,binary,Piperacillin.Tazobactam,ordinal,-0.2579,0.41841384200505344,12,WEAK,Negative,False
P.C.only.T,binary,Ceftazidime,ordinal,0.2579,0.41841384200505344,12,WEAK,Positive,False
Inotropes.,binary,Cefoperazone.Sulbactam,ordinal,0.2579,0.41841384200505344,12,WEAK,Positive,False
Any.Viral.Infection,binary,Levofloxacin,ordinal,0.2579,0.41841384200505344,12,WEAK,Positive,False
Any.Viral.Infection,binary,Ciprofloxacin,ordinal,0.2579,0.41841384200505344,12,WEAK,Positive,False
Sodium,binary,Ceftazidime,ordinal,-0.2579,0.41841384200505344,12,WEAK,Negative,False
Surgery.in.last.3.Months,binary,ICU.Stay.in.28.Days,continuous,-0.2574,0.4192814516266255,12,WEAK,Negative,False
Ventilation,binary,GW.Stay.in.28.Days,continuous,-0.2569,0.4201303853594009,12,WEAK,Negative,False
Weight,continuous,Surgery.in.last.3.Months,binary,-0.256,0.42181738540989716,12,WEAK,Negative,False
Lympho,binary,Levofloxacin,ordinal,-0.2558,0.4222019650172597,12,WEAK,Negative,False
Ciprofloxacin,ordinal,Mortality.post.28.Day.Discharge,binary,0.2558,0.42220196501725965,12,WEAK,Positive,False
Z.A.only.T,binary,Ciprofloxacin,ordinal,0.2558,0.4222019650172597,12,WEAK,Positive,False
Z.A.only.T,binary,Piperacillin.Tazobactam,ordinal,0.2558,0.4222019650172597,12,WEAK,Positive,False
Z.A.only.T,binary,Levofloxacin,ordinal,0.2558,0.4222019650172597,12,WEAK,Positive,False
Past.CREPA.infection,binary,Aztreonam,ordinal,-0.2558,0.4222019650172597,12,WEAK,Negative,False
Z.A.only.T,binary,Cefoperazone.Sulbactam,ordinal,0.2558,0.4222019650172597,12,WEAK,Positive,False
Z.A.only.T,binary,Aztreonam,ordinal,-0.2558,0.4222019650172597,12,WEAK,Negative,False
Z.A.only.T,binary,Ceftazidime,ordinal,-0.2558,0.4222019650172597,12,WEAK,Negative,False
Female,binary,Aztreonam,ordinal,-0.2558,0.4222019650172597,12,WEAK,Negative,False
Female,binary,Ciprofloxacin,ordinal,0.2558,0.4222019650172597,12,WEAK,Positive,False
Cefoperazone.Sulbactam,ordinal,Mortality.post.28.Day.Discharge,binary,0.2558,0.42220196501725965,12,WEAK,Positive,False
Piperacillin.Tazobactam,ordinal,Mortality.post.28.Day.Discharge,binary,0.2558,0.42220196501725965,12,WEAK,Positive,False
Female,binary,Levofloxacin,ordinal,0.2558,0.4222019650172597,12,WEAK,Positive,False
Z.A.invitro,binary,Aztreonam,ordinal,-0.2558,0.4222019650172597,12,WEAK,Negative,False
Aztreonam,ordinal,Mortality.post.28.Day.Discharge,binary,-0.2558,0.42220196501725965,12,WEAK,Negative,False
Female,binary,Piperacillin.Tazobactam,ordinal,0.2558,0.4222019650172597,12,WEAK,Positive,False
Overall.organ.support,binary,Aztreonam,ordinal,0.2558,0.4222019650172597,12,WEAK,Positive,False
Female,binary,Cefoperazone.Sulbactam,ordinal,0.2558,0.4222019650172597,12,WEAK,Positive,False
Hypothyroidism,binary,Levofloxacin,ordinal,0.2558,0.4222019650172597,12,WEAK,Positive,False
Hypothyroidism,binary,Cefoperazone.Sulbactam,ordinal,0.2558,0.4222019650172597,12,WEAK,Positive,False
Hypothyroidism,binary,Piperacillin.Tazobactam,ordinal,0.2558,0.4222019650172597,12,WEAK,Positive,False
P.C.Z.A.T,binary,Cefoperazone.Sulbactam,ordinal,0.2558,0.4222019650172597,12,WEAK,Positive,False
Ceftazidime,ordinal,Mortality.post.28.Day.Discharge,binary,-0.2558,0.42220196501725965,12,WEAK,Negative,False
P.C.Z.A.T,binary,Ceftazidime,ordinal,-0.2558,0.4222019650172597,12,WEAK,Negative,False
P.C.Z.A.T,binary,Aztreonam,ordinal,-0.2558,0.4222019650172597,12,WEAK,Negative,False
Z.A.invitro,binary,Piperacillin.Tazobactam,ordinal,0.2558,0.4222019650172597,12,WEAK,Positive,False
P.C.Z.A.T,binary,Ciprofloxacin,ordinal,0.2558,0.4222019650172597,12,WEAK,Positive,False
Overall.organ.support,binary,Ceftazidime,ordinal,0.2558,0.4222019650172597,12,WEAK,Positive,False
Neutropenia,binary,Levofloxacin,ordinal,0.2558,0.4222019650172597,12,WEAK,Positive,False
P.C.Z.A.T,binary,Levofloxacin,ordinal,0.2558,0.4222019650172597,12,WEAK,Positive,False
P.C.Z.A.T,binary,Piperacillin.Tazobactam,ordinal,0.2558,0.4222019650172597,12,WEAK,Positive,False
Male,binary,Ciprofloxacin,ordinal,-0.2558,0.4222019650172597,12,WEAK,Negative,False
Male,binary,Levofloxacin,ordinal,-0.2558,0.4222019650172597,12,WEAK,Negative,False
Neutropenia,binary,Ciprofloxacin,ordinal,0.2558,0.4222019650172597,12,WEAK,Positive,False
Hypothyroidism,binary,Aztreonam,ordinal,-0.2558,0.4222019650172597,12,WEAK,Negative,False
Past.CREPA.infection,binary,Ciprofloxacin,ordinal,0.2558,0.4222019650172597,12,WEAK,Positive,False
Past.CREPA.infection,binary,Cefoperazone.Sulbactam,ordinal,0.2558,0.4222019650172597,12,WEAK,Positive,False
Hypothyroidism,binary,Ciprofloxacin,ordinal,0.2558,0.4222019650172597,12,WEAK,Positive,False
Past.CREPA.infection,binary,Levofloxacin,ordinal,0.2558,0.4222019650172597,12,WEAK,Positive,False
Z.A.invitro,binary,Ceftazidime,ordinal,-0.2558,0.4222019650172597,12,WEAK,Negative,False
Past.CREPA.infection,binary,Piperacillin.Tazobactam,ordinal,0.2558,0.4222019650172597,12,WEAK,Positive,False
Past.CREPA.infection,binary,Ceftazidime,ordinal,-0.2558,0.4222019650172597,12,WEAK,Negative,False
Z.A.invitro,binary,Ciprofloxacin,ordinal,0.2558,0.4222019650172597,12,WEAK,Positive,False
Z.A.invitro,binary,Levofloxacin,ordinal,0.2558,0.4222019650172597,12,WEAK,Positive,False
Z.A.invitro,binary,Cefoperazone.Sulbactam,ordinal,0.2558,0.4222019650172597,12,WEAK,Positive,False
Male,binary,Piperacillin.Tazobactam,ordinal,-0.2558,0.4222019650172597,12,WEAK,Negative,False
Male,binary,Cefoperazone.Sulbactam,ordinal,-0.2558,0.4222019650172597,12,WEAK,Negative,False
Male,binary,Aztreonam,ordinal,0.2558,0.4222019650172597,12,WEAK,Positive,False
Neutropenia,binary,Cefoperazone.Sulbactam,ordinal,0.2558,0.4222019650172597,12,WEAK,Positive,False
Neutropenia,binary,Ceftazidime,ordinal,-0.2558,0.4222019650172597,12,WEAK,Negative,False
Neutropenia,binary,Piperacillin.Tazobactam,ordinal,0.2558,0.4222019650172597,12,WEAK,Positive,False
Levofloxacin,ordinal,Mortality.post.28.Day.Discharge,binary,0.2558,0.42220196501725965,12,WEAK,Positive,False
SOFA,continuous,Levofloxacin,ordinal,0.2554,0.42297836541003114,12,WEAK,Positive,False
Age,continuous,Cefepime,ordinal,-0.2551,0.4235351057414104,12,WEAK,Negative,False
BSI.CRO,binary,Overall.mortality,binary,-0.2548,0.4241136620958569,12,WEAK,Negative,False
Endoscopy.in.1.week,binary,Immunosuppressive.drugs.in.1.week,binary,-0.2548,0.4241136620958569,12,WEAK,Negative,False
P.C.in.vitro,binary,Sodium,binary,0.2548,0.4241136620958569,12,WEAK,Positive,False
Endoscopy.in.1.week,binary,Solid.Organ,binary,0.2548,0.4241136620958569,12,WEAK,Positive,False
Endoscopy.in.1.week,binary,Any.Viral.Infection,binary,0.2548,0.4241136620958569,12,WEAK,Positive,False
Endoscopy.in.1.week,binary,SGOT,binary,0.2548,0.4241136620958569,12,WEAK,Positive,False
Any.Viral.Infection,binary,Relapse.post.28.Day.Discharge,binary,0.2548,0.4241136620958569,12,WEAK,Positive,False
Any.Fungal.Infection,binary,Creatinine,binary,0.2548,0.4241136620958569,12,WEAK,Positive,False
P.C.Z.A.E,binary,P.C.only.T,binary,-0.2548,0.4241136620958569,12,WEAK,Negative,False
P.C.in.vitro,binary,SGOT,binary,0.2548,0.4241136620958569,12,WEAK,Positive,False
P.C.in.vitro,binary,Any.Viral.Infection,binary,0.2548,0.4241136620958569,12,WEAK,Positive,False
Solid.Organ,binary,Z.A.only.E,binary,0.2548,0.4241136620958569,12,WEAK,Positive,False
Solid.Organ,binary,Meropenem,ordinal,-0.2548,0.4241136620958569,12,WEAK,Negative,False
Endoscopy.in.1.week,binary,Sodium,binary,0.2548,0.4241136620958569,12,WEAK,Positive,False
Other.CRO,binary,Any.Fungal.Infection,binary,-0.2548,0.4241136620958569,12,WEAK,Negative,False
IAI.CRO,binary,Overall.mortality,binary,-0.2548,0.4241136620958569,12,WEAK,Negative,False
BSI.CRO,binary,Calcium,binary,0.2548,0.4241136620958569,12,WEAK,Positive,False
NDM,binary,Meropenem,ordinal,-0.2548,0.4241136620958569,12,WEAK,Negative,False
P.C.in.vitro,binary,Magnesium,binary,-0.2548,0.4241136620958569,12,WEAK,Negative,False
Solid.Organ,binary,Creatinine,binary,-0.2548,0.4241136620958569,12,WEAK,Negative,False
Magnesium,binary,Relapse.post.28.Day.Discharge,binary,-0.2548,0.4241136620958569,12,WEAK,Negative,False
Endoscopy.in.1.week,binary,P.C.only.T,binary,-0.2548,0.4241136620958569,12,WEAK,Negative,False
Magnesium,binary,Imipenem,ordinal,0.2548,0.4241136620958569,12,WEAK,Positive,False
P.C.in.vitro,binary,Hospitalization.in.past.6.Months,binary,-0.2548,0.4241136620958569,12,WEAK,Negative,False
NDM,binary,Gentamicin,binary,0.2548,0.4241136620958569,12,WEAK,Positive,False
CAP.CRO,binary,P.C.only.T,binary,-0.2548,0.4241136620958569,12,WEAK,Negative,False
CAP.CRO,binary,Magnesium,binary,-0.2548,0.4241136620958569,12,WEAK,Negative,False
CAP.CRO,binary,Calcium,binary,0.2548,0.4241136620958569,12,WEAK,Positive,False
NDM,binary,Relapse.post.28.Day.Discharge,binary,0.2548,0.4241136620958569,12,WEAK,Positive,False
CAP.CRO,binary,Inotropes.,binary,0.2548,0.4241136620958569,12,WEAK,Positive,False
CAP.CRO,binary,Hospitalization.in.past.6.Months,binary,-0.2548,0.4241136620958569,12,WEAK,Negative,False
CAP.CRO,binary,Any.Fungal.Infection,binary,-0.2548,0.4241136620958569,12,WEAK,Negative,False
CAP.CRO,binary,Any.Viral.Infection,binary,0.2548,0.4241136620958569,12,WEAK,Positive,False
Hospitalization.in.past.6.Months,binary,Relapse.post.28.Day.Discharge,binary,-0.2548,0.4241136620958569,12,WEAK,Negative,False
Immunosuppressive.drugs.in.1.week,binary,Relapse.post.28.Day.Discharge,binary,-0.2548,0.4241136620958569,12,WEAK,Negative,False
Immunosuppressive.drugs.in.1.week,binary,Gentamicin,binary,-0.2548,0.4241136620958569,12,WEAK,Negative,False
Immunosuppressive.drugs.in.1.week,binary,Imipenem,ordinal,0.2548,0.4241136620958569,12,WEAK,Positive,False
NDM,binary,Colistin,ordinal,0.2548,0.4241136620958569,12,WEAK,Positive,False
NDM,binary,P.C.in.vitro,binary,0.2548,0.4241136620958569,12,WEAK,Positive,False
Immunosuppressive.drugs.in.1.week,binary,Meropenem,ordinal,0.2548,0.4241136620958569,12,WEAK,Positive,False
P.C.Z.A.E,binary,Overall.mortality,binary,-0.2548,0.4241136620958569,12,WEAK,Negative,False
VIM,binary,Overall.mortality,binary,-0.2548,0.4241136620958569,12,WEAK,Negative,False
Immunosuppressive.drugs.in.1.week,binary,Creatinine,binary,0.2548,0.4241136620958569,12,WEAK,Positive,False
NDM,binary,CKD,binary,0.2548,0.4241136620958569,12,WEAK,Positive,False
Any.Fungal.Infection,binary,Z.A.only.E,binary,-0.2548,0.4241136620958569,12,WEAK,Negative,False
Solid.Organ,binary,Colistin,ordinal,0.2548,0.4241136620958569,12,WEAK,Positive,False
Solid.Organ,binary,Gentamicin,binary,0.2548,0.4241136620958569,12,WEAK,Positive,False
Solid.Organ,binary,Imipenem,ordinal,-0.2548,0.4241136620958569,12,WEAK,Negative,False
Magnesium,binary,Z.A.only.E,binary,-0.2548,0.4241136620958569,12,WEAK,Negative,False
Any.Fungal.Infection,binary,Relapse.post.28.Day.Discharge,binary,-0.2548,0.4241136620958569,12,WEAK,Negative,False
Any.Fungal.Infection,binary,Imipenem,ordinal,0.2548,0.4241136620958569,12,WEAK,Positive,False
SGOT,binary,Colistin,ordinal,0.2548,0.4241136620958569,12,WEAK,Positive,False
Any.Fungal.Infection,binary,Meropenem,ordinal,0.2548,0.4241136620958569,12,WEAK,Positive,False
Any.Fungal.Infection,binary,Gentamicin,binary,-0.2548,0.4241136620958569,12,WEAK,Negative,False
Magnesium,binary,Gentamicin,binary,-0.2548,0.4241136620958569,12,WEAK,Negative,False
P.C.in.vitro,binary,Overall.mortality,binary,-0.2548,0.4241136620958569,12,WEAK,Negative,False
IAI.CRO,binary,Sodium,binary,0.2548,0.4241136620958569,12,WEAK,Positive,False
Other.CRO,binary,Overall.mortality,binary,-0.2548,0.4241136620958569,12,WEAK,Negative,False
SGOT,binary,Z.A.only.E,binary,0.2548,0.4241136620958569,12,WEAK,Positive,False
IAI.CRO,binary,Any.Fungal.Infection,binary,-0.2548,0.4241136620958569,12,WEAK,Negative,False
Other.CRO,binary,Hospitalization.in.past.6.Months,binary,-0.2548,0.4241136620958569,12,WEAK,Negative,False
Other.CRO,binary,Sodium,binary,0.2548,0.4241136620958569,12,WEAK,Positive,False
Colistin,ordinal,Overall.mortality,binary,-0.2548,0.4241136620958569,12,WEAK,Negative,False
SGOT,binary,Relapse.post.28.Day.Discharge,binary,0.2548,0.4241136620958569,12,WEAK,Positive,False
Hospitalization.in.past.6.Months,binary,Creatinine,binary,0.2548,0.4241136620958569,12,WEAK,Positive,False
Endoscopy.in.1.week,binary,Inotropes.,binary,0.2548,0.4241136620958569,12,WEAK,Positive,False
P.C.in.vitro,binary,P.C.only.T,binary,-0.2548,0.4241136620958569,12,WEAK,Negative,False
Calcium,binary,Relapse.post.28.Day.Discharge,binary,0.2548,0.4241136620958569,12,WEAK,Positive,False
Magnesium,binary,Colistin,ordinal,-0.2548,0.4241136620958569,12,WEAK,Negative,False
P.C.in.vitro,binary,Solid.Organ,binary,0.2548,0.4241136620958569,12,WEAK,Positive,False
Calcium,binary,Gentamicin,binary,0.2548,0.4241136620958569,12,WEAK,Positive,False
Other.CRO,binary,Solid.Organ,binary,0.2548,0.4241136620958569,12,WEAK,Positive,False
Other.CRO,binary,Immunosuppressive.drugs.in.1.week,binary,-0.2548,0.4241136620958569,12,WEAK,Negative,False
Magnesium,binary,Meropenem,ordinal,0.2548,0.4241136620958569,12,WEAK,Positive,False
COPD,binary,Any.Fungal.Infection,binary,-0.2548,0.4241136620958569,12,WEAK,Negative,False
COPD,binary,Solid.Organ,binary,0.2548,0.4241136620958569,12,WEAK,Positive,False
COPD,binary,Hospitalization.in.past.6.Months,binary,-0.2548,0.4241136620958569,12,WEAK,Negative,False
COPD,binary,Immunosuppressive.drugs.in.1.week,binary,-0.2548,0.4241136620958569,12,WEAK,Negative,False
CV.Catheter.in.6.Months,binary,Magnesium,binary,-0.2548,0.4241136620958569,12,WEAK,Negative,False
COPD,binary,Overall.mortality,binary,-0.2548,0.4241136620958569,12,WEAK,Negative,False
Inotropes.,binary,Relapse.post.28.Day.Discharge,binary,0.2548,0.4241136620958569,12,WEAK,Positive,False
CKD,binary,Inotropes.,binary,0.2548,0.4241136620958569,12,WEAK,Positive,False
CKD,binary,Solid.Organ,binary,0.2548,0.4241136620958569,12,WEAK,Positive,False
CKD,binary,Any.Viral.Infection,binary,0.2548,0.4241136620958569,12,WEAK,Positive,False
IAI.CRO,binary,Hospitalization.in.past.6.Months,binary,-0.2548,0.4241136620958569,12,WEAK,Negative,False
IAI.CRO,binary,Magnesium,binary,-0.2548,0.4241136620958569,12,WEAK,Negative,False
CV.Catheter.in.6.Months,binary,Sodium,binary,0.2548,0.4241136620958569,12,WEAK,Positive,False
Calcium,binary,P.C.Z.A.E,binary,0.2548,0.4241136620958569,12,WEAK,Positive,False
Calcium,binary,Z.A.only.E,binary,0.2548,0.4241136620958569,12,WEAK,Positive,False
Hospitalization.in.past.6.Months,binary,Colistin,ordinal,-0.2548,0.4241136620958569,12,WEAK,Negative,False
IAI.CRO,binary,Immunosuppressive.drugs.in.1.week,binary,-0.2548,0.4241136620958569,12,WEAK,Negative,False
IAI.CRO,binary,P.C.only.T,binary,-0.2548,0.4241136620958569,12,WEAK,Negative,False
Other.CRO,binary,Magnesium,binary,-0.2548,0.4241136620958569,12,WEAK,Negative,False
Z.A.only.E,binary,Overall.mortality,binary,-0.2548,0.4241136620958569,12,WEAK,Negative,False
Other.CRO,binary,Calcium,binary,0.2548,0.4241136620958569,12,WEAK,Positive,False
IAI.CRO,binary,SGOT,binary,0.2548,0.4241136620958569,12,WEAK,Positive,False
IAI.CRO,binary,Solid.Organ,binary,0.2548,0.4241136620958569,12,WEAK,Positive,False
CV.Catheter.in.6.Months,binary,Any.Fungal.Infection,binary,-0.2548,0.4241136620958569,12,WEAK,Negative,False
CV.Catheter.in.6.Months,binary,Any.Viral.Infection,binary,0.2548,0.4241136620958569,12,WEAK,Positive,False
Urinary.Catheter.in.6.Months,binary,Sodium,binary,0.2548,0.4241136620958569,12,WEAK,Positive,False
Urinary.Catheter.in.6.Months,binary,Any.Fungal.Infection,binary,-0.2548,0.4241136620958569,12,WEAK,Negative,False
Urinary.Catheter.in.6.Months,binary,Any.Viral.Infection,binary,0.2548,0.4241136620958569,12,WEAK,Positive,False
Urinary.Catheter.in.6.Months,binary,Magnesium,binary,-0.2548,0.4241136620958569,12,WEAK,Negative,False
Creatinine,binary,Overall.mortality,binary,0.2548,0.4241136620958569,12,WEAK,Positive,False
Urinary.Catheter.in.6.Months,binary,P.C.only.T,binary,-0.2548,0.4241136620958569,12,WEAK,Negative,False
Sodium,binary,Relapse.post.28.Day.Discharge,binary,0.2548,0.4241136620958569,12,WEAK,Positive,False
Sodium,binary,Meropenem,ordinal,-0.2548,0.4241136620958569,12,WEAK,Negative,False
Sodium,binary,Gentamicin,binary,0.2548,0.4241136620958569,12,WEAK,Positive,False
Sodium,binary,Imipenem,ordinal,-0.2548,0.4241136620958569,12,WEAK,Negative,False
Sodium,binary,Colistin,ordinal,0.2548,0.4241136620958569,12,WEAK,Positive,False
CKD,binary,P.C.only.T,binary,-0.2548,0.4241136620958569,12,WEAK,Negative,False
CKD,binary,SGOT,binary,0.2548,0.4241136620958569,12,WEAK,Positive,False
CKD,binary,Immunosuppressive.drugs.in.1.week,binary,-0.2548,0.4241136620958569,12,WEAK,Negative,False
Hospitalization.in.past.6.Months,binary,P.C.Z.A.E,binary,-0.2548,0.4241136620958569,12,WEAK,Negative,False
Hospitalization.in.past.6.Months,binary,Gentamicin,binary,-0.2548,0.4241136620958569,12,WEAK,Negative,False
CKD,binary,Sodium,binary,0.2548,0.4241136620958569,12,WEAK,Positive,False
NDM,binary,Endoscopy.in.1.week,binary,0.2548,0.4241136620958569,12,WEAK,Positive,False
CV.Catheter.in.6.Months,binary,Immunosuppressive.drugs.in.1.week,binary,-0.2548,0.4241136620958569,12,WEAK,Negative,False
Urinary.Catheter.in.6.Months,binary,Immunosuppressive.drugs.in.1.week,binary,-0.2548,0.4241136620958569,12,WEAK,Negative,False
COPD,binary,Sodium,binary,0.2548,0.4241136620958569,12,WEAK,Positive,False
VIM,binary,Magnesium,binary,-0.2548,0.4241136620958569,12,WEAK,Negative,False
VIM,binary,Calcium,binary,0.2548,0.4241136620958569,12,WEAK,Positive,False
VIM,binary,Inotropes.,binary,0.2548,0.4241136620958569,12,WEAK,Positive,False
Inotropes.,binary,P.C.Z.A.E,binary,0.2548,0.4241136620958569,12,WEAK,Positive,False
Inotropes.,binary,Z.A.only.E,binary,0.2548,0.4241136620958569,12,WEAK,Positive,False
NDM,binary,Other.CRO,binary,0.2548,0.4241136620958569,12,WEAK,Positive,False
VIM,binary,SGOT,binary,0.2548,0.4241136620958569,12,WEAK,Positive,False
VIM,binary,Any.Fungal.Infection,binary,-0.2548,0.4241136620958569,12,WEAK,Negative,False
VIM,binary,Solid.Organ,binary,0.2548,0.4241136620958569,12,WEAK,Positive,False
COPD,binary,Calcium,binary,0.2548,0.4241136620958569,12,WEAK,Positive,False
CV.Catheter.in.6.Months,binary,P.C.only.T,binary,-0.2548,0.4241136620958569,12,WEAK,Negative,False
Creatinine,binary,Sodium,binary,-0.2548,0.4241136620958569,12,WEAK,Negative,False
Creatinine,binary,Magnesium,binary,0.2548,0.4241136620958569,12,WEAK,Positive,False
Creatinine,binary,Calcium,binary,-0.2548,0.4241136620958569,12,WEAK,Negative,False
P.C.only.T,binary,Colistin,ordinal,-0.2548,0.4241136620958569,12,WEAK,Negative,False
NDM,binary,COPD,binary,0.2548,0.4241136620958569,12,WEAK,Positive,False
P.C.only.T,binary,Meropenem,ordinal,0.2548,0.4241136620958569,12,WEAK,Positive,False
P.C.only.T,binary,Relapse.post.28.Day.Discharge,binary,-0.2548,0.4241136620958569,12,WEAK,Negative,False
NDM,binary,BSI.CRO,binary,0.2548,0.4241136620958569,12,WEAK,Positive,False
NDM,binary,Urinary.Catheter.in.6.Months,binary,0.2548,0.4241136620958569,12,WEAK,Positive,False
P.C.only.T,binary,Imipenem,ordinal,0.2548,0.4241136620958569,12,WEAK,Positive,False
NDM,binary,CAP.CRO,binary,0.2548,0.4241136620958569,12,WEAK,Positive,False
NDM,binary,CV.Catheter.in.6.Months,binary,0.2548,0.4241136620958569,12,WEAK,Positive,False
Urinary.Catheter.in.6.Months,binary,Solid.Organ,binary,0.2548,0.4241136620958569,12,WEAK,Positive,False
COPD,binary,Magnesium,binary,-0.2548,0.4241136620958569,12,WEAK,Negative,False
NDM,binary,Creatinine,binary,-0.2548,0.4241136620958569,12,WEAK,Negative,False
NDM,binary,Imipenem,ordinal,-0.2548,0.4241136620958569,12,WEAK,Negative,False
Any.Viral.Infection,binary,Colistin,ordinal,0.2548,0.4241136620958569,12,WEAK,Positive,False
Any.Viral.Infection,binary,P.C.Z.A.E,binary,0.2548,0.4241136620958569,12,WEAK,Positive,False
CAP.CRO,binary,SGOT,binary,0.2548,0.4241136620958569,12,WEAK,Positive,False
CAP.CRO,binary,Immunosuppressive.drugs.in.1.week,binary,-0.2548,0.4241136620958569,12,WEAK,Negative,False
CV.Catheter.in.6.Months,binary,Solid.Organ,binary,0.2548,0.4241136620958569,12,WEAK,Positive,False
CAP.CRO,binary,Sodium,binary,0.2548,0.4241136620958569,12,WEAK,Positive,False
BSI.CRO,binary,Immunosuppressive.drugs.in.1.week,binary,-0.2548,0.4241136620958569,12,WEAK,Negative,False
BSI.CRO,binary,Any.Viral.Infection,binary,0.2548,0.4241136620958569,12,WEAK,Positive,False
BSI.CRO,binary,SGOT,binary,0.2548,0.4241136620958569,12,WEAK,Positive,False
Any.Viral.Infection,binary,Meropenem,ordinal,-0.2548,0.4241136620958569,12,WEAK,Negative,False
BSI.CRO,binary,Hospitalization.in.past.6.Months,binary,-0.2548,0.4241136620958569,12,WEAK,Negative,False
Any.Viral.Infection,binary,Imipenem,ordinal,-0.2548,0.4241136620958569,12,WEAK,Negative,False
BSI.CRO,binary,Magnesium,binary,-0.2548,0.4241136620958569,12,WEAK,Negative,False
Gentamicin,binary,Overall.mortality,binary,-0.2548,0.4241136620958569,12,WEAK,Negative,False
Amikacin,ordinal,Ceftazidime,ordinal,-0.2543,0.4251808633652619,12,WEAK,Negative,False
SGPT,binary,Ciprofloxacin,ordinal,-0.2543,0.4251808633652619,12,WEAK,Negative,False
TLC,binary,Cefoperazone.Sulbactam,ordinal,0.2543,0.4251808633652619,12,WEAK,Positive,False
Platelet,binary,Cefoperazone.Sulbactam,ordinal,-0.2543,0.4251808633652619,12,WEAK,Negative,False
Platelet,binary,Ceftazidime,ordinal,0.2543,0.4251808633652619,12,WEAK,Positive,False
SGPT,binary,Levofloxacin,ordinal,-0.2543,0.4251808633652619,12,WEAK,Negative,False
SGPT,binary,Piperacillin.Tazobactam,ordinal,-0.2543,0.4251808633652619,12,WEAK,Negative,False
SOFA,continuous,Mortality.in.Hospital,binary,0.2531,0.42737238152343887,12,WEAK,Positive,False
Total.Hospital.stay.in.28.days,continuous,Mortality.in.Hospital,binary,-0.2531,0.42737238152343887,12,WEAK,Negative,False
Age,continuous,Mortality.in.Hospital,binary,-0.2518,0.4299071266861859,12,WEAK,Negative,False
Height,continuous,Carbapenemase,binary,-0.2513,0.43074474035152116,12,WEAK,Negative,False
Weight,continuous,Carbapenemase,binary,0.2509,0.4315787458484174,12,WEAK,Positive,False
ANC,binary,ALP,binary,-0.25,0.4332360327243806,12,WEAK,Negative,False
ALP,binary,P.C.only.E,binary,0.25,0.4332360327243806,12,WEAK,Positive,False
Hemat.Malignancy,binary,Potassium,binary,0.25,0.4332360327243806,12,WEAK,Positive,False
ANC,binary,Globulin,binary,0.25,0.4332360327243806,12,WEAK,Positive,False
Globulin,binary,Clinical.improvement,binary,0.25,0.4332360327243806,12,WEAK,Positive,False
Urea,binary,Clinical.improvement,binary,0.25,0.4332360327243806,12,WEAK,Positive,False
HTN,binary,Urea,binary,0.25,0.4332360327243806,12,WEAK,Positive,False
Hemat.Malignancy,binary,Clinical.improvement,binary,-0.25,0.4332360327243806,12,WEAK,Negative,False
HTN,binary,Hemat.Malignancy,binary,-0.25,0.4332360327243806,12,WEAK,Negative,False
Ventilation,binary,ANC,binary,0.25,0.4332360327243806,12,WEAK,Positive,False
Globulin,binary,ALP,binary,-0.25,0.4332360327243806,12,WEAK,Negative,False
Hemat.Malignancy,binary,Urea,binary,-0.25,0.4332360327243806,12,WEAK,Negative,False
HTN,binary,Globulin,binary,0.25,0.4332360327243806,12,WEAK,Positive,False
Surgery.in.last.3.Months,binary,Potassium,binary,0.25,0.4332360327243806,12,WEAK,Positive,False
Surgery.in.last.3.Months,binary,ALP,binary,0.25,0.4332360327243806,12,WEAK,Positive,False
Surgery.in.last.3.Months,binary,Globulin,binary,-0.25,0.4332360327243806,12,WEAK,Negative,False
Any.Viral.Infection,binary,Total.Hospital.stay.in.28.days,continuous,0.247,0.4389665450437311,12,WEAK,Positive,False
SOFA,continuous,P.C.only.T,binary,-0.247,0.4389665450437311,12,WEAK,Negative,False
Height,continuous,Any.Viral.Infection,binary,0.2453,0.4423004191415413,12,WEAK,Positive,False
Age,continuous,Cefoperazone.Sulbactam,ordinal,-0.2448,0.4431073196778736,12,WEAK,Negative,False
Weight,continuous,TLC,binary,-0.2414,0.4497292887842221,12,WEAK,Negative,False
Weight,continuous,Amikacin,ordinal,0.2414,0.4497292887842221,12,WEAK,Positive,False
Cefepime,ordinal,GW.Stay.in.28.Days,continuous,0.2404,0.4517263516467154,12,WEAK,Positive,False
Ventilation,binary,P.C.only.T,binary,0.239,0.4543014343876454,12,WEAK,Positive,False
Hemat.Malignancy,binary,Overall.mortality,binary,-0.239,0.4543014343876454,12,WEAK,Negative,False
HTN,binary,Any.Fungal.Infection,binary,0.239,0.4543014343876454,12,WEAK,Positive,False
Urea,binary,Magnesium,binary,0.239,0.4543014343876454,12,WEAK,Positive,False
Globulin,binary,Sodium,binary,-0.239,0.4543014343876454,12,WEAK,Negative,False
Immunosuppressive.drugs.in.1.week,binary,ALP,binary,-0.239,0.4543014343876454,12,WEAK,Negative,False
Immunosuppressive.drugs.in.1.week,binary,Urea,binary,0.239,0.4543014343876454,12,WEAK,Positive,False
Hospitalization.in.past.6.Months,binary,Hemat.Malignancy,binary,-0.239,0.4543014343876454,12,WEAK,Negative,False
Magnesium,binary,P.C.only.E,binary,-0.239,0.4543014343876454,12,WEAK,Negative,False
Any.Fungal.Infection,binary,Urea,binary,0.239,0.4543014343876454,12,WEAK,Positive,False
Any.Fungal.Infection,binary,Clinical.improvement,binary,0.239,0.4543014343876454,12,WEAK,Positive,False
Calcium,binary,Clinical.improvement,binary,-0.239,0.4543014343876454,12,WEAK,Negative,False
Hospitalization.in.past.6.Months,binary,Urea,binary,0.239,0.4543014343876454,12,WEAK,Positive,False
Immunosuppressive.drugs.in.1.week,binary,P.C.only.E,binary,-0.239,0.4543014343876454,12,WEAK,Negative,False
Any.Fungal.Infection,binary,P.C.only.E,binary,-0.239,0.4543014343876454,12,WEAK,Negative,False
Hospitalization.in.past.6.Months,binary,Ventilation,binary,0.239,0.4543014343876454,12,WEAK,Positive,False
SGOT,binary,Globulin,binary,-0.239,0.4543014343876454,12,WEAK,Negative,False
Immunosuppressive.drugs.in.1.week,binary,Ventilation,binary,0.239,0.4543014343876454,12,WEAK,Positive,False
Any.Fungal.Infection,binary,ANC,binary,0.239,0.4543014343876454,12,WEAK,Positive,False
ALP,binary,P.C.only.T,binary,-0.239,0.4543014343876454,12,WEAK,Negative,False
Hemat.Malignancy,binary,Calcium,binary,0.239,0.4543014343876454,12,WEAK,Positive,False
ANC,binary,SGOT,binary,-0.239,0.4543014343876454,12,WEAK,Negative,False
Any.Fungal.Infection,binary,ALP,binary,-0.239,0.4543014343876454,12,WEAK,Negative,False
Immunosuppressive.drugs.in.1.week,binary,Potassium,binary,-0.239,0.4543014343876454,12,WEAK,Negative,False
Any.Viral.Infection,binary,Clinical.improvement,binary,-0.239,0.4543014343876454,12,WEAK,Negative,False
Surgery.in.last.3.Months,binary,Any.Fungal.Infection,binary,-0.239,0.4543014343876454,12,WEAK,Negative,False
ALP,binary,Sodium,binary,0.239,0.4543014343876454,12,WEAK,Positive,False
Hospitalization.in.past.6.Months,binary,ANC,binary,0.239,0.4543014343876454,12,WEAK,Positive,False
Hospitalization.in.past.6.Months,binary,Clinical.improvement,binary,0.239,0.4543014343876454,12,WEAK,Positive,False
Inotropes.,binary,Hemat.Malignancy,binary,0.239,0.4543014343876454,12,WEAK,Positive,False
Globulin,binary,P.C.only.T,binary,0.239,0.4543014343876454,12,WEAK,Positive,False
Immunosuppressive.drugs.in.1.week,binary,ANC,binary,0.239,0.4543014343876454,12,WEAK,Positive,False
Any.Viral.Infection,binary,Urea,binary,-0.239,0.4543014343876454,12,WEAK,Negative,False
Any.Viral.Infection,binary,Potassium,binary,0.239,0.4543014343876454,12,WEAK,Positive,False
Solid.Organ,binary,Globulin,binary,-0.239,0.4543014343876454,12,WEAK,Negative,False
Solid.Organ,binary,ANC,binary,-0.239,0.4543014343876454,12,WEAK,Negative,False
HTN,binary,Hospitalization.in.past.6.Months,binary,0.239,0.4543014343876454,12,WEAK,Positive,False
HTN,binary,Any.Viral.Infection,binary,-0.239,0.4543014343876454,12,WEAK,Negative,False
Surgery.in.last.3.Months,binary,Inotropes.,binary,0.239,0.4543014343876454,12,WEAK,Positive,False
Urea,binary,Calcium,binary,-0.239,0.4543014343876454,12,WEAK,Negative,False
Ventilation,binary,Magnesium,binary,0.239,0.4543014343876454,12,WEAK,Positive,False
Ventilation,binary,Any.Fungal.Infection,binary,0.239,0.4543014343876454,12,WEAK,Positive,False
Inotropes.,binary,Potassium,binary,0.239,0.4543014343876454,12,WEAK,Positive,False
Inotropes.,binary,Globulin,binary,-0.239,0.4543014343876454,12,WEAK,Negative,False
Inotropes.,binary,Urea,binary,-0.239,0.4543014343876454,12,WEAK,Negative,False
Ventilation,binary,Calcium,binary,-0.239,0.4543014343876454,12,WEAK,Negative,False
NDM,binary,Ventilation,binary,-0.239,0.4543014343876454,12,WEAK,Negative,False
Surgery.in.last.3.Months,binary,Calcium,binary,0.239,0.4543014343876454,12,WEAK,Positive,False
Any.Viral.Infection,binary,Globulin,binary,-0.239,0.4543014343876454,12,WEAK,Negative,False
Any.Viral.Infection,binary,ANC,binary,-0.239,0.4543014343876454,12,WEAK,Negative,False
NDM,binary,ANC,binary,-0.239,0.4543014343876454,12,WEAK,Negative,False
NDM,binary,Globulin,binary,-0.239,0.4543014343876454,12,WEAK,Negative,False
Any.Viral.Infection,binary,Hemat.Malignancy,binary,0.239,0.4543014343876454,12,WEAK,Positive,False
HTN,binary,Calcium,binary,-0.239,0.4543014343876454,12,WEAK,Negative,False
Ventilation,binary,Overall.mortality,binary,0.239,0.4543014343876454,12,WEAK,Positive,False
NDM,binary,P.C.only.E,binary,0.239,0.4543014343876454,12,WEAK,Positive,False
Height,continuous,Aztreonam,ordinal,0.2352,0.46184330349867003,12,WEAK,Positive,False
SOFA,continuous,P.C.only.E,binary,-0.2325,0.46715061600465835,12,WEAK,Negative,False
ANC,binary,ICU.Stay.in.28.Days,continuous,0.2317,0.46877354954196715,12,WEAK,Positive,False
Height,continuous,Ventilation,binary,-0.2308,0.4703819459131965,12,WEAK,Negative,False
APACHEII,continuous,Total.Hospital.stay.in.28.days,continuous,0.2293,0.47346913448264444,12,WEAK,Positive,False
Age,continuous,Neutropenia,binary,-0.2275,0.4769973436230435,12,WEAK,Negative,False
Female,binary,GW.Stay.in.28.Days,continuous,-0.2275,0.4769973436230435,12,WEAK,Negative,False
Male,binary,GW.Stay.in.28.Days,continuous,0.2275,0.4769973436230435,12,WEAK,Positive,False
Immunosuppressive.drugs.in.1.week,binary,Aztreonam,ordinal,0.2256,0.48074268978193485,12,WEAK,Positive,False
Sodium,binary,Aztreonam,ordinal,-0.2256,0.48074268978193485,12,WEAK,Negative,False
NDM,binary,Aztreonam,ordinal,-0.2256,0.48074268978193485,12,WEAK,Negative,False
Magnesium,binary,Aztreonam,ordinal,0.2256,0.48074268978193485,12,WEAK,Positive,False
Aztreonam,ordinal,Levofloxacin,ordinal,-0.2242,0.4835178951870544,12,WEAK,Negative,False
Age,continuous,DM,binary,-0.2238,0.4844406971290381,12,WEAK,Negative,False
TLC,binary,Aztreonam,ordinal,-0.2225,0.48706305370820147,12,WEAK,Negative,False
Calcium,binary,Total.Hospital.stay.in.28.days,continuous,0.2223,0.4874225939125114,12,WEAK,Positive,False
SOFA,continuous,SGOT,binary,-0.2223,0.4874225939125114,12,WEAK,Negative,False
Calcium,binary,ICU.Stay.in.28.Days,continuous,-0.2215,0.48900492339335144,12,WEAK,Negative,False
NDM,binary,GW.Stay.in.28.Days,continuous,0.2211,0.4897906746283597,12,WEAK,Positive,False
Age,continuous,Overall.mortality,binary,-0.2211,0.4897906746283597,12,WEAK,Negative,False
Weight,continuous,SGOT,binary,0.2203,0.4913514846060387,12,WEAK,Positive,False
NDM,binary,APACHEII,continuous,-0.2203,0.4913514846060387,12,WEAK,Negative,False
VIM,binary,Total.Hospital.stay.in.28.days,continuous,0.2203,0.4914588806219443,12,WEAK,Positive,False
Endoscopy.in.1.week,binary,SOFA,continuous,0.2203,0.4914588806219443,12,WEAK,Positive,False
Inotropes.,binary,APACHEII,continuous,0.2203,0.4913514846060387,12,WEAK,Positive,False
CKD,binary,SOFA,continuous,0.2203,0.4914588806219443,12,WEAK,Positive,False
APACHEII,continuous,SGOT,binary,-0.2203,0.4913514846060387,12,WEAK,Negative,False
Z.A.only.E,binary,Total.Hospital.stay.in.28.days,continuous,0.2203,0.4914588806219443,12,WEAK,Positive,False
ICU.Stay.in.28.Days,continuous,Relapse.post.28.Day.Discharge,binary,-0.2195,0.4930327799999852,12,WEAK,Negative,False
CAP.CRO,binary,ICU.Stay.in.28.Days,continuous,-0.2195,0.4930327799999852,12,WEAK,Negative,False
GW.Stay.in.28.Days,continuous,Relapse.post.28.Day.Discharge,binary,0.2191,0.49381432884164056,12,WEAK,Positive,False
Age,continuous,Creatinine,binary,-0.2191,0.49381432884164056,12,WEAK,Negative,False
Age,continuous,Gentamicin,binary,0.2191,0.49381432884164056,12,WEAK,Positive,False
Age,continuous,Other.CRO,binary,0.2191,0.49381432884164056,12,WEAK,Positive,False
CAP.CRO,binary,GW.Stay.in.28.Days,continuous,0.2191,0.4938143288416406,12,WEAK,Positive,False
Age,continuous,COPD,binary,0.2191,0.49381432884164056,12,WEAK,Positive,False
Height,continuous,Endoscopy.in.1.week,binary,-0.2187,0.4945923131273584,12,WEAK,Negative,False
Height,continuous,CKD,binary,-0.2187,0.4945923131273584,12,WEAK,Negative,False
Height,continuous,P.C.Z.A.E,binary,0.2187,0.4945923131273584,12,WEAK,Positive,False
Weight,continuous,Endoscopy.in.1.week,binary,0.2184,0.49536675951629733,12,WEAK,Positive,False
Weight,continuous,Imipenem,ordinal,0.2184,0.49536675951629733,12,WEAK,Positive,False
TLC,binary,ICU.Stay.in.28.Days,continuous,-0.2184,0.49525745562881185,12,WEAK,Negative,False
Weight,continuous,Urinary.Catheter.in.6.Months,binary,-0.2184,0.49536675951629733,12,WEAK,Negative,False
Endoscopy.in.1.week,binary,APACHEII,continuous,-0.2184,0.49536675951629733,12,WEAK,Negative,False
Weight,continuous,CKD,binary,0.2184,0.49536675951629733,12,WEAK,Positive,False
CKD,binary,APACHEII,continuous,-0.2184,0.49536675951629733,12,WEAK,Negative,False
APACHEII,continuous,Z.A.only.E,binary,0.2184,0.49536675951629733,12,WEAK,Positive,False
Weight,continuous,Meropenem,ordinal,0.2184,0.49536675951629733,12,WEAK,Positive,False
VIM,binary,APACHEII,continuous,0.2184,0.49536675951629733,12,WEAK,Positive,False
Weight,continuous,CV.Catheter.in.6.Months,binary,-0.2184,0.49536675951629733,12,WEAK,Negative,False
Hemat.Malignancy,binary,Cefepime,ordinal,0.2154,0.5013467769695996,12,WEAK,Positive,False
SOFA,continuous,ICU.Stay.in.28.Days,continuous,0.2145,0.5031181077936387,12,WEAK,Positive,False
Gentamicin,binary,Clinical.improvement,binary,0.2132,0.5058518285908015,12,WEAK,Positive,False
BSI.CRO,binary,ANC,binary,0.2132,0.5058518285908015,12,WEAK,Positive,False
BSI.CRO,binary,ALP,binary,-0.2132,0.5058518285908015,12,WEAK,Negative,False
BSI.CRO,binary,Globulin,binary,0.2132,0.5058518285908015,12,WEAK,Positive,False
BSI.CRO,binary,Ventilation,binary,0.2132,0.5058518285908015,12,WEAK,Positive,False
CAP.CRO,binary,Surgery.in.last.3.Months,binary,-0.2132,0.5058518285908015,12,WEAK,Negative,False
CAP.CRO,binary,ALP,binary,-0.2132,0.5058518285908015,12,WEAK,Negative,False
Other.CRO,binary,ALP,binary,-0.2132,0.5058518285908015,12,WEAK,Negative,False
CAP.CRO,binary,Potassium,binary,-0.2132,0.5058518285908015,12,WEAK,Negative,False
Ventilation,binary,Meropenem,ordinal,-0.2132,0.5058518285908015,12,WEAK,Negative,False
Ventilation,binary,Z.A.only.E,binary,0.2132,0.5058518285908015,12,WEAK,Positive,False
Ventilation,binary,Colistin,ordinal,0.2132,0.5058518285908015,12,WEAK,Positive,False
Ventilation,binary,Imipenem,ordinal,-0.2132,0.5058518285908015,12,WEAK,Negative,False
Colistin,ordinal,Clinical.improvement,binary,0.2132,0.5058518285908015,12,WEAK,Positive,False
P.C.in.vitro,binary,Urea,binary,0.2132,0.5058518285908015,12,WEAK,Positive,False
BSI.CRO,binary,Surgery.in.last.3.Months,binary,-0.2132,0.5058518285908015,12,WEAK,Negative,False
Endoscopy.in.1.week,binary,Clinical.improvement,binary,0.2132,0.5058518285908015,12,WEAK,Positive,False
Imipenem,ordinal,Clinical.improvement,binary,-0.2132,0.5058518285908015,12,WEAK,Negative,False
Neutropenia,binary,Aztreonam,ordinal,0.2132,0.5058518285908015,12,WEAK,Positive,False
Meropenem,ordinal,Clinical.improvement,binary,-0.2132,0.5058518285908015,12,WEAK,Negative,False
BSI.CRO,binary,Clinical.improvement,binary,0.2132,0.5058518285908015,12,WEAK,Positive,False
CKD,binary,Urea,binary,0.2132,0.5058518285908015,12,WEAK,Positive,False
CKD,binary,P.C.only.E,binary,-0.2132,0.5058518285908015,12,WEAK,Negative,False
Surgery.in.last.3.Months,binary,Relapse.post.28.Day.Discharge,binary,-0.2132,0.5058518285908015,12,WEAK,Negative,False
Potassium,binary,Imipenem,ordinal,0.2132,0.5058518285908015,12,WEAK,Positive,False
Potassium,binary,Colistin,ordinal,-0.2132,0.5058518285908015,12,WEAK,Negative,False
Potassium,binary,Gentamicin,binary,-0.2132,0.5058518285908015,12,WEAK,Negative,False
Urea,binary,P.C.Z.A.E,binary,0.2132,0.5058518285908015,12,WEAK,Positive,False
Potassium,binary,Relapse.post.28.Day.Discharge,binary,-0.2132,0.5058518285908015,12,WEAK,Negative,False
Urinary.Catheter.in.6.Months,binary,Clinical.improvement,binary,0.2132,0.5058518285908015,12,WEAK,Positive,False
Urea,binary,Colistin,ordinal,0.2132,0.5058518285908015,12,WEAK,Positive,False
HTN,binary,Creatinine,binary,-0.2132,0.5058518285908015,12,WEAK,Negative,False
HTN,binary,Z.A.only.E,binary,0.2132,0.5058518285908015,12,WEAK,Positive,False
HTN,binary,CV.Catheter.in.6.Months,binary,0.2132,0.5058518285908015,12,WEAK,Positive,False
HTN,binary,Urinary.Catheter.in.6.Months,binary,0.2132,0.5058518285908015,12,WEAK,Positive,False
HTN,binary,BSI.CRO,binary,0.2132,0.5058518285908015,12,WEAK,Positive,False
HTN,binary,Other.CRO,binary,0.2132,0.5058518285908015,12,WEAK,Positive,False
Urinary.Catheter.in.6.Months,binary,Hemat.Malignancy,binary,-0.2132,0.5058518285908015,12,WEAK,Negative,False
CAP.CRO,binary,Hemat.Malignancy,binary,-0.2132,0.5058518285908015,12,WEAK,Negative,False
HTN,binary,Endoscopy.in.1.week,binary,0.2132,0.5058518285908015,12,WEAK,Positive,False
Surgery.in.last.3.Months,binary,P.C.Z.A.E,binary,-0.2132,0.5058518285908015,12,WEAK,Negative,False
Surgery.in.last.3.Months,binary,Meropenem,ordinal,0.2132,0.5058518285908015,12,WEAK,Positive,False
Surgery.in.last.3.Months,binary,Imipenem,ordinal,0.2132,0.5058518285908015,12,WEAK,Positive,False
Surgery.in.last.3.Months,binary,Colistin,ordinal,-0.2132,0.5058518285908015,12,WEAK,Negative,False
Creatinine,binary,Clinical.improvement,binary,-0.2132,0.5058518285908015,12,WEAK,Negative,False
P.C.in.vitro,binary,HTN,binary,0.2132,0.5058518285908015,12,WEAK,Positive,False
Endoscopy.in.1.week,binary,P.C.only.E,binary,-0.2132,0.5058518285908015,12,WEAK,Negative,False
Endoscopy.in.1.week,binary,Urea,binary,0.2132,0.5058518285908015,12,WEAK,Positive,False
P.C.in.vitro,binary,Hemat.Malignancy,binary,-0.2132,0.5058518285908015,12,WEAK,Negative,False
P.C.Z.A.E,binary,P.C.only.E,binary,-0.2132,0.5058518285908015,12,WEAK,Negative,False
P.C.in.vitro,binary,ALP,binary,-0.2132,0.5058518285908015,12,WEAK,Negative,False
Hemat.Malignancy,binary,Relapse.post.28.Day.Discharge,binary,-0.2132,0.5058518285908015,12,WEAK,Negative,False
Hemat.Malignancy,binary,Meropenem,ordinal,0.2132,0.5058518285908015,12,WEAK,Positive,False
BSI.CRO,binary,P.C.only.E,binary,-0.2132,0.5058518285908015,12,WEAK,Negative,False
VIM,binary,ALP,binary,-0.2132,0.5058518285908015,12,WEAK,Negative,False
VIM,binary,Globulin,binary,0.2132,0.5058518285908015,12,WEAK,Positive,False
VIM,binary,P.C.only.E,binary,-0.2132,0.5058518285908015,12,WEAK,Negative,False
CV.Catheter.in.6.Months,binary,Ventilation,binary,0.2132,0.5058518285908015,12,WEAK,Positive,False
VIM,binary,Hemat.Malignancy,binary,-0.2132,0.5058518285908015,12,WEAK,Negative,False
Urinary.Catheter.in.6.Months,binary,Urea,binary,0.2132,0.5058518285908015,12,WEAK,Positive,False
Urinary.Catheter.in.6.Months,binary,Surgery.in.last.3.Months,binary,-0.2132,0.5058518285908015,12,WEAK,Negative,False
CKD,binary,HTN,binary,0.2132,0.5058518285908015,12,WEAK,Positive,False
CKD,binary,Ventilation,binary,0.2132,0.5058518285908015,12,WEAK,Positive,False
Urinary.Catheter.in.6.Months,binary,Globulin,binary,0.2132,0.5058518285908015,12,WEAK,Positive,False
Urea,binary,Gentamicin,binary,0.2132,0.5058518285908015,12,WEAK,Positive,False
VIM,binary,Ventilation,binary,0.2132,0.5058518285908015,12,WEAK,Positive,False
CV.Catheter.in.6.Months,binary,Urea,binary,0.2132,0.5058518285908015,12,WEAK,Positive,False
COPD,binary,Hemat.Malignancy,binary,-0.2132,0.5058518285908015,12,WEAK,Negative,False
Globulin,binary,Creatinine,binary,-0.2132,0.5058518285908015,12,WEAK,Negative,False
Ventilation,binary,P.C.Z.A.E,binary,0.2132,0.5058518285908015,12,WEAK,Positive,False
Globulin,binary,Imipenem,ordinal,-0.2132,0.5058518285908015,12,WEAK,Negative,False
Globulin,binary,Gentamicin,binary,0.2132,0.5058518285908015,12,WEAK,Positive,False
Hemat.Malignancy,binary,Colistin,ordinal,-0.2132,0.5058518285908015,12,WEAK,Negative,False
HTN,binary,COPD,binary,0.2132,0.5058518285908015,12,WEAK,Positive,False
HTN,binary,IAI.CRO,binary,0.2132,0.5058518285908015,12,WEAK,Positive,False
Hemat.Malignancy,binary,Gentamicin,binary,-0.2132,0.5058518285908015,12,WEAK,Negative,False
Hemat.Malignancy,binary,Imipenem,ordinal,0.2132,0.5058518285908015,12,WEAK,Positive,False
VIM,binary,ANC,binary,0.2132,0.5058518285908015,12,WEAK,Positive,False
CKD,binary,Clinical.improvement,binary,0.2132,0.5058518285908015,12,WEAK,Positive,False
Globulin,binary,Z.A.only.E,binary,0.2132,0.5058518285908015,12,WEAK,Positive,False
Globulin,binary,P.C.Z.A.E,binary,0.2132,0.5058518285908015,12,WEAK,Positive,False
Globulin,binary,Meropenem,ordinal,-0.2132,0.5058518285908015,12,WEAK,Negative,False
CV.Catheter.in.6.Months,binary,Potassium,binary,-0.2132,0.5058518285908015,12,WEAK,Negative,False
Potassium,binary,P.C.Z.A.E,binary,-0.2132,0.5058518285908015,12,WEAK,Negative,False
CKD,binary,ANC,binary,0.2132,0.5058518285908015,12,WEAK,Positive,False
P.C.only.E,binary,Colistin,ordinal,-0.2132,0.5058518285908015,12,WEAK,Negative,False
P.C.only.E,binary,Z.A.only.E,binary,-0.2132,0.5058518285908015,12,WEAK,Negative,False
ALP,binary,Creatinine,binary,0.2132,0.5058518285908015,12,WEAK,Positive,False
Z.A.only.E,binary,Clinical.improvement,binary,0.2132,0.5058518285908015,12,WEAK,Positive,False
CV.Catheter.in.6.Months,binary,Surgery.in.last.3.Months,binary,-0.2132,0.5058518285908015,12,WEAK,Negative,False
IAI.CRO,binary,Globulin,binary,0.2132,0.5058518285908015,12,WEAK,Positive,False
IAI.CRO,binary,Hemat.Malignancy,binary,-0.2132,0.5058518285908015,12,WEAK,Negative,False
IAI.CRO,binary,Surgery.in.last.3.Months,binary,-0.2132,0.5058518285908015,12,WEAK,Negative,False
IAI.CRO,binary,Clinical.improvement,binary,0.2132,0.5058518285908015,12,WEAK,Positive,False
ANC,binary,Gentamicin,binary,0.2132,0.5058518285908015,12,WEAK,Positive,False
Other.CRO,binary,P.C.only.E,binary,-0.2132,0.5058518285908015,12,WEAK,Negative,False
IAI.CRO,binary,Urea,binary,0.2132,0.5058518285908015,12,WEAK,Positive,False
Other.CRO,binary,Urea,binary,0.2132,0.5058518285908015,12,WEAK,Positive,False
Urea,binary,Meropenem,ordinal,-0.2132,0.5058518285908015,12,WEAK,Negative,False
Potassium,binary,Meropenem,ordinal,0.2132,0.5058518285908015,12,WEAK,Positive,False
CKD,binary,Hemat.Malignancy,binary,-0.2132,0.5058518285908015,12,WEAK,Negative,False
Urinary.Catheter.in.6.Months,binary,Potassium,binary,-0.2132,0.5058518285908015,12,WEAK,Negative,False
CV.Catheter.in.6.Months,binary,Clinical.improvement,binary,0.2132,0.5058518285908015,12,WEAK,Positive,False
Urinary.Catheter.in.6.Months,binary,Ventilation,binary,0.2132,0.5058518285908015,12,WEAK,Positive,False
Urea,binary,Imipenem,ordinal,-0.2132,0.5058518285908015,12,WEAK,Negative,False
COPD,binary,ANC,binary,0.2132,0.5058518285908015,12,WEAK,Positive,False
CV.Catheter.in.6.Months,binary,Globulin,binary,0.2132,0.5058518285908015,12,WEAK,Positive,False
COPD,binary,Globulin,binary,0.2132,0.5058518285908015,12,WEAK,Positive,False
CV.Catheter.in.6.Months,binary,Hemat.Malignancy,binary,-0.2132,0.5058518285908015,12,WEAK,Negative,False
ANC,binary,Creatinine,binary,-0.2132,0.5058518285908015,12,WEAK,Negative,False
ANC,binary,Z.A.only.E,binary,0.2132,0.5058518285908015,12,WEAK,Positive,False
VIM,binary,HTN,binary,0.2132,0.5058518285908015,12,WEAK,Positive,False
P.C.only.E,binary,Gentamicin,binary,-0.2132,0.5058518285908015,12,WEAK,Negative,False
ANC,binary,P.C.Z.A.E,binary,0.2132,0.5058518285908015,12,WEAK,Positive,False
COPD,binary,Potassium,binary,-0.2132,0.5058518285908015,12,WEAK,Negative,False
COPD,binary,Urea,binary,0.2132,0.5058518285908015,12,WEAK,Positive,False
P.C.in.vitro,binary,Clinical.improvement,binary,0.2132,0.5058518285908015,12,WEAK,Positive,False
ALP,binary,Gentamicin,binary,-0.2132,0.5058518285908015,12,WEAK,Negative,False
ALP,binary,Colistin,ordinal,-0.2132,0.5058518285908015,12,WEAK,Negative,False
HTN,binary,Meropenem,ordinal,-0.2132,0.5058518285908015,12,WEAK,Negative,False
HTN,binary,Imipenem,ordinal,-0.2132,0.5058518285908015,12,WEAK,Negative,False
HTN,binary,Gentamicin,binary,0.2132,0.5058518285908015,12,WEAK,Positive,False
Creatinine,binary,Urea,binary,-0.2132,0.5058518285908015,12,WEAK,Negative,False
Creatinine,binary,Potassium,binary,0.2132,0.5058518285908015,12,WEAK,Positive,False
ALP,binary,Z.A.only.E,binary,-0.2132,0.5058518285908015,12,WEAK,Negative,False
COPD,binary,ALP,binary,-0.2132,0.5058518285908015,12,WEAK,Negative,False
ALP,binary,P.C.Z.A.E,binary,-0.2132,0.5058518285908015,12,WEAK,Negative,False
COPD,binary,P.C.only.E,binary,-0.2132,0.5058518285908015,12,WEAK,Negative,False
COPD,binary,Clinical.improvement,binary,0.2132,0.5058518285908015,12,WEAK,Positive,False
VIM,binary,Clinical.improvement,binary,0.2132,0.5058518285908015,12,WEAK,Positive,False
ALP,binary,Relapse.post.28.Day.Discharge,binary,-0.2132,0.5058518285908015,12,WEAK,Negative,False
HTN,binary,Colistin,ordinal,0.2132,0.5058518285908015,12,WEAK,Positive,False
Creatinine,binary,P.C.only.E,binary,0.2132,0.5058518285908015,12,WEAK,Positive,False
IAI.CRO,binary,Potassium,binary,-0.2132,0.5058518285908015,12,WEAK,Negative,False
Other.CRO,binary,ANC,binary,0.2132,0.5058518285908015,12,WEAK,Positive,False
Other.CRO,binary,Hemat.Malignancy,binary,-0.2132,0.5058518285908015,12,WEAK,Negative,False
Lympho,binary,Aztreonam,ordinal,-0.2132,0.5058518285908015,12,WEAK,Negative,False
Other.CRO,binary,Potassium,binary,-0.2132,0.5058518285908015,12,WEAK,Negative,False
Other.CRO,binary,Clinical.improvement,binary,0.2132,0.5058518285908015,12,WEAK,Positive,False
Hemat.Malignancy,binary,Creatinine,binary,0.2132,0.5058518285908015,12,WEAK,Positive,False
Hemat.Malignancy,binary,Z.A.only.E,binary,-0.2132,0.5058518285908015,12,WEAK,Negative,False
Endoscopy.in.1.week,binary,Ventilation,binary,0.2132,0.5058518285908015,12,WEAK,Positive,False
Endoscopy.in.1.week,binary,ANC,binary,0.2132,0.5058518285908015,12,WEAK,Positive,False
P.C.in.vitro,binary,P.C.only.E,binary,-0.2132,0.5058518285908015,12,WEAK,Negative,False
P.C.in.vitro,binary,Surgery.in.last.3.Months,binary,-0.2132,0.5058518285908015,12,WEAK,Negative,False
P.C.in.vitro,binary,Potassium,binary,-0.2132,0.5058518285908015,12,WEAK,Negative,False
Endoscopy.in.1.week,binary,Hemat.Malignancy,binary,-0.2132,0.5058518285908015,12,WEAK,Negative,False
P.C.in.vitro,binary,Ventilation,binary,0.2132,0.5058518285908015,12,WEAK,Positive,False
Other.CRO,binary,Globulin,binary,0.2132,0.5058518285908015,12,WEAK,Positive,False
Colistin,ordinal,Cefepime,ordinal,0.2099,0.5125216850819122,12,WEAK,Positive,False
P.C.in.vitro,binary,Cefepime,ordinal,0.2099,0.5125216850819122,12,WEAK,Positive,False
CKD,binary,Cefepime,ordinal,0.2099,0.5125216850819122,12,WEAK,Positive,False
Endoscopy.in.1.week,binary,Cefepime,ordinal,0.2099,0.5125216850819122,12,WEAK,Positive,False
Other.CRO,binary,Cefepime,ordinal,0.2099,0.5125216850819122,12,WEAK,Positive,False
Cefepime,ordinal,Gentamicin,binary,0.2099,0.5125216850819122,12,WEAK,Positive,False
Cefepime,ordinal,Relapse.post.28.Day.Discharge,binary,0.2099,0.5125216850819122,12,WEAK,Positive,False
COPD,binary,Cefepime,ordinal,0.2099,0.5125216850819122,12,WEAK,Positive,False
Creatinine,binary,Cefepime,ordinal,-0.2099,0.5125216850819122,12,WEAK,Negative,False
VIM,binary,Cefepime,ordinal,0.2099,0.5125216850819122,12,WEAK,Positive,False
Z.A.only.E,binary,Cefepime,ordinal,0.2099,0.5125216850819122,12,WEAK,Positive,False
BSI.CRO,binary,Cefepime,ordinal,0.2099,0.5125216850819122,12,WEAK,Positive,False
CAP.CRO,binary,Cefepime,ordinal,0.2099,0.5125216850819122,12,WEAK,Positive,False
SOFA,continuous,Ciprofloxacin,ordinal,-0.209,0.51449494927545,12,WEAK,Negative,False
SOFA,continuous,Piperacillin.Tazobactam,ordinal,-0.209,0.51449494927545,12,WEAK,Negative,False
Age,continuous,SOFA,continuous,-0.2071,0.5184196032220872,12,WEAK,Negative,False
P.C.only.T,binary,Cefepime,ordinal,0.206,0.5207164516118094,12,WEAK,Positive,False
Clinical.improvement,binary,ICU.Stay.in.28.Days,continuous,-0.2059,0.5208240386559736,12,WEAK,Negative,False
HTN,binary,ICU.Stay.in.28.Days,continuous,-0.2059,0.5208240386559736,12,WEAK,Negative,False
ANC,binary,GW.Stay.in.28.Days,continuous,-0.2056,0.5215751414024108,12,WEAK,Negative,False
APACHEII,continuous,Globulin,binary,-0.2048,0.5230668968905976,12,WEAK,Negative,False
Weight,continuous,Ventilation,binary,0.2048,0.5230668968905976,12,WEAK,Positive,False
Past.CREPA.infection,binary,Total.Protein,binary,0.2,0.53313536,12,WEAK,Positive,False
Z.A.invitro,binary,Hypothyroidism,binary,-0.2,0.53313536,12,WEAK,Negative,False
Neutropenia,binary,Total.Protein,binary,0.2,0.53313536,12,WEAK,Positive,False
Overall.organ.support,binary,Lympho,binary,-0.2,0.53313536,12,WEAK,Negative,False
Neutropenia,binary,Albumin,binary,0.2,0.53313536,12,WEAK,Positive,False
Overall.organ.support,binary,Z.A.only.T,binary,0.2,0.53313536,12,WEAK,Positive,False
Female,binary,P.C.Z.A.T,binary,-0.2,0.53313536,12,WEAK,Negative,False
Female,binary,Lympho,binary,0.2,0.53313536,12,WEAK,Positive,False
Female,binary,Overall.organ.support,binary,0.2,0.53313536,12,WEAK,Positive,False
Female,binary,Mortality.post.28.Day.Discharge,binary,-0.2,0.53313536,12,WEAK,Negative,False
Female,binary,Z.A.only.T,binary,-0.2,0.53313536,12,WEAK,Negative,False
Female,binary,Neutropenia,binary,-0.2,0.53313536,12,WEAK,Negative,False
Female,binary,Past.CREPA.infection,binary,-0.2,0.53313536,12,WEAK,Negative,False
Male,binary,Neutropenia,binary,0.2,0.53313536,12,WEAK,Positive,False
Male,binary,Past.CREPA.infection,binary,0.2,0.53313536,12,WEAK,Positive,False
Z.A.invitro,binary,UTI.CRO,binary,-0.2,0.53313536,12,WEAK,Negative,False
Z.A.invitro,binary,Albumin,binary,0.2,0.53313536,12,WEAK,Positive,False
Z.A.invitro,binary,Total.Protein,binary,0.2,0.53313536,12,WEAK,Positive,False
Z.A.invitro,binary,Neutropenia,binary,-0.2,0.53313536,12,WEAK,Negative,False
Z.A.invitro,binary,Overall.organ.support,binary,0.2,0.53313536,12,WEAK,Positive,False
Past.CREPA.infection,binary,Overall.organ.support,binary,0.2,0.53313536,12,WEAK,Positive,False
P.C.Z.A.T,binary,Z.A.only.T,binary,-0.2,0.53313536,12,WEAK,Negative,False
Z.A.invitro,binary,Z.A.only.T,binary,-0.2,0.53313536,12,WEAK,Negative,False
Overall.organ.support,binary,P.C.Z.A.T,binary,0.2,0.53313536,12,WEAK,Positive,False
Lympho,binary,Mortality.post.28.Day.Discharge,binary,0.2,0.53313536,12,WEAK,Positive,False
Past.CREPA.infection,binary,Albumin,binary,0.2,0.53313536,12,WEAK,Positive,False
Past.CREPA.infection,binary,Lympho,binary,0.2,0.53313536,12,WEAK,Positive,False
Albumin,binary,P.C.Z.A.T,binary,0.2,0.53313536,12,WEAK,Positive,False
Past.CREPA.infection,binary,Neutropenia,binary,-0.2,0.53313536,12,WEAK,Negative,False
Hypothyroidism,binary,P.C.Z.A.T,binary,-0.2,0.53313536,12,WEAK,Negative,False
Hypothyroidism,binary,UTI.CRO,binary,-0.2,0.53313536,12,WEAK,Negative,False
UTI.CRO,binary,Overall.organ.support,binary,0.2,0.53313536,12,WEAK,Positive,False
Total.Protein,binary,P.C.Z.A.T,binary,0.2,0.53313536,12,WEAK,Positive,False
Total.Protein,binary,Z.A.only.T,binary,0.2,0.53313536,12,WEAK,Positive,False
Albumin,binary,Mortality.post.28.Day.Discharge,binary,0.2,0.53313536,12,WEAK,Positive,False
UTI.CRO,binary,Lympho,binary,0.2,0.53313536,12,WEAK,Positive,False
Total.Protein,binary,Mortality.post.28.Day.Discharge,binary,0.2,0.53313536,12,WEAK,Positive,False
UTI.CRO,binary,Past.CREPA.infection,binary,-0.2,0.53313536,12,WEAK,Negative,False
Lympho,binary,Albumin,binary,-0.2,0.53313536,12,WEAK,Negative,False
Lympho,binary,Total.Protein,binary,-0.2,0.53313536,12,WEAK,Negative,False
Overall.organ.support,binary,Neutropenia,binary,0.2,0.53313536,12,WEAK,Positive,False
UTI.CRO,binary,Mortality.post.28.Day.Discharge,binary,-0.2,0.53313536,12,WEAK,Negative,False
UTI.CRO,binary,P.C.Z.A.T,binary,-0.2,0.53313536,12,WEAK,Negative,False
Albumin,binary,Z.A.only.T,binary,0.2,0.53313536,12,WEAK,Positive,False
Lympho,binary,Z.A.only.T,binary,0.2,0.53313536,12,WEAK,Positive,False
Neutropenia,binary,Z.A.only.T,binary,-0.2,0.53313536,12,WEAK,Negative,False
Male,binary,Z.A.invitro,binary,0.2,0.53313536,12,WEAK,Positive,False
Neutropenia,binary,Lympho,binary,0.2,0.53313536,12,WEAK,Positive,False
Hypothyroidism,binary,Lympho,binary,0.2,0.53313536,12,WEAK,Positive,False
UTI.CRO,binary,Neutropenia,binary,-0.2,0.53313536,12,WEAK,Negative,False
Hypothyroidism,binary,Total.Protein,binary,0.2,0.53313536,12,WEAK,Positive,False
Hypothyroidism,binary,Albumin,binary,0.2,0.53313536,12,WEAK,Positive,False
Hypothyroidism,binary,Overall.organ.support,binary,0.2,0.53313536,12,WEAK,Positive,False
Male,binary,Mortality.post.28.Day.Discharge,binary,0.2,0.53313536,12,WEAK,Positive,False
Male,binary,Lympho,binary,-0.2,0.53313536,12,WEAK,Negative,False
Female,binary,UTI.CRO,binary,-0.2,0.53313536,12,WEAK,Negative,False
Female,binary,Z.A.invitro,binary,-0.2,0.53313536,12,WEAK,Negative,False
Overall.organ.support,binary,Mortality.post.28.Day.Discharge,binary,0.2,0.53313536,12,WEAK,Positive,False
Hypothyroidism,binary,Neutropenia,binary,-0.2,0.53313536,12,WEAK,Negative,False
Neutropenia,binary,Mortality.post.28.Day.Discharge,binary,-0.2,0.53313536,12,WEAK,Negative,False
Male,binary,Total.Protein,binary,-0.2,0.53313536,12,WEAK,Negative,False
Male,binary,Z.A.only.T,binary,0.2,0.53313536,12,WEAK,Positive,False
Male,binary,UTI.CRO,binary,0.2,0.53313536,12,WEAK,Positive,False
Neutropenia,binary,P.C.Z.A.T,binary,-0.2,0.53313536,12,WEAK,Negative,False
Female,binary,Total.Protein,binary,0.2,0.53313536,12,WEAK,Positive,False
Male,binary,P.C.Z.A.T,binary,0.2,0.53313536,12,WEAK,Positive,False
Male,binary,Albumin,binary,-0.2,0.53313536,12,WEAK,Negative,False
Male,binary,Overall.organ.support,binary,-0.2,0.53313536,12,WEAK,Negative,False
Female,binary,Albumin,binary,0.2,0.53313536,12,WEAK,Positive,False
Height,continuous,ICU.Stay.in.28.Days,continuous,0.1972,0.5390344212655043,12,WEAK,Positive,False
HAP.CRO,binary,SOFA,continuous,0.1969,0.5397336182761834,12,WEAK,Positive,False
Age,continuous,Hospitalization.in.past.6.Months,binary,0.1965,0.5403677512708513,12,WEAK,Positive,False
Height,continuous,SGOT,binary,-0.1962,0.541093457986268,12,WEAK,Negative,False
DM,binary,ICU.Stay.in.28.Days,continuous,0.1962,0.5411985393910997,12,WEAK,Positive,False
Female,binary,Total.Hospital.stay.in.28.days,continuous,0.196,0.5414263678557049,12,WEAK,Positive,False
Male,binary,Total.Hospital.stay.in.28.days,continuous,-0.196,0.5414263678557049,12,WEAK,Negative,False
Age,continuous,Bil,binary,-0.1958,0.5419258089404351,12,WEAK,Negative,False
Z.A.only.T,binary,ICU.Stay.in.28.Days,continuous,0.1954,0.5428872117594676,12,WEAK,Positive,False
Weight,continuous,Mortality.in.Hospital,binary,-0.1951,0.5433701004162937,12,WEAK,Negative,False
Past.CREPA.infection,binary,GW.Stay.in.28.Days,continuous,-0.195,0.5436124519117745,12,WEAK,Negative,False
GW.Stay.in.28.Days,continuous,Mortality.post.28.Day.Discharge,binary,-0.195,0.5436124519117743,12,WEAK,Negative,False
Height,continuous,Past.CREPA.infection,binary,0.1947,0.5443342734437762,12,WEAK,Positive,False
Height,continuous,Mortality.post.28.Day.Discharge,binary,0.1947,0.5443342734437762,12,WEAK,Positive,False
UTI.CRO,binary,Cefepime,ordinal,-0.1946,0.544420663561159,12,WEAK,Negative,False
Lympho,binary,Cefepime,ordinal,0.1946,0.544420663561159,12,WEAK,Positive,False
Overall.organ.support,binary,Cefepime,ordinal,0.1946,0.544420663561159,12,WEAK,Positive,False
Neutropenia,binary,APACHEII,continuous,0.1943,0.5450527029269673,12,WEAK,Positive,False
Weight,continuous,Neutropenia,binary,0.1943,0.5450527029269673,12,WEAK,Positive,False
Weight,continuous,Past.CREPA.infection,binary,0.1943,0.5450527029269673,12,WEAK,Positive,False
Weight,continuous,Overall.organ.support,binary,0.1943,0.5450527029269673,12,WEAK,Positive,False
Weight,continuous,Mortality.post.28.Day.Discharge,binary,0.1943,0.5450527029269673,12,WEAK,Positive,False
Age,continuous,Ceftazidime,ordinal,-0.194,0.5456949544053644,12,WEAK,Negative,False
Levofloxacin,ordinal,GW.Stay.in.28.Days,continuous,0.194,0.5456949544053644,12,WEAK,Positive,False
Age,continuous,Platelet,binary,0.1938,0.546159626469738,12,WEAK,Positive,False
APACHEII,continuous,Levofloxacin,ordinal,0.1933,0.54713019476739,12,WEAK,Positive,False
DM,binary,Platelet,binary,-0.1925,0.549014438543606,12,WEAK,Negative,False
Bil,binary,SGPT,binary,0.1925,0.549014438543606,12,WEAK,Positive,False
Bil,binary,Amikacin,ordinal,-0.1925,0.549014438543606,12,WEAK,Negative,False
VAP.CRO,binary,SGPT,binary,0.1925,0.549014438543606,12,WEAK,Positive,False
HAP.CRO,binary,SGPT,binary,-0.1925,0.549014438543606,12,WEAK,Negative,False
Platelet,binary,Mortality.in.Hospital,binary,0.1925,0.549014438543606,12,WEAK,Positive,False
VAP.CRO,binary,Platelet,binary,0.1925,0.549014438543606,12,WEAK,Positive,False
Platelet,binary,Bil,binary,0.1925,0.549014438543606,12,WEAK,Positive,False
HAP.CRO,binary,Amikacin,ordinal,-0.1925,0.549014438543606,12,WEAK,Negative,False
VAP.CRO,binary,Amikacin,ordinal,0.1925,0.549014438543606,12,WEAK,Positive,False
SGPT,binary,Mortality.in.Hospital,binary,0.1925,0.549014438543606,12,WEAK,Positive,False
HAP.CRO,binary,Platelet,binary,-0.1925,0.549014438543606,12,WEAK,Negative,False
VAP.CRO,binary,TLC,binary,0.1925,0.549014438543606,12,WEAK,Positive,False
SGPT,binary,Carbapenemase,binary,0.1925,0.549014438543606,12,WEAK,Positive,False
Amikacin,ordinal,Mortality.in.Hospital,binary,-0.1925,0.549014438543606,12,WEAK,Negative,False
TLC,binary,Carbapenemase,binary,0.1925,0.549014438543606,12,WEAK,Positive,False
DM,binary,Amikacin,ordinal,0.1925,0.549014438543606,12,WEAK,Positive,False
TLC,binary,Bil,binary,0.1925,0.549014438543606,12,WEAK,Positive,False
DM,binary,SGPT,binary,-0.1925,0.549014438543606,12,WEAK,Negative,False
DM,binary,TLC,binary,0.1925,0.549014438543606,12,WEAK,Positive,False
Weight,continuous,APACHEII,continuous,-0.1888,0.5567370561768314,12,WEAK,Negative,False
Levofloxacin,ordinal,Ceftazidime,ordinal,-0.1848,0.5651970478040806,12,WEAK,Negative,False
HTN,binary,Cefepime,ordinal,0.1846,0.5656494959458418,12,WEAK,Positive,False
Cefepime,ordinal,Clinical.improvement,binary,0.1846,0.5656494959458418,12,WEAK,Positive,False
Height,continuous,Levofloxacin,ordinal,0.1845,0.5660352309899743,12,WEAK,Positive,False
ALP,binary,ICU.Stay.in.28.Days,continuous,-0.1802,0.5752308097265505,12,WEAK,Negative,False
Age,continuous,ALP,binary,0.1799,0.5759156834532895,12,WEAK,Positive,False
Height,continuous,Cefepime,ordinal,-0.1768,0.582526747247487,12,WEAK,Negative,False
Hospitalization.in.past.6.Months,binary,Cefepime,ordinal,-0.1765,0.5830858586422507,12,WEAK,Negative,False
Cefepime,ordinal,Overall.mortality,binary,-0.1765,0.5830858586422507,12,WEAK,Negative,False
Calcium,binary,Cefepime,ordinal,0.1765,0.5830858586422507,12,WEAK,Positive,False
Inotropes.,binary,Cefepime,ordinal,0.1765,0.5830858586422507,12,WEAK,Positive,False
Any.Viral.Infection,binary,Cefepime,ordinal,0.1765,0.5830858586422507,12,WEAK,Positive,False
BSI.CRO,binary,Total.Hospital.stay.in.28.days,continuous,-0.1762,0.5837677313526408,12,WEAK,Negative,False
Gentamicin,binary,Total.Hospital.stay.in.28.days,continuous,-0.1762,0.5837677313526408,12,WEAK,Negative,False
Creatinine,binary,Total.Hospital.stay.in.28.days,continuous,0.1762,0.5837677313526408,12,WEAK,Positive,False
Other.CRO,binary,Total.Hospital.stay.in.28.days,continuous,-0.1762,0.5837677313526408,12,WEAK,Negative,False
COPD,binary,Total.Hospital.stay.in.28.days,continuous,-0.1762,0.5837677313526408,12,WEAK,Negative,False
P.C.in.vitro,binary,ICU.Stay.in.28.Days,continuous,0.1756,0.5851215415147575,12,WEAK,Positive,False
Endoscopy.in.1.week,binary,ICU.Stay.in.28.Days,continuous,0.1756,0.5851215415147575,12,WEAK,Positive,False
CKD,binary,ICU.Stay.in.28.Days,continuous,0.1756,0.5851215415147575,12,WEAK,Positive,False
Colistin,ordinal,ICU.Stay.in.28.Days,continuous,0.1756,0.5851215415147575,12,WEAK,Positive,False
Meropenem,ordinal,GW.Stay.in.28.Days,continuous,0.1753,0.5857935321427739,12,WEAK,Positive,False
Imipenem,ordinal,GW.Stay.in.28.Days,continuous,0.1753,0.5857935321427739,12,WEAK,Positive,False
CV.Catheter.in.6.Months,binary,GW.Stay.in.28.Days,continuous,-0.1753,0.5857935321427739,12,WEAK,Negative,False
Urinary.Catheter.in.6.Months,binary,GW.Stay.in.28.Days,continuous,-0.1753,0.5857935321427739,12,WEAK,Negative,False
IAI.CRO,binary,GW.Stay.in.28.Days,continuous,-0.1753,0.5857935321427739,12,WEAK,Negative,False
Gentamicin,binary,Carbapenemase,binary,0.1741,0.5884493383159478,12,WEAK,Positive,False
VAP.CRO,binary,Gentamicin,binary,-0.1741,0.5884493383159478,12,WEAK,Negative,False
Endoscopy.in.1.week,binary,Mortality.in.Hospital,binary,-0.1741,0.5884493383159478,12,WEAK,Negative,False
Bil,binary,Gentamicin,binary,-0.1741,0.5884493383159478,12,WEAK,Negative,False
Bil,binary,Colistin,ordinal,-0.1741,0.5884493383159478,12,WEAK,Negative,False
Bil,binary,Z.A.only.E,binary,-0.1741,0.5884493383159478,12,WEAK,Negative,False
Bil,binary,Meropenem,ordinal,0.1741,0.5884493383159478,12,WEAK,Positive,False
Bil,binary,P.C.Z.A.E,binary,-0.1741,0.5884493383159478,12,WEAK,Negative,False
Bil,binary,Creatinine,binary,0.1741,0.5884493383159478,12,WEAK,Positive,False
CAP.CRO,binary,Carbapenemase,binary,0.1741,0.5884493383159478,12,WEAK,Positive,False
VAP.CRO,binary,Creatinine,binary,0.1741,0.5884493383159478,12,WEAK,Positive,False
CAP.CRO,binary,Bil,binary,-0.1741,0.5884493383159478,12,WEAK,Negative,False
VAP.CRO,binary,Relapse.post.28.Day.Discharge,binary,-0.1741,0.5884493383159478,12,WEAK,Negative,False
Bil,binary,Imipenem,ordinal,0.1741,0.5884493383159478,12,WEAK,Positive,False
Gentamicin,binary,Mortality.in.Hospital,binary,-0.1741,0.5884493383159478,12,WEAK,Negative,False
CAP.CRO,binary,Mortality.in.Hospital,binary,-0.1741,0.5884493383159478,12,WEAK,Negative,False
BSI.CRO,binary,Carbapenemase,binary,0.1741,0.5884493383159478,12,WEAK,Positive,False
IAI.CRO,binary,Carbapenemase,binary,0.1741,0.5884493383159478,12,WEAK,Positive,False
IAI.CRO,binary,VAP.CRO,binary,-0.1741,0.5884493383159478,12,WEAK,Negative,False
IAI.CRO,binary,HAP.CRO,binary,-0.1741,0.5884493383159478,12,WEAK,Negative,False
CV.Catheter.in.6.Months,binary,Bil,binary,-0.1741,0.5884493383159478,12,WEAK,Negative,False
DM,binary,Colistin,ordinal,-0.1741,0.5884493383159478,12,WEAK,Negative,False
VIM,binary,HAP.CRO,binary,-0.1741,0.5884493383159478,12,WEAK,Negative,False
DM,binary,Creatinine,binary,0.1741,0.5884493383159478,12,WEAK,Positive,False
COPD,binary,Mortality.in.Hospital,binary,-0.1741,0.5884493383159478,12,WEAK,Negative,False
COPD,binary,Carbapenemase,binary,0.1741,0.5884493383159478,12,WEAK,Positive,False
VIM,binary,Bil,binary,-0.1741,0.5884493383159478,12,WEAK,Negative,False
COPD,binary,Bil,binary,-0.1741,0.5884493383159478,12,WEAK,Negative,False
DM,binary,Meropenem,ordinal,0.1741,0.5884493383159478,12,WEAK,Positive,False
COPD,binary,VAP.CRO,binary,-0.1741,0.5884493383159478,12,WEAK,Negative,False
COPD,binary,HAP.CRO,binary,-0.1741,0.5884493383159478,12,WEAK,Negative,False
Z.A.only.E,binary,Mortality.in.Hospital,binary,-0.1741,0.5884493383159478,12,WEAK,Negative,False
VIM,binary,Carbapenemase,binary,0.1741,0.5884493383159478,12,WEAK,Positive,False
DM,binary,COPD,binary,-0.1741,0.5884493383159478,12,WEAK,Negative,False
DM,binary,IAI.CRO,binary,-0.1741,0.5884493383159478,12,WEAK,Negative,False
Urinary.Catheter.in.6.Months,binary,Bil,binary,-0.1741,0.5884493383159478,12,WEAK,Negative,False
CKD,binary,Carbapenemase,binary,0.1741,0.5884493383159478,12,WEAK,Positive,False
DM,binary,CV.Catheter.in.6.Months,binary,-0.1741,0.5884493383159478,12,WEAK,Negative,False
DM,binary,Urinary.Catheter.in.6.Months,binary,-0.1741,0.5884493383159478,12,WEAK,Negative,False
DM,binary,Other.CRO,binary,-0.1741,0.5884493383159478,12,WEAK,Negative,False
BSI.CRO,binary,Mortality.in.Hospital,binary,-0.1741,0.5884493383159478,12,WEAK,Negative,False
CKD,binary,Mortality.in.Hospital,binary,-0.1741,0.5884493383159478,12,WEAK,Negative,False
Creatinine,binary,Mortality.in.Hospital,binary,0.1741,0.5884493383159478,12,WEAK,Positive,False
Creatinine,binary,Carbapenemase,binary,-0.1741,0.5884493383159478,12,WEAK,Negative,False
DM,binary,CAP.CRO,binary,-0.1741,0.5884493383159478,12,WEAK,Negative,False
VIM,binary,DM,binary,-0.1741,0.5884493383159478,12,WEAK,Negative,False
DM,binary,Imipenem,ordinal,0.1741,0.5884493383159478,12,WEAK,Positive,False
DM,binary,Gentamicin,binary,-0.1741,0.5884493383159478,12,WEAK,Negative,False
DM,binary,Relapse.post.28.Day.Discharge,binary,-0.1741,0.5884493383159478,12,WEAK,Negative,False
Carbapenemase,binary,Relapse.post.28.Day.Discharge,binary,0.1741,0.5884493383159478,12,WEAK,Positive,False
Bil,binary,Relapse.post.28.Day.Discharge,binary,-0.1741,0.5884493383159478,12,WEAK,Negative,False
HAP.CRO,binary,CV.Catheter.in.6.Months,binary,-0.1741,0.5884493383159478,12,WEAK,Negative,False
HAP.CRO,binary,Other.CRO,binary,-0.1741,0.5884493383159478,12,WEAK,Negative,False
HAP.CRO,binary,BSI.CRO,binary,-0.1741,0.5884493383159478,12,WEAK,Negative,False
DM,binary,P.C.Z.A.E,binary,-0.1741,0.5884493383159478,12,WEAK,Negative,False
Other.CRO,binary,Mortality.in.Hospital,binary,-0.1741,0.5884493383159478,12,WEAK,Negative,False
Colistin,ordinal,Mortality.in.Hospital,binary,-0.1741,0.5884493383159478,12,WEAK,Negative,False
HAP.CRO,binary,Creatinine,binary,0.1741,0.5884493383159478,12,WEAK,Positive,False
Colistin,ordinal,Carbapenemase,binary,0.1741,0.5884493383159478,12,WEAK,Positive,False
DM,binary,Z.A.only.E,binary,-0.1741,0.5884493383159478,12,WEAK,Negative,False
Other.CRO,binary,Carbapenemase,binary,0.1741,0.5884493383159478,12,WEAK,Positive,False
P.C.Z.A.E,binary,Mortality.in.Hospital,binary,-0.1741,0.5884493383159478,12,WEAK,Negative,False
P.C.in.vitro,binary,DM,binary,-0.1741,0.5884493383159478,12,WEAK,Negative,False
P.C.in.vitro,binary,HAP.CRO,binary,-0.1741,0.5884493383159478,12,WEAK,Negative,False
HAP.CRO,binary,Z.A.only.E,binary,-0.1741,0.5884493383159478,12,WEAK,Negative,False
HAP.CRO,binary,P.C.Z.A.E,binary,-0.1741,0.5884493383159478,12,WEAK,Negative,False
HAP.CRO,binary,Gentamicin,binary,-0.1741,0.5884493383159478,12,WEAK,Negative,False
HAP.CRO,binary,Colistin,ordinal,-0.1741,0.5884493383159478,12,WEAK,Negative,False
HAP.CRO,binary,Meropenem,ordinal,0.1741,0.5884493383159478,12,WEAK,Positive,False
HAP.CRO,binary,Urinary.Catheter.in.6.Months,binary,-0.1741,0.5884493383159478,12,WEAK,Negative,False
HAP.CRO,binary,Imipenem,ordinal,0.1741,0.5884493383159478,12,WEAK,Positive,False
HAP.CRO,binary,CAP.CRO,binary,-0.1741,0.5884493383159478,12,WEAK,Negative,False
IAI.CRO,binary,Mortality.in.Hospital,binary,-0.1741,0.5884493383159478,12,WEAK,Negative,False
Z.A.only.E,binary,Carbapenemase,binary,0.1741,0.5884493383159478,12,WEAK,Positive,False
VIM,binary,Mortality.in.Hospital,binary,-0.1741,0.5884493383159478,12,WEAK,Negative,False
P.C.in.vitro,binary,Carbapenemase,binary,0.1741,0.5884493383159478,12,WEAK,Positive,False
Endoscopy.in.1.week,binary,Bil,binary,-0.1741,0.5884493383159478,12,WEAK,Negative,False
CKD,binary,Bil,binary,-0.1741,0.5884493383159478,12,WEAK,Negative,False
CKD,binary,VAP.CRO,binary,-0.1741,0.5884493383159478,12,WEAK,Negative,False
P.C.in.vitro,binary,Mortality.in.Hospital,binary,-0.1741,0.5884493383159478,12,WEAK,Negative,False
P.C.in.vitro,binary,Bil,binary,-0.1741,0.5884493383159478,12,WEAK,Negative,False
Endoscopy.in.1.week,binary,Carbapenemase,binary,0.1741,0.5884493383159478,12,WEAK,Positive,False
Other.CRO,binary,Bil,binary,-0.1741,0.5884493383159478,12,WEAK,Negative,False
VAP.CRO,binary,Other.CRO,binary,-0.1741,0.5884493383159478,12,WEAK,Negative,False
VAP.CRO,binary,BSI.CRO,binary,-0.1741,0.5884493383159478,12,WEAK,Negative,False
VAP.CRO,binary,CV.Catheter.in.6.Months,binary,-0.1741,0.5884493383159478,12,WEAK,Negative,False
VAP.CRO,binary,Urinary.Catheter.in.6.Months,binary,-0.1741,0.5884493383159478,12,WEAK,Negative,False
HAP.CRO,binary,Relapse.post.28.Day.Discharge,binary,-0.1741,0.5884493383159478,12,WEAK,Negative,False
VAP.CRO,binary,Endoscopy.in.1.week,binary,-0.1741,0.5884493383159478,12,WEAK,Negative,False
VAP.CRO,binary,CAP.CRO,binary,-0.1741,0.5884493383159478,12,WEAK,Negative,False
VAP.CRO,binary,Imipenem,ordinal,0.1741,0.5884493383159478,12,WEAK,Positive,False
VAP.CRO,binary,Meropenem,ordinal,0.1741,0.5884493383159478,12,WEAK,Positive,False
Mortality.in.Hospital,binary,Relapse.post.28.Day.Discharge,binary,-0.1741,0.5884493383159478,12,WEAK,Negative,False
Inotropes.,binary,SOFA,continuous,0.1729,0.5910213816823916,12,WEAK,Positive,False
Levofloxacin,ordinal,Relapse.post.28.Day.Discharge,binary,0.1725,0.5919125338807709,12,WEAK,Positive,False
CKD,binary,Levofloxacin,ordinal,0.1725,0.5919125338807709,12,WEAK,Positive,False
CKD,binary,Cefoperazone.Sulbactam,ordinal,0.1725,0.5919125338807709,12,WEAK,Positive,False
CAP.CRO,binary,Ceftazidime,ordinal,-0.1725,0.5919125338807709,12,WEAK,Negative,False
CAP.CRO,binary,Cefoperazone.Sulbactam,ordinal,0.1725,0.5919125338807709,12,WEAK,Positive,False
Z.A.only.E,binary,Aztreonam,ordinal,-0.1725,0.5919125338807709,12,WEAK,Negative,False
CAP.CRO,binary,Ciprofloxacin,ordinal,0.1725,0.5919125338807709,12,WEAK,Positive,False
CAP.CRO,binary,Aztreonam,ordinal,-0.1725,0.5919125338807709,12,WEAK,Negative,False
CAP.CRO,binary,Piperacillin.Tazobactam,ordinal,0.1725,0.5919125338807709,12,WEAK,Positive,False
CAP.CRO,binary,Levofloxacin,ordinal,0.1725,0.5919125338807709,12,WEAK,Positive,False
Gentamicin,binary,Piperacillin.Tazobactam,ordinal,0.1725,0.5919125338807709,12,WEAK,Positive,False
Gentamicin,binary,Cefoperazone.Sulbactam,ordinal,0.1725,0.5919125338807709,12,WEAK,Positive,False
Gentamicin,binary,Ceftazidime,ordinal,-0.1725,0.5919125338807709,12,WEAK,Negative,False
CKD,binary,Piperacillin.Tazobactam,ordinal,0.1725,0.5919125338807709,12,WEAK,Positive,False
CKD,binary,Ciprofloxacin,ordinal,0.1725,0.5919125338807709,12,WEAK,Positive,False
CKD,binary,Ceftazidime,ordinal,-0.1725,0.5919125338807709,12,WEAK,Negative,False
Piperacillin.Tazobactam,ordinal,Relapse.post.28.Day.Discharge,binary,0.1725,0.5919125338807709,12,WEAK,Positive,False
Ceftazidime,ordinal,Relapse.post.28.Day.Discharge,binary,-0.1725,0.5919125338807709,12,WEAK,Negative,False
Cefoperazone.Sulbactam,ordinal,Relapse.post.28.Day.Discharge,binary,0.1725,0.5919125338807709,12,WEAK,Positive,False
Age,continuous,GW.Stay.in.28.Days,continuous,0.1725,0.5918092969739429,12,WEAK,Positive,False
Ciprofloxacin,ordinal,Gentamicin,binary,0.1725,0.5919125338807709,12,WEAK,Positive,False
Endoscopy.in.1.week,binary,Ceftazidime,ordinal,-0.1725,0.5919125338807709,12,WEAK,Negative,False
Endoscopy.in.1.week,binary,Cefoperazone.Sulbactam,ordinal,0.1725,0.5919125338807709,12,WEAK,Positive,False
COPD,binary,Ciprofloxacin,ordinal,0.1725,0.5919125338807709,12,WEAK,Positive,False
Creatinine,binary,Ceftazidime,ordinal,0.1725,0.5919125338807709,12,WEAK,Positive,False
P.C.Z.A.E,binary,Ceftazidime,ordinal,-0.1725,0.5919125338807709,12,WEAK,Negative,False
P.C.Z.A.E,binary,Piperacillin.Tazobactam,ordinal,0.1725,0.5919125338807709,12,WEAK,Positive,False
BSI.CRO,binary,Piperacillin.Tazobactam,ordinal,0.1725,0.5919125338807709,12,WEAK,Positive,False
BSI.CRO,binary,Ceftazidime,ordinal,-0.1725,0.5919125338807709,12,WEAK,Negative,False
BSI.CRO,binary,Levofloxacin,ordinal,0.1725,0.5919125338807709,12,WEAK,Positive,False
BSI.CRO,binary,Cefoperazone.Sulbactam,ordinal,0.1725,0.5919125338807709,12,WEAK,Positive,False
P.C.Z.A.E,binary,Levofloxacin,ordinal,0.1725,0.5919125338807709,12,WEAK,Positive,False
P.C.Z.A.E,binary,Cefoperazone.Sulbactam,ordinal,0.1725,0.5919125338807709,12,WEAK,Positive,False
P.C.Z.A.E,binary,Ciprofloxacin,ordinal,0.1725,0.5919125338807709,12,WEAK,Positive,False
Creatinine,binary,Piperacillin.Tazobactam,ordinal,-0.1725,0.5919125338807709,12,WEAK,Negative,False
Endoscopy.in.1.week,binary,Aztreonam,ordinal,-0.1725,0.5919125338807709,12,WEAK,Negative,False
Other.CRO,binary,Piperacillin.Tazobactam,ordinal,0.1725,0.5919125338807709,12,WEAK,Positive,False
Colistin,ordinal,Levofloxacin,ordinal,0.1725,0.5919125338807709,12,WEAK,Positive,False
Colistin,ordinal,Piperacillin.Tazobactam,ordinal,0.1725,0.5919125338807709,12,WEAK,Positive,False
Colistin,ordinal,Ceftazidime,ordinal,-0.1725,0.5919125338807709,12,WEAK,Negative,False
Colistin,ordinal,Cefoperazone.Sulbactam,ordinal,0.1725,0.5919125338807709,12,WEAK,Positive,False
Endoscopy.in.1.week,binary,Piperacillin.Tazobactam,ordinal,0.1725,0.5919125338807709,12,WEAK,Positive,False
CKD,binary,Aztreonam,ordinal,-0.1725,0.5919125338807709,12,WEAK,Negative,False
Creatinine,binary,Aztreonam,ordinal,0.1725,0.5919125338807709,12,WEAK,Positive,False
Creatinine,binary,Ciprofloxacin,ordinal,-0.1725,0.5919125338807709,12,WEAK,Negative,False
BSI.CRO,binary,Aztreonam,ordinal,-0.1725,0.5919125338807709,12,WEAK,Negative,False
BSI.CRO,binary,Ciprofloxacin,ordinal,0.1725,0.5919125338807709,12,WEAK,Positive,False
IAI.CRO,binary,Aztreonam,ordinal,-0.1725,0.5919125338807709,12,WEAK,Negative,False
Creatinine,binary,Cefoperazone.Sulbactam,ordinal,-0.1725,0.5919125338807709,12,WEAK,Negative,False
Ciprofloxacin,ordinal,Relapse.post.28.Day.Discharge,binary,0.1725,0.5919125338807709,12,WEAK,Positive,False
Other.CRO,binary,Ceftazidime,ordinal,-0.1725,0.5919125338807709,12,WEAK,Negative,False
Other.CRO,binary,Cefoperazone.Sulbactam,ordinal,0.1725,0.5919125338807709,12,WEAK,Positive,False
Other.CRO,binary,Ciprofloxacin,ordinal,0.1725,0.5919125338807709,12,WEAK,Positive,False
Endoscopy.in.1.week,binary,Ciprofloxacin,ordinal,0.1725,0.5919125338807709,12,WEAK,Positive,False
Endoscopy.in.1.week,binary,Levofloxacin,ordinal,0.1725,0.5919125338807709,12,WEAK,Positive,False
P.C.in.vitro,binary,Levofloxacin,ordinal,0.1725,0.5919125338807709,12,WEAK,Positive,False
P.C.in.vitro,binary,Cefoperazone.Sulbactam,ordinal,0.1725,0.5919125338807709,12,WEAK,Positive,False
Ciprofloxacin,ordinal,Colistin,ordinal,0.1725,0.5919125338807709,12,WEAK,Positive,False
Aztreonam,ordinal,Relapse.post.28.Day.Discharge,binary,-0.1725,0.5919125338807709,12,WEAK,Negative,False
Aztreonam,ordinal,Gentamicin,binary,-0.1725,0.5919125338807709,12,WEAK,Negative,False
Aztreonam,ordinal,Colistin,ordinal,-0.1725,0.5919125338807709,12,WEAK,Negative,False
COPD,binary,Piperacillin.Tazobactam,ordinal,0.1725,0.5919125338807709,12,WEAK,Positive,False
COPD,binary,Ceftazidime,ordinal,-0.1725,0.5919125338807709,12,WEAK,Negative,False
COPD,binary,Cefoperazone.Sulbactam,ordinal,0.1725,0.5919125338807709,12,WEAK,Positive,False
VIM,binary,Piperacillin.Tazobactam,ordinal,0.1725,0.5919125338807709,12,WEAK,Positive,False
P.C.in.vitro,binary,Piperacillin.Tazobactam,ordinal,0.1725,0.5919125338807709,12,WEAK,Positive,False
P.C.in.vitro,binary,Ceftazidime,ordinal,-0.1725,0.5919125338807709,12,WEAK,Negative,False
VIM,binary,Ceftazidime,ordinal,-0.1725,0.5919125338807709,12,WEAK,Negative,False
VIM,binary,Cefoperazone.Sulbactam,ordinal,0.1725,0.5919125338807709,12,WEAK,Positive,False
P.C.in.vitro,binary,Aztreonam,ordinal,-0.1725,0.5919125338807709,12,WEAK,Negative,False
P.C.in.vitro,binary,Ciprofloxacin,ordinal,0.1725,0.5919125338807709,12,WEAK,Positive,False
Other.CRO,binary,Aztreonam,ordinal,-0.1725,0.5919125338807709,12,WEAK,Negative,False
IAI.CRO,binary,Ceftazidime,ordinal,-0.1725,0.5919125338807709,12,WEAK,Negative,False
Z.A.only.E,binary,Levofloxacin,ordinal,0.1725,0.5919125338807709,12,WEAK,Positive,False
Z.A.only.E,binary,Ciprofloxacin,ordinal,0.1725,0.5919125338807709,12,WEAK,Positive,False
Z.A.only.E,binary,Ceftazidime,ordinal,-0.1725,0.5919125338807709,12,WEAK,Negative,False
Z.A.only.E,binary,Piperacillin.Tazobactam,ordinal,0.1725,0.5919125338807709,12,WEAK,Positive,False
Z.A.only.E,binary,Cefoperazone.Sulbactam,ordinal,0.1725,0.5919125338807709,12,WEAK,Positive,False
VIM,binary,Levofloxacin,ordinal,0.1725,0.5919125338807709,12,WEAK,Positive,False
VIM,binary,Ciprofloxacin,ordinal,0.1725,0.5919125338807709,12,WEAK,Positive,False
VIM,binary,Aztreonam,ordinal,-0.1725,0.5919125338807709,12,WEAK,Negative,False
COPD,binary,Aztreonam,ordinal,-0.1725,0.5919125338807709,12,WEAK,Negative,False
SGOT,binary,GW.Stay.in.28.Days,continuous,-0.172,0.5930183563993329,12,WEAK,Negative,False
Age,continuous,SGOT,binary,-0.172,0.5930183563993329,12,WEAK,Negative,False
Age,continuous,Immunosuppressive.drugs.in.1.week,binary,-0.172,0.5930183563993329,12,WEAK,Negative,False
Weight,continuous,Magnesium,binary,0.1714,0.594333596405789,12,WEAK,Positive,False
Weight,continuous,P.C.only.T,binary,-0.1714,0.594333596405789,12,WEAK,Negative,False
Hypothyroidism,binary,Ceftazidime,ordinal,0.1706,0.5961214826830777,12,WEAK,Positive,False
Overall.organ.support,binary,Cefoperazone.Sulbactam,ordinal,0.1706,0.5961214826830777,12,WEAK,Positive,False
Lympho,binary,Ciprofloxacin,ordinal,0.1706,0.5961214826830777,12,WEAK,Positive,False
Female,binary,Ceftazidime,ordinal,0.1706,0.5961214826830777,12,WEAK,Positive,False
Lympho,binary,Piperacillin.Tazobactam,ordinal,0.1706,0.5961214826830777,12,WEAK,Positive,False
Male,binary,Ceftazidime,ordinal,-0.1706,0.5961214826830777,12,WEAK,Negative,False
Any.Viral.Infection,binary,Platelet,binary,-0.169,0.599470310654575,12,WEAK,Negative,False
Any.Viral.Infection,binary,SGPT,binary,0.169,0.599470310654575,12,WEAK,Positive,False
SGPT,binary,P.C.only.T,binary,0.169,0.599470310654575,12,WEAK,Positive,False
NDM,binary,TLC,binary,-0.169,0.599470310654575,12,WEAK,Negative,False
TLC,binary,SGOT,binary,-0.169,0.599470310654575,12,WEAK,Negative,False
SGPT,binary,Sodium,binary,-0.169,0.599470310654575,12,WEAK,Negative,False
Inotropes.,binary,Amikacin,ordinal,0.169,0.599470310654575,12,WEAK,Positive,False
Cefepime,ordinal,ICU.Stay.in.28.Days,continuous,0.169,0.599582716460798,12,WEAK,Positive,False
Solid.Organ,binary,TLC,binary,-0.169,0.599470310654575,12,WEAK,Negative,False
NDM,binary,Amikacin,ordinal,0.169,0.599470310654575,12,WEAK,Positive,False
NDM,binary,Platelet,binary,-0.169,0.599470310654575,12,WEAK,Negative,False
NDM,binary,SGPT,binary,-0.169,0.599470310654575,12,WEAK,Negative,False
Sodium,binary,Amikacin,ordinal,-0.169,0.599470310654575,12,WEAK,Negative,False
Platelet,binary,Overall.mortality,binary,-0.169,0.599470310654575,12,WEAK,Negative,False
Solid.Organ,binary,Platelet,binary,0.169,0.599470310654575,12,WEAK,Positive,False
Solid.Organ,binary,SGPT,binary,0.169,0.599470310654575,12,WEAK,Positive,False
Immunosuppressive.drugs.in.1.week,binary,SGPT,binary,-0.169,0.599470310654575,12,WEAK,Negative,False
Inotropes.,binary,TLC,binary,-0.169,0.599470310654575,12,WEAK,Negative,False
Immunosuppressive.drugs.in.1.week,binary,Platelet,binary,0.169,0.599470310654575,12,WEAK,Positive,False
SGPT,binary,Overall.mortality,binary,-0.169,0.599470310654575,12,WEAK,Negative,False
Any.Fungal.Infection,binary,Amikacin,ordinal,0.169,0.599470310654575,12,WEAK,Positive,False
Amikacin,ordinal,Overall.mortality,binary,-0.169,0.599470310654575,12,WEAK,Negative,False
Any.Fungal.Infection,binary,TLC,binary,0.169,0.599470310654575,12,WEAK,Positive,False
Any.Fungal.Infection,binary,SGPT,binary,-0.169,0.599470310654575,12,WEAK,Negative,False
Any.Viral.Infection,binary,Amikacin,ordinal,0.169,0.599470310654575,12,WEAK,Positive,False
Immunosuppressive.drugs.in.1.week,binary,TLC,binary,0.169,0.599470310654575,12,WEAK,Positive,False
Platelet,binary,Magnesium,binary,-0.169,0.599470310654575,12,WEAK,Negative,False
Calcium,binary,Amikacin,ordinal,0.169,0.599470310654575,12,WEAK,Positive,False
Immunosuppressive.drugs.in.1.week,binary,Amikacin,ordinal,0.169,0.599470310654575,12,WEAK,Positive,False
Inotropes.,binary,Platelet,binary,-0.169,0.599470310654575,12,WEAK,Negative,False
P.C.only.T,binary,Amikacin,ordinal,0.169,0.599470310654575,12,WEAK,Positive,False
Hospitalization.in.past.6.Months,binary,Platelet,binary,0.169,0.599470310654575,12,WEAK,Positive,False
Hospitalization.in.past.6.Months,binary,TLC,binary,-0.169,0.599470310654575,12,WEAK,Negative,False
Hospitalization.in.past.6.Months,binary,Amikacin,ordinal,-0.169,0.599470310654575,12,WEAK,Negative,False
Hospitalization.in.past.6.Months,binary,SGPT,binary,-0.169,0.599470310654575,12,WEAK,Negative,False
TLC,binary,Sodium,binary,-0.169,0.599470310654575,12,WEAK,Negative,False
TLC,binary,Magnesium,binary,-0.169,0.599470310654575,12,WEAK,Negative,False
Any.Fungal.Infection,binary,Platelet,binary,-0.169,0.599470310654575,12,WEAK,Negative,False
Magnesium,binary,Amikacin,ordinal,-0.169,0.599470310654575,12,WEAK,Negative,False
TLC,binary,P.C.only.T,binary,0.169,0.599470310654575,12,WEAK,Positive,False
ICU.Stay.in.28.Days,continuous,Mortality.in.Hospital,binary,0.1681,0.6014401984512231,12,WEAK,Positive,False
Neutropenia,binary,Total.Hospital.stay.in.28.days,continuous,0.1634,0.6119202779690845,12,WEAK,Positive,False
Immunosuppressive.drugs.in.1.week,binary,Piperacillin.Tazobactam,ordinal,0.1612,0.6168024876136303,12,WEAK,Positive,False
Sodium,binary,Ciprofloxacin,ordinal,-0.1612,0.6168024876136303,12,WEAK,Negative,False
Solid.Organ,binary,Ceftazidime,ordinal,0.1612,0.6168024876136303,12,WEAK,Positive,False
Immunosuppressive.drugs.in.1.week,binary,Ciprofloxacin,ordinal,0.1612,0.6168024876136303,12,WEAK,Positive,False
Sodium,binary,Piperacillin.Tazobactam,ordinal,-0.1612,0.6168024876136303,12,WEAK,Negative,False
Magnesium,binary,Piperacillin.Tazobactam,ordinal,0.1612,0.6168024876136303,12,WEAK,Positive,False
P.C.only.T,binary,Piperacillin.Tazobactam,ordinal,0.1612,0.6168024876136303,12,WEAK,Positive,False
Magnesium,binary,Ciprofloxacin,ordinal,0.1612,0.6168024876136303,12,WEAK,Positive,False
P.C.only.T,binary,Ciprofloxacin,ordinal,0.1612,0.6168024876136303,12,WEAK,Positive,False
P.C.only.T,binary,Levofloxacin,ordinal,0.1612,0.6168024876136303,12,WEAK,Positive,False
Platelet,binary,Ciprofloxacin,ordinal,-0.1589,0.6218029783672471,12,WEAK,Negative,False
TLC,binary,Ciprofloxacin,ordinal,0.1589,0.6218029783672471,12,WEAK,Positive,False
Platelet,binary,Levofloxacin,ordinal,-0.1589,0.6218029783672471,12,WEAK,Negative,False
Platelet,binary,Piperacillin.Tazobactam,ordinal,-0.1589,0.6218029783672471,12,WEAK,Negative,False
TLC,binary,Piperacillin.Tazobactam,ordinal,0.1589,0.6218029783672471,12,WEAK,Positive,False
SGPT,binary,Ceftazidime,ordinal,0.1589,0.6218029783672471,12,WEAK,Positive,False
TLC,binary,Levofloxacin,ordinal,-0.1589,0.6218029783672471,12,WEAK,Negative,False
SGPT,binary,Cefoperazone.Sulbactam,ordinal,-0.1589,0.6218029783672471,12,WEAK,Negative,False
Hemat.Malignancy,binary,Z.A.only.T,binary,0.1581,0.623573521505144,12,WEAK,Positive,False
Neutropenia,binary,Urea,binary,-0.1581,0.623573521505144,12,WEAK,Negative,False
Neutropenia,binary,Potassium,binary,0.1581,0.623573521505144,12,WEAK,Positive,False
Hypothyroidism,binary,P.C.only.E,binary,0.1581,0.623573521505144,12,WEAK,Positive,False
Overall.organ.support,binary,ANC,binary,0.1581,0.623573521505144,12,WEAK,Positive,False
Female,binary,Surgery.in.last.3.Months,binary,0.1581,0.623573521505144,12,WEAK,Positive,False
Potassium,binary,Mortality.post.28.Day.Discharge,binary,0.1581,0.623573521505144,12,WEAK,Positive,False
Ventilation,binary,Mortality.post.28.Day.Discharge,binary,-0.1581,0.623573521505144,12,WEAK,Negative,False
Past.CREPA.infection,binary,ANC,binary,-0.1581,0.623573521505144,12,WEAK,Negative,False
Z.A.only.T,binary,Clinical.improvement,binary,-0.1581,0.623573521505144,12,WEAK,Negative,False
Clinical.improvement,binary,Mortality.post.28.Day.Discharge,binary,-0.1581,0.623573521505144,12,WEAK,Negative,False
Lympho,binary,Clinical.improvement,binary,0.1581,0.623573521505144,12,WEAK,Positive,False
Lympho,binary,ALP,binary,-0.1581,0.623573521505144,12,WEAK,Negative,False
UTI.CRO,binary,ALP,binary,0.1581,0.623573521505144,12,WEAK,Positive,False
Male,binary,Surgery.in.last.3.Months,binary,-0.1581,0.623573521505144,12,WEAK,Negative,False
ANC,binary,Mortality.post.28.Day.Discharge,binary,-0.1581,0.623573521505144,12,WEAK,Negative,False
Male,binary,Hemat.Malignancy,binary,-0.1581,0.623573521505144,12,WEAK,Negative,False
Past.CREPA.infection,binary,Potassium,binary,0.1581,0.623573521505144,12,WEAK,Positive,False
Past.CREPA.infection,binary,ALP,binary,0.1581,0.623573521505144,12,WEAK,Positive,False
HTN,binary,Mortality.post.28.Day.Discharge,binary,-0.1581,0.623573521505144,12,WEAK,Negative,False
Past.CREPA.infection,binary,Urea,binary,-0.1581,0.623573521505144,12,WEAK,Negative,False
Urea,binary,Mortality.post.28.Day.Discharge,binary,-0.1581,0.623573521505144,12,WEAK,Negative,False
Female,binary,Clinical.improvement,binary,-0.1581,0.623573521505144,12,WEAK,Negative,False
Z.A.invitro,binary,Surgery.in.last.3.Months,binary,0.1581,0.623573521505144,12,WEAK,Positive,False
Z.A.invitro,binary,ANC,binary,-0.1581,0.623573521505144,12,WEAK,Negative,False
Hypothyroidism,binary,Potassium,binary,0.1581,0.623573521505144,12,WEAK,Positive,False
ANC,binary,Lympho,binary,0.1581,0.623573521505144,12,WEAK,Positive,False
ANC,binary,Z.A.only.T,binary,-0.1581,0.623573521505144,12,WEAK,Negative,False
UTI.CRO,binary,ANC,binary,-0.1581,0.623573521505144,12,WEAK,Negative,False
ANC,binary,P.C.Z.A.T,binary,-0.1581,0.623573521505144,12,WEAK,Negative,False
UTI.CRO,binary,Hemat.Malignancy,binary,0.1581,0.623573521505144,12,WEAK,Positive,False
Male,binary,HTN,binary,0.1581,0.623573521505144,12,WEAK,Positive,False
Ventilation,binary,Total.Protein,binary,0.1581,0.623573521505144,12,WEAK,Positive,False
ALP,binary,Mortality.post.28.Day.Discharge,binary,0.1581,0.623573521505144,12,WEAK,Positive,False
UTI.CRO,binary,Ventilation,binary,-0.1581,0.623573521505144,12,WEAK,Negative,False
ALP,binary,P.C.Z.A.T,binary,0.1581,0.623573521505144,12,WEAK,Positive,False
Past.CREPA.infection,binary,Clinical.improvement,binary,-0.1581,0.623573521505144,12,WEAK,Negative,False
Hypothyroidism,binary,Hemat.Malignancy,binary,0.1581,0.623573521505144,12,WEAK,Positive,False
Hypothyroidism,binary,ANC,binary,-0.1581,0.623573521505144,12,WEAK,Negative,False
Past.CREPA.infection,binary,P.C.only.E,binary,0.1581,0.623573521505144,12,WEAK,Positive,False
Hypothyroidism,binary,Ventilation,binary,-0.1581,0.623573521505144,12,WEAK,Negative,False
Globulin,binary,Z.A.only.T,binary,-0.1581,0.623573521505144,12,WEAK,Negative,False
Hypothyroidism,binary,Globulin,binary,-0.1581,0.623573521505144,12,WEAK,Negative,False
Surgery.in.last.3.Months,binary,Past.CREPA.infection,binary,0.1581,0.623573521505144,12,WEAK,Positive,False
Surgery.in.last.3.Months,binary,Overall.organ.support,binary,-0.1581,0.623573521505144,12,WEAK,Negative,False
Past.CREPA.infection,binary,Ventilation,binary,-0.1581,0.623573521505144,12,WEAK,Negative,False
Surgery.in.last.3.Months,binary,Mortality.post.28.Day.Discharge,binary,0.1581,0.623573521505144,12,WEAK,Positive,False
Surgery.in.last.3.Months,binary,Lympho,binary,-0.1581,0.623573521505144,12,WEAK,Negative,False
Surgery.in.last.3.Months,binary,P.C.Z.A.T,binary,0.1581,0.623573521505144,12,WEAK,Positive,False
HTN,binary,Z.A.only.T,binary,-0.1581,0.623573521505144,12,WEAK,Negative,False
HTN,binary,Lympho,binary,0.1581,0.623573521505144,12,WEAK,Positive,False
Female,binary,HTN,binary,-0.1581,0.623573521505144,12,WEAK,Negative,False
HTN,binary,Neutropenia,binary,-0.1581,0.623573521505144,12,WEAK,Negative,False
Potassium,binary,P.C.Z.A.T,binary,0.1581,0.623573521505144,12,WEAK,Positive,False
P.C.only.E,binary,Mortality.post.28.Day.Discharge,binary,0.1581,0.623573521505144,12,WEAK,Positive,False
Neutropenia,binary,Clinical.improvement,binary,-0.1581,0.623573521505144,12,WEAK,Negative,False
Female,binary,Hemat.Malignancy,binary,0.1581,0.623573521505144,12,WEAK,Positive,False
Male,binary,Clinical.improvement,binary,0.1581,0.623573521505144,12,WEAK,Positive,False
Overall.organ.support,binary,ALP,binary,-0.1581,0.623573521505144,12,WEAK,Negative,False
Overall.organ.support,binary,P.C.only.E,binary,-0.1581,0.623573521505144,12,WEAK,Negative,False
Ventilation,binary,Albumin,binary,0.1581,0.623573521505144,12,WEAK,Positive,False
Z.A.invitro,binary,Potassium,binary,0.1581,0.623573521505144,12,WEAK,Positive,False
HTN,binary,Past.CREPA.infection,binary,-0.1581,0.623573521505144,12,WEAK,Negative,False
Urea,binary,Z.A.only.T,binary,-0.1581,0.623573521505144,12,WEAK,Negative,False
Z.A.invitro,binary,ALP,binary,0.1581,0.623573521505144,12,WEAK,Positive,False
APACHEII,continuous,ICU.Stay.in.28.Days,continuous,0.1547,0.6312730257200395,12,WEAK,Positive,False
Age,continuous,Urea,binary,0.1542,0.6323723575701704,12,WEAK,Positive,False
Hemat.Malignancy,binary,GW.Stay.in.28.Days,continuous,0.1542,0.6323723575701704,12,WEAK,Positive,False
Weight,continuous,Clinical.improvement,binary,-0.1536,0.633579752501222,12,WEAK,Negative,False
APACHEII,continuous,ALP,binary,0.1536,0.633579752501222,12,WEAK,Positive,False
Weight,continuous,HTN,binary,-0.1536,0.633579752501222,12,WEAK,Negative,False
Weight,continuous,Potassium,binary,0.1536,0.633579752501222,12,WEAK,Positive,False
APACHEII,continuous,ANC,binary,-0.1536,0.633579752501222,12,WEAK,Negative,False
Weight,continuous,Globulin,binary,-0.1536,0.633579752501222,12,WEAK,Negative,False
Sodium,binary,GW.Stay.in.28.Days,continuous,0.1474,0.6475350394496405,12,WEAK,Positive,False
Bil,binary,Ceftazidime,ordinal,0.1468,0.6489264793302892,12,WEAK,Positive,False
Levofloxacin,ordinal,Carbapenemase,binary,0.1468,0.6489264793302892,12,WEAK,Positive,False
Bil,binary,Levofloxacin,ordinal,-0.1468,0.6489264793302892,12,WEAK,Negative,False
Levofloxacin,ordinal,Mortality.in.Hospital,binary,-0.1468,0.6489264793302892,12,WEAK,Negative,False
HAP.CRO,binary,Cefoperazone.Sulbactam,ordinal,-0.1468,0.6489264793302892,12,WEAK,Negative,False
DM,binary,GW.Stay.in.28.Days,continuous,-0.1399,0.6646253851862981,12,WEAK,Negative,False
Female,binary,Creatinine,binary,0.1348,0.6760811849183087,12,WEAK,Positive,False
Z.A.only.E,binary,P.C.Z.A.T,binary,-0.1348,0.6760811849183087,12,WEAK,Negative,False
Gentamicin,binary,Mortality.post.28.Day.Discharge,binary,-0.1348,0.6760811849183087,12,WEAK,Negative,False
Female,binary,CKD,binary,-0.1348,0.6760811849183087,12,WEAK,Negative,False
Female,binary,COPD,binary,-0.1348,0.6760811849183087,12,WEAK,Negative,False
Female,binary,IAI.CRO,binary,-0.1348,0.6760811849183087,12,WEAK,Negative,False
Overall.organ.support,binary,Colistin,ordinal,0.1348,0.6760811849183087,12,WEAK,Positive,False
Overall.organ.support,binary,Z.A.only.E,binary,0.1348,0.6760811849183087,12,WEAK,Positive,False
Male,binary,CV.Catheter.in.6.Months,binary,0.1348,0.6760811849183087,12,WEAK,Positive,False
Female,binary,Relapse.post.28.Day.Discharge,binary,-0.1348,0.6760811849183087,12,WEAK,Negative,False
Male,binary,Imipenem,ordinal,-0.1348,0.6760811849183087,12,WEAK,Negative,False
Imipenem,ordinal,Mortality.post.28.Day.Discharge,binary,0.1348,0.6760811849183087,12,WEAK,Positive,False
Male,binary,Relapse.post.28.Day.Discharge,binary,0.1348,0.6760811849183087,12,WEAK,Positive,False
Male,binary,IAI.CRO,binary,0.1348,0.6760811849183087,12,WEAK,Positive,False
Male,binary,Creatinine,binary,-0.1348,0.6760811849183087,12,WEAK,Negative,False
COPD,binary,Mortality.post.28.Day.Discharge,binary,-0.1348,0.6760811849183087,12,WEAK,Negative,False
Hypothyroidism,binary,IAI.CRO,binary,-0.1348,0.6760811849183087,12,WEAK,Negative,False
CAP.CRO,binary,Albumin,binary,0.1348,0.6760811849183087,12,WEAK,Positive,False
Male,binary,P.C.Z.A.E,binary,0.1348,0.6760811849183087,12,WEAK,Positive,False
CAP.CRO,binary,Total.Protein,binary,0.1348,0.6760811849183087,12,WEAK,Positive,False
BSI.CRO,binary,Lympho,binary,0.1348,0.6760811849183087,12,WEAK,Positive,False
Overall.organ.support,binary,P.C.Z.A.E,binary,0.1348,0.6760811849183087,12,WEAK,Positive,False
Female,binary,CAP.CRO,binary,-0.1348,0.6760811849183087,12,WEAK,Negative,False
Female,binary,BSI.CRO,binary,-0.1348,0.6760811849183087,12,WEAK,Negative,False
Male,binary,Meropenem,ordinal,-0.1348,0.6760811849183087,12,WEAK,Negative,False
CAP.CRO,binary,Overall.organ.support,binary,0.1348,0.6760811849183087,12,WEAK,Positive,False
CAP.CRO,binary,Neutropenia,binary,-0.1348,0.6760811849183087,12,WEAK,Negative,False
Lympho,binary,Imipenem,ordinal,-0.1348,0.6760811849183087,12,WEAK,Negative,False
Lympho,binary,Gentamicin,binary,0.1348,0.6760811849183087,12,WEAK,Positive,False
Other.CRO,binary,Total.Protein,binary,0.1348,0.6760811849183087,12,WEAK,Positive,False
P.C.Z.A.E,binary,P.C.Z.A.T,binary,-0.1348,0.6760811849183087,12,WEAK,Negative,False
Creatinine,binary,Mortality.post.28.Day.Discharge,binary,0.1348,0.6760811849183087,12,WEAK,Positive,False
P.C.Z.A.E,binary,Mortality.post.28.Day.Discharge,binary,-0.1348,0.6760811849183087,12,WEAK,Negative,False
BSI.CRO,binary,Overall.organ.support,binary,0.1348,0.6760811849183087,12,WEAK,Positive,False
CV.Catheter.in.6.Months,binary,Z.A.only.T,binary,-0.1348,0.6760811849183087,12,WEAK,Negative,False
P.C.in.vitro,binary,Hypothyroidism,binary,-0.1348,0.6760811849183087,12,WEAK,Negative,False
P.C.Z.A.E,binary,Z.A.only.T,binary,-0.1348,0.6760811849183087,12,WEAK,Negative,False
Urinary.Catheter.in.6.Months,binary,P.C.Z.A.T,binary,-0.1348,0.6760811849183087,12,WEAK,Negative,False
P.C.in.vitro,binary,UTI.CRO,binary,-0.1348,0.6760811849183087,12,WEAK,Negative,False
Urinary.Catheter.in.6.Months,binary,Z.A.only.T,binary,-0.1348,0.6760811849183087,12,WEAK,Negative,False
Past.CREPA.infection,binary,Z.A.only.E,binary,-0.1348,0.6760811849183087,12,WEAK,Negative,False
Past.CREPA.infection,binary,Colistin,ordinal,-0.1348,0.6760811849183087,12,WEAK,Negative,False
Female,binary,CV.Catheter.in.6.Months,binary,-0.1348,0.6760811849183087,12,WEAK,Negative,False
Z.A.only.T,binary,Colistin,ordinal,-0.1348,0.6760811849183087,12,WEAK,Negative,False
VIM,binary,Z.A.invitro,binary,-0.1348,0.6760811849183087,12,WEAK,Negative,False
VIM,binary,Lympho,binary,0.1348,0.6760811849183087,12,WEAK,Positive,False
Endoscopy.in.1.week,binary,Lympho,binary,0.1348,0.6760811849183087,12,WEAK,Positive,False
Hypothyroidism,binary,Endoscopy.in.1.week,binary,-0.1348,0.6760811849183087,12,WEAK,Negative,False
P.C.in.vitro,binary,Mortality.post.28.Day.Discharge,binary,-0.1348,0.6760811849183087,12,WEAK,Negative,False
Z.A.invitro,binary,COPD,binary,-0.1348,0.6760811849183087,12,WEAK,Negative,False
COPD,binary,Total.Protein,binary,0.1348,0.6760811849183087,12,WEAK,Positive,False
Z.A.invitro,binary,Urinary.Catheter.in.6.Months,binary,-0.1348,0.6760811849183087,12,WEAK,Negative,False
Past.CREPA.infection,binary,Gentamicin,binary,-0.1348,0.6760811849183087,12,WEAK,Negative,False
Past.CREPA.infection,binary,Imipenem,ordinal,0.1348,0.6760811849183087,12,WEAK,Positive,False
Past.CREPA.infection,binary,Meropenem,ordinal,0.1348,0.6760811849183087,12,WEAK,Positive,False
Past.CREPA.infection,binary,P.C.Z.A.E,binary,-0.1348,0.6760811849183087,12,WEAK,Negative,False
Hypothyroidism,binary,Urinary.Catheter.in.6.Months,binary,-0.1348,0.6760811849183087,12,WEAK,Negative,False
Total.Protein,binary,Colistin,ordinal,0.1348,0.6760811849183087,12,WEAK,Positive,False
BSI.CRO,binary,Past.CREPA.infection,binary,-0.1348,0.6760811849183087,12,WEAK,Negative,False
Endoscopy.in.1.week,binary,Albumin,binary,0.1348,0.6760811849183087,12,WEAK,Positive,False
Endoscopy.in.1.week,binary,Total.Protein,binary,0.1348,0.6760811849183087,12,WEAK,Positive,False
COPD,binary,Neutropenia,binary,-0.1348,0.6760811849183087,12,WEAK,Negative,False
COPD,binary,Past.CREPA.infection,binary,-0.1348,0.6760811849183087,12,WEAK,Negative,False
COPD,binary,Lympho,binary,0.1348,0.6760811849183087,12,WEAK,Positive,False
COPD,binary,Albumin,binary,0.1348,0.6760811849183087,12,WEAK,Positive,False
VIM,binary,UTI.CRO,binary,-0.1348,0.6760811849183087,12,WEAK,Negative,False
COPD,binary,Hypothyroidism,binary,-0.1348,0.6760811849183087,12,WEAK,Negative,False
COPD,binary,UTI.CRO,binary,-0.1348,0.6760811849183087,12,WEAK,Negative,False
Creatinine,binary,P.C.Z.A.T,binary,0.1348,0.6760811849183087,12,WEAK,Positive,False
COPD,binary,P.C.Z.A.T,binary,-0.1348,0.6760811849183087,12,WEAK,Negative,False
P.C.in.vitro,binary,Overall.organ.support,binary,0.1348,0.6760811849183087,12,WEAK,Positive,False
P.C.in.vitro,binary,Z.A.only.T,binary,-0.1348,0.6760811849183087,12,WEAK,Negative,False
P.C.in.vitro,binary,Total.Protein,binary,0.1348,0.6760811849183087,12,WEAK,Positive,False
P.C.in.vitro,binary,Past.CREPA.infection,binary,-0.1348,0.6760811849183087,12,WEAK,Negative,False
VIM,binary,Hypothyroidism,binary,-0.1348,0.6760811849183087,12,WEAK,Negative,False
UTI.CRO,binary,IAI.CRO,binary,-0.1348,0.6760811849183087,12,WEAK,Negative,False
P.C.Z.A.T,binary,Relapse.post.28.Day.Discharge,binary,-0.1348,0.6760811849183087,12,WEAK,Negative,False
VIM,binary,Past.CREPA.infection,binary,-0.1348,0.6760811849183087,12,WEAK,Negative,False
VIM,binary,Overall.organ.support,binary,0.1348,0.6760811849183087,12,WEAK,Positive,False
VIM,binary,Neutropenia,binary,-0.1348,0.6760811849183087,12,WEAK,Negative,False
UTI.CRO,binary,BSI.CRO,binary,-0.1348,0.6760811849183087,12,WEAK,Negative,False
UTI.CRO,binary,Other.CRO,binary,-0.1348,0.6760811849183087,12,WEAK,Negative,False
UTI.CRO,binary,Endoscopy.in.1.week,binary,-0.1348,0.6760811849183087,12,WEAK,Negative,False
Hypothyroidism,binary,BSI.CRO,binary,-0.1348,0.6760811849183087,12,WEAK,Negative,False
Hypothyroidism,binary,Other.CRO,binary,-0.1348,0.6760811849183087,12,WEAK,Negative,False
P.C.in.vitro,binary,Neutropenia,binary,-0.1348,0.6760811849183087,12,WEAK,Negative,False
Overall.organ.support,binary,Meropenem,ordinal,-0.1348,0.6760811849183087,12,WEAK,Negative,False
CKD,binary,Neutropenia,binary,-0.1348,0.6760811849183087,12,WEAK,Negative,False
Z.A.invitro,binary,Creatinine,binary,0.1348,0.6760811849183087,12,WEAK,Positive,False
Z.A.invitro,binary,P.C.Z.A.E,binary,-0.1348,0.6760811849183087,12,WEAK,Negative,False
CKD,binary,Overall.organ.support,binary,0.1348,0.6760811849183087,12,WEAK,Positive,False
Total.Protein,binary,P.C.Z.A.E,binary,0.1348,0.6760811849183087,12,WEAK,Positive,False
UTI.CRO,binary,CAP.CRO,binary,-0.1348,0.6760811849183087,12,WEAK,Negative,False
UTI.CRO,binary,Gentamicin,binary,-0.1348,0.6760811849183087,12,WEAK,Negative,False
Total.Protein,binary,Creatinine,binary,-0.1348,0.6760811849183087,12,WEAK,Negative,False
P.C.in.vitro,binary,Albumin,binary,0.1348,0.6760811849183087,12,WEAK,Positive,False
Hypothyroidism,binary,Creatinine,binary,0.1348,0.6760811849183087,12,WEAK,Positive,False
Albumin,binary,Relapse.post.28.Day.Discharge,binary,0.1348,0.6760811849183087,12,WEAK,Positive,False
Total.Protein,binary,Z.A.only.E,binary,0.1348,0.6760811849183087,12,WEAK,Positive,False
Other.CRO,binary,Z.A.only.T,binary,-0.1348,0.6760811849183087,12,WEAK,Negative,False
VIM,binary,P.C.Z.A.T,binary,-0.1348,0.6760811849183087,12,WEAK,Negative,False
CV.Catheter.in.6.Months,binary,Mortality.post.28.Day.Discharge,binary,-0.1348,0.6760811849183087,12,WEAK,Negative,False
Urinary.Catheter.in.6.Months,binary,Past.CREPA.infection,binary,-0.1348,0.6760811849183087,12,WEAK,Negative,False
Urinary.Catheter.in.6.Months,binary,Overall.organ.support,binary,0.1348,0.6760811849183087,12,WEAK,Positive,False
UTI.CRO,binary,Relapse.post.28.Day.Discharge,binary,-0.1348,0.6760811849183087,12,WEAK,Negative,False
Hypothyroidism,binary,P.C.Z.A.E,binary,-0.1348,0.6760811849183087,12,WEAK,Negative,False
Lympho,binary,Z.A.only.E,binary,0.1348,0.6760811849183087,12,WEAK,Positive,False
CV.Catheter.in.6.Months,binary,Lympho,binary,0.1348,0.6760811849183087,12,WEAK,Positive,False
COPD,binary,Z.A.only.T,binary,-0.1348,0.6760811849183087,12,WEAK,Negative,False
BSI.CRO,binary,Mortality.post.28.Day.Discharge,binary,-0.1348,0.6760811849183087,12,WEAK,Negative,False
Z.A.only.E,binary,Mortality.post.28.Day.Discharge,binary,-0.1348,0.6760811849183087,12,WEAK,Negative,False
P.C.Z.A.T,binary,Gentamicin,binary,-0.1348,0.6760811849183087,12,WEAK,Negative,False
P.C.Z.A.T,binary,Imipenem,ordinal,0.1348,0.6760811849183087,12,WEAK,Positive,False
P.C.Z.A.T,binary,Meropenem,ordinal,0.1348,0.6760811849183087,12,WEAK,Positive,False
VIM,binary,Albumin,binary,0.1348,0.6760811849183087,12,WEAK,Positive,False
VIM,binary,Total.Protein,binary,0.1348,0.6760811849183087,12,WEAK,Positive,False
Z.A.invitro,binary,Z.A.only.E,binary,-0.1348,0.6760811849183087,12,WEAK,Negative,False
VIM,binary,Z.A.only.T,binary,-0.1348,0.6760811849183087,12,WEAK,Negative,False
Albumin,binary,Colistin,ordinal,0.1348,0.6760811849183087,12,WEAK,Positive,False
IAI.CRO,binary,Past.CREPA.infection,binary,-0.1348,0.6760811849183087,12,WEAK,Negative,False
Urinary.Catheter.in.6.Months,binary,Neutropenia,binary,-0.1348,0.6760811849183087,12,WEAK,Negative,False
CV.Catheter.in.6.Months,binary,Past.CREPA.infection,binary,-0.1348,0.6760811849183087,12,WEAK,Negative,False
Other.CRO,binary,P.C.Z.A.T,binary,-0.1348,0.6760811849183087,12,WEAK,Negative,False
UTI.CRO,binary,Z.A.only.E,binary,-0.1348,0.6760811849183087,12,WEAK,Negative,False
IAI.CRO,binary,Lympho,binary,0.1348,0.6760811849183087,12,WEAK,Positive,False
IAI.CRO,binary,Neutropenia,binary,-0.1348,0.6760811849183087,12,WEAK,Negative,False
UTI.CRO,binary,Colistin,ordinal,-0.1348,0.6760811849183087,12,WEAK,Negative,False
Z.A.invitro,binary,Imipenem,ordinal,0.1348,0.6760811849183087,12,WEAK,Positive,False
Z.A.invitro,binary,Meropenem,ordinal,0.1348,0.6760811849183087,12,WEAK,Positive,False
Creatinine,binary,Z.A.only.T,binary,0.1348,0.6760811849183087,12,WEAK,Positive,False
Z.A.invitro,binary,Gentamicin,binary,-0.1348,0.6760811849183087,12,WEAK,Negative,False
Albumin,binary,P.C.Z.A.E,binary,0.1348,0.6760811849183087,12,WEAK,Positive,False
Z.A.invitro,binary,IAI.CRO,binary,-0.1348,0.6760811849183087,12,WEAK,Negative,False
Z.A.invitro,binary,CAP.CRO,binary,-0.1348,0.6760811849183087,12,WEAK,Negative,False
Z.A.invitro,binary,BSI.CRO,binary,-0.1348,0.6760811849183087,12,WEAK,Negative,False
Endoscopy.in.1.week,binary,Overall.organ.support,binary,0.1348,0.6760811849183087,12,WEAK,Positive,False
Endoscopy.in.1.week,binary,Neutropenia,binary,-0.1348,0.6760811849183087,12,WEAK,Negative,False
Z.A.invitro,binary,Other.CRO,binary,-0.1348,0.6760811849183087,12,WEAK,Negative,False
Z.A.invitro,binary,CV.Catheter.in.6.Months,binary,-0.1348,0.6760811849183087,12,WEAK,Negative,False
Past.CREPA.infection,binary,Creatinine,binary,0.1348,0.6760811849183087,12,WEAK,Positive,False
Albumin,binary,Gentamicin,binary,0.1348,0.6760811849183087,12,WEAK,Positive,False
Lympho,binary,Creatinine,binary,-0.1348,0.6760811849183087,12,WEAK,Negative,False
Female,binary,Meropenem,ordinal,0.1348,0.6760811849183087,12,WEAK,Positive,False
Albumin,binary,Z.A.only.E,binary,0.1348,0.6760811849183087,12,WEAK,Positive,False
IAI.CRO,binary,Mortality.post.28.Day.Discharge,binary,-0.1348,0.6760811849183087,12,WEAK,Negative,False
UTI.CRO,binary,Creatinine,binary,0.1348,0.6760811849183087,12,WEAK,Positive,False
Colistin,ordinal,Mortality.post.28.Day.Discharge,binary,-0.1348,0.6760811849183087,12,WEAK,Negative,False
UTI.CRO,binary,P.C.Z.A.E,binary,-0.1348,0.6760811849183087,12,WEAK,Negative,False
BSI.CRO,binary,Total.Protein,binary,0.1348,0.6760811849183087,12,WEAK,Positive,False
Other.CRO,binary,Neutropenia,binary,-0.1348,0.6760811849183087,12,WEAK,Negative,False
Lympho,binary,Relapse.post.28.Day.Discharge,binary,0.1348,0.6760811849183087,12,WEAK,Positive,False
BSI.CRO,binary,P.C.Z.A.T,binary,-0.1348,0.6760811849183087,12,WEAK,Negative,False
BSI.CRO,binary,Z.A.only.T,binary,-0.1348,0.6760811849183087,12,WEAK,Negative,False
CV.Catheter.in.6.Months,binary,Overall.organ.support,binary,0.1348,0.6760811849183087,12,WEAK,Positive,False
CV.Catheter.in.6.Months,binary,Neutropenia,binary,-0.1348,0.6760811849183087,12,WEAK,Negative,False
Z.A.only.E,binary,Z.A.only.T,binary,-0.1348,0.6760811849183087,12,WEAK,Negative,False
Other.CRO,binary,Past.CREPA.infection,binary,-0.1348,0.6760811849183087,12,WEAK,Negative,False
CAP.CRO,binary,P.C.Z.A.T,binary,-0.1348,0.6760811849183087,12,WEAK,Negative,False
VIM,binary,Mortality.post.28.Day.Discharge,binary,-0.1348,0.6760811849183087,12,WEAK,Negative,False
Male,binary,Urinary.Catheter.in.6.Months,binary,0.1348,0.6760811849183087,12,WEAK,Positive,False
Male,binary,Endoscopy.in.1.week,binary,0.1348,0.6760811849183087,12,WEAK,Positive,False
Z.A.invitro,binary,Relapse.post.28.Day.Discharge,binary,-0.1348,0.6760811849183087,12,WEAK,Negative,False
CAP.CRO,binary,Lympho,binary,0.1348,0.6760811849183087,12,WEAK,Positive,False
Male,binary,P.C.in.vitro,binary,0.1348,0.6760811849183087,12,WEAK,Positive,False
Male,binary,CKD,binary,0.1348,0.6760811849183087,12,WEAK,Positive,False
Hypothyroidism,binary,Z.A.only.E,binary,-0.1348,0.6760811849183087,12,WEAK,Negative,False
Hypothyroidism,binary,Colistin,ordinal,-0.1348,0.6760811849183087,12,WEAK,Negative,False
Hypothyroidism,binary,Gentamicin,binary,-0.1348,0.6760811849183087,12,WEAK,Negative,False
Hypothyroidism,binary,Imipenem,ordinal,0.1348,0.6760811849183087,12,WEAK,Positive,False
Hypothyroidism,binary,Meropenem,ordinal,0.1348,0.6760811849183087,12,WEAK,Positive,False
Lympho,binary,Meropenem,ordinal,-0.1348,0.6760811849183087,12,WEAK,Negative,False
Urinary.Catheter.in.6.Months,binary,Lympho,binary,0.1348,0.6760811849183087,12,WEAK,Positive,False
Urinary.Catheter.in.6.Months,binary,Mortality.post.28.Day.Discharge,binary,-0.1348,0.6760811849183087,12,WEAK,Negative,False
Total.Protein,binary,Gentamicin,binary,0.1348,0.6760811849183087,12,WEAK,Positive,False
Total.Protein,binary,Relapse.post.28.Day.Discharge,binary,0.1348,0.6760811849183087,12,WEAK,Positive,False
Z.A.only.T,binary,Gentamicin,binary,-0.1348,0.6760811849183087,12,WEAK,Negative,False
Z.A.only.T,binary,Imipenem,ordinal,0.1348,0.6760811849183087,12,WEAK,Positive,False
Z.A.only.T,binary,Meropenem,ordinal,0.1348,0.6760811849183087,12,WEAK,Positive,False
CV.Catheter.in.6.Months,binary,P.C.Z.A.T,binary,-0.1348,0.6760811849183087,12,WEAK,Negative,False
Lympho,binary,P.C.Z.A.E,binary,0.1348,0.6760811849183087,12,WEAK,Positive,False
Other.CRO,binary,Mortality.post.28.Day.Discharge,binary,-0.1348,0.6760811849183087,12,WEAK,Negative,False
IAI.CRO,binary,P.C.Z.A.T,binary,-0.1348,0.6760811849183087,12,WEAK,Negative,False
IAI.CRO,binary,Z.A.only.T,binary,-0.1348,0.6760811849183087,12,WEAK,Negative,False
CKD,binary,Lympho,binary,0.1348,0.6760811849183087,12,WEAK,Positive,False
CKD,binary,Albumin,binary,0.1348,0.6760811849183087,12,WEAK,Positive,False
Albumin,binary,Creatinine,binary,-0.1348,0.6760811849183087,12,WEAK,Negative,False
Hypothyroidism,binary,CV.Catheter.in.6.Months,binary,-0.1348,0.6760811849183087,12,WEAK,Negative,False
CKD,binary,Total.Protein,binary,0.1348,0.6760811849183087,12,WEAK,Positive,False
CKD,binary,Z.A.only.T,binary,-0.1348,0.6760811849183087,12,WEAK,Negative,False
Female,binary,Colistin,ordinal,-0.1348,0.6760811849183087,12,WEAK,Negative,False
Female,binary,P.C.Z.A.E,binary,-0.1348,0.6760811849183087,12,WEAK,Negative,False
Female,binary,Imipenem,ordinal,0.1348,0.6760811849183087,12,WEAK,Positive,False
Endoscopy.in.1.week,binary,Z.A.only.T,binary,-0.1348,0.6760811849183087,12,WEAK,Negative,False
Neutropenia,binary,Relapse.post.28.Day.Discharge,binary,-0.1348,0.6760811849183087,12,WEAK,Negative,False
Female,binary,Gentamicin,binary,-0.1348,0.6760811849183087,12,WEAK,Negative,False
Neutropenia,binary,Creatinine,binary,0.1348,0.6760811849183087,12,WEAK,Positive,False
Neutropenia,binary,Z.A.only.E,binary,-0.1348,0.6760811849183087,12,WEAK,Negative,False
Male,binary,Gentamicin,binary,0.1348,0.6760811849183087,12,WEAK,Positive,False
Male,binary,CAP.CRO,binary,0.1348,0.6760811849183087,12,WEAK,Positive,False
Male,binary,BSI.CRO,binary,0.1348,0.6760811849183087,12,WEAK,Positive,False
Male,binary,Other.CRO,binary,0.1348,0.6760811849183087,12,WEAK,Positive,False
Meropenem,ordinal,Mortality.post.28.Day.Discharge,binary,0.1348,0.6760811849183087,12,WEAK,Positive,False
Overall.organ.support,binary,Relapse.post.28.Day.Discharge,binary,0.1348,0.6760811849183087,12,WEAK,Positive,False
Male,binary,Colistin,ordinal,0.1348,0.6760811849183087,12,WEAK,Positive,False
Female,binary,P.C.in.vitro,binary,-0.1348,0.6760811849183087,12,WEAK,Negative,False
CKD,binary,UTI.CRO,binary,-0.1348,0.6760811849183087,12,WEAK,Negative,False
Female,binary,Urinary.Catheter.in.6.Months,binary,-0.1348,0.6760811849183087,12,WEAK,Negative,False
BSI.CRO,binary,Albumin,binary,0.1348,0.6760811849183087,12,WEAK,Positive,False
CKD,binary,Hypothyroidism,binary,-0.1348,0.6760811849183087,12,WEAK,Negative,False
Other.CRO,binary,Lympho,binary,0.1348,0.6760811849183087,12,WEAK,Positive,False
Female,binary,Endoscopy.in.1.week,binary,-0.1348,0.6760811849183087,12,WEAK,Negative,False
Other.CRO,binary,Albumin,binary,0.1348,0.6760811849183087,12,WEAK,Positive,False
Male,binary,COPD,binary,0.1348,0.6760811849183087,12,WEAK,Positive,False
Neutropenia,binary,Imipenem,ordinal,0.1348,0.6760811849183087,12,WEAK,Positive,False
Overall.organ.support,binary,Imipenem,ordinal,-0.1348,0.6760811849183087,12,WEAK,Negative,False
Neutropenia,binary,Meropenem,ordinal,0.1348,0.6760811849183087,12,WEAK,Positive,False
Neutropenia,binary,Colistin,ordinal,-0.1348,0.6760811849183087,12,WEAK,Negative,False
Neutropenia,binary,Gentamicin,binary,-0.1348,0.6760811849183087,12,WEAK,Negative,False
Female,binary,Other.CRO,binary,-0.1348,0.6760811849183087,12,WEAK,Negative,False
Total.Hospital.stay.in.28.days,continuous,Relapse.post.28.Day.Discharge,binary,0.1322,0.6821856223045106,12,WEAK,Positive,False
P.C.in.vitro,binary,SOFA,continuous,0.1322,0.6821856223045104,12,WEAK,Positive,False
SOFA,continuous,Colistin,ordinal,0.1322,0.6821856223045106,12,WEAK,Positive,False
CAP.CRO,binary,Total.Hospital.stay.in.28.days,continuous,0.1322,0.6821856223045104,12,WEAK,Positive,False
Age,continuous,Endoscopy.in.1.week,binary,-0.1315,0.6837915233799758,12,WEAK,Negative,False
Age,continuous,Relapse.post.28.Day.Discharge,binary,0.1315,0.6837915233799758,12,WEAK,Positive,False
Age,continuous,CKD,binary,-0.1315,0.6837915233799758,12,WEAK,Negative,False
Age,continuous,CAP.CRO,binary,0.1315,0.6837915233799758,12,WEAK,Positive,False
Height,continuous,BSI.CRO,binary,-0.1312,0.6843214449314738,12,WEAK,Negative,False
CAP.CRO,binary,APACHEII,continuous,0.131,0.6848487144273757,12,WEAK,Positive,False
Weight,continuous,COPD,binary,0.131,0.6848487144273757,12,WEAK,Positive,False
Weight,continuous,Creatinine,binary,-0.131,0.6848487144273757,12,WEAK,Negative,False
APACHEII,continuous,Relapse.post.28.Day.Discharge,binary,0.131,0.6848487144273757,12,WEAK,Positive,False
Weight,continuous,Gentamicin,binary,0.131,0.6848487144273757,12,WEAK,Positive,False
Weight,continuous,Other.CRO,binary,0.131,0.6848487144273757,12,WEAK,Positive,False
Past.CREPA.infection,binary,Total.Hospital.stay.in.28.days,continuous,-0.1307,0.6855753557629067,12,WEAK,Negative,False
Total.Hospital.stay.in.28.days,continuous,Mortality.post.28.Day.Discharge,binary,-0.1307,0.6855753557629067,12,WEAK,Negative,False
Hypothyroidism,binary,Total.Hospital.stay.in.28.days,continuous,0.1307,0.6855753557629067,12,WEAK,Positive,False
Hypothyroidism,binary,ICU.Stay.in.28.Days,continuous,0.1302,0.6866383407041421,12,WEAK,Positive,False
Lympho,binary,GW.Stay.in.28.Days,continuous,-0.13,0.687165810992908,12,WEAK,Negative,False
Hypothyroidism,binary,GW.Stay.in.28.Days,continuous,-0.13,0.687165810992908,12,WEAK,Negative,False
Age,continuous,Z.A.only.T,binary,0.13,0.687165810992908,12,WEAK,Positive,False
Height,continuous,P.C.Z.A.T,binary,0.1298,0.6876906297471944,12,WEAK,Positive,False
Height,continuous,Z.A.invitro,binary,0.1298,0.6876906297471944,12,WEAK,Positive,False
UTI.CRO,binary,APACHEII,continuous,0.1296,0.6882128190799854,12,WEAK,Positive,False
APACHEII,continuous,Z.A.only.T,binary,-0.1296,0.6882128190799854,12,WEAK,Negative,False
APACHEII,continuous,P.C.Z.A.T,binary,-0.1296,0.6882128190799854,12,WEAK,Negative,False
Z.A.invitro,binary,APACHEII,continuous,-0.1296,0.6882128190799854,12,WEAK,Negative,False
Urea,binary,Total.Hospital.stay.in.28.days,continuous,-0.1292,0.689117290805882,12,WEAK,Negative,False
Potassium,binary,Total.Hospital.stay.in.28.days,continuous,-0.1292,0.689117290805882,12,WEAK,Negative,False
P.C.only.T,binary,Aztreonam,ordinal,-0.1289,0.6896354593221392,12,WEAK,Negative,False
Any.Viral.Infection,binary,Aztreonam,ordinal,0.1289,0.6896354593221392,12,WEAK,Positive,False
Solid.Organ,binary,Aztreonam,ordinal,0.1289,0.6896354593221392,12,WEAK,Positive,False
Any.Fungal.Infection,binary,Aztreonam,ordinal,-0.1289,0.6896354593221392,12,WEAK,Negative,False
Potassium,binary,ICU.Stay.in.28.Days,continuous,0.1287,0.6901694513739375,12,WEAK,Positive,False
ICU.Stay.in.28.Days,continuous,GW.Stay.in.28.Days,continuous,0.1287,0.6900582062523636,12,WEAK,Positive,False
SGPT,binary,Aztreonam,ordinal,-0.1271,0.6937894344458854,12,WEAK,Negative,False
Globulin,binary,Urea,binary,-0.125,0.6987020501983352,12,WEAK,Negative,False
Surgery.in.last.3.Months,binary,Ventilation,binary,0.125,0.6987020501983352,12,WEAK,Positive,False
ALP,binary,Potassium,binary,-0.125,0.6987020501983352,12,WEAK,Negative,False
Globulin,binary,Potassium,binary,0.125,0.6987020501983352,12,WEAK,Positive,False
HTN,binary,Ventilation,binary,-0.125,0.6987020501983352,12,WEAK,Negative,False
Ventilation,binary,Hemat.Malignancy,binary,0.125,0.6987020501983352,12,WEAK,Positive,False
Hemat.Malignancy,binary,P.C.only.E,binary,-0.125,0.6987020501983352,12,WEAK,Negative,False
ANC,binary,Urea,binary,-0.125,0.6987020501983352,12,WEAK,Negative,False
Potassium,binary,Clinical.improvement,binary,0.125,0.6987020501983352,12,WEAK,Positive,False
HTN,binary,Surgery.in.last.3.Months,binary,0.125,0.6987020501983352,12,WEAK,Positive,False
Urea,binary,P.C.only.E,binary,0.125,0.6987020501983352,12,WEAK,Positive,False
Ventilation,binary,Clinical.improvement,binary,-0.125,0.6987020501983352,12,WEAK,Negative,False
HTN,binary,ALP,binary,0.125,0.6987020501983352,12,WEAK,Positive,False
HTN,binary,P.C.only.E,binary,0.125,0.6987020501983352,12,WEAK,Positive,False
Ventilation,binary,Globulin,binary,-0.125,0.6987020501983352,12,WEAK,Negative,False
Globulin,binary,P.C.only.E,binary,0.125,0.6987020501983352,12,WEAK,Positive,False
Surgery.in.last.3.Months,binary,Clinical.improvement,binary,0.125,0.6987020501983352,12,WEAK,Positive,False
HTN,binary,ANC,binary,-0.125,0.6987020501983352,12,WEAK,Negative,False
HTN,binary,Potassium,binary,0.125,0.6987020501983352,12,WEAK,Positive,False
ALP,binary,Clinical.improvement,binary,0.125,0.6987020501983352,12,WEAK,Positive,False
Ventilation,binary,Urea,binary,-0.125,0.6987020501983352,12,WEAK,Negative,False
ANC,binary,Clinical.improvement,binary,-0.125,0.6987020501983352,12,WEAK,Negative,False
P.C.only.E,binary,Clinical.improvement,binary,0.125,0.6987020501983352,12,WEAK,Positive,False
Ventilation,binary,ALP,binary,0.125,0.6987020501983352,12,WEAK,Positive,False
Surgery.in.last.3.Months,binary,Urea,binary,0.125,0.6987020501983352,12,WEAK,Positive,False
NDM,binary,Total.Hospital.stay.in.28.days,continuous,0.1235,0.70217632641436,12,WEAK,Positive,False
NDM,binary,ICU.Stay.in.28.Days,continuous,-0.1231,0.7031882276191056,12,WEAK,Negative,False
ICU.Stay.in.28.Days,continuous,Overall.mortality,binary,0.1231,0.7031882276191056,12,WEAK,Positive,False
Sodium,binary,ICU.Stay.in.28.Days,continuous,-0.1231,0.7031882276191056,12,WEAK,Negative,False
Age,continuous,NDM,binary,0.1228,0.7036903292857093,12,WEAK,Positive,False
Height,continuous,Hospitalization.in.past.6.Months,binary,-0.1226,0.704189893783667,12,WEAK,Negative,False
Any.Fungal.Infection,binary,APACHEII,continuous,-0.1224,0.7046869423878513,12,WEAK,Negative,False
APACHEII,continuous,Calcium,binary,0.1224,0.7046869423878513,12,WEAK,Positive,False
SOFA,continuous,SGPT,binary,-0.1218,0.7061771553462646,12,WEAK,Negative,False
SGPT,binary,GW.Stay.in.28.Days,continuous,-0.1211,0.7076725391265312,12,WEAK,Negative,False
Height,continuous,Amikacin,ordinal,0.1209,0.7081659539758327,12,WEAK,Positive,False
Immunosuppressive.drugs.in.1.week,binary,Hemat.Malignancy,binary,0.1195,0.7113927983259112,12,WEAK,Positive,False
Solid.Organ,binary,Potassium,binary,-0.1195,0.7113927983259112,12,WEAK,Negative,False
Immunosuppressive.drugs.in.1.week,binary,Clinical.improvement,binary,-0.1195,0.7113927983259112,12,WEAK,Negative,False
Hospitalization.in.past.6.Months,binary,Globulin,binary,-0.1195,0.7113927983259112,12,WEAK,Negative,False
Globulin,binary,Magnesium,binary,-0.1195,0.7113927983259112,12,WEAK,Negative,False
Surgery.in.last.3.Months,binary,Immunosuppressive.drugs.in.1.week,binary,0.1195,0.7113927983259112,12,WEAK,Positive,False
Surgery.in.last.3.Months,binary,Magnesium,binary,0.1195,0.7113927983259112,12,WEAK,Positive,False
Surgery.in.last.3.Months,binary,SGOT,binary,-0.1195,0.7113927983259112,12,WEAK,Negative,False
ANC,binary,Overall.mortality,binary,-0.1195,0.7113927983259112,12,WEAK,Negative,False
Potassium,binary,Calcium,binary,-0.1195,0.7113927983259112,12,WEAK,Negative,False
P.C.only.E,binary,Overall.mortality,binary,0.1195,0.7113927983259112,12,WEAK,Positive,False
Solid.Organ,binary,P.C.only.E,binary,-0.1195,0.7113927983259112,12,WEAK,Negative,False
NDM,binary,Potassium,binary,-0.1195,0.7113927983259112,12,WEAK,Negative,False
NDM,binary,Urea,binary,0.1195,0.7113927983259112,12,WEAK,Positive,False
NDM,binary,ALP,binary,-0.1195,0.7113927983259112,12,WEAK,Negative,False
Any.Fungal.Infection,binary,Globulin,binary,-0.1195,0.7113927983259112,12,WEAK,Negative,False
Immunosuppressive.drugs.in.1.week,binary,Globulin,binary,-0.1195,0.7113927983259112,12,WEAK,Negative,False
Urea,binary,Overall.mortality,binary,-0.1195,0.7113927983259112,12,WEAK,Negative,False
Calcium,binary,P.C.only.E,binary,-0.1195,0.7113927983259112,12,WEAK,Negative,False
HTN,binary,SGOT,binary,0.1195,0.7113927983259112,12,WEAK,Positive,False
Inotropes.,binary,ALP,binary,-0.1195,0.7113927983259112,12,WEAK,Negative,False
HTN,binary,P.C.only.T,binary,-0.1195,0.7113927983259112,12,WEAK,Negative,False
Inotropes.,binary,P.C.only.E,binary,-0.1195,0.7113927983259112,12,WEAK,Negative,False
Surgery.in.last.3.Months,binary,Sodium,binary,-0.1195,0.7113927983259112,12,WEAK,Negative,False
Hemat.Malignancy,binary,SGOT,binary,-0.1195,0.7113927983259112,12,WEAK,Negative,False
HTN,binary,Immunosuppressive.drugs.in.1.week,binary,-0.1195,0.7113927983259112,12,WEAK,Negative,False
Potassium,binary,Magnesium,binary,0.1195,0.7113927983259112,12,WEAK,Positive,False
Potassium,binary,Overall.mortality,binary,0.1195,0.7113927983259112,12,WEAK,Positive,False
Hospitalization.in.past.6.Months,binary,Potassium,binary,0.1195,0.7113927983259112,12,WEAK,Positive,False
Ventilation,binary,Solid.Organ,binary,0.1195,0.7113927983259112,12,WEAK,Positive,False
Any.Fungal.Infection,binary,Potassium,binary,0.1195,0.7113927983259112,12,WEAK,Positive,False
SGOT,binary,P.C.only.E,binary,-0.1195,0.7113927983259112,12,WEAK,Negative,False
NDM,binary,Hemat.Malignancy,binary,-0.1195,0.7113927983259112,12,WEAK,Negative,False
ALP,binary,Magnesium,binary,0.1195,0.7113927983259112,12,WEAK,Positive,False
Surgery.in.last.3.Months,binary,Overall.mortality,binary,0.1195,0.7113927983259112,12,WEAK,Positive,False
NDM,binary,Surgery.in.last.3.Months,binary,-0.1195,0.7113927983259112,12,WEAK,Negative,False
Hospitalization.in.past.6.Months,binary,P.C.only.E,binary,0.1195,0.7113927983259112,12,WEAK,Positive,False
SGOT,binary,ALP,binary,-0.1195,0.7113927983259112,12,WEAK,Negative,False
P.C.only.T,binary,Clinical.improvement,binary,-0.1195,0.7113927983259112,12,WEAK,Negative,False
Globulin,binary,Calcium,binary,0.1195,0.7113927983259112,12,WEAK,Positive,False
Any.Viral.Infection,binary,P.C.only.E,binary,-0.1195,0.7113927983259112,12,WEAK,Negative,False
Hemat.Malignancy,binary,P.C.only.T,binary,0.1195,0.7113927983259112,12,WEAK,Positive,False
Any.Viral.Infection,binary,ALP,binary,-0.1195,0.7113927983259112,12,WEAK,Negative,False
Inotropes.,binary,Ventilation,binary,0.1195,0.7113927983259112,12,WEAK,Positive,False
Ventilation,binary,SGOT,binary,0.1195,0.7113927983259112,12,WEAK,Positive,False
SGOT,binary,Clinical.improvement,binary,0.1195,0.7113927983259112,12,WEAK,Positive,False
Ceftazidime,ordinal,ICU.Stay.in.28.Days,continuous,0.118,0.7149189302813435,12,WEAK,Positive,False
Carbapenemase,binary,ICU.Stay.in.28.Days,continuous,-0.1121,0.7287264518606603,12,WEAK,Negative,False
Height,continuous,Mortality.in.Hospital,binary,-0.1117,0.7296483733801122,12,WEAK,Negative,False
DM,binary,HAP.CRO,binary,0.1111,0.7310138106815512,12,WEAK,Positive,False
Bil,binary,Carbapenemase,binary,-0.1111,0.7310138106815512,12,WEAK,Negative,False
VAP.CRO,binary,Carbapenemase,binary,-0.1111,0.7310138106815512,12,WEAK,Negative,False
HAP.CRO,binary,Bil,binary,0.1111,0.7310138106815512,12,WEAK,Positive,False
HAP.CRO,binary,Carbapenemase,binary,-0.1111,0.7310138106815512,12,WEAK,Negative,False
DM,binary,Bil,binary,0.1111,0.7310138106815512,12,WEAK,Positive,False
Bil,binary,Mortality.in.Hospital,binary,0.1111,0.7310138106815512,12,WEAK,Positive,False
HTN,binary,Total.Hospital.stay.in.28.days,continuous,-0.1033,0.7493074373368005,12,WEAK,Negative,False
Globulin,binary,Total.Hospital.stay.in.28.days,continuous,0.1033,0.7493074373368005,12,WEAK,Positive,False
Clinical.improvement,binary,Total.Hospital.stay.in.28.days,continuous,-0.1033,0.7493074373368005,12,WEAK,Negative,False
Urea,binary,ICU.Stay.in.28.Days,continuous,0.103,0.7501698421021573,12,WEAK,Positive,False
P.C.only.E,binary,GW.Stay.in.28.Days,continuous,0.1028,0.7505977217472464,12,WEAK,Positive,False
Hemat.Malignancy,binary,APACHEII,continuous,-0.1024,0.751446929730252,12,WEAK,Negative,False
APACHEII,continuous,Potassium,binary,-0.1024,0.751446929730252,12,WEAK,Negative,False
APACHEII,continuous,Urea,binary,-0.1024,0.751446929730252,12,WEAK,Negative,False
Aztreonam,ordinal,ICU.Stay.in.28.Days,continuous,0.1018,0.7528841066046038,12,WEAK,Positive,False
Age,continuous,Aztreonam,ordinal,0.1016,0.7533076076988279,12,WEAK,Positive,False
VAP.CRO,binary,Cefepime,ordinal,0.1005,0.7559674291207326,12,WEAK,Positive,False
NDM,binary,SOFA,continuous,-0.0988,0.7600008205044212,12,WEAK,Negative,False
Solid.Organ,binary,SOFA,continuous,0.0988,0.7600008205044212,12,WEAK,Positive,False
SGOT,binary,Total.Hospital.stay.in.28.days,continuous,-0.0988,0.7600008205044212,12,WEAK,Negative,False
SGOT,binary,ICU.Stay.in.28.Days,continuous,-0.0984,0.7608284814819376,12,WEAK,Negative,False
Inotropes.,binary,GW.Stay.in.28.Days,continuous,-0.0983,0.7612391149965083,12,WEAK,Negative,False
Height,continuous,Calcium,binary,0.0981,0.7616476414912882,12,WEAK,Positive,False
SOFA,continuous,Mortality.post.28.Day.Discharge,binary,0.098,0.7618349901462632,12,WEAK,Positive,False
Past.CREPA.infection,binary,SOFA,continuous,0.098,0.7618349901462632,12,WEAK,Positive,False
HAP.CRO,binary,Any.Viral.Infection,binary,0.0976,0.7628607573002959,12,WEAK,Positive,False
HAP.CRO,binary,Immunosuppressive.drugs.in.1.week,binary,-0.0976,0.7628607573002959,12,WEAK,Negative,False
HAP.CRO,binary,Any.Fungal.Infection,binary,-0.0976,0.7628607573002959,12,WEAK,Negative,False
Inotropes.,binary,Mortality.in.Hospital,binary,0.0976,0.7628607573002959,12,WEAK,Positive,False
Bil,binary,Calcium,binary,0.0976,0.7628607573002959,12,WEAK,Positive,False
VAP.CRO,binary,Solid.Organ,binary,0.0976,0.7628607573002959,12,WEAK,Positive,False
Bil,binary,Magnesium,binary,-0.0976,0.7628607573002959,12,WEAK,Negative,False
Any.Fungal.Infection,binary,Carbapenemase,binary,0.0976,0.7628607573002959,12,WEAK,Positive,False
Bil,binary,SGOT,binary,0.0976,0.7628607573002959,12,WEAK,Positive,False
HAP.CRO,binary,SGOT,binary,0.0976,0.7628607573002959,12,WEAK,Positive,False
HAP.CRO,binary,Solid.Organ,binary,0.0976,0.7628607573002959,12,WEAK,Positive,False
Hospitalization.in.past.6.Months,binary,Bil,binary,-0.0976,0.7628607573002959,12,WEAK,Negative,False
Inotropes.,binary,Carbapenemase,binary,-0.0976,0.7628607573002959,12,WEAK,Negative,False
Immunosuppressive.drugs.in.1.week,binary,Mortality.in.Hospital,binary,-0.0976,0.7628607573002959,12,WEAK,Negative,False
Bil,binary,Overall.mortality,binary,-0.0976,0.7628607573002959,12,WEAK,Negative,False
VAP.CRO,binary,Calcium,binary,0.0976,0.7628607573002959,12,WEAK,Positive,False
VAP.CRO,binary,Magnesium,binary,-0.0976,0.7628607573002959,12,WEAK,Negative,False
Any.Viral.Infection,binary,Mortality.in.Hospital,binary,0.0976,0.7628607573002959,12,WEAK,Positive,False
Any.Viral.Infection,binary,Carbapenemase,binary,-0.0976,0.7628607573002959,12,WEAK,Negative,False
DM,binary,Overall.mortality,binary,-0.0976,0.7628607573002959,12,WEAK,Negative,False
DM,binary,Inotropes.,binary,0.0976,0.7628607573002959,12,WEAK,Positive,False
Immunosuppressive.drugs.in.1.week,binary,Bil,binary,-0.0976,0.7628607573002959,12,WEAK,Negative,False
Solid.Organ,binary,Mortality.in.Hospital,binary,0.0976,0.7628607573002959,12,WEAK,Positive,False
Any.Fungal.Infection,binary,Bil,binary,-0.0976,0.7628607573002959,12,WEAK,Negative,False
VAP.CRO,binary,Any.Viral.Infection,binary,0.0976,0.7628607573002959,12,WEAK,Positive,False
VAP.CRO,binary,P.C.only.T,binary,-0.0976,0.7628607573002959,12,WEAK,Negative,False
VAP.CRO,binary,SGOT,binary,0.0976,0.7628607573002959,12,WEAK,Positive,False
VAP.CRO,binary,Inotropes.,binary,0.0976,0.7628607573002959,12,WEAK,Positive,False
Solid.Organ,binary,Carbapenemase,binary,-0.0976,0.7628607573002959,12,WEAK,Negative,False
DM,binary,Calcium,binary,0.0976,0.7628607573002959,12,WEAK,Positive,False
Solid.Organ,binary,Bil,binary,0.0976,0.7628607573002959,12,WEAK,Positive,False
DM,binary,Sodium,binary,0.0976,0.7628607573002959,12,WEAK,Positive,False
DM,binary,P.C.only.T,binary,-0.0976,0.7628607573002959,12,WEAK,Negative,False
DM,binary,Immunosuppressive.drugs.in.1.week,binary,-0.0976,0.7628607573002959,12,WEAK,Negative,False
Calcium,binary,Carbapenemase,binary,-0.0976,0.7628607573002959,12,WEAK,Negative,False
DM,binary,Any.Viral.Infection,binary,0.0976,0.7628607573002959,12,WEAK,Positive,False
DM,binary,SGOT,binary,0.0976,0.7628607573002959,12,WEAK,Positive,False
P.C.only.T,binary,Carbapenemase,binary,0.0976,0.7628607573002959,12,WEAK,Positive,False
VAP.CRO,binary,Hospitalization.in.past.6.Months,binary,-0.0976,0.7628607573002959,12,WEAK,Negative,False
Age,continuous,Male,binary,0.0975,0.7630643254115909,12,WEAK,Positive,False
Age,continuous,Female,binary,-0.0975,0.7630643254115909,12,WEAK,Negative,False
UTI.CRO,binary,GW.Stay.in.28.Days,continuous,0.0975,0.763064325411591,12,WEAK,Positive,False
TLC,binary,Total.Hospital.stay.in.28.days,continuous,0.0974,0.7632724398040983,12,WEAK,Positive,False
Platelet,binary,Total.Hospital.stay.in.28.days,continuous,-0.0974,0.7632724398040983,12,WEAK,Negative,False
Height,continuous,Hypothyroidism,binary,0.0973,0.7634698943933579,12,WEAK,Positive,False
Age,continuous,SGPT,binary,0.0969,0.7644947453196768,12,WEAK,Positive,False
Height,continuous,Cefoperazone.Sulbactam,ordinal,-0.0968,0.7646376280129129,12,WEAK,Negative,False
APACHEII,continuous,SGPT,binary,0.0966,0.7652991785768646,12,WEAK,Positive,False
Height,continuous,Weight,continuous,0.0946,0.77001958268201,12,WEAK,Positive,False
Surgery.in.last.3.Months,binary,Cefepime,ordinal,0.0923,0.7753716363140805,12,WEAK,Positive,False
Globulin,binary,Cefepime,ordinal,-0.0923,0.7753716363140805,12,WEAK,Negative,False
Ventilation,binary,Cefepime,ordinal,-0.0923,0.7753716363140805,12,WEAK,Negative,False
CAP.CRO,binary,P.C.Z.A.E,binary,-0.0909,0.7787253962454419,12,WEAK,Negative,False
CAP.CRO,binary,BSI.CRO,binary,-0.0909,0.7787253962454419,12,WEAK,Negative,False
CAP.CRO,binary,Meropenem,ordinal,0.0909,0.7787253962454419,12,WEAK,Positive,False
CAP.CRO,binary,CV.Catheter.in.6.Months,binary,-0.0909,0.7787253962454419,12,WEAK,Negative,False
CAP.CRO,binary,Other.CRO,binary,-0.0909,0.7787253962454419,12,WEAK,Negative,False
P.C.Z.A.E,binary,Relapse.post.28.Day.Discharge,binary,-0.0909,0.7787253962454419,12,WEAK,Negative,False
BSI.CRO,binary,Other.CRO,binary,-0.0909,0.7787253962454419,12,WEAK,Negative,False
CAP.CRO,binary,Creatinine,binary,0.0909,0.7787253962454419,12,WEAK,Positive,False
Gentamicin,binary,Relapse.post.28.Day.Discharge,binary,-0.0909,0.7787253962454419,12,WEAK,Negative,False
Gentamicin,binary,Imipenem,ordinal,0.0909,0.7787253962454419,12,WEAK,Positive,False
P.C.in.vitro,binary,Endoscopy.in.1.week,binary,-0.0909,0.7787253962454419,12,WEAK,Negative,False
Urinary.Catheter.in.6.Months,binary,Endoscopy.in.1.week,binary,-0.0909,0.7787253962454419,12,WEAK,Negative,False
CV.Catheter.in.6.Months,binary,Relapse.post.28.Day.Discharge,binary,-0.0909,0.7787253962454419,12,WEAK,Negative,False
CV.Catheter.in.6.Months,binary,Z.A.only.E,binary,-0.0909,0.7787253962454419,12,WEAK,Negative,False
CV.Catheter.in.6.Months,binary,P.C.Z.A.E,binary,-0.0909,0.7787253962454419,12,WEAK,Negative,False
Urinary.Catheter.in.6.Months,binary,Creatinine,binary,0.0909,0.7787253962454419,12,WEAK,Positive,False
Urinary.Catheter.in.6.Months,binary,P.C.Z.A.E,binary,-0.0909,0.7787253962454419,12,WEAK,Negative,False
Urinary.Catheter.in.6.Months,binary,Colistin,ordinal,-0.0909,0.7787253962454419,12,WEAK,Negative,False
CAP.CRO,binary,Urinary.Catheter.in.6.Months,binary,-0.0909,0.7787253962454419,12,WEAK,Negative,False
CKD,binary,IAI.CRO,binary,-0.0909,0.7787253962454419,12,WEAK,Negative,False
CKD,binary,Meropenem,ordinal,0.0909,0.7787253962454419,12,WEAK,Positive,False
CKD,binary,Relapse.post.28.Day.Discharge,binary,-0.0909,0.7787253962454419,12,WEAK,Negative,False
CAP.CRO,binary,Gentamicin,binary,-0.0909,0.7787253962454419,12,WEAK,Negative,False
CAP.CRO,binary,Imipenem,ordinal,0.0909,0.7787253962454419,12,WEAK,Positive,False
Gentamicin,binary,Meropenem,ordinal,0.0909,0.7787253962454419,12,WEAK,Positive,False
CAP.CRO,binary,Colistin,ordinal,-0.0909,0.7787253962454419,12,WEAK,Negative,False
CAP.CRO,binary,Z.A.only.E,binary,-0.0909,0.7787253962454419,12,WEAK,Negative,False
COPD,binary,P.C.Z.A.E,binary,-0.0909,0.7787253962454419,12,WEAK,Negative,False
VIM,binary,Meropenem,ordinal,0.0909,0.7787253962454419,12,WEAK,Positive,False
P.C.in.vitro,binary,Creatinine,binary,0.0909,0.7787253962454419,12,WEAK,Positive,False
P.C.in.vitro,binary,Relapse.post.28.Day.Discharge,binary,-0.0909,0.7787253962454419,12,WEAK,Negative,False
P.C.in.vitro,binary,Imipenem,ordinal,0.0909,0.7787253962454419,12,WEAK,Positive,False
P.C.in.vitro,binary,Meropenem,ordinal,0.0909,0.7787253962454419,12,WEAK,Positive,False
VIM,binary,CAP.CRO,binary,-0.0909,0.7787253962454419,12,WEAK,Negative,False
VIM,binary,BSI.CRO,binary,-0.0909,0.7787253962454419,12,WEAK,Negative,False
P.C.in.vitro,binary,Gentamicin,binary,-0.0909,0.7787253962454419,12,WEAK,Negative,False
Urinary.Catheter.in.6.Months,binary,Z.A.only.E,binary,-0.0909,0.7787253962454419,12,WEAK,Negative,False
VIM,binary,IAI.CRO,binary,-0.0909,0.7787253962454419,12,WEAK,Negative,False
IAI.CRO,binary,Gentamicin,binary,-0.0909,0.7787253962454419,12,WEAK,Negative,False
IAI.CRO,binary,Imipenem,ordinal,0.0909,0.7787253962454419,12,WEAK,Positive,False
IAI.CRO,binary,Meropenem,ordinal,0.0909,0.7787253962454419,12,WEAK,Positive,False
IAI.CRO,binary,CAP.CRO,binary,-0.0909,0.7787253962454419,12,WEAK,Negative,False
IAI.CRO,binary,BSI.CRO,binary,-0.0909,0.7787253962454419,12,WEAK,Negative,False
BSI.CRO,binary,Z.A.only.E,binary,-0.0909,0.7787253962454419,12,WEAK,Negative,False
VIM,binary,CV.Catheter.in.6.Months,binary,-0.0909,0.7787253962454419,12,WEAK,Negative,False
VIM,binary,Other.CRO,binary,-0.0909,0.7787253962454419,12,WEAK,Negative,False
Other.CRO,binary,Endoscopy.in.1.week,binary,-0.0909,0.7787253962454419,12,WEAK,Negative,False
BSI.CRO,binary,Colistin,ordinal,-0.0909,0.7787253962454419,12,WEAK,Negative,False
VIM,binary,Urinary.Catheter.in.6.Months,binary,-0.0909,0.7787253962454419,12,WEAK,Negative,False
VIM,binary,Endoscopy.in.1.week,binary,-0.0909,0.7787253962454419,12,WEAK,Negative,False
Urinary.Catheter.in.6.Months,binary,Gentamicin,binary,-0.0909,0.7787253962454419,12,WEAK,Negative,False
VIM,binary,P.C.in.vitro,binary,-0.0909,0.7787253962454419,12,WEAK,Negative,False
VIM,binary,COPD,binary,-0.0909,0.7787253962454419,12,WEAK,Negative,False
VIM,binary,CKD,binary,-0.0909,0.7787253962454419,12,WEAK,Negative,False
Urinary.Catheter.in.6.Months,binary,Relapse.post.28.Day.Discharge,binary,-0.0909,0.7787253962454419,12,WEAK,Negative,False
VIM,binary,Creatinine,binary,0.0909,0.7787253962454419,12,WEAK,Positive,False
CV.Catheter.in.6.Months,binary,Gentamicin,binary,-0.0909,0.7787253962454419,12,WEAK,Negative,False
CV.Catheter.in.6.Months,binary,Colistin,ordinal,-0.0909,0.7787253962454419,12,WEAK,Negative,False
IAI.CRO,binary,Relapse.post.28.Day.Discharge,binary,-0.0909,0.7787253962454419,12,WEAK,Negative,False
CAP.CRO,binary,Endoscopy.in.1.week,binary,-0.0909,0.7787253962454419,12,WEAK,Negative,False
Other.CRO,binary,Relapse.post.28.Day.Discharge,binary,-0.0909,0.7787253962454419,12,WEAK,Negative,False
Other.CRO,binary,Z.A.only.E,binary,-0.0909,0.7787253962454419,12,WEAK,Negative,False
Other.CRO,binary,P.C.Z.A.E,binary,-0.0909,0.7787253962454419,12,WEAK,Negative,False
CV.Catheter.in.6.Months,binary,Endoscopy.in.1.week,binary,-0.0909,0.7787253962454419,12,WEAK,Negative,False
CV.Catheter.in.6.Months,binary,Creatinine,binary,0.0909,0.7787253962454419,12,WEAK,Positive,False
Other.CRO,binary,Urinary.Catheter.in.6.Months,binary,-0.0909,0.7787253962454419,12,WEAK,Negative,False
Other.CRO,binary,CV.Catheter.in.6.Months,binary,-0.0909,0.7787253962454419,12,WEAK,Negative,False
IAI.CRO,binary,Endoscopy.in.1.week,binary,-0.0909,0.7787253962454419,12,WEAK,Negative,False
IAI.CRO,binary,Urinary.Catheter.in.6.Months,binary,-0.0909,0.7787253962454419,12,WEAK,Negative,False
IAI.CRO,binary,CV.Catheter.in.6.Months,binary,-0.0909,0.7787253962454419,12,WEAK,Negative,False
IAI.CRO,binary,Other.CRO,binary,-0.0909,0.7787253962454419,12,WEAK,Negative,False
BSI.CRO,binary,Relapse.post.28.Day.Discharge,binary,-0.0909,0.7787253962454419,12,WEAK,Negative,False
Z.A.only.E,binary,Imipenem,ordinal,0.0909,0.7787253962454419,12,WEAK,Positive,False
Z.A.only.E,binary,Gentamicin,binary,-0.0909,0.7787253962454419,12,WEAK,Negative,False
COPD,binary,Relapse.post.28.Day.Discharge,binary,-0.0909,0.7787253962454419,12,WEAK,Negative,False
BSI.CRO,binary,Gentamicin,binary,-0.0909,0.7787253962454419,12,WEAK,Negative,False
BSI.CRO,binary,Imipenem,ordinal,0.0909,0.7787253962454419,12,WEAK,Positive,False
COPD,binary,CV.Catheter.in.6.Months,binary,-0.0909,0.7787253962454419,12,WEAK,Negative,False
COPD,binary,Z.A.only.E,binary,-0.0909,0.7787253962454419,12,WEAK,Negative,False
COPD,binary,Colistin,ordinal,-0.0909,0.7787253962454419,12,WEAK,Negative,False
COPD,binary,Imipenem,ordinal,0.0909,0.7787253962454419,12,WEAK,Positive,False
COPD,binary,Meropenem,ordinal,0.0909,0.7787253962454419,12,WEAK,Positive,False
IAI.CRO,binary,Z.A.only.E,binary,-0.0909,0.7787253962454419,12,WEAK,Negative,False
P.C.in.vitro,binary,CV.Catheter.in.6.Months,binary,-0.0909,0.7787253962454419,12,WEAK,Negative,False
P.C.in.vitro,binary,Urinary.Catheter.in.6.Months,binary,-0.0909,0.7787253962454419,12,WEAK,Negative,False
P.C.in.vitro,binary,CKD,binary,-0.0909,0.7787253962454419,12,WEAK,Negative,False
P.C.in.vitro,binary,COPD,binary,-0.0909,0.7787253962454419,12,WEAK,Negative,False
P.C.Z.A.E,binary,Gentamicin,binary,-0.0909,0.7787253962454419,12,WEAK,Negative,False
BSI.CRO,binary,CV.Catheter.in.6.Months,binary,-0.0909,0.7787253962454419,12,WEAK,Negative,False
BSI.CRO,binary,Urinary.Catheter.in.6.Months,binary,-0.0909,0.7787253962454419,12,WEAK,Negative,False
BSI.CRO,binary,Endoscopy.in.1.week,binary,-0.0909,0.7787253962454419,12,WEAK,Negative,False
COPD,binary,CAP.CRO,binary,-0.0909,0.7787253962454419,12,WEAK,Negative,False
COPD,binary,IAI.CRO,binary,-0.0909,0.7787253962454419,12,WEAK,Negative,False
Creatinine,binary,Z.A.only.E,binary,0.0909,0.7787253962454419,12,WEAK,Positive,False
Creatinine,binary,P.C.Z.A.E,binary,0.0909,0.7787253962454419,12,WEAK,Positive,False
Endoscopy.in.1.week,binary,Colistin,ordinal,-0.0909,0.7787253962454419,12,WEAK,Negative,False
Endoscopy.in.1.week,binary,Gentamicin,binary,-0.0909,0.7787253962454419,12,WEAK,Negative,False
Endoscopy.in.1.week,binary,Imipenem,ordinal,0.0909,0.7787253962454419,12,WEAK,Positive,False
Endoscopy.in.1.week,binary,Meropenem,ordinal,0.0909,0.7787253962454419,12,WEAK,Positive,False
COPD,binary,Endoscopy.in.1.week,binary,-0.0909,0.7787253962454419,12,WEAK,Negative,False
COPD,binary,Urinary.Catheter.in.6.Months,binary,-0.0909,0.7787253962454419,12,WEAK,Negative,False
COPD,binary,BSI.CRO,binary,-0.0909,0.7787253962454419,12,WEAK,Negative,False
VIM,binary,Colistin,ordinal,-0.0909,0.7787253962454419,12,WEAK,Negative,False
Colistin,ordinal,Gentamicin,binary,-0.0909,0.7787253962454419,12,WEAK,Negative,False
Colistin,ordinal,Relapse.post.28.Day.Discharge,binary,-0.0909,0.7787253962454419,12,WEAK,Negative,False
Colistin,ordinal,Meropenem,ordinal,0.0909,0.7787253962454419,12,WEAK,Positive,False
Colistin,ordinal,Imipenem,ordinal,0.0909,0.7787253962454419,12,WEAK,Positive,False
VIM,binary,Gentamicin,binary,-0.0909,0.7787253962454419,12,WEAK,Negative,False
VIM,binary,Imipenem,ordinal,0.0909,0.7787253962454419,12,WEAK,Positive,False
BSI.CRO,binary,Meropenem,ordinal,0.0909,0.7787253962454419,12,WEAK,Positive,False
P.C.in.vitro,binary,BSI.CRO,binary,-0.0909,0.7787253962454419,12,WEAK,Negative,False
P.C.in.vitro,binary,Other.CRO,binary,-0.0909,0.7787253962454419,12,WEAK,Negative,False
VIM,binary,P.C.Z.A.E,binary,-0.0909,0.7787253962454419,12,WEAK,Negative,False
Z.A.only.E,binary,Meropenem,ordinal,0.0909,0.7787253962454419,12,WEAK,Positive,False
Z.A.only.E,binary,Relapse.post.28.Day.Discharge,binary,-0.0909,0.7787253962454419,12,WEAK,Negative,False
Z.A.only.E,binary,Colistin,ordinal,-0.0909,0.7787253962454419,12,WEAK,Negative,False
CKD,binary,Colistin,ordinal,-0.0909,0.7787253962454419,12,WEAK,Negative,False
Endoscopy.in.1.week,binary,Z.A.only.E,binary,-0.0909,0.7787253962454419,12,WEAK,Negative,False
CKD,binary,Z.A.only.E,binary,-0.0909,0.7787253962454419,12,WEAK,Negative,False
Creatinine,binary,Imipenem,ordinal,-0.0909,0.7787253962454419,12,WEAK,Negative,False
CKD,binary,P.C.Z.A.E,binary,-0.0909,0.7787253962454419,12,WEAK,Negative,False
CKD,binary,Creatinine,binary,0.0909,0.7787253962454419,12,WEAK,Positive,False
Creatinine,binary,Colistin,ordinal,0.0909,0.7787253962454419,12,WEAK,Positive,False
P.C.in.vitro,binary,Z.A.only.E,binary,-0.0909,0.7787253962454419,12,WEAK,Negative,False
Endoscopy.in.1.week,binary,Relapse.post.28.Day.Discharge,binary,-0.0909,0.7787253962454419,12,WEAK,Negative,False
IAI.CRO,binary,Creatinine,binary,0.0909,0.7787253962454419,12,WEAK,Positive,False
IAI.CRO,binary,P.C.Z.A.E,binary,-0.0909,0.7787253962454419,12,WEAK,Negative,False
P.C.Z.A.E,binary,Colistin,ordinal,-0.0909,0.7787253962454419,12,WEAK,Negative,False
P.C.Z.A.E,binary,Meropenem,ordinal,0.0909,0.7787253962454419,12,WEAK,Positive,False
P.C.in.vitro,binary,P.C.Z.A.E,binary,-0.0909,0.7787253962454419,12,WEAK,Negative,False
P.C.Z.A.E,binary,Z.A.only.E,binary,-0.0909,0.7787253962454419,12,WEAK,Negative,False
BSI.CRO,binary,P.C.Z.A.E,binary,-0.0909,0.7787253962454419,12,WEAK,Negative,False
BSI.CRO,binary,Creatinine,binary,0.0909,0.7787253962454419,12,WEAK,Positive,False
Other.CRO,binary,Meropenem,ordinal,0.0909,0.7787253962454419,12,WEAK,Positive,False
P.C.Z.A.E,binary,Imipenem,ordinal,0.0909,0.7787253962454419,12,WEAK,Positive,False
Other.CRO,binary,Imipenem,ordinal,0.0909,0.7787253962454419,12,WEAK,Positive,False
Creatinine,binary,Meropenem,ordinal,-0.0909,0.7787253962454419,12,WEAK,Negative,False
IAI.CRO,binary,Colistin,ordinal,-0.0909,0.7787253962454419,12,WEAK,Negative,False
Other.CRO,binary,Colistin,ordinal,-0.0909,0.7787253962454419,12,WEAK,Negative,False
Creatinine,binary,Relapse.post.28.Day.Discharge,binary,0.0909,0.7787253962454419,12,WEAK,Positive,False
Meropenem,ordinal,Relapse.post.28.Day.Discharge,binary,0.0909,0.7787253962454419,12,WEAK,Positive,False
CKD,binary,Gentamicin,binary,-0.0909,0.7787253962454419,12,WEAK,Negative,False
CKD,binary,Imipenem,ordinal,0.0909,0.7787253962454419,12,WEAK,Positive,False
CKD,binary,CV.Catheter.in.6.Months,binary,-0.0909,0.7787253962454419,12,WEAK,Negative,False
CKD,binary,Other.CRO,binary,-0.0909,0.7787253962454419,12,WEAK,Negative,False
CKD,binary,BSI.CRO,binary,-0.0909,0.7787253962454419,12,WEAK,Negative,False
CKD,binary,CAP.CRO,binary,-0.0909,0.7787253962454419,12,WEAK,Negative,False
CKD,binary,COPD,binary,-0.0909,0.7787253962454419,12,WEAK,Negative,False
Endoscopy.in.1.week,binary,P.C.Z.A.E,binary,-0.0909,0.7787253962454419,12,WEAK,Negative,False
Endoscopy.in.1.week,binary,Creatinine,binary,0.0909,0.7787253962454419,12,WEAK,Positive,False
CKD,binary,Urinary.Catheter.in.6.Months,binary,-0.0909,0.7787253962454419,12,WEAK,Negative,False
Imipenem,ordinal,Relapse.post.28.Day.Discharge,binary,0.0909,0.7787253962454419,12,WEAK,Positive,False
VIM,binary,Relapse.post.28.Day.Discharge,binary,-0.0909,0.7787253962454419,12,WEAK,Negative,False
P.C.in.vitro,binary,CAP.CRO,binary,-0.0909,0.7787253962454419,12,WEAK,Negative,False
P.C.in.vitro,binary,IAI.CRO,binary,-0.0909,0.7787253962454419,12,WEAK,Negative,False
SOFA,continuous,Z.A.only.E,binary,-0.0881,0.7853806854278051,12,WEAK,Negative,False
CAP.CRO,binary,SOFA,continuous,-0.0881,0.7853806854278051,12,WEAK,Negative,False
SOFA,continuous,Relapse.post.28.Day.Discharge,binary,-0.0881,0.7853806854278051,12,WEAK,Negative,False
VIM,binary,SOFA,continuous,-0.0881,0.7853806854278051,12,WEAK,Negative,False
Age,continuous,Height,continuous,-0.0879,0.785959609649686,12,WEAK,Negative,False
VIM,binary,GW.Stay.in.28.Days,continuous,0.0876,0.7864939849984017,12,WEAK,Positive,False
COPD,binary,GW.Stay.in.28.Days,continuous,0.0876,0.7864939849984017,12,WEAK,Positive,False
Gentamicin,binary,GW.Stay.in.28.Days,continuous,0.0876,0.7864939849984017,12,WEAK,Positive,False
Creatinine,binary,GW.Stay.in.28.Days,continuous,-0.0876,0.7864939849984017,12,WEAK,Negative,False
Z.A.only.E,binary,GW.Stay.in.28.Days,continuous,0.0876,0.7864939849984017,12,WEAK,Positive,False
Other.CRO,binary,GW.Stay.in.28.Days,continuous,0.0876,0.7864939849984017,12,WEAK,Positive,False
SOFA,continuous,Bil,binary,0.0844,0.7943409215851642,12,WEAK,Positive,False
Height,continuous,VAP.CRO,binary,0.0838,0.7957621324090035,12,WEAK,Positive,False
Weight,continuous,HAP.CRO,binary,0.0836,0.7961128560340759,12,WEAK,Positive,False
Aztreonam,ordinal,GW.Stay.in.28.Days,continuous,-0.0785,0.8083175770781312,12,WEAK,Negative,False
Ventilation,binary,Total.Hospital.stay.in.28.days,continuous,0.0775,0.8108106159806587,12,WEAK,Positive,False
SOFA,continuous,Potassium,binary,-0.0775,0.8108106159806587,12,WEAK,Negative,False
Urea,binary,GW.Stay.in.28.Days,continuous,0.0771,0.811796635243015,12,WEAK,Positive,False
Overall.organ.support,binary,SGOT,binary,0.0756,0.8153807082125505,12,WEAK,Positive,False
Immunosuppressive.drugs.in.1.week,binary,Neutropenia,binary,0.0756,0.8153807082125505,12,WEAK,Positive,False
Immunosuppressive.drugs.in.1.week,binary,P.C.Z.A.T,binary,0.0756,0.8153807082125505,12,WEAK,Positive,False
Past.CREPA.infection,binary,Calcium,binary,-0.0756,0.8153807082125505,12,WEAK,Negative,False
Inotropes.,binary,Lympho,binary,0.0756,0.8153807082125505,12,WEAK,Positive,False
Female,binary,Overall.mortality,binary,0.0756,0.8153807082125505,12,WEAK,Positive,False
Female,binary,Magnesium,binary,0.0756,0.8153807082125505,12,WEAK,Positive,False
Solid.Organ,binary,Mortality.post.28.Day.Discharge,binary,-0.0756,0.8153807082125505,12,WEAK,Negative,False
Immunosuppressive.drugs.in.1.week,binary,Z.A.only.T,binary,0.0756,0.8153807082125505,12,WEAK,Positive,False
Female,binary,Calcium,binary,-0.0756,0.8153807082125505,12,WEAK,Negative,False
Inotropes.,binary,P.C.Z.A.T,binary,-0.0756,0.8153807082125505,12,WEAK,Negative,False
Female,binary,Solid.Organ,binary,-0.0756,0.8153807082125505,12,WEAK,Negative,False
Female,binary,Any.Viral.Infection,binary,-0.0756,0.8153807082125505,12,WEAK,Negative,False
Female,binary,Immunosuppressive.drugs.in.1.week,binary,0.0756,0.8153807082125505,12,WEAK,Positive,False
Overall.organ.support,binary,Calcium,binary,0.0756,0.8153807082125505,12,WEAK,Positive,False
Past.CREPA.infection,binary,Solid.Organ,binary,-0.0756,0.8153807082125505,12,WEAK,Negative,False
Past.CREPA.infection,binary,Any.Fungal.Infection,binary,0.0756,0.8153807082125505,12,WEAK,Positive,False
Hypothyroidism,binary,P.C.only.T,binary,0.0756,0.8153807082125505,12,WEAK,Positive,False
UTI.CRO,binary,Any.Fungal.Infection,binary,0.0756,0.8153807082125505,12,WEAK,Positive,False
Calcium,binary,Mortality.post.28.Day.Discharge,binary,-0.0756,0.8153807082125505,12,WEAK,Negative,False
Magnesium,binary,P.C.Z.A.T,binary,0.0756,0.8153807082125505,12,WEAK,Positive,False
Z.A.only.T,binary,Overall.mortality,binary,0.0756,0.8153807082125505,12,WEAK,Positive,False
UTI.CRO,binary,Solid.Organ,binary,-0.0756,0.8153807082125505,12,WEAK,Negative,False
UTI.CRO,binary,Inotropes.,binary,-0.0756,0.8153807082125505,12,WEAK,Negative,False
UTI.CRO,binary,Any.Viral.Infection,binary,-0.0756,0.8153807082125505,12,WEAK,Negative,False
UTI.CRO,binary,Immunosuppressive.drugs.in.1.week,binary,0.0756,0.8153807082125505,12,WEAK,Positive,False
Magnesium,binary,Z.A.only.T,binary,0.0756,0.8153807082125505,12,WEAK,Positive,False
Albumin,binary,Overall.mortality,binary,-0.0756,0.8153807082125505,12,WEAK,Negative,False
Hypothyroidism,binary,Sodium,binary,-0.0756,0.8153807082125505,12,WEAK,Negative,False
Hypothyroidism,binary,Calcium,binary,-0.0756,0.8153807082125505,12,WEAK,Negative,False
Past.CREPA.infection,binary,Magnesium,binary,0.0756,0.8153807082125505,12,WEAK,Positive,False
Total.Protein,binary,Overall.mortality,binary,-0.0756,0.8153807082125505,12,WEAK,Negative,False
SGOT,binary,Z.A.only.T,binary,-0.0756,0.8153807082125505,12,WEAK,Negative,False
UTI.CRO,binary,Calcium,binary,-0.0756,0.8153807082125505,12,WEAK,Negative,False
Hospitalization.in.past.6.Months,binary,Albumin,binary,-0.0756,0.8153807082125505,12,WEAK,Negative,False
UTI.CRO,binary,Overall.mortality,binary,0.0756,0.8153807082125505,12,WEAK,Positive,False
P.C.Z.A.T,binary,Overall.mortality,binary,0.0756,0.8153807082125505,12,WEAK,Positive,False
Hospitalization.in.past.6.Months,binary,P.C.Z.A.T,binary,0.0756,0.8153807082125505,12,WEAK,Positive,False
UTI.CRO,binary,Magnesium,binary,0.0756,0.8153807082125505,12,WEAK,Positive,False
Hypothyroidism,binary,Magnesium,binary,0.0756,0.8153807082125505,12,WEAK,Positive,False
Male,binary,Overall.mortality,binary,-0.0756,0.8153807082125505,12,WEAK,Negative,False
Female,binary,Hospitalization.in.past.6.Months,binary,0.0756,0.8153807082125505,12,WEAK,Positive,False
Inotropes.,binary,Neutropenia,binary,-0.0756,0.8153807082125505,12,WEAK,Negative,False
Z.A.invitro,binary,Immunosuppressive.drugs.in.1.week,binary,0.0756,0.8153807082125505,12,WEAK,Positive,False
Z.A.invitro,binary,Hospitalization.in.past.6.Months,binary,0.0756,0.8153807082125505,12,WEAK,Positive,False
Z.A.invitro,binary,Inotropes.,binary,-0.0756,0.8153807082125505,12,WEAK,Negative,False
Overall.organ.support,binary,P.C.only.T,binary,-0.0756,0.8153807082125505,12,WEAK,Negative,False
Male,binary,Any.Viral.Infection,binary,0.0756,0.8153807082125505,12,WEAK,Positive,False
Any.Viral.Infection,binary,Lympho,binary,0.0756,0.8153807082125505,12,WEAK,Positive,False
Any.Viral.Infection,binary,Albumin,binary,0.0756,0.8153807082125505,12,WEAK,Positive,False
Z.A.invitro,binary,Magnesium,binary,0.0756,0.8153807082125505,12,WEAK,Positive,False
Any.Viral.Infection,binary,Z.A.only.T,binary,-0.0756,0.8153807082125505,12,WEAK,Negative,False
NDM,binary,Total.Protein,binary,0.0756,0.8153807082125505,12,WEAK,Positive,False
NDM,binary,Lympho,binary,0.0756,0.8153807082125505,12,WEAK,Positive,False
NDM,binary,Hypothyroidism,binary,-0.0756,0.8153807082125505,12,WEAK,Negative,False
Neutropenia,binary,SGOT,binary,-0.0756,0.8153807082125505,12,WEAK,Negative,False
Male,binary,Magnesium,binary,-0.0756,0.8153807082125505,12,WEAK,Negative,False
Male,binary,Calcium,binary,0.0756,0.8153807082125505,12,WEAK,Positive,False
Male,binary,Solid.Organ,binary,0.0756,0.8153807082125505,12,WEAK,Positive,False
Any.Fungal.Infection,binary,Lympho,binary,-0.0756,0.8153807082125505,12,WEAK,Negative,False
Z.A.invitro,binary,Overall.mortality,binary,0.0756,0.8153807082125505,12,WEAK,Positive,False
Any.Fungal.Infection,binary,Mortality.post.28.Day.Discharge,binary,0.0756,0.8153807082125505,12,WEAK,Positive,False
Magnesium,binary,Mortality.post.28.Day.Discharge,binary,0.0756,0.8153807082125505,12,WEAK,Positive,False
NDM,binary,Neutropenia,binary,-0.0756,0.8153807082125505,12,WEAK,Negative,False
NDM,binary,Overall.organ.support,binary,0.0756,0.8153807082125505,12,WEAK,Positive,False
Lympho,binary,Magnesium,binary,-0.0756,0.8153807082125505,12,WEAK,Negative,False
Hospitalization.in.past.6.Months,binary,Z.A.only.T,binary,0.0756,0.8153807082125505,12,WEAK,Positive,False
Hospitalization.in.past.6.Months,binary,Lympho,binary,-0.0756,0.8153807082125505,12,WEAK,Negative,False
Lympho,binary,Calcium,binary,0.0756,0.8153807082125505,12,WEAK,Positive,False
Hospitalization.in.past.6.Months,binary,Past.CREPA.infection,binary,0.0756,0.8153807082125505,12,WEAK,Positive,False
Hospitalization.in.past.6.Months,binary,Mortality.post.28.Day.Discharge,binary,0.0756,0.8153807082125505,12,WEAK,Positive,False
Lympho,binary,SGOT,binary,0.0756,0.8153807082125505,12,WEAK,Positive,False
Lympho,binary,Sodium,binary,0.0756,0.8153807082125505,12,WEAK,Positive,False
Lympho,binary,P.C.only.T,binary,-0.0756,0.8153807082125505,12,WEAK,Negative,False
NDM,binary,Albumin,binary,0.0756,0.8153807082125505,12,WEAK,Positive,False
Lympho,binary,Overall.mortality,binary,-0.0756,0.8153807082125505,12,WEAK,Negative,False
Hospitalization.in.past.6.Months,binary,Total.Protein,binary,-0.0756,0.8153807082125505,12,WEAK,Negative,False
SGOT,binary,Total.Protein,binary,0.0756,0.8153807082125505,12,WEAK,Positive,False
SGOT,binary,Albumin,binary,0.0756,0.8153807082125505,12,WEAK,Positive,False
Any.Viral.Infection,binary,Total.Protein,binary,0.0756,0.8153807082125505,12,WEAK,Positive,False
Male,binary,Immunosuppressive.drugs.in.1.week,binary,-0.0756,0.8153807082125505,12,WEAK,Negative,False
Neutropenia,binary,P.C.only.T,binary,0.0756,0.8153807082125505,12,WEAK,Positive,False
Neutropenia,binary,Magnesium,binary,0.0756,0.8153807082125505,12,WEAK,Positive,False
Male,binary,Hospitalization.in.past.6.Months,binary,-0.0756,0.8153807082125505,12,WEAK,Negative,False
Any.Fungal.Infection,binary,Z.A.only.T,binary,0.0756,0.8153807082125505,12,WEAK,Positive,False
Hospitalization.in.past.6.Months,binary,Total.Hospital.stay.in.28.days,continuous,-0.0741,0.8189764855225371,12,WEAK,Negative,False
Magnesium,binary,Total.Hospital.stay.in.28.days,continuous,0.0741,0.8189764855225371,12,WEAK,Positive,False
Bil,binary,Aztreonam,ordinal,0.0734,0.8206642898713281,12,WEAK,Positive,False
HAP.CRO,binary,Aztreonam,ordinal,0.0734,0.8206642898713281,12,WEAK,Positive,False
Weight,continuous,Sodium,binary,0.0734,0.8205429281806303,12,WEAK,Positive,False
VAP.CRO,binary,Aztreonam,ordinal,0.0734,0.8206642898713281,12,WEAK,Positive,False
Weight,continuous,Immunosuppressive.drugs.in.1.week,binary,-0.0734,0.8205429281806303,12,WEAK,Negative,False
SGPT,binary,ICU.Stay.in.28.Days,continuous,-0.0728,0.8220952317890677,12,WEAK,Negative,False
APACHEII,continuous,GW.Stay.in.28.Days,continuous,0.0702,0.8284305273711021,12,WEAK,Positive,False
Height,continuous,Ciprofloxacin,ordinal,-0.0692,0.8308547030149928,12,WEAK,Negative,False
Height,continuous,Piperacillin.Tazobactam,ordinal,-0.0692,0.8308547030149928,12,WEAK,Negative,False
Globulin,binary,Piperacillin.Tazobactam,ordinal,-0.0674,0.8350850766360978,12,WEAK,Negative,False
Globulin,binary,Ciprofloxacin,ordinal,-0.0674,0.8350850766360978,12,WEAK,Negative,False
Surgery.in.last.3.Months,binary,Levofloxacin,ordinal,0.0674,0.8350850766360978,12,WEAK,Positive,False
Hemat.Malignancy,binary,Ceftazidime,ordinal,-0.0674,0.8350850766360978,12,WEAK,Negative,False
Ciprofloxacin,ordinal,Clinical.improvement,binary,-0.0674,0.8350850766360978,12,WEAK,Negative,False
HTN,binary,Piperacillin.Tazobactam,ordinal,-0.0674,0.8350850766360978,12,WEAK,Negative,False
Surgery.in.last.3.Months,binary,Piperacillin.Tazobactam,ordinal,0.0674,0.8350850766360978,12,WEAK,Positive,False
Ventilation,binary,Cefoperazone.Sulbactam,ordinal,-0.0674,0.8350850766360978,12,WEAK,Negative,False
Urea,binary,Ceftazidime,ordinal,0.0674,0.8350850766360978,12,WEAK,Positive,False
Surgery.in.last.3.Months,binary,Ciprofloxacin,ordinal,0.0674,0.8350850766360978,12,WEAK,Positive,False
ANC,binary,Aztreonam,ordinal,-0.0674,0.8350850766360978,12,WEAK,Negative,False
P.C.only.E,binary,Aztreonam,ordinal,0.0674,0.8350850766360978,12,WEAK,Positive,False
Piperacillin.Tazobactam,ordinal,Clinical.improvement,binary,-0.0674,0.8350850766360978,12,WEAK,Negative,False
Potassium,binary,Ceftazidime,ordinal,-0.0674,0.8350850766360978,12,WEAK,Negative,False
HTN,binary,Ciprofloxacin,ordinal,-0.0674,0.8350850766360978,12,WEAK,Negative,False
P.C.Z.A.T,binary,Total.Hospital.stay.in.28.days,continuous,0.0653,0.8400929290899073,12,WEAK,Positive,False
Z.A.invitro,binary,Total.Hospital.stay.in.28.days,continuous,0.0653,0.8400929290899073,12,WEAK,Positive,False
Overall.organ.support,binary,GW.Stay.in.28.Days,continuous,0.065,0.840930202669385,12,WEAK,Positive,False
Height,continuous,Neutropenia,binary,0.0649,0.8412063849681292,12,WEAK,Positive,False
Weight,continuous,Z.A.only.T,binary,-0.0648,0.8414811337938278,12,WEAK,Negative,False
Male,binary,Weight,continuous,-0.0648,0.8414811337938278,12,WEAK,Negative,False
Male,binary,APACHEII,continuous,-0.0648,0.8414811337938278,12,WEAK,Negative,False
APACHEII,continuous,Albumin,binary,-0.0648,0.8414811337938278,12,WEAK,Negative,False
APACHEII,continuous,Mortality.post.28.Day.Discharge,binary,-0.0648,0.8414811337938278,12,WEAK,Negative,False
Female,binary,Weight,continuous,0.0648,0.8414811337938278,12,WEAK,Positive,False
APACHEII,continuous,Total.Protein,binary,-0.0648,0.8414811337938278,12,WEAK,Negative,False
Past.CREPA.infection,binary,APACHEII,continuous,-0.0648,0.8414811337938278,12,WEAK,Negative,False
Female,binary,APACHEII,continuous,0.0648,0.8414811337938278,12,WEAK,Positive,False
Height,continuous,Ceftazidime,ordinal,-0.0646,0.8420014666018039,12,WEAK,Negative,False
Levofloxacin,ordinal,Overall.mortality,binary,0.0645,0.8422294020701753,12,WEAK,Positive,False
NDM,binary,Levofloxacin,ordinal,-0.0645,0.8422294020701753,12,WEAK,Negative,False
Magnesium,binary,Cefoperazone.Sulbactam,ordinal,0.0645,0.8422294020701753,12,WEAK,Positive,False
Sodium,binary,Cefoperazone.Sulbactam,ordinal,-0.0645,0.8422294020701753,12,WEAK,Negative,False
Immunosuppressive.drugs.in.1.week,binary,Cefoperazone.Sulbactam,ordinal,0.0645,0.8422294020701753,12,WEAK,Positive,False
Immunosuppressive.drugs.in.1.week,binary,Ceftazidime,ordinal,-0.0645,0.8422294020701753,12,WEAK,Negative,False
Inotropes.,binary,Ceftazidime,ordinal,0.0645,0.8422294020701753,12,WEAK,Positive,False
Hospitalization.in.past.6.Months,binary,Levofloxacin,ordinal,0.0645,0.8422294020701753,12,WEAK,Positive,False
Any.Viral.Infection,binary,Ceftazidime,ordinal,0.0645,0.8422294020701753,12,WEAK,Positive,False
P.C.only.T,binary,Cefoperazone.Sulbactam,ordinal,0.0645,0.8422294020701753,12,WEAK,Positive,False
SOFA,continuous,Total.Hospital.stay.in.28.days,continuous,0.0605,0.8518418237301991,12,WEAK,Positive,False
Sodium,binary,Cefepime,ordinal,0.0588,0.8558429745969436,12,WEAK,Positive,False
Magnesium,binary,Cefepime,ordinal,-0.0588,0.8558429745969436,12,WEAK,Negative,False
Immunosuppressive.drugs.in.1.week,binary,Cefepime,ordinal,-0.0588,0.8558429745969436,12,WEAK,Negative,False
TLC,binary,Cefepime,ordinal,0.058,0.8578410521374991,12,WEAK,Positive,False
SGPT,binary,Cefepime,ordinal,-0.058,0.8578410521374991,12,WEAK,Negative,False
DM,binary,Total.Hospital.stay.in.28.days,continuous,-0.0562,0.862170945580394,12,WEAK,Negative,False
Carbapenemase,binary,GW.Stay.in.28.Days,continuous,0.0559,0.8628947492218808,12,WEAK,Positive,False
Hemat.Malignancy,binary,SOFA,continuous,-0.0517,0.8733125809864414,12,WEAK,Negative,False
P.C.only.E,binary,ICU.Stay.in.28.Days,continuous,-0.0515,0.8737578624427288,12,WEAK,Negative,False
HTN,binary,GW.Stay.in.28.Days,continuous,0.0514,0.8739787496982362,12,WEAK,Positive,False
Globulin,binary,GW.Stay.in.28.Days,continuous,0.0514,0.8739787496982362,12,WEAK,Positive,False
Clinical.improvement,binary,GW.Stay.in.28.Days,continuous,0.0514,0.8739787496982362,12,WEAK,Positive,False
Height,continuous,ALP,binary,-0.0513,0.8741984815615573,12,WEAK,Negative,False
Surgery.in.last.3.Months,binary,APACHEII,continuous,-0.0512,0.8744170680699109,12,WEAK,Negative,False
APACHEII,continuous,P.C.only.E,binary,-0.0512,0.8744170680699109,12,WEAK,Negative,False
Weight,continuous,ANC,binary,0.0512,0.8744170680699109,12,WEAK,Positive,False
Weight,continuous,Urea,binary,-0.0512,0.8744170680699109,12,WEAK,Negative,False
Sodium,binary,Total.Hospital.stay.in.28.days,continuous,-0.0494,0.8788267458526295,12,WEAK,Negative,False
Height,continuous,Inotropes.,binary,0.0491,0.879674600850302,12,WEAK,Positive,False
Height,continuous,Overall.mortality,binary,0.0491,0.879674600850302,12,WEAK,Positive,False
Height,continuous,Magnesium,binary,0.0491,0.879674600850302,12,WEAK,Positive,False
APACHEII,continuous,Amikacin,ordinal,-0.0483,0.8815533219813624,12,WEAK,Negative,False
Weight,continuous,SGPT,binary,-0.0483,0.8815533219813624,12,WEAK,Negative,False
CV.Catheter.in.6.Months,binary,Total.Hospital.stay.in.28.days,continuous,-0.0441,0.8918558096772784,12,WEAK,Negative,False
Urinary.Catheter.in.6.Months,binary,Total.Hospital.stay.in.28.days,continuous,-0.0441,0.8918558096772784,12,WEAK,Negative,False
BSI.CRO,binary,SOFA,continuous,0.0441,0.8918558096772784,12,WEAK,Positive,False
Imipenem,ordinal,Total.Hospital.stay.in.28.days,continuous,0.0441,0.8918558096772784,12,WEAK,Positive,False
Meropenem,ordinal,Total.Hospital.stay.in.28.days,continuous,0.0441,0.8918558096772784,12,WEAK,Positive,False
Age,continuous,P.C.Z.A.E,binary,-0.0438,0.8924255718522478,12,WEAK,Negative,False
BSI.CRO,binary,GW.Stay.in.28.Days,continuous,-0.0438,0.8924255718522478,12,WEAK,Negative,False
BSI.CRO,binary,APACHEII,continuous,-0.0437,0.8928004481276263,12,WEAK,Negative,False
Height,continuous,Meropenem,ordinal,-0.0437,0.8926135007265631,12,WEAK,Negative,False
Weight,continuous,CAP.CRO,binary,0.0437,0.8928004481276263,12,WEAK,Positive,False
P.C.in.vitro,binary,APACHEII,continuous,0.0437,0.8928004481276263,12,WEAK,Positive,False
Weight,continuous,BSI.CRO,binary,-0.0437,0.8928004481276263,12,WEAK,Negative,False
APACHEII,continuous,Colistin,ordinal,0.0437,0.8928004481276263,12,WEAK,Positive,False
Height,continuous,Urinary.Catheter.in.6.Months,binary,0.0437,0.8926135007265631,12,WEAK,Positive,False
Height,continuous,IAI.CRO,binary,-0.0437,0.8926135007265631,12,WEAK,Negative,False
Height,continuous,Imipenem,ordinal,-0.0437,0.8926135007265631,12,WEAK,Negative,False
Weight,continuous,Relapse.post.28.Day.Discharge,binary,0.0437,0.8928004481276263,12,WEAK,Positive,False
Height,continuous,CV.Catheter.in.6.Months,binary,0.0437,0.8926135007265631,12,WEAK,Positive,False
Neutropenia,binary,Cefepime,ordinal,-0.0389,0.9044013929447141,12,WEAK,Negative,False
HAP.CRO,binary,Piperacillin.Tazobactam,ordinal,-0.0367,0.9098485486932115,12,WEAK,Negative,False
HAP.CRO,binary,Ciprofloxacin,ordinal,-0.0367,0.9098485486932115,12,WEAK,Negative,False
Hemat.Malignancy,binary,Aztreonam,ordinal,-0.0337,0.9171673795386242,12,WEAK,Negative,False
Ventilation,binary,Ciprofloxacin,ordinal,0.0337,0.9171673795386242,12,WEAK,Positive,False
Ventilation,binary,Piperacillin.Tazobactam,ordinal,0.0337,0.9171673795386242,12,WEAK,Positive,False
Globulin,binary,Aztreonam,ordinal,0.0337,0.9171673795386242,12,WEAK,Positive,False
Surgery.in.last.3.Months,binary,Ceftazidime,ordinal,0.0337,0.9171673795386242,12,WEAK,Positive,False
HTN,binary,Cefoperazone.Sulbactam,ordinal,0.0337,0.9171673795386242,12,WEAK,Positive,False
Globulin,binary,Ceftazidime,ordinal,-0.0337,0.9171673795386242,12,WEAK,Negative,False
Surgery.in.last.3.Months,binary,Aztreonam,ordinal,-0.0337,0.9171673795386242,12,WEAK,Negative,False
Surgery.in.last.3.Months,binary,Cefoperazone.Sulbactam,ordinal,-0.0337,0.9171673795386242,12,WEAK,Negative,False
Globulin,binary,Cefoperazone.Sulbactam,ordinal,0.0337,0.9171673795386242,12,WEAK,Positive,False
Cefoperazone.Sulbactam,ordinal,Clinical.improvement,binary,0.0337,0.9171673795386242,12,WEAK,Positive,False
ANC,binary,Ceftazidime,ordinal,-0.0337,0.9171673795386242,12,WEAK,Negative,False
P.C.only.E,binary,Ceftazidime,ordinal,0.0337,0.9171673795386242,12,WEAK,Positive,False
HAP.CRO,binary,Cefepime,ordinal,-0.0335,0.9176787409134253,12,WEAK,Negative,False
ICU.Stay.in.28.Days,continuous,Mortality.post.28.Day.Discharge,binary,-0.0326,0.9199881518776902,12,WEAK,Negative,False
Neutropenia,binary,ICU.Stay.in.28.Days,continuous,-0.0326,0.9199881518776902,12,WEAK,Negative,False
Lympho,binary,ICU.Stay.in.28.Days,continuous,-0.0326,0.9199881518776902,12,WEAK,Negative,False
Past.CREPA.infection,binary,ICU.Stay.in.28.Days,continuous,-0.0326,0.9199881518776902,12,WEAK,Negative,False
Aztreonam,ordinal,Total.Hospital.stay.in.28.days,continuous,-0.0325,0.9201101372741318,12,WEAK,Negative,False
Calcium,binary,Aztreonam,ordinal,0.0322,0.9207865842296525,12,WEAK,Positive,False
Inotropes.,binary,Aztreonam,ordinal,0.0322,0.9207865842296525,12,WEAK,Positive,False
Sodium,binary,Overall.mortality,binary,0.0286,0.9297639744075259,12,WEAK,Positive,False
Immunosuppressive.drugs.in.1.week,binary,Solid.Organ,binary,0.0286,0.9297639744075259,12,WEAK,Positive,False
Inotropes.,binary,SGOT,binary,-0.0286,0.9297639744075259,12,WEAK,Negative,False
Immunosuppressive.drugs.in.1.week,binary,P.C.only.T,binary,-0.0286,0.9297639744075259,12,WEAK,Negative,False
Solid.Organ,binary,P.C.only.T,binary,0.0286,0.9297639744075259,12,WEAK,Positive,False
Magnesium,binary,P.C.only.T,binary,-0.0286,0.9297639744075259,12,WEAK,Negative,False
Solid.Organ,binary,Overall.mortality,binary,0.0286,0.9297639744075259,12,WEAK,Positive,False
Inotropes.,binary,P.C.only.T,binary,0.0286,0.9297639744075259,12,WEAK,Positive,False
Hospitalization.in.past.6.Months,binary,Any.Fungal.Infection,binary,-0.0286,0.9297639744075259,12,WEAK,Negative,False
Hospitalization.in.past.6.Months,binary,Sodium,binary,0.0286,0.9297639744075259,12,WEAK,Positive,False
Hospitalization.in.past.6.Months,binary,Calcium,binary,0.0286,0.9297639744075259,12,WEAK,Positive,False
NDM,binary,SGOT,binary,-0.0286,0.9297639744075259,12,WEAK,Negative,False
NDM,binary,Hospitalization.in.past.6.Months,binary,0.0286,0.9297639744075259,12,WEAK,Positive,False
Any.Fungal.Infection,binary,SGOT,binary,0.0286,0.9297639744075259,12,WEAK,Positive,False
SGOT,binary,Overall.mortality,binary,0.0286,0.9297639744075259,12,WEAK,Positive,False
NDM,binary,Solid.Organ,binary,-0.0286,0.9297639744075259,12,WEAK,Negative,False
SGOT,binary,Sodium,binary,-0.0286,0.9297639744075259,12,WEAK,Negative,False
SGOT,binary,P.C.only.T,binary,0.0286,0.9297639744075259,12,WEAK,Positive,False
Hospitalization.in.past.6.Months,binary,P.C.only.T,binary,-0.0286,0.9297639744075259,12,WEAK,Negative,False
P.C.only.T,binary,Overall.mortality,binary,-0.0286,0.9297639744075259,12,WEAK,Negative,False
NDM,binary,Overall.mortality,binary,0.0286,0.9297639744075259,12,WEAK,Positive,False
NDM,binary,Calcium,binary,-0.0286,0.9297639744075259,12,WEAK,Negative,False
Any.Fungal.Infection,binary,Sodium,binary,0.0286,0.9297639744075259,12,WEAK,Positive,False
Any.Viral.Infection,binary,Sodium,binary,-0.0286,0.9297639744075259,12,WEAK,Negative,False
Any.Viral.Infection,binary,Magnesium,binary,0.0286,0.9297639744075259,12,WEAK,Positive,False
Any.Fungal.Infection,binary,Calcium,binary,0.0286,0.9297639744075259,12,WEAK,Positive,False
Calcium,binary,Magnesium,binary,0.0286,0.9297639744075259,12,WEAK,Positive,False
Inotropes.,binary,Any.Viral.Infection,binary,-0.0286,0.9297639744075259,12,WEAK,Negative,False
Inotropes.,binary,Any.Fungal.Infection,binary,0.0286,0.9297639744075259,12,WEAK,Positive,False
Solid.Organ,binary,SGOT,binary,-0.0286,0.9297639744075259,12,WEAK,Negative,False
Carbapenemase,binary,Total.Hospital.stay.in.28.days,continuous,0.0281,0.9308673321978613,12,WEAK,Positive,False
DM,binary,SOFA,continuous,-0.0281,0.9308673321978613,12,WEAK,Negative,False
Age,continuous,Carbapenemase,binary,-0.028,0.9312326732534734,12,WEAK,Negative,False
Age,continuous,VAP.CRO,binary,0.028,0.9312326732534734,12,WEAK,Positive,False
HAP.CRO,binary,APACHEII,continuous,0.0279,0.9314730405130227,12,WEAK,Positive,False
Height,continuous,DM,binary,-0.0279,0.9313531724982309,12,WEAK,Negative,False
Weight,continuous,DM,binary,0.0279,0.9314730405130227,12,WEAK,Positive,False
APACHEII,continuous,Bil,binary,-0.0279,0.9314730405130227,12,WEAK,Negative,False
Height,continuous,Bil,binary,-0.0279,0.9313531724982309,12,WEAK,Negative,False
Surgery.in.last.3.Months,binary,SOFA,continuous,0.0258,0.9364871300774242,12,WEAK,Positive,False
SOFA,continuous,ANC,binary,-0.0258,0.9364871300774242,12,WEAK,Negative,False
Age,continuous,Surgery.in.last.3.Months,binary,0.0257,0.9368228824185724,12,WEAK,Positive,False
Height,continuous,Hemat.Malignancy,binary,0.0256,0.9369336221300382,12,WEAK,Positive,False
SOFA,continuous,Calcium,binary,-0.0247,0.9392654506928392,12,WEAK,Negative,False
Age,continuous,Calcium,binary,0.0246,0.9395865644483782,12,WEAK,Positive,False
Weight,continuous,Overall.mortality,binary,-0.0245,0.9397978320950784,12,WEAK,Negative,False
APACHEII,continuous,P.C.only.T,binary,-0.0245,0.9397978320950784,12,WEAK,Negative,False
APACHEII,continuous,Magnesium,binary,0.0245,0.9397978320950784,12,WEAK,Positive,False
Solid.Organ,binary,APACHEII,continuous,0.0245,0.9397978320950784,12,WEAK,Positive,False
Weight,continuous,Inotropes.,binary,0.0245,0.9397978320950784,12,WEAK,Positive,False
SGPT,binary,Total.Hospital.stay.in.28.days,continuous,-0.0244,0.9401135740439183,12,WEAK,Negative,False
Platelet,binary,GW.Stay.in.28.Days,continuous,0.0242,0.9404302178391243,12,WEAK,Positive,False
Age,continuous,Total.Hospital.stay.in.28.days,continuous,-0.0159,0.9608119329663506,12,WEAK,Negative,False
SOFA,continuous,GW.Stay.in.28.Days,continuous,-0.0159,0.9608119329663506,12,WEAK,Negative,False
Age,continuous,APACHEII,continuous,-0.007,0.9827312907717293,12,WEAK,Negative,False
Lympho,binary,SGPT,binary,0.0,1.0,12,WEAK,Negative,False
Lympho,binary,Amikacin,ordinal,0.0,1.0,12,WEAK,Negative,False
ANC,binary,Mortality.in.Hospital,binary,0.0,1.0,12,WEAK,Negative,False
ANC,binary,Total.Hospital.stay.in.28.days,continuous,0.0,1.0,12,WEAK,Negative,False
ANC,binary,Carbapenemase,binary,0.0,1.0,12,WEAK,Negative,False
Lympho,binary,Platelet,binary,0.0,1.0,12,WEAK,Negative,False
CV.Catheter.in.6.Months,binary,ICU.Stay.in.28.Days,continuous,0.0,1.0,12,WEAK,Negative,False
ANC,binary,Amikacin,ordinal,0.0,1.0,12,WEAK,Negative,False
ANC,binary,Bil,binary,0.0,1.0,12,WEAK,Negative,False
TLC,binary,Potassium,binary,0.0,1.0,12,WEAK,Negative,False
TLC,binary,P.C.only.E,binary,0.0,1.0,12,WEAK,Negative,False
TLC,binary,Urea,binary,0.0,1.0,12,WEAK,Negative,False
TLC,binary,Amikacin,ordinal,0.0,1.0,12,WEAK,Negative,False
P.C.Z.A.T,binary,Amikacin,ordinal,0.0,1.0,12,WEAK,Negative,False
Platelet,binary,SGPT,binary,0.0,1.0,12,WEAK,Negative,False
Lympho,binary,Total.Hospital.stay.in.28.days,continuous,0.0,1.0,12,WEAK,Negative,False
Bil,binary,Globulin,binary,0.0,1.0,12,WEAK,Negative,False
Platelet,binary,Albumin,binary,0.0,1.0,12,WEAK,Negative,False
Platelet,binary,Urea,binary,0.0,1.0,12,WEAK,Negative,False
SGPT,binary,P.C.only.E,binary,0.0,1.0,12,WEAK,Negative,False
Overall.organ.support,binary,SGPT,binary,0.0,1.0,12,WEAK,Negative,False
Age,continuous,Mortality.post.28.Day.Discharge,binary,0.0,1.0,12,WEAK,Negative,False
Neutropenia,binary,Amikacin,ordinal,0.0,1.0,12,WEAK,Negative,False
Overall.organ.support,binary,Platelet,binary,0.0,1.0,12,WEAK,Negative,False
Neutropenia,binary,SGPT,binary,0.0,1.0,12,WEAK,Negative,False
Any.Viral.Infection,binary,GW.Stay.in.28.Days,continuous,0.0,1.0,12,WEAK,Negative,False
Potassium,binary,Mortality.in.Hospital,binary,0.0,1.0,12,WEAK,Negative,False
HTN,binary,VAP.CRO,binary,0.0,1.0,12,WEAK,Negative,False
Ventilation,binary,Bil,binary,0.0,1.0,12,WEAK,Negative,False
Imipenem,ordinal,ICU.Stay.in.28.Days,continuous,0.0,1.0,12,WEAK,Negative,False
Bil,binary,Urea,binary,0.0,1.0,12,WEAK,Negative,False
Bil,binary,Potassium,binary,0.0,1.0,12,WEAK,Negative,False
HAP.CRO,binary,Urea,binary,0.0,1.0,12,WEAK,Negative,False
SGPT,binary,P.C.Z.A.T,binary,0.0,1.0,12,WEAK,Negative,False
Age,continuous,Past.CREPA.infection,binary,0.0,1.0,12,WEAK,Negative,False
P.C.only.E,binary,Mortality.in.Hospital,binary,0.0,1.0,12,WEAK,Negative,False
Male,binary,TLC,binary,0.0,1.0,12,WEAK,Negative,False
Meropenem,ordinal,ICU.Stay.in.28.Days,continuous,0.0,1.0,12,WEAK,Negative,False
Male,binary,Platelet,binary,0.0,1.0,12,WEAK,Negative,False
P.C.only.E,binary,Amikacin,ordinal,0.0,1.0,12,WEAK,Negative,False
Bil,binary,Clinical.improvement,binary,0.0,1.0,12,WEAK,Negative,False
Bil,binary,P.C.only.E,binary,0.0,1.0,12,WEAK,Negative,False
P.C.only.E,binary,Carbapenemase,binary,0.0,1.0,12,WEAK,Negative,False
Platelet,binary,Clinical.improvement,binary,0.0,1.0,12,WEAK,Negative,False
P.C.only.E,binary,Total.Hospital.stay.in.28.days,continuous,0.0,1.0,12,WEAK,Negative,False
TLC,binary,Z.A.only.T,binary,0.0,1.0,12,WEAK,Negative,False
VAP.CRO,binary,ANC,binary,0.0,1.0,12,WEAK,Negative,False
VAP.CRO,binary,Hemat.Malignancy,binary,0.0,1.0,12,WEAK,Negative,False
VAP.CRO,binary,Surgery.in.last.3.Months,binary,0.0,1.0,12,WEAK,Negative,False
VAP.CRO,binary,Clinical.improvement,binary,0.0,1.0,12,WEAK,Negative,False
VAP.CRO,binary,Urea,binary,0.0,1.0,12,WEAK,Negative,False
VAP.CRO,binary,Potassium,binary,0.0,1.0,12,WEAK,Negative,False
VAP.CRO,binary,Globulin,binary,0.0,1.0,12,WEAK,Negative,False
HAP.CRO,binary,Hemat.Malignancy,binary,0.0,1.0,12,WEAK,Negative,False
Urinary.Catheter.in.6.Months,binary,ICU.Stay.in.28.Days,continuous,0.0,1.0,12,WEAK,Negative,False
P.C.Z.A.T,binary,GW.Stay.in.28.Days,continuous,0.0,1.0,12,WEAK,Negative,False
Surgery.in.last.3.Months,binary,TLC,binary,0.0,1.0,12,WEAK,Negative,False
VIM,binary,ICU.Stay.in.28.Days,continuous,0.0,1.0,12,WEAK,Negative,False
UTI.CRO,binary,Amikacin,ordinal,0.0,1.0,12,WEAK,Negative,False
Platelet,binary,Total.Protein,binary,0.0,1.0,12,WEAK,Negative,False
Platelet,binary,ALP,binary,0.0,1.0,12,WEAK,Negative,False
Platelet,binary,Potassium,binary,0.0,1.0,12,WEAK,Negative,False
Z.A.only.E,binary,ICU.Stay.in.28.Days,continuous,0.0,1.0,12,WEAK,Negative,False
Surgery.in.last.3.Months,binary,Bil,binary,0.0,1.0,12,WEAK,Negative,False
Weight,continuous,SOFA,continuous,0.0,1.0,12,WEAK,Negative,False
TLC,binary,SGPT,binary,0.0,1.0,12,WEAK,Negative,False
TLC,binary,Albumin,binary,0.0,1.0,12,WEAK,Negative,False
TLC,binary,Total.Protein,binary,0.0,1.0,12,WEAK,Negative,False
SGPT,binary,ALP,binary,0.0,1.0,12,WEAK,Negative,False
Weight,continuous,Lympho,binary,0.0,1.0,12,WEAK,Negative,False
UTI.CRO,binary,SOFA,continuous,0.0,1.0,12,WEAK,Negative,False
SOFA,continuous,Total.Protein,binary,0.0,1.0,12,WEAK,Negative,False
SOFA,continuous,Albumin,binary,0.0,1.0,12,WEAK,Negative,False
Globulin,binary,Carbapenemase,binary,0.0,1.0,12,WEAK,Negative,False
Globulin,binary,Mortality.in.Hospital,binary,0.0,1.0,12,WEAK,Negative,False
Globulin,binary,ICU.Stay.in.28.Days,continuous,0.0,1.0,12,WEAK,Negative,False
Hypothyroidism,binary,SGPT,binary,0.0,1.0,12,WEAK,Negative,False
Hypothyroidism,binary,APACHEII,continuous,0.0,1.0,12,WEAK,Negative,False
Height,continuous,Albumin,binary,0.0,1.0,12,WEAK,Negative,False
Height,continuous,Total.Protein,binary,0.0,1.0,12,WEAK,Negative,False
Past.CREPA.infection,binary,Amikacin,ordinal,0.0,1.0,12,WEAK,Negative,False
UTI.CRO,binary,TLC,binary,0.0,1.0,12,WEAK,Negative,False
UTI.CRO,binary,Platelet,binary,0.0,1.0,12,WEAK,Negative,False
UTI.CRO,binary,SGPT,binary,0.0,1.0,12,WEAK,Negative,False
Amikacin,ordinal,Mortality.post.28.Day.Discharge,binary,0.0,1.0,12,WEAK,Negative,False
Amikacin,ordinal,Clinical.improvement,binary,0.0,1.0,12,WEAK,Negative,False
Hemat.Malignancy,binary,Mortality.in.Hospital,binary,0.0,1.0,12,WEAK,Negative,False
Surgery.in.last.3.Months,binary,Mortality.in.Hospital,binary,0.0,1.0,12,WEAK,Negative,False
Surgery.in.last.3.Months,binary,Carbapenemase,binary,0.0,1.0,12,WEAK,Negative,False
HTN,binary,Bil,binary,0.0,1.0,12,WEAK,Negative,False
DM,binary,Surgery.in.last.3.Months,binary,0.0,1.0,12,WEAK,Negative,False
HTN,binary,Platelet,binary,0.0,1.0,12,WEAK,Negative,False
Hemat.Malignancy,binary,Carbapenemase,binary,0.0,1.0,12,WEAK,Negative,False
DM,binary,P.C.only.E,binary,0.0,1.0,12,WEAK,Negative,False
Z.A.invitro,binary,GW.Stay.in.28.Days,continuous,0.0,1.0,12,WEAK,Negative,False
Z.A.invitro,binary,Amikacin,ordinal,0.0,1.0,12,WEAK,Negative,False
HTN,binary,Amikacin,ordinal,0.0,1.0,12,WEAK,Negative,False
Globulin,binary,Amikacin,ordinal,0.0,1.0,12,WEAK,Negative,False
Z.A.invitro,binary,SGPT,binary,0.0,1.0,12,WEAK,Negative,False
Urea,binary,Mortality.in.Hospital,binary,0.0,1.0,12,WEAK,Negative,False
DM,binary,Ventilation,binary,0.0,1.0,12,WEAK,Negative,False
DM,binary,Globulin,binary,0.0,1.0,12,WEAK,Negative,False
DM,binary,Urea,binary,0.0,1.0,12,WEAK,Negative,False
DM,binary,ALP,binary,0.0,1.0,12,WEAK,Negative,False
Hemat.Malignancy,binary,SGPT,binary,0.0,1.0,12,WEAK,Negative,False
Hemat.Malignancy,binary,Platelet,binary,0.0,1.0,12,WEAK,Negative,False
Hemat.Malignancy,binary,Bil,binary,0.0,1.0,12,WEAK,Negative,False
Female,binary,TLC,binary,0.0,1.0,12,WEAK,Negative,False
Female,binary,Platelet,binary,0.0,1.0,12,WEAK,Negative,False
Ventilation,binary,Amikacin,ordinal,0.0,1.0,12,WEAK,Negative,False
Age,continuous,IMP,binary,,,12,WEAK,Negative,False
Age,continuous,KPC,binary,,,12,WEAK,Negative,False
Age,continuous,OXA23,binary,,,12,WEAK,Negative,False
Age,continuous,OXA48,binary,,,12,WEAK,Negative,False
Age,continuous,OXA24,binary,,,12,WEAK,Negative,False
Age,continuous,OXA58,binary,,,12,WEAK,Negative,False
Age,continuous,ABSSSI.CRO,binary,,,12,WEAK,Negative,False
Age,continuous,UTI.NCRO,binary,,,12,WEAK,Negative,False
Age,continuous,IAI.NCRO,binary,,,12,WEAK,Negative,False
Age,continuous,HAP.NCRO,binary,,,12,WEAK,Negative,False
Age,continuous,VAP.NCRO,binary,,,12,WEAK,Negative,False
Age,continuous,CAP.NCRO,binary,,,12,WEAK,Negative,False
Age,continuous,BSI.NCRO,binary,,,12,WEAK,Negative,False
Age,continuous,Other.NCRO,binary,,,12,WEAK,Negative,False
Age,continuous,CV.Catheter.Now,binary,,,12,WEAK,Negative,False
Age,continuous,Urinary.Catheter.Now,binary,,,12,WEAK,Negative,False
Age,continuous,Dialysis.in.1.week,binary,,,12,WEAK,Negative,False
Age,continuous,Dialysis.on.Day.1,binary,,,12,WEAK,Negative,False
Age,continuous,HIV.Present,binary,,,12,WEAK,Negative,False
Age,continuous,TB,binary,,,12,WEAK,Negative,False
Age,continuous,Hb,binary,,,12,WEAK,Negative,False
Age,continuous,INR,binary,,,12,WEAK,Negative,False
Age,continuous,Procalcitonin,binary,,,12,WEAK,Negative,False
Age,continuous,Neither.Abx.E,binary,,,12,WEAK,Negative,False
Age,continuous,Neither.Abx.T,binary,,,12,WEAK,Negative,False
Age,continuous,Trimethoprim.Sulfamethoxazole,binary,,,12,WEAK,Negative,False
Age,continuous,Tigecycline,binary,,,12,WEAK,Negative,False
Age,continuous,ESBL.producer,binary,,,12,WEAK,Negative,False
Age,continuous,AmpC,binary,,,12,WEAK,Negative,False
Age,continuous,MRSA,binary,,,12,WEAK,Negative,False
Age,continuous,VAN,binary,,,12,WEAK,Negative,False
Age,continuous,Polymyxin.Colistin.Inclusion,binary,,,12,WEAK,Negative,False
Age,continuous,Mortality.in.ICU,binary,,,12,WEAK,Negative,False
Age,continuous,Other.Illness.Leading.to.Hospitalization.post.28.Days.Discharge,binary,,,12,WEAK,Negative,False
Male,binary,IMP,binary,,,12,WEAK,Negative,False
Male,binary,KPC,binary,,,12,WEAK,Negative,False
Male,binary,OXA23,binary,,,12,WEAK,Negative,False
Male,binary,OXA48,binary,,,12,WEAK,Negative,False
Male,binary,OXA24,binary,,,12,WEAK,Negative,False
Male,binary,OXA58,binary,,,12,WEAK,Negative,False
Male,binary,ABSSSI.CRO,binary,,,12,WEAK,Negative,False
Male,binary,UTI.NCRO,binary,,,12,WEAK,Negative,False
Male,binary,IAI.NCRO,binary,,,12,WEAK,Negative,False
Male,binary,HAP.NCRO,binary,,,12,WEAK,Negative,False
Male,binary,VAP.NCRO,binary,,,12,WEAK,Negative,False
Male,binary,CAP.NCRO,binary,,,12,WEAK,Negative,False
Male,binary,BSI.NCRO,binary,,,12,WEAK,Negative,False
Male,binary,Other.NCRO,binary,,,12,WEAK,Negative,False
Male,binary,CV.Catheter.Now,binary,,,12,WEAK,Negative,False
Male,binary,Urinary.Catheter.Now,binary,,,12,WEAK,Negative,False
Male,binary,Dialysis.in.1.week,binary,,,12,WEAK,Negative,False
Male,binary,Dialysis.on.Day.1,binary,,,12,WEAK,Negative,False
Male,binary,HIV.Present,binary,,,12,WEAK,Negative,False
Male,binary,TB,binary,,,12,WEAK,Negative,False
Male,binary,Hb,binary,,,12,WEAK,Negative,False
Male,binary,INR,binary,,,12,WEAK,Negative,False
Male,binary,Procalcitonin,binary,,,12,WEAK,Negative,False
Male,binary,Neither.Abx.E,binary,,,12,WEAK,Negative,False
Male,binary,Neither.Abx.T,binary,,,12,WEAK,Negative,False
Male,binary,Trimethoprim.Sulfamethoxazole,binary,,,12,WEAK,Negative,False
Male,binary,Tigecycline,binary,,,12,WEAK,Negative,False
Male,binary,ESBL.producer,binary,,,12,WEAK,Negative,False
Male,binary,AmpC,binary,,,12,WEAK,Negative,False
Male,binary,MRSA,binary,,,12,WEAK,Negative,False
Male,binary,VAN,binary,,,12,WEAK,Negative,False
Male,binary,Polymyxin.Colistin.Inclusion,binary,,,12,WEAK,Negative,False
Male,binary,Mortality.in.ICU,binary,,,12,WEAK,Negative,False
Male,binary,Other.Illness.Leading.to.Hospitalization.post.28.Days.Discharge,binary,,,12,WEAK,Negative,False
Female,binary,IMP,binary,,,12,WEAK,Negative,False
Female,binary,KPC,binary,,,12,WEAK,Negative,False
Female,binary,OXA23,binary,,,12,WEAK,Negative,False
Female,binary,OXA48,binary,,,12,WEAK,Negative,False
Female,binary,OXA24,binary,,,12,WEAK,Negative,False
Female,binary,OXA58,binary,,,12,WEAK,Negative,False
Female,binary,ABSSSI.CRO,binary,,,12,WEAK,Negative,False
Female,binary,UTI.NCRO,binary,,,12,WEAK,Negative,False
Female,binary,IAI.NCRO,binary,,,12,WEAK,Negative,False
Female,binary,HAP.NCRO,binary,,,12,WEAK,Negative,False
Female,binary,VAP.NCRO,binary,,,12,WEAK,Negative,False
Female,binary,CAP.NCRO,binary,,,12,WEAK,Negative,False
Female,binary,BSI.NCRO,binary,,,12,WEAK,Negative,False
Female,binary,Other.NCRO,binary,,,12,WEAK,Negative,False
Female,binary,CV.Catheter.Now,binary,,,12,WEAK,Negative,False
Female,binary,Urinary.Catheter.Now,binary,,,12,WEAK,Negative,False
Female,binary,Dialysis.in.1.week,binary,,,12,WEAK,Negative,False
Female,binary,Dialysis.on.Day.1,binary,,,12,WEAK,Negative,False
Female,binary,HIV.Present,binary,,,12,WEAK,Negative,False
Female,binary,TB,binary,,,12,WEAK,Negative,False
Female,binary,Hb,binary,,,12,WEAK,Negative,False
Female,binary,INR,binary,,,12,WEAK,Negative,False
Female,binary,Procalcitonin,binary,,,12,WEAK,Negative,False
Female,binary,Neither.Abx.E,binary,,,12,WEAK,Negative,False
Female,binary,Neither.Abx.T,binary,,,12,WEAK,Negative,False
Female,binary,Trimethoprim.Sulfamethoxazole,binary,,,12,WEAK,Negative,False
Female,binary,Tigecycline,binary,,,12,WEAK,Negative,False
Female,binary,ESBL.producer,binary,,,12,WEAK,Negative,False
Female,binary,AmpC,binary,,,12,WEAK,Negative,False
Female,binary,MRSA,binary,,,12,WEAK,Negative,False
Female,binary,VAN,binary,,,12,WEAK,Negative,False
Female,binary,Polymyxin.Colistin.Inclusion,binary,,,12,WEAK,Negative,False
Female,binary,Mortality.in.ICU,binary,,,12,WEAK,Negative,False
Female,binary,Other.Illness.Leading.to.Hospitalization.post.28.Days.Discharge,binary,,,12,WEAK,Negative,False
Height,continuous,IMP,binary,,,12,WEAK,Negative,False
Height,continuous,KPC,binary,,,12,WEAK,Negative,False
Height,continuous,OXA23,binary,,,12,WEAK,Negative,False
Height,continuous,OXA48,binary,,,12,WEAK,Negative,False
Height,continuous,OXA24,binary,,,12,WEAK,Negative,False
Height,continuous,OXA58,binary,,,12,WEAK,Negative,False
Height,continuous,ABSSSI.CRO,binary,,,12,WEAK,Negative,False
Height,continuous,UTI.NCRO,binary,,,12,WEAK,Negative,False
Height,continuous,IAI.NCRO,binary,,,12,WEAK,Negative,False
Height,continuous,HAP.NCRO,binary,,,12,WEAK,Negative,False
Height,continuous,VAP.NCRO,binary,,,12,WEAK,Negative,False
Height,continuous,CAP.NCRO,binary,,,12,WEAK,Negative,False
Height,continuous,BSI.NCRO,binary,,,12,WEAK,Negative,False
Height,continuous,Other.NCRO,binary,,,12,WEAK,Negative,False
Height,continuous,CV.Catheter.Now,binary,,,12,WEAK,Negative,False
Height,continuous,Urinary.Catheter.Now,binary,,,12,WEAK,Negative,False
Height,continuous,Dialysis.in.1.week,binary,,,12,WEAK,Negative,False
Height,continuous,Dialysis.on.Day.1,binary,,,12,WEAK,Negative,False
Height,continuous,HIV.Present,binary,,,12,WEAK,Negative,False
Height,continuous,TB,binary,,,12,WEAK,Negative,False
Height,continuous,Hb,binary,,,12,WEAK,Negative,False
Height,continuous,INR,binary,,,12,WEAK,Negative,False
Height,continuous,Procalcitonin,binary,,,12,WEAK,Negative,False
Height,continuous,Neither.Abx.E,binary,,,12,WEAK,Negative,False
Height,continuous,Neither.Abx.T,binary,,,12,WEAK,Negative,False
Height,continuous,Trimethoprim.Sulfamethoxazole,binary,,,12,WEAK,Negative,False
Height,continuous,Tigecycline,binary,,,12,WEAK,Negative,False
Height,continuous,ESBL.producer,binary,,,12,WEAK,Negative,False
Height,continuous,AmpC,binary,,,12,WEAK,Negative,False
Height,continuous,MRSA,binary,,,12,WEAK,Negative,False
Height,continuous,VAN,binary,,,12,WEAK,Negative,False
Height,continuous,Polymyxin.Colistin.Inclusion,binary,,,12,WEAK,Negative,False
Height,continuous,Mortality.in.ICU,binary,,,12,WEAK,Negative,False
Height,continuous,Other.Illness.Leading.to.Hospitalization.post.28.Days.Discharge,binary,,,12,WEAK,Negative,False
Weight,continuous,IMP,binary,,,12,WEAK,Negative,False
Weight,continuous,KPC,binary,,,12,WEAK,Negative,False
Weight,continuous,OXA23,binary,,,12,WEAK,Negative,False
Weight,continuous,OXA48,binary,,,12,WEAK,Negative,False
Weight,continuous,OXA24,binary,,,12,WEAK,Negative,False
Weight,continuous,OXA58,binary,,,12,WEAK,Negative,False
Weight,continuous,ABSSSI.CRO,binary,,,12,WEAK,Negative,False
Weight,continuous,UTI.NCRO,binary,,,12,WEAK,Negative,False
Weight,continuous,IAI.NCRO,binary,,,12,WEAK,Negative,False
Weight,continuous,HAP.NCRO,binary,,,12,WEAK,Negative,False
Weight,continuous,VAP.NCRO,binary,,,12,WEAK,Negative,False
Weight,continuous,CAP.NCRO,binary,,,12,WEAK,Negative,False
Weight,continuous,BSI.NCRO,binary,,,12,WEAK,Negative,False
Weight,continuous,Other.NCRO,binary,,,12,WEAK,Negative,False
Weight,continuous,CV.Catheter.Now,binary,,,12,WEAK,Negative,False
Weight,continuous,Urinary.Catheter.Now,binary,,,12,WEAK,Negative,False
Weight,continuous,Dialysis.in.1.week,binary,,,12,WEAK,Negative,False
Weight,continuous,Dialysis.on.Day.1,binary,,,12,WEAK,Negative,False
Weight,continuous,HIV.Present,binary,,,12,WEAK,Negative,False
Weight,continuous,TB,binary,,,12,WEAK,Negative,False
Weight,continuous,Hb,binary,,,12,WEAK,Negative,False
Weight,continuous,INR,binary,,,12,WEAK,Negative,False
Weight,continuous,Procalcitonin,binary,,,12,WEAK,Negative,False
Weight,continuous,Neither.Abx.E,binary,,,12,WEAK,Negative,False
Weight,continuous,Neither.Abx.T,binary,,,12,WEAK,Negative,False
Weight,continuous,Trimethoprim.Sulfamethoxazole,binary,,,12,WEAK,Negative,False
Weight,continuous,Tigecycline,binary,,,12,WEAK,Negative,False
Weight,continuous,ESBL.producer,binary,,,12,WEAK,Negative,False
Weight,continuous,AmpC,binary,,,12,WEAK,Negative,False
Weight,continuous,MRSA,binary,,,12,WEAK,Negative,False
Weight,continuous,VAN,binary,,,12,WEAK,Negative,False
Weight,continuous,Polymyxin.Colistin.Inclusion,binary,,,12,WEAK,Negative,False
Weight,continuous,Mortality.in.ICU,binary,,,12,WEAK,Negative,False
Weight,continuous,Other.Illness.Leading.to.Hospitalization.post.28.Days.Discharge,binary,,,12,WEAK,Negative,False
VIM,binary,IMP,binary,,,12,WEAK,Negative,False
VIM,binary,KPC,binary,,,12,WEAK,Negative,False
VIM,binary,OXA23,binary,,,12,WEAK,Negative,False
VIM,binary,OXA48,binary,,,12,WEAK,Negative,False
VIM,binary,OXA24,binary,,,12,WEAK,Negative,False
VIM,binary,OXA58,binary,,,12,WEAK,Negative,False
VIM,binary,ABSSSI.CRO,binary,,,12,WEAK,Negative,False
VIM,binary,UTI.NCRO,binary,,,12,WEAK,Negative,False
VIM,binary,IAI.NCRO,binary,,,12,WEAK,Negative,False
VIM,binary,HAP.NCRO,binary,,,12,WEAK,Negative,False
VIM,binary,VAP.NCRO,binary,,,12,WEAK,Negative,False
VIM,binary,CAP.NCRO,binary,,,12,WEAK,Negative,False
VIM,binary,BSI.NCRO,binary,,,12,WEAK,Negative,False
VIM,binary,Other.NCRO,binary,,,12,WEAK,Negative,False
VIM,binary,CV.Catheter.Now,binary,,,12,WEAK,Negative,False
VIM,binary,Urinary.Catheter.Now,binary,,,12,WEAK,Negative,False
VIM,binary,Dialysis.in.1.week,binary,,,12,WEAK,Negative,False
VIM,binary,Dialysis.on.Day.1,binary,,,12,WEAK,Negative,False
VIM,binary,HIV.Present,binary,,,12,WEAK,Negative,False
VIM,binary,TB,binary,,,12,WEAK,Negative,False
VIM,binary,Hb,binary,,,12,WEAK,Negative,False
VIM,binary,INR,binary,,,12,WEAK,Negative,False
VIM,binary,Procalcitonin,binary,,,12,WEAK,Negative,False
VIM,binary,Neither.Abx.E,binary,,,12,WEAK,Negative,False
VIM,binary,Neither.Abx.T,binary,,,12,WEAK,Negative,False
VIM,binary,Trimethoprim.Sulfamethoxazole,binary,,,12,WEAK,Negative,False
VIM,binary,Tigecycline,binary,,,12,WEAK,Negative,False
VIM,binary,ESBL.producer,binary,,,12,WEAK,Negative,False
VIM,binary,AmpC,binary,,,12,WEAK,Negative,False
VIM,binary,MRSA,binary,,,12,WEAK,Negative,False
VIM,binary,VAN,binary,,,12,WEAK,Negative,False
VIM,binary,Polymyxin.Colistin.Inclusion,binary,,,12,WEAK,Negative,False
VIM,binary,Mortality.in.ICU,binary,,,12,WEAK,Negative,False
VIM,binary,Other.Illness.Leading.to.Hospitalization.post.28.Days.Discharge,binary,,,12,WEAK,Negative,False
IMP,binary,KPC,binary,,,12,WEAK,Negative,False
IMP,binary,NDM,binary,,,12,WEAK,Negative,False
IMP,binary,OXA23,binary,,,12,WEAK,Negative,False
IMP,binary,OXA48,binary,,,12,WEAK,Negative,False
IMP,binary,OXA24,binary,,,12,WEAK,Negative,False
IMP,binary,OXA58,binary,,,12,WEAK,Negative,False
IMP,binary,P.C.in.vitro,binary,,,12,WEAK,Negative,False
IMP,binary,Z.A.invitro,binary,,,12,WEAK,Negative,False
IMP,binary,CKD,binary,,,12,WEAK,Negative,False
IMP,binary,HTN,binary,,,12,WEAK,Negative,False
IMP,binary,DM,binary,,,12,WEAK,Negative,False
IMP,binary,COPD,binary,,,12,WEAK,Negative,False
IMP,binary,Hypothyroidism,binary,,,12,WEAK,Negative,False
IMP,binary,UTI.CRO,binary,,,12,WEAK,Negative,False
IMP,binary,IAI.CRO,binary,,,12,WEAK,Negative,False
IMP,binary,ABSSSI.CRO,binary,,,12,WEAK,Negative,False
IMP,binary,HAP.CRO,binary,,,12,WEAK,Negative,False
IMP,binary,VAP.CRO,binary,,,12,WEAK,Negative,False
IMP,binary,CAP.CRO,binary,,,12,WEAK,Negative,False
IMP,binary,BSI.CRO,binary,,,12,WEAK,Negative,False
IMP,binary,Other.CRO,binary,,,12,WEAK,Negative,False
IMP,binary,UTI.NCRO,binary,,,12,WEAK,Negative,False
IMP,binary,IAI.NCRO,binary,,,12,WEAK,Negative,False
IMP,binary,HAP.NCRO,binary,,,12,WEAK,Negative,False
IMP,binary,VAP.NCRO,binary,,,12,WEAK,Negative,False
IMP,binary,CAP.NCRO,binary,,,12,WEAK,Negative,False
IMP,binary,BSI.NCRO,binary,,,12,WEAK,Negative,False
IMP,binary,Other.NCRO,binary,,,12,WEAK,Negative,False
IMP,binary,Hospitalization.in.past.6.Months,binary,,,12,WEAK,Negative,False
IMP,binary,CV.Catheter.in.6.Months,binary,,,12,WEAK,Negative,False
IMP,binary,CV.Catheter.Now,binary,,,12,WEAK,Negative,False
IMP,binary,Urinary.Catheter.in.6.Months,binary,,,12,WEAK,Negative,False
IMP,binary,Urinary.Catheter.Now,binary,,,12,WEAK,Negative,False
IMP,binary,Surgery.in.last.3.Months,binary,,,12,WEAK,Negative,False
IMP,binary,Past.CREPA.infection,binary,,,12,WEAK,Negative,False
IMP,binary,Endoscopy.in.1.week,binary,,,12,WEAK,Negative,False
IMP,binary,Dialysis.in.1.week,binary,,,12,WEAK,Negative,False
IMP,binary,Immunosuppressive.drugs.in.1.week,binary,,,12,WEAK,Negative,False
IMP,binary,Inotropes.,binary,,,12,WEAK,Negative,False
IMP,binary,Dialysis.on.Day.1,binary,,,12,WEAK,Negative,False
IMP,binary,Ventilation,binary,,,12,WEAK,Negative,False
IMP,binary,Overall.organ.support,binary,,,12,WEAK,Negative,False
IMP,binary,Neutropenia,binary,,,12,WEAK,Negative,False
IMP,binary,HIV.Present,binary,,,12,WEAK,Negative,False
IMP,binary,TB,binary,,,12,WEAK,Negative,False
IMP,binary,Any.Viral.Infection,binary,,,12,WEAK,Negative,False
IMP,binary,Any.Fungal.Infection,binary,,,12,WEAK,Negative,False
IMP,binary,Hemat.Malignancy,binary,,,12,WEAK,Negative,False
IMP,binary,Solid.Organ,binary,,,12,WEAK,Negative,False
IMP,binary,APACHEII,continuous,,,12,WEAK,Negative,False
IMP,binary,SOFA,continuous,,,12,WEAK,Negative,False
IMP,binary,Hb,binary,,,12,WEAK,Negative,False
IMP,binary,TLC,binary,,,12,WEAK,Negative,False
IMP,binary,ANC,binary,,,12,WEAK,Negative,False
IMP,binary,Lympho,binary,,,12,WEAK,Negative,False
IMP,binary,Platelet,binary,,,12,WEAK,Negative,False
IMP,binary,INR,binary,,,12,WEAK,Negative,False
IMP,binary,Bil,binary,,,12,WEAK,Negative,False
IMP,binary,SGPT,binary,,,12,WEAK,Negative,False
IMP,binary,SGOT,binary,,,12,WEAK,Negative,False
IMP,binary,Albumin,binary,,,12,WEAK,Negative,False
IMP,binary,Total.Protein,binary,,,12,WEAK,Negative,False
IMP,binary,Globulin,binary,,,12,WEAK,Negative,False
IMP,binary,ALP,binary,,,12,WEAK,Negative,False
IMP,binary,Creatinine,binary,,,12,WEAK,Negative,False
IMP,binary,Sodium,binary,,,12,WEAK,Negative,False
IMP,binary,Potassium,binary,,,12,WEAK,Negative,False
IMP,binary,Urea,binary,,,12,WEAK,Negative,False
IMP,binary,Calcium,binary,,,12,WEAK,Negative,False
IMP,binary,Magnesium,binary,,,12,WEAK,Negative,False
IMP,binary,Procalcitonin,binary,,,12,WEAK,Negative,False
IMP,binary,P.C.Z.A.E,binary,,,12,WEAK,Negative,False
IMP,binary,P.C.only.E,binary,,,12,WEAK,Negative,False
IMP,binary,Z.A.only.E,binary,,,12,WEAK,Negative,False
IMP,binary,Neither.Abx.E,binary,,,12,WEAK,Negative,False
IMP,binary,P.C.Z.A.T,binary,,,12,WEAK,Negative,False
IMP,binary,P.C.only.T,binary,,,12,WEAK,Negative,False
IMP,binary,Z.A.only.T,binary,,,12,WEAK,Negative,False
IMP,binary,Neither.Abx.T,binary,,,12,WEAK,Negative,False
IMP,binary,Amikacin,ordinal,,,12,WEAK,Negative,False
IMP,binary,Aztreonam,ordinal,,,12,WEAK,Negative,False
IMP,binary,Ciprofloxacin,ordinal,,,12,WEAK,Negative,False
IMP,binary,Colistin,ordinal,,,12,WEAK,Negative,False
IMP,binary,Cefepime,ordinal,,,12,WEAK,Negative,False
IMP,binary,Gentamicin,binary,,,12,WEAK,Negative,False
IMP,binary,Imipenem,ordinal,,,12,WEAK,Negative,False
IMP,binary,Levofloxacin,ordinal,,,12,WEAK,Negative,False
IMP,binary,Meropenem,ordinal,,,12,WEAK,Negative,False
IMP,binary,Cefoperazone.Sulbactam,ordinal,,,12,WEAK,Negative,False
IMP,binary,Trimethoprim.Sulfamethoxazole,binary,,,12,WEAK,Negative,False
IMP,binary,Ceftazidime,ordinal,,,12,WEAK,Negative,False
IMP,binary,Tigecycline,binary,,,12,WEAK,Negative,False
IMP,binary,Piperacillin.Tazobactam,ordinal,,,12,WEAK,Negative,False
IMP,binary,ESBL.producer,binary,,,12,WEAK,Negative,False
IMP,binary,AmpC,binary,,,12,WEAK,Negative,False
IMP,binary,Carbapenemase,binary,,,12,WEAK,Negative,False
IMP,binary,MRSA,binary,,,12,WEAK,Negative,False
IMP,binary,VAN,binary,,,12,WEAK,Negative,False
IMP,binary,Polymyxin.Colistin.Inclusion,binary,,,12,WEAK,Negative,False
IMP,binary,Clinical.improvement,binary,,,12,WEAK,Negative,False
IMP,binary,ICU.Stay.in.28.Days,continuous,,,12,WEAK,Negative,False
IMP,binary,GW.Stay.in.28.Days,continuous,,,12,WEAK,Negative,False
IMP,binary,Total.Hospital.stay.in.28.days,continuous,,,12,WEAK,Negative,False
IMP,binary,Mortality.in.ICU,binary,,,12,WEAK,Negative,False
IMP,binary,Mortality.in.Hospital,binary,,,12,WEAK,Negative,False
IMP,binary,Mortality.post.28.Day.Discharge,binary,,,12,WEAK,Negative,False
IMP,binary,Overall.mortality,binary,,,12,WEAK,Negative,False
IMP,binary,Relapse.post.28.Day.Discharge,binary,,,12,WEAK,Negative,False
IMP,binary,Other.Illness.Leading.to.Hospitalization.post.28.Days.Discharge,binary,,,12,WEAK,Negative,False
KPC,binary,NDM,binary,,,12,WEAK,Negative,False
KPC,binary,OXA23,binary,,,12,WEAK,Negative,False
KPC,binary,OXA48,binary,,,12,WEAK,Negative,False
KPC,binary,OXA24,binary,,,12,WEAK,Negative,False
KPC,binary,OXA58,binary,,,12,WEAK,Negative,False
KPC,binary,P.C.in.vitro,binary,,,12,WEAK,Negative,False
KPC,binary,Z.A.invitro,binary,,,12,WEAK,Negative,False
KPC,binary,CKD,binary,,,12,WEAK,Negative,False
KPC,binary,HTN,binary,,,12,WEAK,Negative,False
KPC,binary,DM,binary,,,12,WEAK,Negative,False
KPC,binary,COPD,binary,,,12,WEAK,Negative,False
KPC,binary,Hypothyroidism,binary,,,12,WEAK,Negative,False
KPC,binary,UTI.CRO,binary,,,12,WEAK,Negative,False
KPC,binary,IAI.CRO,binary,,,12,WEAK,Negative,False
KPC,binary,ABSSSI.CRO,binary,,,12,WEAK,Negative,False
KPC,binary,HAP.CRO,binary,,,12,WEAK,Negative,False
KPC,binary,VAP.CRO,binary,,,12,WEAK,Negative,False
KPC,binary,CAP.CRO,binary,,,12,WEAK,Negative,False
KPC,binary,BSI.CRO,binary,,,12,WEAK,Negative,False
KPC,binary,Other.CRO,binary,,,12,WEAK,Negative,False
KPC,binary,UTI.NCRO,binary,,,12,WEAK,Negative,False
KPC,binary,IAI.NCRO,binary,,,12,WEAK,Negative,False
KPC,binary,HAP.NCRO,binary,,,12,WEAK,Negative,False
KPC,binary,VAP.NCRO,binary,,,12,WEAK,Negative,False
KPC,binary,CAP.NCRO,binary,,,12,WEAK,Negative,False
KPC,binary,BSI.NCRO,binary,,,12,WEAK,Negative,False
KPC,binary,Other.NCRO,binary,,,12,WEAK,Negative,False
KPC,binary,Hospitalization.in.past.6.Months,binary,,,12,WEAK,Negative,False
KPC,binary,CV.Catheter.in.6.Months,binary,,,12,WEAK,Negative,False
KPC,binary,CV.Catheter.Now,binary,,,12,WEAK,Negative,False
KPC,binary,Urinary.Catheter.in.6.Months,binary,,,12,WEAK,Negative,False
KPC,binary,Urinary.Catheter.Now,binary,,,12,WEAK,Negative,False
KPC,binary,Surgery.in.last.3.Months,binary,,,12,WEAK,Negative,False
KPC,binary,Past.CREPA.infection,binary,,,12,WEAK,Negative,False
KPC,binary,Endoscopy.in.1.week,binary,,,12,WEAK,Negative,False
KPC,binary,Dialysis.in.1.week,binary,,,12,WEAK,Negative,False
KPC,binary,Immunosuppressive.drugs.in.1.week,binary,,,12,WEAK,Negative,False
KPC,binary,Inotropes.,binary,,,12,WEAK,Negative,False
KPC,binary,Dialysis.on.Day.1,binary,,,12,WEAK,Negative,False
KPC,binary,Ventilation,binary,,,12,WEAK,Negative,False
KPC,binary,Overall.organ.support,binary,,,12,WEAK,Negative,False
KPC,binary,Neutropenia,binary,,,12,WEAK,Negative,False
KPC,binary,HIV.Present,binary,,,12,WEAK,Negative,False
KPC,binary,TB,binary,,,12,WEAK,Negative,False
KPC,binary,Any.Viral.Infection,binary,,,12,WEAK,Negative,False
KPC,binary,Any.Fungal.Infection,binary,,,12,WEAK,Negative,False
KPC,binary,Hemat.Malignancy,binary,,,12,WEAK,Negative,False
KPC,binary,Solid.Organ,binary,,,12,WEAK,Negative,False
KPC,binary,APACHEII,continuous,,,12,WEAK,Negative,False
KPC,binary,SOFA,continuous,,,12,WEAK,Negative,False
KPC,binary,Hb,binary,,,12,WEAK,Negative,False
KPC,binary,TLC,binary,,,12,WEAK,Negative,False
KPC,binary,ANC,binary,,,12,WEAK,Negative,False
KPC,binary,Lympho,binary,,,12,WEAK,Negative,False
KPC,binary,Platelet,binary,,,12,WEAK,Negative,False
KPC,binary,INR,binary,,,12,WEAK,Negative,False
KPC,binary,Bil,binary,,,12,WEAK,Negative,False
KPC,binary,SGPT,binary,,,12,WEAK,Negative,False
KPC,binary,SGOT,binary,,,12,WEAK,Negative,False
KPC,binary,Albumin,binary,,,12,WEAK,Negative,False
KPC,binary,Total.Protein,binary,,,12,WEAK,Negative,False
KPC,binary,Globulin,binary,,,12,WEAK,Negative,False
KPC,binary,ALP,binary,,,12,WEAK,Negative,False
KPC,binary,Creatinine,binary,,,12,WEAK,Negative,False
KPC,binary,Sodium,binary,,,12,WEAK,Negative,False
KPC,binary,Potassium,binary,,,12,WEAK,Negative,False
KPC,binary,Urea,binary,,,12,WEAK,Negative,False
KPC,binary,Calcium,binary,,,12,WEAK,Negative,False
KPC,binary,Magnesium,binary,,,12,WEAK,Negative,False
KPC,binary,Procalcitonin,binary,,,12,WEAK,Negative,False
KPC,binary,P.C.Z.A.E,binary,,,12,WEAK,Negative,False
KPC,binary,P.C.only.E,binary,,,12,WEAK,Negative,False
KPC,binary,Z.A.only.E,binary,,,12,WEAK,Negative,False
KPC,binary,Neither.Abx.E,binary,,,12,WEAK,Negative,False
KPC,binary,P.C.Z.A.T,binary,,,12,WEAK,Negative,False
KPC,binary,P.C.only.T,binary,,,12,WEAK,Negative,False
KPC,binary,Z.A.only.T,binary,,,12,WEAK,Negative,False
KPC,binary,Neither.Abx.T,binary,,,12,WEAK,Negative,False
KPC,binary,Amikacin,ordinal,,,12,WEAK,Negative,False
KPC,binary,Aztreonam,ordinal,,,12,WEAK,Negative,False
KPC,binary,Ciprofloxacin,ordinal,,,12,WEAK,Negative,False
KPC,binary,Colistin,ordinal,,,12,WEAK,Negative,False
KPC,binary,Cefepime,ordinal,,,12,WEAK,Negative,False
KPC,binary,Gentamicin,binary,,,12,WEAK,Negative,False
KPC,binary,Imipenem,ordinal,,,12,WEAK,Negative,False
KPC,binary,Levofloxacin,ordinal,,,12,WEAK,Negative,False
KPC,binary,Meropenem,ordinal,,,12,WEAK,Negative,False
KPC,binary,Cefoperazone.Sulbactam,ordinal,,,12,WEAK,Negative,False
KPC,binary,Trimethoprim.Sulfamethoxazole,binary,,,12,WEAK,Negative,False
KPC,binary,Ceftazidime,ordinal,,,12,WEAK,Negative,False
KPC,binary,Tigecycline,binary,,,12,WEAK,Negative,False
KPC,binary,Piperacillin.Tazobactam,ordinal,,,12,WEAK,Negative,False
KPC,binary,ESBL.producer,binary,,,12,WEAK,Negative,False
KPC,binary,AmpC,binary,,,12,WEAK,Negative,False
KPC,binary,Carbapenemase,binary,,,12,WEAK,Negative,False
KPC,binary,MRSA,binary,,,12,WEAK,Negative,False
KPC,binary,VAN,binary,,,12,WEAK,Negative,False
KPC,binary,Polymyxin.Colistin.Inclusion,binary,,,12,WEAK,Negative,False
KPC,binary,Clinical.improvement,binary,,,12,WEAK,Negative,False
KPC,binary,ICU.Stay.in.28.Days,continuous,,,12,WEAK,Negative,False
KPC,binary,GW.Stay.in.28.Days,continuous,,,12,WEAK,Negative,False
KPC,binary,Total.Hospital.stay.in.28.days,continuous,,,12,WEAK,Negative,False
KPC,binary,Mortality.in.ICU,binary,,,12,WEAK,Negative,False
KPC,binary,Mortality.in.Hospital,binary,,,12,WEAK,Negative,False
KPC,binary,Mortality.post.28.Day.Discharge,binary,,,12,WEAK,Negative,False
KPC,binary,Overall.mortality,binary,,,12,WEAK,Negative,False
KPC,binary,Relapse.post.28.Day.Discharge,binary,,,12,WEAK,Negative,False
KPC,binary,Other.Illness.Leading.to.Hospitalization.post.28.Days.Discharge,binary,,,12,WEAK,Negative,False
NDM,binary,OXA23,binary,,,12,WEAK,Negative,False
NDM,binary,OXA48,binary,,,12,WEAK,Negative,False
NDM,binary,OXA24,binary,,,12,WEAK,Negative,False
NDM,binary,OXA58,binary,,,12,WEAK,Negative,False
NDM,binary,ABSSSI.CRO,binary,,,12,WEAK,Negative,False
NDM,binary,UTI.NCRO,binary,,,12,WEAK,Negative,False
NDM,binary,IAI.NCRO,binary,,,12,WEAK,Negative,False
NDM,binary,HAP.NCRO,binary,,,12,WEAK,Negative,False
NDM,binary,VAP.NCRO,binary,,,12,WEAK,Negative,False
NDM,binary,CAP.NCRO,binary,,,12,WEAK,Negative,False
NDM,binary,BSI.NCRO,binary,,,12,WEAK,Negative,False
NDM,binary,Other.NCRO,binary,,,12,WEAK,Negative,False
NDM,binary,CV.Catheter.Now,binary,,,12,WEAK,Negative,False
NDM,binary,Urinary.Catheter.Now,binary,,,12,WEAK,Negative,False
NDM,binary,Dialysis.in.1.week,binary,,,12,WEAK,Negative,False
NDM,binary,Dialysis.on.Day.1,binary,,,12,WEAK,Negative,False
NDM,binary,HIV.Present,binary,,,12,WEAK,Negative,False
NDM,binary,TB,binary,,,12,WEAK,Negative,False
NDM,binary,Hb,binary,,,12,WEAK,Negative,False
NDM,binary,INR,binary,,,12,WEAK,Negative,False
NDM,binary,Procalcitonin,binary,,,12,WEAK,Negative,False
NDM,binary,Neither.Abx.E,binary,,,12,WEAK,Negative,False
NDM,binary,Neither.Abx.T,binary,,,12,WEAK,Negative,False
NDM,binary,Trimethoprim.Sulfamethoxazole,binary,,,12,WEAK,Negative,False
NDM,binary,Tigecycline,binary,,,12,WEAK,Negative,False
NDM,binary,ESBL.producer,binary,,,12,WEAK,Negative,False
NDM,binary,AmpC,binary,,,12,WEAK,Negative,False
NDM,binary,MRSA,binary,,,12,WEAK,Negative,False
NDM,binary,VAN,binary,,,12,WEAK,Negative,False
NDM,binary,Polymyxin.Colistin.Inclusion,binary,,,12,WEAK,Negative,False
NDM,binary,Mortality.in.ICU,binary,,,12,WEAK,Negative,False
NDM,binary,Other.Illness.Leading.to.Hospitalization.post.28.Days.Discharge,binary,,,12,WEAK,Negative,False
OXA23,binary,OXA48,binary,,,12,WEAK,Negative,False
OXA23,binary,OXA24,binary,,,12,WEAK,Negative,False
OXA23,binary,OXA58,binary,,,12,WEAK,Negative,False
OXA23,binary,P.C.in.vitro,binary,,,12,WEAK,Negative,False
OXA23,binary,Z.A.invitro,binary,,,12,WEAK,Negative,False
OXA23,binary,CKD,binary,,,12,WEAK,Negative,False
OXA23,binary,HTN,binary,,,12,WEAK,Negative,False
OXA23,binary,DM,binary,,,12,WEAK,Negative,False
OXA23,binary,COPD,binary,,,12,WEAK,Negative,False
OXA23,binary,Hypothyroidism,binary,,,12,WEAK,Negative,False
OXA23,binary,UTI.CRO,binary,,,12,WEAK,Negative,False
OXA23,binary,IAI.CRO,binary,,,12,WEAK,Negative,False
OXA23,binary,ABSSSI.CRO,binary,,,12,WEAK,Negative,False
OXA23,binary,HAP.CRO,binary,,,12,WEAK,Negative,False
OXA23,binary,VAP.CRO,binary,,,12,WEAK,Negative,False
OXA23,binary,CAP.CRO,binary,,,12,WEAK,Negative,False
OXA23,binary,BSI.CRO,binary,,,12,WEAK,Negative,False
OXA23,binary,Other.CRO,binary,,,12,WEAK,Negative,False
OXA23,binary,UTI.NCRO,binary,,,12,WEAK,Negative,False
OXA23,binary,IAI.NCRO,binary,,,12,WEAK,Negative,False
OXA23,binary,HAP.NCRO,binary,,,12,WEAK,Negative,False
OXA23,binary,VAP.NCRO,binary,,,12,WEAK,Negative,False
OXA23,binary,CAP.NCRO,binary,,,12,WEAK,Negative,False
OXA23,binary,BSI.NCRO,binary,,,12,WEAK,Negative,False
OXA23,binary,Other.NCRO,binary,,,12,WEAK,Negative,False
OXA23,binary,Hospitalization.in.past.6.Months,binary,,,12,WEAK,Negative,False
OXA23,binary,CV.Catheter.in.6.Months,binary,,,12,WEAK,Negative,False
OXA23,binary,CV.Catheter.Now,binary,,,12,WEAK,Negative,False
OXA23,binary,Urinary.Catheter.in.6.Months,binary,,,12,WEAK,Negative,False
OXA23,binary,Urinary.Catheter.Now,binary,,,12,WEAK,Negative,False
OXA23,binary,Surgery.in.last.3.Months,binary,,,12,WEAK,Negative,False
OXA23,binary,Past.CREPA.infection,binary,,,12,WEAK,Negative,False
OXA23,binary,Endoscopy.in.1.week,binary,,,12,WEAK,Negative,False
OXA23,binary,Dialysis.in.1.week,binary,,,12,WEAK,Negative,False
OXA23,binary,Immunosuppressive.drugs.in.1.week,binary,,,12,WEAK,Negative,False
OXA23,binary,Inotropes.,binary,,,12,WEAK,Negative,False
OXA23,binary,Dialysis.on.Day.1,binary,,,12,WEAK,Negative,False
OXA23,binary,Ventilation,binary,,,12,WEAK,Negative,False
OXA23,binary,Overall.organ.support,binary,,,12,WEAK,Negative,False
OXA23,binary,Neutropenia,binary,,,12,WEAK,Negative,False
OXA23,binary,HIV.Present,binary,,,12,WEAK,Negative,False
OXA23,binary,TB,binary,,,12,WEAK,Negative,False
OXA23,binary,Any.Viral.Infection,binary,,,12,WEAK,Negative,False
OXA23,binary,Any.Fungal.Infection,binary,,,12,WEAK,Negative,False
OXA23,binary,Hemat.Malignancy,binary,,,12,WEAK,Negative,False
OXA23,binary,Solid.Organ,binary,,,12,WEAK,Negative,False
OXA23,binary,APACHEII,continuous,,,12,WEAK,Negative,False
OXA23,binary,SOFA,continuous,,,12,WEAK,Negative,False
OXA23,binary,Hb,binary,,,12,WEAK,Negative,False
OXA23,binary,TLC,binary,,,12,WEAK,Negative,False
OXA23,binary,ANC,binary,,,12,WEAK,Negative,False
OXA23,binary,Lympho,binary,,,12,WEAK,Negative,False
OXA23,binary,Platelet,binary,,,12,WEAK,Negative,False
OXA23,binary,INR,binary,,,12,WEAK,Negative,False
OXA23,binary,Bil,binary,,,12,WEAK,Negative,False
OXA23,binary,SGPT,binary,,,12,WEAK,Negative,False
OXA23,binary,SGOT,binary,,,12,WEAK,Negative,False
OXA23,binary,Albumin,binary,,,12,WEAK,Negative,False
OXA23,binary,Total.Protein,binary,,,12,WEAK,Negative,False
OXA23,binary,Globulin,binary,,,12,WEAK,Negative,False
OXA23,binary,ALP,binary,,,12,WEAK,Negative,False
OXA23,binary,Creatinine,binary,,,12,WEAK,Negative,False
OXA23,binary,Sodium,binary,,,12,WEAK,Negative,False
OXA23,binary,Potassium,binary,,,12,WEAK,Negative,False
OXA23,binary,Urea,binary,,,12,WEAK,Negative,False
OXA23,binary,Calcium,binary,,,12,WEAK,Negative,False
OXA23,binary,Magnesium,binary,,,12,WEAK,Negative,False
OXA23,binary,Procalcitonin,binary,,,12,WEAK,Negative,False
OXA23,binary,P.C.Z.A.E,binary,,,12,WEAK,Negative,False
OXA23,binary,P.C.only.E,binary,,,12,WEAK,Negative,False
OXA23,binary,Z.A.only.E,binary,,,12,WEAK,Negative,False
OXA23,binary,Neither.Abx.E,binary,,,12,WEAK,Negative,False
OXA23,binary,P.C.Z.A.T,binary,,,12,WEAK,Negative,False
OXA23,binary,P.C.only.T,binary,,,12,WEAK,Negative,False
OXA23,binary,Z.A.only.T,binary,,,12,WEAK,Negative,False
OXA23,binary,Neither.Abx.T,binary,,,12,WEAK,Negative,False
OXA23,binary,Amikacin,ordinal,,,12,WEAK,Negative,False
OXA23,binary,Aztreonam,ordinal,,,12,WEAK,Negative,False
OXA23,binary,Ciprofloxacin,ordinal,,,12,WEAK,Negative,False
OXA23,binary,Colistin,ordinal,,,12,WEAK,Negative,False
OXA23,binary,Cefepime,ordinal,,,12,WEAK,Negative,False
OXA23,binary,Gentamicin,binary,,,12,WEAK,Negative,False
OXA23,binary,Imipenem,ordinal,,,12,WEAK,Negative,False
OXA23,binary,Levofloxacin,ordinal,,,12,WEAK,Negative,False
OXA23,binary,Meropenem,ordinal,,,12,WEAK,Negative,False
OXA23,binary,Cefoperazone.Sulbactam,ordinal,,,12,WEAK,Negative,False
OXA23,binary,Trimethoprim.Sulfamethoxazole,binary,,,12,WEAK,Negative,False
OXA23,binary,Ceftazidime,ordinal,,,12,WEAK,Negative,False
OXA23,binary,Tigecycline,binary,,,12,WEAK,Negative,False
OXA23,binary,Piperacillin.Tazobactam,ordinal,,,12,WEAK,Negative,False
OXA23,binary,ESBL.producer,binary,,,12,WEAK,Negative,False
OXA23,binary,AmpC,binary,,,12,WEAK,Negative,False
OXA23,binary,Carbapenemase,binary,,,12,WEAK,Negative,False
OXA23,binary,MRSA,binary,,,12,WEAK,Negative,False
OXA23,binary,VAN,binary,,,12,WEAK,Negative,False
OXA23,binary,Polymyxin.Colistin.Inclusion,binary,,,12,WEAK,Negative,False
OXA23,binary,Clinical.improvement,binary,,,12,WEAK,Negative,False
OXA23,binary,ICU.Stay.in.28.Days,continuous,,,12,WEAK,Negative,False
OXA23,binary,GW.Stay.in.28.Days,continuous,,,12,WEAK,Negative,False
OXA23,binary,Total.Hospital.stay.in.28.days,continuous,,,12,WEAK,Negative,False
OXA23,binary,Mortality.in.ICU,binary,,,12,WEAK,Negative,False
OXA23,binary,Mortality.in.Hospital,binary,,,12,WEAK,Negative,False
OXA23,binary,Mortality.post.28.Day.Discharge,binary,,,12,WEAK,Negative,False
OXA23,binary,Overall.mortality,binary,,,12,WEAK,Negative,False
OXA23,binary,Relapse.post.28.Day.Discharge,binary,,,12,WEAK,Negative,False
OXA23,binary,Other.Illness.Leading.to.Hospitalization.post.28.Days.Discharge,binary,,,12,WEAK,Negative,False
OXA48,binary,OXA24,binary,,,12,WEAK,Negative,False
OXA48,binary,OXA58,binary,,,12,WEAK,Negative,False
OXA48,binary,P.C.in.vitro,binary,,,12,WEAK,Negative,False
OXA48,binary,Z.A.invitro,binary,,,12,WEAK,Negative,False
OXA48,binary,CKD,binary,,,12,WEAK,Negative,False
OXA48,binary,HTN,binary,,,12,WEAK,Negative,False
OXA48,binary,DM,binary,,,12,WEAK,Negative,False
OXA48,binary,COPD,binary,,,12,WEAK,Negative,False
OXA48,binary,Hypothyroidism,binary,,,12,WEAK,Negative,False
OXA48,binary,UTI.CRO,binary,,,12,WEAK,Negative,False
OXA48,binary,IAI.CRO,binary,,,12,WEAK,Negative,False
OXA48,binary,ABSSSI.CRO,binary,,,12,WEAK,Negative,False
OXA48,binary,HAP.CRO,binary,,,12,WEAK,Negative,False
OXA48,binary,VAP.CRO,binary,,,12,WEAK,Negative,False
OXA48,binary,CAP.CRO,binary,,,12,WEAK,Negative,False
OXA48,binary,BSI.CRO,binary,,,12,WEAK,Negative,False
OXA48,binary,Other.CRO,binary,,,12,WEAK,Negative,False
OXA48,binary,UTI.NCRO,binary,,,12,WEAK,Negative,False
OXA48,binary,IAI.NCRO,binary,,,12,WEAK,Negative,False
OXA48,binary,HAP.NCRO,binary,,,12,WEAK,Negative,False
OXA48,binary,VAP.NCRO,binary,,,12,WEAK,Negative,False
OXA48,binary,CAP.NCRO,binary,,,12,WEAK,Negative,False
OXA48,binary,BSI.NCRO,binary,,,12,WEAK,Negative,False
OXA48,binary,Other.NCRO,binary,,,12,WEAK,Negative,False
OXA48,binary,Hospitalization.in.past.6.Months,binary,,,12,WEAK,Negative,False
OXA48,binary,CV.Catheter.in.6.Months,binary,,,12,WEAK,Negative,False
OXA48,binary,CV.Catheter.Now,binary,,,12,WEAK,Negative,False
OXA48,binary,Urinary.Catheter.in.6.Months,binary,,,12,WEAK,Negative,False
OXA48,binary,Urinary.Catheter.Now,binary,,,12,WEAK,Negative,False
OXA48,binary,Surgery.in.last.3.Months,binary,,,12,WEAK,Negative,False
OXA48,binary,Past.CREPA.infection,binary,,,12,WEAK,Negative,False
OXA48,binary,Endoscopy.in.1.week,binary,,,12,WEAK,Negative,False
OXA48,binary,Dialysis.in.1.week,binary,,,12,WEAK,Negative,False
OXA48,binary,Immunosuppressive.drugs.in.1.week,binary,,,12,WEAK,Negative,False
OXA48,binary,Inotropes.,binary,,,12,WEAK,Negative,False
OXA48,binary,Dialysis.on.Day.1,binary,,,12,WEAK,Negative,False
OXA48,binary,Ventilation,binary,,,12,WEAK,Negative,False
OXA48,binary,Overall.organ.support,binary,,,12,WEAK,Negative,False
OXA48,binary,Neutropenia,binary,,,12,WEAK,Negative,False
OXA48,binary,HIV.Present,binary,,,12,WEAK,Negative,False
OXA48,binary,TB,binary,,,12,WEAK,Negative,False
OXA48,binary,Any.Viral.Infection,binary,,,12,WEAK,Negative,False
OXA48,binary,Any.Fungal.Infection,binary,,,12,WEAK,Negative,False
OXA48,binary,Hemat.Malignancy,binary,,,12,WEAK,Negative,False
OXA48,binary,Solid.Organ,binary,,,12,WEAK,Negative,False
OXA48,binary,APACHEII,continuous,,,12,WEAK,Negative,False
OXA48,binary,SOFA,continuous,,,12,WEAK,Negative,False
OXA48,binary,Hb,binary,,,12,WEAK,Negative,False
OXA48,binary,TLC,binary,,,12,WEAK,Negative,False
OXA48,binary,ANC,binary,,,12,WEAK,Negative,False
OXA48,binary,Lympho,binary,,,12,WEAK,Negative,False
OXA48,binary,Platelet,binary,,,12,WEAK,Negative,False
OXA48,binary,INR,binary,,,12,WEAK,Negative,False
OXA48,binary,Bil,binary,,,12,WEAK,Negative,False
OXA48,binary,SGPT,binary,,,12,WEAK,Negative,False
OXA48,binary,SGOT,binary,,,12,WEAK,Negative,False
OXA48,binary,Albumin,binary,,,12,WEAK,Negative,False
OXA48,binary,Total.Protein,binary,,,12,WEAK,Negative,False
OXA48,binary,Globulin,binary,,,12,WEAK,Negative,False
OXA48,binary,ALP,binary,,,12,WEAK,Negative,False
OXA48,binary,Creatinine,binary,,,12,WEAK,Negative,False
OXA48,binary,Sodium,binary,,,12,WEAK,Negative,False
OXA48,binary,Potassium,binary,,,12,WEAK,Negative,False
OXA48,binary,Urea,binary,,,12,WEAK,Negative,False
OXA48,binary,Calcium,binary,,,12,WEAK,Negative,False
OXA48,binary,Magnesium,binary,,,12,WEAK,Negative,False
OXA48,binary,Procalcitonin,binary,,,12,WEAK,Negative,False
OXA48,binary,P.C.Z.A.E,binary,,,12,WEAK,Negative,False
OXA48,binary,P.C.only.E,binary,,,12,WEAK,Negative,False
OXA48,binary,Z.A.only.E,binary,,,12,WEAK,Negative,False
OXA48,binary,Neither.Abx.E,binary,,,12,WEAK,Negative,False
OXA48,binary,P.C.Z.A.T,binary,,,12,WEAK,Negative,False
OXA48,binary,P.C.only.T,binary,,,12,WEAK,Negative,False
OXA48,binary,Z.A.only.T,binary,,,12,WEAK,Negative,False
OXA48,binary,Neither.Abx.T,binary,,,12,WEAK,Negative,False
OXA48,binary,Amikacin,ordinal,,,12,WEAK,Negative,False
OXA48,binary,Aztreonam,ordinal,,,12,WEAK,Negative,False
OXA48,binary,Ciprofloxacin,ordinal,,,12,WEAK,Negative,False
OXA48,binary,Colistin,ordinal,,,12,WEAK,Negative,False
OXA48,binary,Cefepime,ordinal,,,12,WEAK,Negative,False
OXA48,binary,Gentamicin,binary,,,12,WEAK,Negative,False
OXA48,binary,Imipenem,ordinal,,,12,WEAK,Negative,False
OXA48,binary,Levofloxacin,ordinal,,,12,WEAK,Negative,False
OXA48,binary,Meropenem,ordinal,,,12,WEAK,Negative,False
OXA48,binary,Cefoperazone.Sulbactam,ordinal,,,12,WEAK,Negative,False
OXA48,binary,Trimethoprim.Sulfamethoxazole,binary,,,12,WEAK,Negative,False
OXA48,binary,Ceftazidime,ordinal,,,12,WEAK,Negative,False
OXA48,binary,Tigecycline,binary,,,12,WEAK,Negative,False
OXA48,binary,Piperacillin.Tazobactam,ordinal,,,12,WEAK,Negative,False
OXA48,binary,ESBL.producer,binary,,,12,WEAK,Negative,False
OXA48,binary,AmpC,binary,,,12,WEAK,Negative,False
OXA48,binary,Carbapenemase,binary,,,12,WEAK,Negative,False
OXA48,binary,MRSA,binary,,,12,WEAK,Negative,False
OXA48,binary,VAN,binary,,,12,WEAK,Negative,False
OXA48,binary,Polymyxin.Colistin.Inclusion,binary,,,12,WEAK,Negative,False
OXA48,binary,Clinical.improvement,binary,,,12,WEAK,Negative,False
OXA48,binary,ICU.Stay.in.28.Days,continuous,,,12,WEAK,Negative,False
OXA48,binary,GW.Stay.in.28.Days,continuous,,,12,WEAK,Negative,False
OXA48,binary,Total.Hospital.stay.in.28.days,continuous,,,12,WEAK,Negative,False
OXA48,binary,Mortality.in.ICU,binary,,,12,WEAK,Negative,False
OXA48,binary,Mortality.in.Hospital,binary,,,12,WEAK,Negative,False
OXA48,binary,Mortality.post.28.Day.Discharge,binary,,,12,WEAK,Negative,False
OXA48,binary,Overall.mortality,binary,,,12,WEAK,Negative,False
OXA48,binary,Relapse.post.28.Day.Discharge,binary,,,12,WEAK,Negative,False
OXA48,binary,Other.Illness.Leading.to.Hospitalization.post.28.Days.Discharge,binary,,,12,WEAK,Negative,False
OXA24,binary,OXA58,binary,,,12,WEAK,Negative,False
OXA24,binary,P.C.in.vitro,binary,,,12,WEAK,Negative,False
OXA24,binary,Z.A.invitro,binary,,,12,WEAK,Negative,False
OXA24,binary,CKD,binary,,,12,WEAK,Negative,False
OXA24,binary,HTN,binary,,,12,WEAK,Negative,False
OXA24,binary,DM,binary,,,12,WEAK,Negative,False
OXA24,binary,COPD,binary,,,12,WEAK,Negative,False
OXA24,binary,Hypothyroidism,binary,,,12,WEAK,Negative,False
OXA24,binary,UTI.CRO,binary,,,12,WEAK,Negative,False
OXA24,binary,IAI.CRO,binary,,,12,WEAK,Negative,False
OXA24,binary,ABSSSI.CRO,binary,,,12,WEAK,Negative,False
OXA24,binary,HAP.CRO,binary,,,12,WEAK,Negative,False
OXA24,binary,VAP.CRO,binary,,,12,WEAK,Negative,False
OXA24,binary,CAP.CRO,binary,,,12,WEAK,Negative,False
OXA24,binary,BSI.CRO,binary,,,12,WEAK,Negative,False
OXA24,binary,Other.CRO,binary,,,12,WEAK,Negative,False
OXA24,binary,UTI.NCRO,binary,,,12,WEAK,Negative,False
OXA24,binary,IAI.NCRO,binary,,,12,WEAK,Negative,False
OXA24,binary,HAP.NCRO,binary,,,12,WEAK,Negative,False
OXA24,binary,VAP.NCRO,binary,,,12,WEAK,Negative,False
OXA24,binary,CAP.NCRO,binary,,,12,WEAK,Negative,False
OXA24,binary,BSI.NCRO,binary,,,12,WEAK,Negative,False
OXA24,binary,Other.NCRO,binary,,,12,WEAK,Negative,False
OXA24,binary,Hospitalization.in.past.6.Months,binary,,,12,WEAK,Negative,False
OXA24,binary,CV.Catheter.in.6.Months,binary,,,12,WEAK,Negative,False
OXA24,binary,CV.Catheter.Now,binary,,,12,WEAK,Negative,False
OXA24,binary,Urinary.Catheter.in.6.Months,binary,,,12,WEAK,Negative,False
OXA24,binary,Urinary.Catheter.Now,binary,,,12,WEAK,Negative,False
OXA24,binary,Surgery.in.last.3.Months,binary,,,12,WEAK,Negative,False
OXA24,binary,Past.CREPA.infection,binary,,,12,WEAK,Negative,False
OXA24,binary,Endoscopy.in.1.week,binary,,,12,WEAK,Negative,False
OXA24,binary,Dialysis.in.1.week,binary,,,12,WEAK,Negative,False
OXA24,binary,Immunosuppressive.drugs.in.1.week,binary,,,12,WEAK,Negative,False
OXA24,binary,Inotropes.,binary,,,12,WEAK,Negative,False
OXA24,binary,Dialysis.on.Day.1,binary,,,12,WEAK,Negative,False
OXA24,binary,Ventilation,binary,,,12,WEAK,Negative,False
OXA24,binary,Overall.organ.support,binary,,,12,WEAK,Negative,False
OXA24,binary,Neutropenia,binary,,,12,WEAK,Negative,False
OXA24,binary,HIV.Present,binary,,,12,WEAK,Negative,False
OXA24,binary,TB,binary,,,12,WEAK,Negative,False
OXA24,binary,Any.Viral.Infection,binary,,,12,WEAK,Negative,False
OXA24,binary,Any.Fungal.Infection,binary,,,12,WEAK,Negative,False
OXA24,binary,Hemat.Malignancy,binary,,,12,WEAK,Negative,False
OXA24,binary,Solid.Organ,binary,,,12,WEAK,Negative,False
OXA24,binary,APACHEII,continuous,,,12,WEAK,Negative,False
OXA24,binary,SOFA,continuous,,,12,WEAK,Negative,False
OXA24,binary,Hb,binary,,,12,WEAK,Negative,False
OXA24,binary,TLC,binary,,,12,WEAK,Negative,False
OXA24,binary,ANC,binary,,,12,WEAK,Negative,False
OXA24,binary,Lympho,binary,,,12,WEAK,Negative,False
OXA24,binary,Platelet,binary,,,12,WEAK,Negative,False
OXA24,binary,INR,binary,,,12,WEAK,Negative,False
OXA24,binary,Bil,binary,,,12,WEAK,Negative,False
OXA24,binary,SGPT,binary,,,12,WEAK,Negative,False
OXA24,binary,SGOT,binary,,,12,WEAK,Negative,False
OXA24,binary,Albumin,binary,,,12,WEAK,Negative,False
OXA24,binary,Total.Protein,binary,,,12,WEAK,Negative,False
OXA24,binary,Globulin,binary,,,12,WEAK,Negative,False
OXA24,binary,ALP,binary,,,12,WEAK,Negative,False
OXA24,binary,Creatinine,binary,,,12,WEAK,Negative,False
OXA24,binary,Sodium,binary,,,12,WEAK,Negative,False
OXA24,binary,Potassium,binary,,,12,WEAK,Negative,False
OXA24,binary,Urea,binary,,,12,WEAK,Negative,False
OXA24,binary,Calcium,binary,,,12,WEAK,Negative,False
OXA24,binary,Magnesium,binary,,,12,WEAK,Negative,False
OXA24,binary,Procalcitonin,binary,,,12,WEAK,Negative,False
OXA24,binary,P.C.Z.A.E,binary,,,12,WEAK,Negative,False
OXA24,binary,P.C.only.E,binary,,,12,WEAK,Negative,False
OXA24,binary,Z.A.only.E,binary,,,12,WEAK,Negative,False
OXA24,binary,Neither.Abx.E,binary,,,12,WEAK,Negative,False
OXA24,binary,P.C.Z.A.T,binary,,,12,WEAK,Negative,False
OXA24,binary,P.C.only.T,binary,,,12,WEAK,Negative,False
OXA24,binary,Z.A.only.T,binary,,,12,WEAK,Negative,False
OXA24,binary,Neither.Abx.T,binary,,,12,WEAK,Negative,False
OXA24,binary,Amikacin,ordinal,,,12,WEAK,Negative,False
OXA24,binary,Aztreonam,ordinal,,,12,WEAK,Negative,False
OXA24,binary,Ciprofloxacin,ordinal,,,12,WEAK,Negative,False
OXA24,binary,Colistin,ordinal,,,12,WEAK,Negative,False
OXA24,binary,Cefepime,ordinal,,,12,WEAK,Negative,False
OXA24,binary,Gentamicin,binary,,,12,WEAK,Negative,False
OXA24,binary,Imipenem,ordinal,,,12,WEAK,Negative,False
OXA24,binary,Levofloxacin,ordinal,,,12,WEAK,Negative,False
OXA24,binary,Meropenem,ordinal,,,12,WEAK,Negative,False
OXA24,binary,Cefoperazone.Sulbactam,ordinal,,,12,WEAK,Negative,False
OXA24,binary,Trimethoprim.Sulfamethoxazole,binary,,,12,WEAK,Negative,False
OXA24,binary,Ceftazidime,ordinal,,,12,WEAK,Negative,False
OXA24,binary,Tigecycline,binary,,,12,WEAK,Negative,False
OXA24,binary,Piperacillin.Tazobactam,ordinal,,,12,WEAK,Negative,False
OXA24,binary,ESBL.producer,binary,,,12,WEAK,Negative,False
OXA24,binary,AmpC,binary,,,12,WEAK,Negative,False
OXA24,binary,Carbapenemase,binary,,,12,WEAK,Negative,False
OXA24,binary,MRSA,binary,,,12,WEAK,Negative,False
OXA24,binary,VAN,binary,,,12,WEAK,Negative,False
OXA24,binary,Polymyxin.Colistin.Inclusion,binary,,,12,WEAK,Negative,False
OXA24,binary,Clinical.improvement,binary,,,12,WEAK,Negative,False
OXA24,binary,ICU.Stay.in.28.Days,continuous,,,12,WEAK,Negative,False
OXA24,binary,GW.Stay.in.28.Days,continuous,,,12,WEAK,Negative,False
OXA24,binary,Total.Hospital.stay.in.28.days,continuous,,,12,WEAK,Negative,False
OXA24,binary,Mortality.in.ICU,binary,,,12,WEAK,Negative,False
OXA24,binary,Mortality.in.Hospital,binary,,,12,WEAK,Negative,False
OXA24,binary,Mortality.post.28.Day.Discharge,binary,,,12,WEAK,Negative,False
OXA24,binary,Overall.mortality,binary,,,12,WEAK,Negative,False
OXA24,binary,Relapse.post.28.Day.Discharge,binary,,,12,WEAK,Negative,False
OXA24,binary,Other.Illness.Leading.to.Hospitalization.post.28.Days.Discharge,binary,,,12,WEAK,Negative,False
OXA58,binary,P.C.in.vitro,binary,,,12,WEAK,Negative,False
OXA58,binary,Z.A.invitro,binary,,,12,WEAK,Negative,False
OXA58,binary,CKD,binary,,,12,WEAK,Negative,False
OXA58,binary,HTN,binary,,,12,WEAK,Negative,False
OXA58,binary,DM,binary,,,12,WEAK,Negative,False
OXA58,binary,COPD,binary,,,12,WEAK,Negative,False
OXA58,binary,Hypothyroidism,binary,,,12,WEAK,Negative,False
OXA58,binary,UTI.CRO,binary,,,12,WEAK,Negative,False
OXA58,binary,IAI.CRO,binary,,,12,WEAK,Negative,False
OXA58,binary,ABSSSI.CRO,binary,,,12,WEAK,Negative,False
OXA58,binary,HAP.CRO,binary,,,12,WEAK,Negative,False
OXA58,binary,VAP.CRO,binary,,,12,WEAK,Negative,False
OXA58,binary,CAP.CRO,binary,,,12,WEAK,Negative,False
OXA58,binary,BSI.CRO,binary,,,12,WEAK,Negative,False
OXA58,binary,Other.CRO,binary,,,12,WEAK,Negative,False
OXA58,binary,UTI.NCRO,binary,,,12,WEAK,Negative,False
OXA58,binary,IAI.NCRO,binary,,,12,WEAK,Negative,False
OXA58,binary,HAP.NCRO,binary,,,12,WEAK,Negative,False
OXA58,binary,VAP.NCRO,binary,,,12,WEAK,Negative,False
OXA58,binary,CAP.NCRO,binary,,,12,WEAK,Negative,False
OXA58,binary,BSI.NCRO,binary,,,12,WEAK,Negative,False
OXA58,binary,Other.NCRO,binary,,,12,WEAK,Negative,False
OXA58,binary,Hospitalization.in.past.6.Months,binary,,,12,WEAK,Negative,False
OXA58,binary,CV.Catheter.in.6.Months,binary,,,12,WEAK,Negative,False
OXA58,binary,CV.Catheter.Now,binary,,,12,WEAK,Negative,False
OXA58,binary,Urinary.Catheter.in.6.Months,binary,,,12,WEAK,Negative,False
OXA58,binary,Urinary.Catheter.Now,binary,,,12,WEAK,Negative,False
OXA58,binary,Surgery.in.last.3.Months,binary,,,12,WEAK,Negative,False
OXA58,binary,Past.CREPA.infection,binary,,,12,WEAK,Negative,False
OXA58,binary,Endoscopy.in.1.week,binary,,,12,WEAK,Negative,False
OXA58,binary,Dialysis.in.1.week,binary,,,12,WEAK,Negative,False
OXA58,binary,Immunosuppressive.drugs.in.1.week,binary,,,12,WEAK,Negative,False
OXA58,binary,Inotropes.,binary,,,12,WEAK,Negative,False
OXA58,binary,Dialysis.on.Day.1,binary,,,12,WEAK,Negative,False
OXA58,binary,Ventilation,binary,,,12,WEAK,Negative,False
OXA58,binary,Overall.organ.support,binary,,,12,WEAK,Negative,False
OXA58,binary,Neutropenia,binary,,,12,WEAK,Negative,False
OXA58,binary,HIV.Present,binary,,,12,WEAK,Negative,False
OXA58,binary,TB,binary,,,12,WEAK,Negative,False
OXA58,binary,Any.Viral.Infection,binary,,,12,WEAK,Negative,False
OXA58,binary,Any.Fungal.Infection,binary,,,12,WEAK,Negative,False
OXA58,binary,Hemat.Malignancy,binary,,,12,WEAK,Negative,False
OXA58,binary,Solid.Organ,binary,,,12,WEAK,Negative,False
OXA58,binary,APACHEII,continuous,,,12,WEAK,Negative,False
OXA58,binary,SOFA,continuous,,,12,WEAK,Negative,False
OXA58,binary,Hb,binary,,,12,WEAK,Negative,False
OXA58,binary,TLC,binary,,,12,WEAK,Negative,False
OXA58,binary,ANC,binary,,,12,WEAK,Negative,False
OXA58,binary,Lympho,binary,,,12,WEAK,Negative,False
OXA58,binary,Platelet,binary,,,12,WEAK,Negative,False
OXA58,binary,INR,binary,,,12,WEAK,Negative,False
OXA58,binary,Bil,binary,,,12,WEAK,Negative,False
OXA58,binary,SGPT,binary,,,12,WEAK,Negative,False
OXA58,binary,SGOT,binary,,,12,WEAK,Negative,False
OXA58,binary,Albumin,binary,,,12,WEAK,Negative,False
OXA58,binary,Total.Protein,binary,,,12,WEAK,Negative,False
OXA58,binary,Globulin,binary,,,12,WEAK,Negative,False
OXA58,binary,ALP,binary,,,12,WEAK,Negative,False
OXA58,binary,Creatinine,binary,,,12,WEAK,Negative,False
OXA58,binary,Sodium,binary,,,12,WEAK,Negative,False
OXA58,binary,Potassium,binary,,,12,WEAK,Negative,False
OXA58,binary,Urea,binary,,,12,WEAK,Negative,False
OXA58,binary,Calcium,binary,,,12,WEAK,Negative,False
OXA58,binary,Magnesium,binary,,,12,WEAK,Negative,False
OXA58,binary,Procalcitonin,binary,,,12,WEAK,Negative,False
OXA58,binary,P.C.Z.A.E,binary,,,12,WEAK,Negative,False
OXA58,binary,P.C.only.E,binary,,,12,WEAK,Negative,False
OXA58,binary,Z.A.only.E,binary,,,12,WEAK,Negative,False
OXA58,binary,Neither.Abx.E,binary,,,12,WEAK,Negative,False
OXA58,binary,P.C.Z.A.T,binary,,,12,WEAK,Negative,False
OXA58,binary,P.C.only.T,binary,,,12,WEAK,Negative,False
OXA58,binary,Z.A.only.T,binary,,,12,WEAK,Negative,False
OXA58,binary,Neither.Abx.T,binary,,,12,WEAK,Negative,False
OXA58,binary,Amikacin,ordinal,,,12,WEAK,Negative,False
OXA58,binary,Aztreonam,ordinal,,,12,WEAK,Negative,False
OXA58,binary,Ciprofloxacin,ordinal,,,12,WEAK,Negative,False
OXA58,binary,Colistin,ordinal,,,12,WEAK,Negative,False
OXA58,binary,Cefepime,ordinal,,,12,WEAK,Negative,False
OXA58,binary,Gentamicin,binary,,,12,WEAK,Negative,False
OXA58,binary,Imipenem,ordinal,,,12,WEAK,Negative,False
OXA58,binary,Levofloxacin,ordinal,,,12,WEAK,Negative,False
OXA58,binary,Meropenem,ordinal,,,12,WEAK,Negative,False
OXA58,binary,Cefoperazone.Sulbactam,ordinal,,,12,WEAK,Negative,False
OXA58,binary,Trimethoprim.Sulfamethoxazole,binary,,,12,WEAK,Negative,False
OXA58,binary,Ceftazidime,ordinal,,,12,WEAK,Negative,False
OXA58,binary,Tigecycline,binary,,,12,WEAK,Negative,False
OXA58,binary,Piperacillin.Tazobactam,ordinal,,,12,WEAK,Negative,False
OXA58,binary,ESBL.producer,binary,,,12,WEAK,Negative,False
OXA58,binary,AmpC,binary,,,12,WEAK,Negative,False
OXA58,binary,Carbapenemase,binary,,,12,WEAK,Negative,False
OXA58,binary,MRSA,binary,,,12,WEAK,Negative,False
OXA58,binary,VAN,binary,,,12,WEAK,Negative,False
OXA58,binary,Polymyxin.Colistin.Inclusion,binary,,,12,WEAK,Negative,False
OXA58,binary,Clinical.improvement,binary,,,12,WEAK,Negative,False
OXA58,binary,ICU.Stay.in.28.Days,continuous,,,12,WEAK,Negative,False
OXA58,binary,GW.Stay.in.28.Days,continuous,,,12,WEAK,Negative,False
OXA58,binary,Total.Hospital.stay.in.28.days,continuous,,,12,WEAK,Negative,False
OXA58,binary,Mortality.in.ICU,binary,,,12,WEAK,Negative,False
OXA58,binary,Mortality.in.Hospital,binary,,,12,WEAK,Negative,False
OXA58,binary,Mortality.post.28.Day.Discharge,binary,,,12,WEAK,Negative,False
OXA58,binary,Overall.mortality,binary,,,12,WEAK,Negative,False
OXA58,binary,Relapse.post.28.Day.Discharge,binary,,,12,WEAK,Negative,False
OXA58,binary,Other.Illness.Leading.to.Hospitalization.post.28.Days.Discharge,binary,,,12,WEAK,Negative,False
P.C.in.vitro,binary,ABSSSI.CRO,binary,,,12,WEAK,Negative,False
P.C.in.vitro,binary,UTI.NCRO,binary,,,12,WEAK,Negative,False
P.C.in.vitro,binary,IAI.NCRO,binary,,,12,WEAK,Negative,False
P.C.in.vitro,binary,HAP.NCRO,binary,,,12,WEAK,Negative,False
P.C.in.vitro,binary,VAP.NCRO,binary,,,12,WEAK,Negative,False
P.C.in.vitro,binary,CAP.NCRO,binary,,,12,WEAK,Negative,False
P.C.in.vitro,binary,BSI.NCRO,binary,,,12,WEAK,Negative,False
P.C.in.vitro,binary,Other.NCRO,binary,,,12,WEAK,Negative,False
P.C.in.vitro,binary,CV.Catheter.Now,binary,,,12,WEAK,Negative,False
P.C.in.vitro,binary,Urinary.Catheter.Now,binary,,,12,WEAK,Negative,False
P.C.in.vitro,binary,Dialysis.in.1.week,binary,,,12,WEAK,Negative,False
P.C.in.vitro,binary,Dialysis.on.Day.1,binary,,,12,WEAK,Negative,False
P.C.in.vitro,binary,HIV.Present,binary,,,12,WEAK,Negative,False
P.C.in.vitro,binary,TB,binary,,,12,WEAK,Negative,False
P.C.in.vitro,binary,Hb,binary,,,12,WEAK,Negative,False
P.C.in.vitro,binary,INR,binary,,,12,WEAK,Negative,False
P.C.in.vitro,binary,Procalcitonin,binary,,,12,WEAK,Negative,False
P.C.in.vitro,binary,Neither.Abx.E,binary,,,12,WEAK,Negative,False
P.C.in.vitro,binary,Neither.Abx.T,binary,,,12,WEAK,Negative,False
P.C.in.vitro,binary,Trimethoprim.Sulfamethoxazole,binary,,,12,WEAK,Negative,False
P.C.in.vitro,binary,Tigecycline,binary,,,12,WEAK,Negative,False
P.C.in.vitro,binary,ESBL.producer,binary,,,12,WEAK,Negative,False
P.C.in.vitro,binary,AmpC,binary,,,12,WEAK,Negative,False
P.C.in.vitro,binary,MRSA,binary,,,12,WEAK,Negative,False
P.C.in.vitro,binary,VAN,binary,,,12,WEAK,Negative,False
P.C.in.vitro,binary,Polymyxin.Colistin.Inclusion,binary,,,12,WEAK,Negative,False
P.C.in.vitro,binary,Mortality.in.ICU,binary,,,12,WEAK,Negative,False
P.C.in.vitro,binary,Other.Illness.Leading.to.Hospitalization.post.28.Days.Discharge,binary,,,12,WEAK,Negative,False
Z.A.invitro,binary,ABSSSI.CRO,binary,,,12,WEAK,Negative,False
Z.A.invitro,binary,UTI.NCRO,binary,,,12,WEAK,Negative,False
Z.A.invitro,binary,IAI.NCRO,binary,,,12,WEAK,Negative,False
Z.A.invitro,binary,HAP.NCRO,binary,,,12,WEAK,Negative,False
Z.A.invitro,binary,VAP.NCRO,binary,,,12,WEAK,Negative,False
Z.A.invitro,binary,CAP.NCRO,binary,,,12,WEAK,Negative,False
Z.A.invitro,binary,BSI.NCRO,binary,,,12,WEAK,Negative,False
Z.A.invitro,binary,Other.NCRO,binary,,,12,WEAK,Negative,False
Z.A.invitro,binary,CV.Catheter.Now,binary,,,12,WEAK,Negative,False
Z.A.invitro,binary,Urinary.Catheter.Now,binary,,,12,WEAK,Negative,False
Z.A.invitro,binary,Dialysis.in.1.week,binary,,,12,WEAK,Negative,False
Z.A.invitro,binary,Dialysis.on.Day.1,binary,,,12,WEAK,Negative,False
Z.A.invitro,binary,HIV.Present,binary,,,12,WEAK,Negative,False
Z.A.invitro,binary,TB,binary,,,12,WEAK,Negative,False
Z.A.invitro,binary,Hb,binary,,,12,WEAK,Negative,False
Z.A.invitro,binary,INR,binary,,,12,WEAK,Negative,False
Z.A.invitro,binary,Procalcitonin,binary,,,12,WEAK,Negative,False
Z.A.invitro,binary,Neither.Abx.E,binary,,,12,WEAK,Negative,False
Z.A.invitro,binary,Neither.Abx.T,binary,,,12,WEAK,Negative,False
Z.A.invitro,binary,Trimethoprim.Sulfamethoxazole,binary,,,12,WEAK,Negative,False
Z.A.invitro,binary,Tigecycline,binary,,,12,WEAK,Negative,False
Z.A.invitro,binary,ESBL.producer,binary,,,12,WEAK,Negative,False
Z.A.invitro,binary,AmpC,binary,,,12,WEAK,Negative,False
Z.A.invitro,binary,MRSA,binary,,,12,WEAK,Negative,False
Z.A.invitro,binary,VAN,binary,,,12,WEAK,Negative,False
Z.A.invitro,binary,Polymyxin.Colistin.Inclusion,binary,,,12,WEAK,Negative,False
Z.A.invitro,binary,Mortality.in.ICU,binary,,,12,WEAK,Negative,False
Z.A.invitro,binary,Other.Illness.Leading.to.Hospitalization.post.28.Days.Discharge,binary,,,12,WEAK,Negative,False
CKD,binary,ABSSSI.CRO,binary,,,12,WEAK,Negative,False
CKD,binary,UTI.NCRO,binary,,,12,WEAK,Negative,False
CKD,binary,IAI.NCRO,binary,,,12,WEAK,Negative,False
CKD,binary,HAP.NCRO,binary,,,12,WEAK,Negative,False
CKD,binary,VAP.NCRO,binary,,,12,WEAK,Negative,False
CKD,binary,CAP.NCRO,binary,,,12,WEAK,Negative,False
CKD,binary,BSI.NCRO,binary,,,12,WEAK,Negative,False
CKD,binary,Other.NCRO,binary,,,12,WEAK,Negative,False
CKD,binary,CV.Catheter.Now,binary,,,12,WEAK,Negative,False
CKD,binary,Urinary.Catheter.Now,binary,,,12,WEAK,Negative,False
CKD,binary,Dialysis.in.1.week,binary,,,12,WEAK,Negative,False
CKD,binary,Dialysis.on.Day.1,binary,,,12,WEAK,Negative,False
CKD,binary,HIV.Present,binary,,,12,WEAK,Negative,False
CKD,binary,TB,binary,,,12,WEAK,Negative,False
CKD,binary,Hb,binary,,,12,WEAK,Negative,False
CKD,binary,INR,binary,,,12,WEAK,Negative,False
CKD,binary,Procalcitonin,binary,,,12,WEAK,Negative,False
CKD,binary,Neither.Abx.E,binary,,,12,WEAK,Negative,False
CKD,binary,Neither.Abx.T,binary,,,12,WEAK,Negative,False
CKD,binary,Trimethoprim.Sulfamethoxazole,binary,,,12,WEAK,Negative,False
CKD,binary,Tigecycline,binary,,,12,WEAK,Negative,False
CKD,binary,ESBL.producer,binary,,,12,WEAK,Negative,False
CKD,binary,AmpC,binary,,,12,WEAK,Negative,False
CKD,binary,MRSA,binary,,,12,WEAK,Negative,False
CKD,binary,VAN,binary,,,12,WEAK,Negative,False
CKD,binary,Polymyxin.Colistin.Inclusion,binary,,,12,WEAK,Negative,False
CKD,binary,Mortality.in.ICU,binary,,,12,WEAK,Negative,False
CKD,binary,Other.Illness.Leading.to.Hospitalization.post.28.Days.Discharge,binary,,,12,WEAK,Negative,False
HTN,binary,ABSSSI.CRO,binary,,,12,WEAK,Negative,False
HTN,binary,UTI.NCRO,binary,,,12,WEAK,Negative,False
HTN,binary,IAI.NCRO,binary,,,12,WEAK,Negative,False
HTN,binary,HAP.NCRO,binary,,,12,WEAK,Negative,False
HTN,binary,VAP.NCRO,binary,,,12,WEAK,Negative,False
HTN,binary,CAP.NCRO,binary,,,12,WEAK,Negative,False
HTN,binary,BSI.NCRO,binary,,,12,WEAK,Negative,False
HTN,binary,Other.NCRO,binary,,,12,WEAK,Negative,False
HTN,binary,CV.Catheter.Now,binary,,,12,WEAK,Negative,False
HTN,binary,Urinary.Catheter.Now,binary,,,12,WEAK,Negative,False
HTN,binary,Dialysis.in.1.week,binary,,,12,WEAK,Negative,False
HTN,binary,Dialysis.on.Day.1,binary,,,12,WEAK,Negative,False
HTN,binary,HIV.Present,binary,,,12,WEAK,Negative,False
HTN,binary,TB,binary,,,12,WEAK,Negative,False
HTN,binary,Hb,binary,,,12,WEAK,Negative,False
HTN,binary,INR,binary,,,12,WEAK,Negative,False
HTN,binary,Procalcitonin,binary,,,12,WEAK,Negative,False
HTN,binary,Neither.Abx.E,binary,,,12,WEAK,Negative,False
HTN,binary,Neither.Abx.T,binary,,,12,WEAK,Negative,False
HTN,binary,Trimethoprim.Sulfamethoxazole,binary,,,12,WEAK,Negative,False
HTN,binary,Tigecycline,binary,,,12,WEAK,Negative,False
HTN,binary,ESBL.producer,binary,,,12,WEAK,Negative,False
HTN,binary,AmpC,binary,,,12,WEAK,Negative,False
HTN,binary,MRSA,binary,,,12,WEAK,Negative,False
HTN,binary,VAN,binary,,,12,WEAK,Negative,False
HTN,binary,Polymyxin.Colistin.Inclusion,binary,,,12,WEAK,Negative,False
HTN,binary,Mortality.in.ICU,binary,,,12,WEAK,Negative,False
HTN,binary,Other.Illness.Leading.to.Hospitalization.post.28.Days.Discharge,binary,,,12,WEAK,Negative,False
DM,binary,ABSSSI.CRO,binary,,,12,WEAK,Negative,False
DM,binary,UTI.NCRO,binary,,,12,WEAK,Negative,False
DM,binary,IAI.NCRO,binary,,,12,WEAK,Negative,False
DM,binary,HAP.NCRO,binary,,,12,WEAK,Negative,False
DM,binary,VAP.NCRO,binary,,,12,WEAK,Negative,False
DM,binary,CAP.NCRO,binary,,,12,WEAK,Negative,False
DM,binary,BSI.NCRO,binary,,,12,WEAK,Negative,False
DM,binary,Other.NCRO,binary,,,12,WEAK,Negative,False
DM,binary,CV.Catheter.Now,binary,,,12,WEAK,Negative,False
DM,binary,Urinary.Catheter.Now,binary,,,12,WEAK,Negative,False
DM,binary,Dialysis.in.1.week,binary,,,12,WEAK,Negative,False
DM,binary,Dialysis.on.Day.1,binary,,,12,WEAK,Negative,False
DM,binary,HIV.Present,binary,,,12,WEAK,Negative,False
DM,binary,TB,binary,,,12,WEAK,Negative,False
DM,binary,Hb,binary,,,12,WEAK,Negative,False
DM,binary,INR,binary,,,12,WEAK,Negative,False
DM,binary,Procalcitonin,binary,,,12,WEAK,Negative,False
DM,binary,Neither.Abx.E,binary,,,12,WEAK,Negative,False
DM,binary,Neither.Abx.T,binary,,,12,WEAK,Negative,False
DM,binary,Trimethoprim.Sulfamethoxazole,binary,,,12,WEAK,Negative,False
DM,binary,Tigecycline,binary,,,12,WEAK,Negative,False
DM,binary,ESBL.producer,binary,,,12,WEAK,Negative,False
DM,binary,AmpC,binary,,,12,WEAK,Negative,False
DM,binary,MRSA,binary,,,12,WEAK,Negative,False
DM,binary,VAN,binary,,,12,WEAK,Negative,False
DM,binary,Polymyxin.Colistin.Inclusion,binary,,,12,WEAK,Negative,False
DM,binary,Mortality.in.ICU,binary,,,12,WEAK,Negative,False
DM,binary,Other.Illness.Leading.to.Hospitalization.post.28.Days.Discharge,binary,,,12,WEAK,Negative,False
COPD,binary,ABSSSI.CRO,binary,,,12,WEAK,Negative,False
COPD,binary,UTI.NCRO,binary,,,12,WEAK,Negative,False
COPD,binary,IAI.NCRO,binary,,,12,WEAK,Negative,False
COPD,binary,HAP.NCRO,binary,,,12,WEAK,Negative,False
COPD,binary,VAP.NCRO,binary,,,12,WEAK,Negative,False
COPD,binary,CAP.NCRO,binary,,,12,WEAK,Negative,False
COPD,binary,BSI.NCRO,binary,,,12,WEAK,Negative,False
COPD,binary,Other.NCRO,binary,,,12,WEAK,Negative,False
COPD,binary,CV.Catheter.Now,binary,,,12,WEAK,Negative,False
COPD,binary,Urinary.Catheter.Now,binary,,,12,WEAK,Negative,False
COPD,binary,Dialysis.in.1.week,binary,,,12,WEAK,Negative,False
COPD,binary,Dialysis.on.Day.1,binary,,,12,WEAK,Negative,False
COPD,binary,HIV.Present,binary,,,12,WEAK,Negative,False
COPD,binary,TB,binary,,,12,WEAK,Negative,False
COPD,binary,Hb,binary,,,12,WEAK,Negative,False
COPD,binary,INR,binary,,,12,WEAK,Negative,False
COPD,binary,Procalcitonin,binary,,,12,WEAK,Negative,False
COPD,binary,Neither.Abx.E,binary,,,12,WEAK,Negative,False
COPD,binary,Neither.Abx.T,binary,,,12,WEAK,Negative,False
COPD,binary,Trimethoprim.Sulfamethoxazole,binary,,,12,WEAK,Negative,False
COPD,binary,Tigecycline,binary,,,12,WEAK,Negative,False
COPD,binary,ESBL.producer,binary,,,12,WEAK,Negative,False
COPD,binary,AmpC,binary,,,12,WEAK,Negative,False
COPD,binary,MRSA,binary,,,12,WEAK,Negative,False
COPD,binary,VAN,binary,,,12,WEAK,Negative,False
COPD,binary,Polymyxin.Colistin.Inclusion,binary,,,12,WEAK,Negative,False
COPD,binary,Mortality.in.ICU,binary,,,12,WEAK,Negative,False
COPD,binary,Other.Illness.Leading.to.Hospitalization.post.28.Days.Discharge,binary,,,12,WEAK,Negative,False
Hypothyroidism,binary,ABSSSI.CRO,binary,,,12,WEAK,Negative,False
Hypothyroidism,binary,UTI.NCRO,binary,,,12,WEAK,Negative,False
Hypothyroidism,binary,IAI.NCRO,binary,,,12,WEAK,Negative,False
Hypothyroidism,binary,HAP.NCRO,binary,,,12,WEAK,Negative,False
Hypothyroidism,binary,VAP.NCRO,binary,,,12,WEAK,Negative,False
Hypothyroidism,binary,CAP.NCRO,binary,,,12,WEAK,Negative,False
Hypothyroidism,binary,BSI.NCRO,binary,,,12,WEAK,Negative,False
Hypothyroidism,binary,Other.NCRO,binary,,,12,WEAK,Negative,False
Hypothyroidism,binary,CV.Catheter.Now,binary,,,12,WEAK,Negative,False
Hypothyroidism,binary,Urinary.Catheter.Now,binary,,,12,WEAK,Negative,False
Hypothyroidism,binary,Dialysis.in.1.week,binary,,,12,WEAK,Negative,False
Hypothyroidism,binary,Dialysis.on.Day.1,binary,,,12,WEAK,Negative,False
Hypothyroidism,binary,HIV.Present,binary,,,12,WEAK,Negative,False
Hypothyroidism,binary,TB,binary,,,12,WEAK,Negative,False
Hypothyroidism,binary,Hb,binary,,,12,WEAK,Negative,False
Hypothyroidism,binary,INR,binary,,,12,WEAK,Negative,False
Hypothyroidism,binary,Procalcitonin,binary,,,12,WEAK,Negative,False
Hypothyroidism,binary,Neither.Abx.E,binary,,,12,WEAK,Negative,False
Hypothyroidism,binary,Neither.Abx.T,binary,,,12,WEAK,Negative,False
Hypothyroidism,binary,Trimethoprim.Sulfamethoxazole,binary,,,12,WEAK,Negative,False
Hypothyroidism,binary,Tigecycline,binary,,,12,WEAK,Negative,False
Hypothyroidism,binary,ESBL.producer,binary,,,12,WEAK,Negative,False
Hypothyroidism,binary,AmpC,binary,,,12,WEAK,Negative,False
Hypothyroidism,binary,MRSA,binary,,,12,WEAK,Negative,False
Hypothyroidism,binary,VAN,binary,,,12,WEAK,Negative,False
Hypothyroidism,binary,Polymyxin.Colistin.Inclusion,binary,,,12,WEAK,Negative,False
Hypothyroidism,binary,Mortality.in.ICU,binary,,,12,WEAK,Negative,False
Hypothyroidism,binary,Other.Illness.Leading.to.Hospitalization.post.28.Days.Discharge,binary,,,12,WEAK,Negative,False
UTI.CRO,binary,ABSSSI.CRO,binary,,,12,WEAK,Negative,False
UTI.CRO,binary,UTI.NCRO,binary,,,12,WEAK,Negative,False
UTI.CRO,binary,IAI.NCRO,binary,,,12,WEAK,Negative,False
UTI.CRO,binary,HAP.NCRO,binary,,,12,WEAK,Negative,False
UTI.CRO,binary,VAP.NCRO,binary,,,12,WEAK,Negative,False
UTI.CRO,binary,CAP.NCRO,binary,,,12,WEAK,Negative,False
UTI.CRO,binary,BSI.NCRO,binary,,,12,WEAK,Negative,False
UTI.CRO,binary,Other.NCRO,binary,,,12,WEAK,Negative,False
UTI.CRO,binary,CV.Catheter.Now,binary,,,12,WEAK,Negative,False
UTI.CRO,binary,Urinary.Catheter.Now,binary,,,12,WEAK,Negative,False
UTI.CRO,binary,Dialysis.in.1.week,binary,,,12,WEAK,Negative,False
UTI.CRO,binary,Dialysis.on.Day.1,binary,,,12,WEAK,Negative,False
UTI.CRO,binary,HIV.Present,binary,,,12,WEAK,Negative,False
UTI.CRO,binary,TB,binary,,,12,WEAK,Negative,False
UTI.CRO,binary,Hb,binary,,,12,WEAK,Negative,False
UTI.CRO,binary,INR,binary,,,12,WEAK,Negative,False
UTI.CRO,binary,Procalcitonin,binary,,,12,WEAK,Negative,False
UTI.CRO,binary,Neither.Abx.E,binary,,,12,WEAK,Negative,False
UTI.CRO,binary,Neither.Abx.T,binary,,,12,WEAK,Negative,False
UTI.CRO,binary,Trimethoprim.Sulfamethoxazole,binary,,,12,WEAK,Negative,False
UTI.CRO,binary,Tigecycline,binary,,,12,WEAK,Negative,False
UTI.CRO,binary,ESBL.producer,binary,,,12,WEAK,Negative,False
UTI.CRO,binary,AmpC,binary,,,12,WEAK,Negative,False
UTI.CRO,binary,MRSA,binary,,,12,WEAK,Negative,False
UTI.CRO,binary,VAN,binary,,,12,WEAK,Negative,False
UTI.CRO,binary,Polymyxin.Colistin.Inclusion,binary,,,12,WEAK,Negative,False
UTI.CRO,binary,Mortality.in.ICU,binary,,,12,WEAK,Negative,False
UTI.CRO,binary,Other.Illness.Leading.to.Hospitalization.post.28.Days.Discharge,binary,,,12,WEAK,Negative,False
IAI.CRO,binary,ABSSSI.CRO,binary,,,12,WEAK,Negative,False
IAI.CRO,binary,UTI.NCRO,binary,,,12,WEAK,Negative,False
IAI.CRO,binary,IAI.NCRO,binary,,,12,WEAK,Negative,False
IAI.CRO,binary,HAP.NCRO,binary,,,12,WEAK,Negative,False
IAI.CRO,binary,VAP.NCRO,binary,,,12,WEAK,Negative,False
IAI.CRO,binary,CAP.NCRO,binary,,,12,WEAK,Negative,False
IAI.CRO,binary,BSI.NCRO,binary,,,12,WEAK,Negative,False
IAI.CRO,binary,Other.NCRO,binary,,,12,WEAK,Negative,False
IAI.CRO,binary,CV.Catheter.Now,binary,,,12,WEAK,Negative,False
IAI.CRO,binary,Urinary.Catheter.Now,binary,,,12,WEAK,Negative,False
IAI.CRO,binary,Dialysis.in.1.week,binary,,,12,WEAK,Negative,False
IAI.CRO,binary,Dialysis.on.Day.1,binary,,,12,WEAK,Negative,False
IAI.CRO,binary,HIV.Present,binary,,,12,WEAK,Negative,False
IAI.CRO,binary,TB,binary,,,12,WEAK,Negative,False
IAI.CRO,binary,Hb,binary,,,12,WEAK,Negative,False
IAI.CRO,binary,INR,binary,,,12,WEAK,Negative,False
IAI.CRO,binary,Procalcitonin,binary,,,12,WEAK,Negative,False
IAI.CRO,binary,Neither.Abx.E,binary,,,12,WEAK,Negative,False
IAI.CRO,binary,Neither.Abx.T,binary,,,12,WEAK,Negative,False
IAI.CRO,binary,Trimethoprim.Sulfamethoxazole,binary,,,12,WEAK,Negative,False
IAI.CRO,binary,Tigecycline,binary,,,12,WEAK,Negative,False
IAI.CRO,binary,ESBL.producer,binary,,,12,WEAK,Negative,False
IAI.CRO,binary,AmpC,binary,,,12,WEAK,Negative,False
IAI.CRO,binary,MRSA,binary,,,12,WEAK,Negative,False
IAI.CRO,binary,VAN,binary,,,12,WEAK,Negative,False
IAI.CRO,binary,Polymyxin.Colistin.Inclusion,binary,,,12,WEAK,Negative,False
IAI.CRO,binary,Mortality.in.ICU,binary,,,12,WEAK,Negative,False
IAI.CRO,binary,Other.Illness.Leading.to.Hospitalization.post.28.Days.Discharge,binary,,,12,WEAK,Negative,False
ABSSSI.CRO,binary,HAP.CRO,binary,,,12,WEAK,Negative,False
ABSSSI.CRO,binary,VAP.CRO,binary,,,12,WEAK,Negative,False
ABSSSI.CRO,binary,CAP.CRO,binary,,,12,WEAK,Negative,False
ABSSSI.CRO,binary,BSI.CRO,binary,,,12,WEAK,Negative,False
ABSSSI.CRO,binary,Other.CRO,binary,,,12,WEAK,Negative,False
ABSSSI.CRO,binary,UTI.NCRO,binary,,,12,WEAK,Negative,False
ABSSSI.CRO,binary,IAI.NCRO,binary,,,12,WEAK,Negative,False
ABSSSI.CRO,binary,HAP.NCRO,binary,,,12,WEAK,Negative,False
ABSSSI.CRO,binary,VAP.NCRO,binary,,,12,WEAK,Negative,False
ABSSSI.CRO,binary,CAP.NCRO,binary,,,12,WEAK,Negative,False
ABSSSI.CRO,binary,BSI.NCRO,binary,,,12,WEAK,Negative,False
ABSSSI.CRO,binary,Other.NCRO,binary,,,12,WEAK,Negative,False
ABSSSI.CRO,binary,Hospitalization.in.past.6.Months,binary,,,12,WEAK,Negative,False
ABSSSI.CRO,binary,CV.Catheter.in.6.Months,binary,,,12,WEAK,Negative,False
ABSSSI.CRO,binary,CV.Catheter.Now,binary,,,12,WEAK,Negative,False
ABSSSI.CRO,binary,Urinary.Catheter.in.6.Months,binary,,,12,WEAK,Negative,False
ABSSSI.CRO,binary,Urinary.Catheter.Now,binary,,,12,WEAK,Negative,False
ABSSSI.CRO,binary,Surgery.in.last.3.Months,binary,,,12,WEAK,Negative,False
ABSSSI.CRO,binary,Past.CREPA.infection,binary,,,12,WEAK,Negative,False
ABSSSI.CRO,binary,Endoscopy.in.1.week,binary,,,12,WEAK,Negative,False
ABSSSI.CRO,binary,Dialysis.in.1.week,binary,,,12,WEAK,Negative,False
ABSSSI.CRO,binary,Immunosuppressive.drugs.in.1.week,binary,,,12,WEAK,Negative,False
ABSSSI.CRO,binary,Inotropes.,binary,,,12,WEAK,Negative,False
ABSSSI.CRO,binary,Dialysis.on.Day.1,binary,,,12,WEAK,Negative,False
ABSSSI.CRO,binary,Ventilation,binary,,,12,WEAK,Negative,False
ABSSSI.CRO,binary,Overall.organ.support,binary,,,12,WEAK,Negative,False
ABSSSI.CRO,binary,Neutropenia,binary,,,12,WEAK,Negative,False
ABSSSI.CRO,binary,HIV.Present,binary,,,12,WEAK,Negative,False
ABSSSI.CRO,binary,TB,binary,,,12,WEAK,Negative,False
ABSSSI.CRO,binary,Any.Viral.Infection,binary,,,12,WEAK,Negative,False
ABSSSI.CRO,binary,Any.Fungal.Infection,binary,,,12,WEAK,Negative,False
ABSSSI.CRO,binary,Hemat.Malignancy,binary,,,12,WEAK,Negative,False
ABSSSI.CRO,binary,Solid.Organ,binary,,,12,WEAK,Negative,False
ABSSSI.CRO,binary,APACHEII,continuous,,,12,WEAK,Negative,False
ABSSSI.CRO,binary,SOFA,continuous,,,12,WEAK,Negative,False
ABSSSI.CRO,binary,Hb,binary,,,12,WEAK,Negative,False
ABSSSI.CRO,binary,TLC,binary,,,12,WEAK,Negative,False
ABSSSI.CRO,binary,ANC,binary,,,12,WEAK,Negative,False
ABSSSI.CRO,binary,Lympho,binary,,,12,WEAK,Negative,False
ABSSSI.CRO,binary,Platelet,binary,,,12,WEAK,Negative,False
ABSSSI.CRO,binary,INR,binary,,,12,WEAK,Negative,False
ABSSSI.CRO,binary,Bil,binary,,,12,WEAK,Negative,False
ABSSSI.CRO,binary,SGPT,binary,,,12,WEAK,Negative,False
ABSSSI.CRO,binary,SGOT,binary,,,12,WEAK,Negative,False
ABSSSI.CRO,binary,Albumin,binary,,,12,WEAK,Negative,False
ABSSSI.CRO,binary,Total.Protein,binary,,,12,WEAK,Negative,False
ABSSSI.CRO,binary,Globulin,binary,,,12,WEAK,Negative,False
ABSSSI.CRO,binary,ALP,binary,,,12,WEAK,Negative,False
ABSSSI.CRO,binary,Creatinine,binary,,,12,WEAK,Negative,False
ABSSSI.CRO,binary,Sodium,binary,,,12,WEAK,Negative,False
ABSSSI.CRO,binary,Potassium,binary,,,12,WEAK,Negative,False
ABSSSI.CRO,binary,Urea,binary,,,12,WEAK,Negative,False
ABSSSI.CRO,binary,Calcium,binary,,,12,WEAK,Negative,False
ABSSSI.CRO,binary,Magnesium,binary,,,12,WEAK,Negative,False
ABSSSI.CRO,binary,Procalcitonin,binary,,,12,WEAK,Negative,False
ABSSSI.CRO,binary,P.C.Z.A.E,binary,,,12,WEAK,Negative,False
ABSSSI.CRO,binary,P.C.only.E,binary,,,12,WEAK,Negative,False
ABSSSI.CRO,binary,Z.A.only.E,binary,,,12,WEAK,Negative,False
ABSSSI.CRO,binary,Neither.Abx.E,binary,,,12,WEAK,Negative,False
ABSSSI.CRO,binary,P.C.Z.A.T,binary,,,12,WEAK,Negative,False
ABSSSI.CRO,binary,P.C.only.T,binary,,,12,WEAK,Negative,False
ABSSSI.CRO,binary,Z.A.only.T,binary,,,12,WEAK,Negative,False
ABSSSI.CRO,binary,Neither.Abx.T,binary,,,12,WEAK,Negative,False
ABSSSI.CRO,binary,Amikacin,ordinal,,,12,WEAK,Negative,False
ABSSSI.CRO,binary,Aztreonam,ordinal,,,12,WEAK,Negative,False
ABSSSI.CRO,binary,Ciprofloxacin,ordinal,,,12,WEAK,Negative,False
ABSSSI.CRO,binary,Colistin,ordinal,,,12,WEAK,Negative,False
ABSSSI.CRO,binary,Cefepime,ordinal,,,12,WEAK,Negative,False
ABSSSI.CRO,binary,Gentamicin,binary,,,12,WEAK,Negative,False
ABSSSI.CRO,binary,Imipenem,ordinal,,,12,WEAK,Negative,False
ABSSSI.CRO,binary,Levofloxacin,ordinal,,,12,WEAK,Negative,False
ABSSSI.CRO,binary,Meropenem,ordinal,,,12,WEAK,Negative,False
ABSSSI.CRO,binary,Cefoperazone.Sulbactam,ordinal,,,12,WEAK,Negative,False
ABSSSI.CRO,binary,Trimethoprim.Sulfamethoxazole,binary,,,12,WEAK,Negative,False
ABSSSI.CRO,binary,Ceftazidime,ordinal,,,12,WEAK,Negative,False
ABSSSI.CRO,binary,Tigecycline,binary,,,12,WEAK,Negative,False
ABSSSI.CRO,binary,Piperacillin.Tazobactam,ordinal,,,12,WEAK,Negative,False
ABSSSI.CRO,binary,ESBL.producer,binary,,,12,WEAK,Negative,False
ABSSSI.CRO,binary,AmpC,binary,,,12,WEAK,Negative,False
ABSSSI.CRO,binary,Carbapenemase,binary,,,12,WEAK,Negative,False
ABSSSI.CRO,binary,MRSA,binary,,,12,WEAK,Negative,False
ABSSSI.CRO,binary,VAN,binary,,,12,WEAK,Negative,False
ABSSSI.CRO,binary,Polymyxin.Colistin.Inclusion,binary,,,12,WEAK,Negative,False
ABSSSI.CRO,binary,Clinical.improvement,binary,,,12,WEAK,Negative,False
ABSSSI.CRO,binary,ICU.Stay.in.28.Days,continuous,,,12,WEAK,Negative,False
ABSSSI.CRO,binary,GW.Stay.in.28.Days,continuous,,,12,WEAK,Negative,False
ABSSSI.CRO,binary,Total.Hospital.stay.in.28.days,continuous,,,12,WEAK,Negative,False
ABSSSI.CRO,binary,Mortality.in.ICU,binary,,,12,WEAK,Negative,False
ABSSSI.CRO,binary,Mortality.in.Hospital,binary,,,12,WEAK,Negative,False
ABSSSI.CRO,binary,Mortality.post.28.Day.Discharge,binary,,,12,WEAK,Negative,False
ABSSSI.CRO,binary,Overall.mortality,binary,,,12,WEAK,Negative,False
ABSSSI.CRO,binary,Relapse.post.28.Day.Discharge,binary,,,12,WEAK,Negative,False
ABSSSI.CRO,binary,Other.Illness.Leading.to.Hospitalization.post.28.Days.Discharge,binary,,,12,WEAK,Negative,False
HAP.CRO,binary,UTI.NCRO,binary,,,12,WEAK,Negative,False
HAP.CRO,binary,IAI.NCRO,binary,,,12,WEAK,Negative,False
HAP.CRO,binary,HAP.NCRO,binary,,,12,WEAK,Negative,False
HAP.CRO,binary,VAP.NCRO,binary,,,12,WEAK,Negative,False
HAP.CRO,binary,CAP.NCRO,binary,,,12,WEAK,Negative,False
HAP.CRO,binary,BSI.NCRO,binary,,,12,WEAK,Negative,False
HAP.CRO,binary,Other.NCRO,binary,,,12,WEAK,Negative,False
HAP.CRO,binary,CV.Catheter.Now,binary,,,12,WEAK,Negative,False
HAP.CRO,binary,Urinary.Catheter.Now,binary,,,12,WEAK,Negative,False
HAP.CRO,binary,Dialysis.in.1.week,binary,,,12,WEAK,Negative,False
HAP.CRO,binary,Dialysis.on.Day.1,binary,,,12,WEAK,Negative,False
HAP.CRO,binary,HIV.Present,binary,,,12,WEAK,Negative,False
HAP.CRO,binary,TB,binary,,,12,WEAK,Negative,False
HAP.CRO,binary,Hb,binary,,,12,WEAK,Negative,False
HAP.CRO,binary,INR,binary,,,12,WEAK,Negative,False
HAP.CRO,binary,Procalcitonin,binary,,,12,WEAK,Negative,False
HAP.CRO,binary,Neither.Abx.E,binary,,,12,WEAK,Negative,False
HAP.CRO,binary,Neither.Abx.T,binary,,,12,WEAK,Negative,False
HAP.CRO,binary,Trimethoprim.Sulfamethoxazole,binary,,,12,WEAK,Negative,False
HAP.CRO,binary,Tigecycline,binary,,,12,WEAK,Negative,False
HAP.CRO,binary,ESBL.producer,binary,,,12,WEAK,Negative,False
HAP.CRO,binary,AmpC,binary,,,12,WEAK,Negative,False
HAP.CRO,binary,MRSA,binary,,,12,WEAK,Negative,False
HAP.CRO,binary,VAN,binary,,,12,WEAK,Negative,False
HAP.CRO,binary,Polymyxin.Colistin.Inclusion,binary,,,12,WEAK,Negative,False
HAP.CRO,binary,Mortality.in.ICU,binary,,,12,WEAK,Negative,False
HAP.CRO,binary,Other.Illness.Leading.to.Hospitalization.post.28.Days.Discharge,binary,,,12,WEAK,Negative,False
VAP.CRO,binary,UTI.NCRO,binary,,,12,WEAK,Negative,False
VAP.CRO,binary,IAI.NCRO,binary,,,12,WEAK,Negative,False
VAP.CRO,binary,HAP.NCRO,binary,,,12,WEAK,Negative,False
VAP.CRO,binary,VAP.NCRO,binary,,,12,WEAK,Negative,False
VAP.CRO,binary,CAP.NCRO,binary,,,12,WEAK,Negative,False
VAP.CRO,binary,BSI.NCRO,binary,,,12,WEAK,Negative,False
VAP.CRO,binary,Other.NCRO,binary,,,12,WEAK,Negative,False
VAP.CRO,binary,CV.Catheter.Now,binary,,,12,WEAK,Negative,False
VAP.CRO,binary,Urinary.Catheter.Now,binary,,,12,WEAK,Negative,False
VAP.CRO,binary,Dialysis.in.1.week,binary,,,12,WEAK,Negative,False
VAP.CRO,binary,Dialysis.on.Day.1,binary,,,12,WEAK,Negative,False
VAP.CRO,binary,HIV.Present,binary,,,12,WEAK,Negative,False
VAP.CRO,binary,TB,binary,,,12,WEAK,Negative,False
VAP.CRO,binary,Hb,binary,,,12,WEAK,Negative,False
VAP.CRO,binary,INR,binary,,,12,WEAK,Negative,False
VAP.CRO,binary,Procalcitonin,binary,,,12,WEAK,Negative,False
VAP.CRO,binary,Neither.Abx.E,binary,,,12,WEAK,Negative,False
VAP.CRO,binary,Neither.Abx.T,binary,,,12,WEAK,Negative,False
VAP.CRO,binary,Trimethoprim.Sulfamethoxazole,binary,,,12,WEAK,Negative,False
VAP.CRO,binary,Tigecycline,binary,,,12,WEAK,Negative,False
VAP.CRO,binary,ESBL.producer,binary,,,12,WEAK,Negative,False
VAP.CRO,binary,AmpC,binary,,,12,WEAK,Negative,False
VAP.CRO,binary,MRSA,binary,,,12,WEAK,Negative,False
VAP.CRO,binary,VAN,binary,,,12,WEAK,Negative,False
VAP.CRO,binary,Polymyxin.Colistin.Inclusion,binary,,,12,WEAK,Negative,False
VAP.CRO,binary,Mortality.in.ICU,binary,,,12,WEAK,Negative,False
VAP.CRO,binary,Other.Illness.Leading.to.Hospitalization.post.28.Days.Discharge,binary,,,12,WEAK,Negative,False
CAP.CRO,binary,UTI.NCRO,binary,,,12,WEAK,Negative,False
CAP.CRO,binary,IAI.NCRO,binary,,,12,WEAK,Negative,False
CAP.CRO,binary,HAP.NCRO,binary,,,12,WEAK,Negative,False
CAP.CRO,binary,VAP.NCRO,binary,,,12,WEAK,Negative,False
CAP.CRO,binary,CAP.NCRO,binary,,,12,WEAK,Negative,False
CAP.CRO,binary,BSI.NCRO,binary,,,12,WEAK,Negative,False
CAP.CRO,binary,Other.NCRO,binary,,,12,WEAK,Negative,False
CAP.CRO,binary,CV.Catheter.Now,binary,,,12,WEAK,Negative,False
CAP.CRO,binary,Urinary.Catheter.Now,binary,,,12,WEAK,Negative,False
CAP.CRO,binary,Dialysis.in.1.week,binary,,,12,WEAK,Negative,False
CAP.CRO,binary,Dialysis.on.Day.1,binary,,,12,WEAK,Negative,False
CAP.CRO,binary,HIV.Present,binary,,,12,WEAK,Negative,False
CAP.CRO,binary,TB,binary,,,12,WEAK,Negative,False
CAP.CRO,binary,Hb,binary,,,12,WEAK,Negative,False
CAP.CRO,binary,INR,binary,,,12,WEAK,Negative,False
CAP.CRO,binary,Procalcitonin,binary,,,12,WEAK,Negative,False
CAP.CRO,binary,Neither.Abx.E,binary,,,12,WEAK,Negative,False
CAP.CRO,binary,Neither.Abx.T,binary,,,12,WEAK,Negative,False
CAP.CRO,binary,Trimethoprim.Sulfamethoxazole,binary,,,12,WEAK,Negative,False
CAP.CRO,binary,Tigecycline,binary,,,12,WEAK,Negative,False
CAP.CRO,binary,ESBL.producer,binary,,,12,WEAK,Negative,False
CAP.CRO,binary,AmpC,binary,,,12,WEAK,Negative,False
CAP.CRO,binary,MRSA,binary,,,12,WEAK,Negative,False
CAP.CRO,binary,VAN,binary,,,12,WEAK,Negative,False
CAP.CRO,binary,Polymyxin.Colistin.Inclusion,binary,,,12,WEAK,Negative,False
CAP.CRO,binary,Mortality.in.ICU,binary,,,12,WEAK,Negative,False
CAP.CRO,binary,Other.Illness.Leading.to.Hospitalization.post.28.Days.Discharge,binary,,,12,WEAK,Negative,False
BSI.CRO,binary,UTI.NCRO,binary,,,12,WEAK,Negative,False
BSI.CRO,binary,IAI.NCRO,binary,,,12,WEAK,Negative,False
BSI.CRO,binary,HAP.NCRO,binary,,,12,WEAK,Negative,False
BSI.CRO,binary,VAP.NCRO,binary,,,12,WEAK,Negative,False
BSI.CRO,binary,CAP.NCRO,binary,,,12,WEAK,Negative,False
BSI.CRO,binary,BSI.NCRO,binary,,,12,WEAK,Negative,False
BSI.CRO,binary,Other.NCRO,binary,,,12,WEAK,Negative,False
BSI.CRO,binary,CV.Catheter.Now,binary,,,12,WEAK,Negative,False
BSI.CRO,binary,Urinary.Catheter.Now,binary,,,12,WEAK,Negative,False
BSI.CRO,binary,Dialysis.in.1.week,binary,,,12,WEAK,Negative,False
BSI.CRO,binary,Dialysis.on.Day.1,binary,,,12,WEAK,Negative,False
BSI.CRO,binary,HIV.Present,binary,,,12,WEAK,Negative,False
BSI.CRO,binary,TB,binary,,,12,WEAK,Negative,False
BSI.CRO,binary,Hb,binary,,,12,WEAK,Negative,False
BSI.CRO,binary,INR,binary,,,12,WEAK,Negative,False
BSI.CRO,binary,Procalcitonin,binary,,,12,WEAK,Negative,False
BSI.CRO,binary,Neither.Abx.E,binary,,,12,WEAK,Negative,False
BSI.CRO,binary,Neither.Abx.T,binary,,,12,WEAK,Negative,False
BSI.CRO,binary,Trimethoprim.Sulfamethoxazole,binary,,,12,WEAK,Negative,False
BSI.CRO,binary,Tigecycline,binary,,,12,WEAK,Negative,False
BSI.CRO,binary,ESBL.producer,binary,,,12,WEAK,Negative,False
BSI.CRO,binary,AmpC,binary,,,12,WEAK,Negative,False
BSI.CRO,binary,MRSA,binary,,,12,WEAK,Negative,False
BSI.CRO,binary,VAN,binary,,,12,WEAK,Negative,False
BSI.CRO,binary,Polymyxin.Colistin.Inclusion,binary,,,12,WEAK,Negative,False
BSI.CRO,binary,Mortality.in.ICU,binary,,,12,WEAK,Negative,False
BSI.CRO,binary,Other.Illness.Leading.to.Hospitalization.post.28.Days.Discharge,binary,,,12,WEAK,Negative,False
Other.CRO,binary,UTI.NCRO,binary,,,12,WEAK,Negative,False
Other.CRO,binary,IAI.NCRO,binary,,,12,WEAK,Negative,False
Other.CRO,binary,HAP.NCRO,binary,,,12,WEAK,Negative,False
Other.CRO,binary,VAP.NCRO,binary,,,12,WEAK,Negative,False
Other.CRO,binary,CAP.NCRO,binary,,,12,WEAK,Negative,False
Other.CRO,binary,BSI.NCRO,binary,,,12,WEAK,Negative,False
Other.CRO,binary,Other.NCRO,binary,,,12,WEAK,Negative,False
Other.CRO,binary,CV.Catheter.Now,binary,,,12,WEAK,Negative,False
Other.CRO,binary,Urinary.Catheter.Now,binary,,,12,WEAK,Negative,False
Other.CRO,binary,Dialysis.in.1.week,binary,,,12,WEAK,Negative,False
Other.CRO,binary,Dialysis.on.Day.1,binary,,,12,WEAK,Negative,False
Other.CRO,binary,HIV.Present,binary,,,12,WEAK,Negative,False
Other.CRO,binary,TB,binary,,,12,WEAK,Negative,False
Other.CRO,binary,Hb,binary,,,12,WEAK,Negative,False
Other.CRO,binary,INR,binary,,,12,WEAK,Negative,False
Other.CRO,binary,Procalcitonin,binary,,,12,WEAK,Negative,False
Other.CRO,binary,Neither.Abx.E,binary,,,12,WEAK,Negative,False
Other.CRO,binary,Neither.Abx.T,binary,,,12,WEAK,Negative,False
Other.CRO,binary,Trimethoprim.Sulfamethoxazole,binary,,,12,WEAK,Negative,False
Other.CRO,binary,Tigecycline,binary,,,12,WEAK,Negative,False
Other.CRO,binary,ESBL.producer,binary,,,12,WEAK,Negative,False
Other.CRO,binary,AmpC,binary,,,12,WEAK,Negative,False
Other.CRO,binary,MRSA,binary,,,12,WEAK,Negative,False
Other.CRO,binary,VAN,binary,,,12,WEAK,Negative,False
Other.CRO,binary,Polymyxin.Colistin.Inclusion,binary,,,12,WEAK,Negative,False
Other.CRO,binary,Mortality.in.ICU,binary,,,12,WEAK,Negative,False
Other.CRO,binary,Other.Illness.Leading.to.Hospitalization.post.28.Days.Discharge,binary,,,12,WEAK,Negative,False
UTI.NCRO,binary,IAI.NCRO,binary,,,12,WEAK,Negative,False
UTI.NCRO,binary,HAP.NCRO,binary,,,12,WEAK,Negative,False
UTI.NCRO,binary,VAP.NCRO,binary,,,12,WEAK,Negative,False
UTI.NCRO,binary,CAP.NCRO,binary,,,12,WEAK,Negative,False
UTI.NCRO,binary,BSI.NCRO,binary,,,12,WEAK,Negative,False
UTI.NCRO,binary,Other.NCRO,binary,,,12,WEAK,Negative,False
UTI.NCRO,binary,Hospitalization.in.past.6.Months,binary,,,12,WEAK,Negative,False
UTI.NCRO,binary,CV.Catheter.in.6.Months,binary,,,12,WEAK,Negative,False
UTI.NCRO,binary,CV.Catheter.Now,binary,,,12,WEAK,Negative,False
UTI.NCRO,binary,Urinary.Catheter.in.6.Months,binary,,,12,WEAK,Negative,False
UTI.NCRO,binary,Urinary.Catheter.Now,binary,,,12,WEAK,Negative,False
UTI.NCRO,binary,Surgery.in.last.3.Months,binary,,,12,WEAK,Negative,False
UTI.NCRO,binary,Past.CREPA.infection,binary,,,12,WEAK,Negative,False
UTI.NCRO,binary,Endoscopy.in.1.week,binary,,,12,WEAK,Negative,False
UTI.NCRO,binary,Dialysis.in.1.week,binary,,,12,WEAK,Negative,False
UTI.NCRO,binary,Immunosuppressive.drugs.in.1.week,binary,,,12,WEAK,Negative,False
UTI.NCRO,binary,Inotropes.,binary,,,12,WEAK,Negative,False
UTI.NCRO,binary,Dialysis.on.Day.1,binary,,,12,WEAK,Negative,False
UTI.NCRO,binary,Ventilation,binary,,,12,WEAK,Negative,False
UTI.NCRO,binary,Overall.organ.support,binary,,,12,WEAK,Negative,False
UTI.NCRO,binary,Neutropenia,binary,,,12,WEAK,Negative,False
UTI.NCRO,binary,HIV.Present,binary,,,12,WEAK,Negative,False
UTI.NCRO,binary,TB,binary,,,12,WEAK,Negative,False
UTI.NCRO,binary,Any.Viral.Infection,binary,,,12,WEAK,Negative,False
UTI.NCRO,binary,Any.Fungal.Infection,binary,,,12,WEAK,Negative,False
UTI.NCRO,binary,Hemat.Malignancy,binary,,,12,WEAK,Negative,False
UTI.NCRO,binary,Solid.Organ,binary,,,12,WEAK,Negative,False
UTI.NCRO,binary,APACHEII,continuous,,,12,WEAK,Negative,False
UTI.NCRO,binary,SOFA,continuous,,,12,WEAK,Negative,False
UTI.NCRO,binary,Hb,binary,,,12,WEAK,Negative,False
UTI.NCRO,binary,TLC,binary,,,12,WEAK,Negative,False
UTI.NCRO,binary,ANC,binary,,,12,WEAK,Negative,False
UTI.NCRO,binary,Lympho,binary,,,12,WEAK,Negative,False
UTI.NCRO,binary,Platelet,binary,,,12,WEAK,Negative,False
UTI.NCRO,binary,INR,binary,,,12,WEAK,Negative,False
UTI.NCRO,binary,Bil,binary,,,12,WEAK,Negative,False
UTI.NCRO,binary,SGPT,binary,,,12,WEAK,Negative,False
UTI.NCRO,binary,SGOT,binary,,,12,WEAK,Negative,False
UTI.NCRO,binary,Albumin,binary,,,12,WEAK,Negative,False
UTI.NCRO,binary,Total.Protein,binary,,,12,WEAK,Negative,False
UTI.NCRO,binary,Globulin,binary,,,12,WEAK,Negative,False
UTI.NCRO,binary,ALP,binary,,,12,WEAK,Negative,False
UTI.NCRO,binary,Creatinine,binary,,,12,WEAK,Negative,False
UTI.NCRO,binary,Sodium,binary,,,12,WEAK,Negative,False
UTI.NCRO,binary,Potassium,binary,,,12,WEAK,Negative,False
UTI.NCRO,binary,Urea,binary,,,12,WEAK,Negative,False
UTI.NCRO,binary,Calcium,binary,,,12,WEAK,Negative,False
UTI.NCRO,binary,Magnesium,binary,,,12,WEAK,Negative,False
UTI.NCRO,binary,Procalcitonin,binary,,,12,WEAK,Negative,False
UTI.NCRO,binary,P.C.Z.A.E,binary,,,12,WEAK,Negative,False
UTI.NCRO,binary,P.C.only.E,binary,,,12,WEAK,Negative,False
UTI.NCRO,binary,Z.A.only.E,binary,,,12,WEAK,Negative,False
UTI.NCRO,binary,Neither.Abx.E,binary,,,12,WEAK,Negative,False
UTI.NCRO,binary,P.C.Z.A.T,binary,,,12,WEAK,Negative,False
UTI.NCRO,binary,P.C.only.T,binary,,,12,WEAK,Negative,False
UTI.NCRO,binary,Z.A.only.T,binary,,,12,WEAK,Negative,False
UTI.NCRO,binary,Neither.Abx.T,binary,,,12,WEAK,Negative,False
UTI.NCRO,binary,Amikacin,ordinal,,,12,WEAK,Negative,False
UTI.NCRO,binary,Aztreonam,ordinal,,,12,WEAK,Negative,False
UTI.NCRO,binary,Ciprofloxacin,ordinal,,,12,WEAK,Negative,False
UTI.NCRO,binary,Colistin,ordinal,,,12,WEAK,Negative,False
UTI.NCRO,binary,Cefepime,ordinal,,,12,WEAK,Negative,False
UTI.NCRO,binary,Gentamicin,binary,,,12,WEAK,Negative,False
UTI.NCRO,binary,Imipenem,ordinal,,,12,WEAK,Negative,False
UTI.NCRO,binary,Levofloxacin,ordinal,,,12,WEAK,Negative,False
UTI.NCRO,binary,Meropenem,ordinal,,,12,WEAK,Negative,False
UTI.NCRO,binary,Cefoperazone.Sulbactam,ordinal,,,12,WEAK,Negative,False
UTI.NCRO,binary,Trimethoprim.Sulfamethoxazole,binary,,,12,WEAK,Negative,False
UTI.NCRO,binary,Ceftazidime,ordinal,,,12,WEAK,Negative,False
UTI.NCRO,binary,Tigecycline,binary,,,12,WEAK,Negative,False
UTI.NCRO,binary,Piperacillin.Tazobactam,ordinal,,,12,WEAK,Negative,False
UTI.NCRO,binary,ESBL.producer,binary,,,12,WEAK,Negative,False
UTI.NCRO,binary,AmpC,binary,,,12,WEAK,Negative,False
UTI.NCRO,binary,Carbapenemase,binary,,,12,WEAK,Negative,False
UTI.NCRO,binary,MRSA,binary,,,12,WEAK,Negative,False
UTI.NCRO,binary,VAN,binary,,,12,WEAK,Negative,False
UTI.NCRO,binary,Polymyxin.Colistin.Inclusion,binary,,,12,WEAK,Negative,False
UTI.NCRO,binary,Clinical.improvement,binary,,,12,WEAK,Negative,False
UTI.NCRO,binary,ICU.Stay.in.28.Days,continuous,,,12,WEAK,Negative,False
UTI.NCRO,binary,GW.Stay.in.28.Days,continuous,,,12,WEAK,Negative,False
UTI.NCRO,binary,Total.Hospital.stay.in.28.days,continuous,,,12,WEAK,Negative,False
UTI.NCRO,binary,Mortality.in.ICU,binary,,,12,WEAK,Negative,False
UTI.NCRO,binary,Mortality.in.Hospital,binary,,,12,WEAK,Negative,False
UTI.NCRO,binary,Mortality.post.28.Day.Discharge,binary,,,12,WEAK,Negative,False
UTI.NCRO,binary,Overall.mortality,binary,,,12,WEAK,Negative,False
UTI.NCRO,binary,Relapse.post.28.Day.Discharge,binary,,,12,WEAK,Negative,False
UTI.NCRO,binary,Other.Illness.Leading.to.Hospitalization.post.28.Days.Discharge,binary,,,12,WEAK,Negative,False
IAI.NCRO,binary,HAP.NCRO,binary,,,12,WEAK,Negative,False
IAI.NCRO,binary,VAP.NCRO,binary,,,12,WEAK,Negative,False
IAI.NCRO,binary,CAP.NCRO,binary,,,12,WEAK,Negative,False
IAI.NCRO,binary,BSI.NCRO,binary,,,12,WEAK,Negative,False
IAI.NCRO,binary,Other.NCRO,binary,,,12,WEAK,Negative,False
IAI.NCRO,binary,Hospitalization.in.past.6.Months,binary,,,12,WEAK,Negative,False
IAI.NCRO,binary,CV.Catheter.in.6.Months,binary,,,12,WEAK,Negative,False
IAI.NCRO,binary,CV.Catheter.Now,binary,,,12,WEAK,Negative,False
IAI.NCRO,binary,Urinary.Catheter.in.6.Months,binary,,,12,WEAK,Negative,False
IAI.NCRO,binary,Urinary.Catheter.Now,binary,,,12,WEAK,Negative,False
IAI.NCRO,binary,Surgery.in.last.3.Months,binary,,,12,WEAK,Negative,False
IAI.NCRO,binary,Past.CREPA.infection,binary,,,12,WEAK,Negative,False
IAI.NCRO,binary,Endoscopy.in.1.week,binary,,,12,WEAK,Negative,False
IAI.NCRO,binary,Dialysis.in.1.week,binary,,,12,WEAK,Negative,False
IAI.NCRO,binary,Immunosuppressive.drugs.in.1.week,binary,,,12,WEAK,Negative,False
IAI.NCRO,binary,Inotropes.,binary,,,12,WEAK,Negative,False
IAI.NCRO,binary,Dialysis.on.Day.1,binary,,,12,WEAK,Negative,False
IAI.NCRO,binary,Ventilation,binary,,,12,WEAK,Negative,False
IAI.NCRO,binary,Overall.organ.support,binary,,,12,WEAK,Negative,False
IAI.NCRO,binary,Neutropenia,binary,,,12,WEAK,Negative,False
IAI.NCRO,binary,HIV.Present,binary,,,12,WEAK,Negative,False
IAI.NCRO,binary,TB,binary,,,12,WEAK,Negative,False
IAI.NCRO,binary,Any.Viral.Infection,binary,,,12,WEAK,Negative,False
IAI.NCRO,binary,Any.Fungal.Infection,binary,,,12,WEAK,Negative,False
IAI.NCRO,binary,Hemat.Malignancy,binary,,,12,WEAK,Negative,False
IAI.NCRO,binary,Solid.Organ,binary,,,12,WEAK,Negative,False
IAI.NCRO,binary,APACHEII,continuous,,,12,WEAK,Negative,False
IAI.NCRO,binary,SOFA,continuous,,,12,WEAK,Negative,False
IAI.NCRO,binary,Hb,binary,,,12,WEAK,Negative,False
IAI.NCRO,binary,TLC,binary,,,12,WEAK,Negative,False
IAI.NCRO,binary,ANC,binary,,,12,WEAK,Negative,False
IAI.NCRO,binary,Lympho,binary,,,12,WEAK,Negative,False
IAI.NCRO,binary,Platelet,binary,,,12,WEAK,Negative,False
IAI.NCRO,binary,INR,binary,,,12,WEAK,Negative,False
IAI.NCRO,binary,Bil,binary,,,12,WEAK,Negative,False
IAI.NCRO,binary,SGPT,binary,,,12,WEAK,Negative,False
IAI.NCRO,binary,SGOT,binary,,,12,WEAK,Negative,False
IAI.NCRO,binary,Albumin,binary,,,12,WEAK,Negative,False
IAI.NCRO,binary,Total.Protein,binary,,,12,WEAK,Negative,False
IAI.NCRO,binary,Globulin,binary,,,12,WEAK,Negative,False
IAI.NCRO,binary,ALP,binary,,,12,WEAK,Negative,False
IAI.NCRO,binary,Creatinine,binary,,,12,WEAK,Negative,False
IAI.NCRO,binary,Sodium,binary,,,12,WEAK,Negative,False
IAI.NCRO,binary,Potassium,binary,,,12,WEAK,Negative,False
IAI.NCRO,binary,Urea,binary,,,12,WEAK,Negative,False
IAI.NCRO,binary,Calcium,binary,,,12,WEAK,Negative,False
IAI.NCRO,binary,Magnesium,binary,,,12,WEAK,Negative,False
IAI.NCRO,binary,Procalcitonin,binary,,,12,WEAK,Negative,False
IAI.NCRO,binary,P.C.Z.A.E,binary,,,12,WEAK,Negative,False
IAI.NCRO,binary,P.C.only.E,binary,,,12,WEAK,Negative,False
IAI.NCRO,binary,Z.A.only.E,binary,,,12,WEAK,Negative,False
IAI.NCRO,binary,Neither.Abx.E,binary,,,12,WEAK,Negative,False
IAI.NCRO,binary,P.C.Z.A.T,binary,,,12,WEAK,Negative,False
IAI.NCRO,binary,P.C.only.T,binary,,,12,WEAK,Negative,False
IAI.NCRO,binary,Z.A.only.T,binary,,,12,WEAK,Negative,False
IAI.NCRO,binary,Neither.Abx.T,binary,,,12,WEAK,Negative,False
IAI.NCRO,binary,Amikacin,ordinal,,,12,WEAK,Negative,False
IAI.NCRO,binary,Aztreonam,ordinal,,,12,WEAK,Negative,False
IAI.NCRO,binary,Ciprofloxacin,ordinal,,,12,WEAK,Negative,False
IAI.NCRO,binary,Colistin,ordinal,,,12,WEAK,Negative,False
IAI.NCRO,binary,Cefepime,ordinal,,,12,WEAK,Negative,False
IAI.NCRO,binary,Gentamicin,binary,,,12,WEAK,Negative,False
IAI.NCRO,binary,Imipenem,ordinal,,,12,WEAK,Negative,False
IAI.NCRO,binary,Levofloxacin,ordinal,,,12,WEAK,Negative,False
IAI.NCRO,binary,Meropenem,ordinal,,,12,WEAK,Negative,False
IAI.NCRO,binary,Cefoperazone.Sulbactam,ordinal,,,12,WEAK,Negative,False
IAI.NCRO,binary,Trimethoprim.Sulfamethoxazole,binary,,,12,WEAK,Negative,False
IAI.NCRO,binary,Ceftazidime,ordinal,,,12,WEAK,Negative,False
IAI.NCRO,binary,Tigecycline,binary,,,12,WEAK,Negative,False
IAI.NCRO,binary,Piperacillin.Tazobactam,ordinal,,,12,WEAK,Negative,False
IAI.NCRO,binary,ESBL.producer,binary,,,12,WEAK,Negative,False
IAI.NCRO,binary,AmpC,binary,,,12,WEAK,Negative,False
IAI.NCRO,binary,Carbapenemase,binary,,,12,WEAK,Negative,False
IAI.NCRO,binary,MRSA,binary,,,12,WEAK,Negative,False
IAI.NCRO,binary,VAN,binary,,,12,WEAK,Negative,False
IAI.NCRO,binary,Polymyxin.Colistin.Inclusion,binary,,,12,WEAK,Negative,False
IAI.NCRO,binary,Clinical.improvement,binary,,,12,WEAK,Negative,False
IAI.NCRO,binary,ICU.Stay.in.28.Days,continuous,,,12,WEAK,Negative,False
IAI.NCRO,binary,GW.Stay.in.28.Days,continuous,,,12,WEAK,Negative,False
IAI.NCRO,binary,Total.Hospital.stay.in.28.days,continuous,,,12,WEAK,Negative,False
IAI.NCRO,binary,Mortality.in.ICU,binary,,,12,WEAK,Negative,False
IAI.NCRO,binary,Mortality.in.Hospital,binary,,,12,WEAK,Negative,False
IAI.NCRO,binary,Mortality.post.28.Day.Discharge,binary,,,12,WEAK,Negative,False
IAI.NCRO,binary,Overall.mortality,binary,,,12,WEAK,Negative,False
IAI.NCRO,binary,Relapse.post.28.Day.Discharge,binary,,,12,WEAK,Negative,False
IAI.NCRO,binary,Other.Illness.Leading.to.Hospitalization.post.28.Days.Discharge,binary,,,12,WEAK,Negative,False
HAP.NCRO,binary,VAP.NCRO,binary,,,12,WEAK,Negative,False
HAP.NCRO,binary,CAP.NCRO,binary,,,12,WEAK,Negative,False
HAP.NCRO,binary,BSI.NCRO,binary,,,12,WEAK,Negative,False
HAP.NCRO,binary,Other.NCRO,binary,,,12,WEAK,Negative,False
HAP.NCRO,binary,Hospitalization.in.past.6.Months,binary,,,12,WEAK,Negative,False
HAP.NCRO,binary,CV.Catheter.in.6.Months,binary,,,12,WEAK,Negative,False
HAP.NCRO,binary,CV.Catheter.Now,binary,,,12,WEAK,Negative,False
HAP.NCRO,binary,Urinary.Catheter.in.6.Months,binary,,,12,WEAK,Negative,False
HAP.NCRO,binary,Urinary.Catheter.Now,binary,,,12,WEAK,Negative,False
HAP.NCRO,binary,Surgery.in.last.3.Months,binary,,,12,WEAK,Negative,False
HAP.NCRO,binary,Past.CREPA.infection,binary,,,12,WEAK,Negative,False
HAP.NCRO,binary,Endoscopy.in.1.week,binary,,,12,WEAK,Negative,False
HAP.NCRO,binary,Dialysis.in.1.week,binary,,,12,WEAK,Negative,False
HAP.NCRO,binary,Immunosuppressive.drugs.in.1.week,binary,,,12,WEAK,Negative,False
HAP.NCRO,binary,Inotropes.,binary,,,12,WEAK,Negative,False
HAP.NCRO,binary,Dialysis.on.Day.1,binary,,,12,WEAK,Negative,False
HAP.NCRO,binary,Ventilation,binary,,,12,WEAK,Negative,False
HAP.NCRO,binary,Overall.organ.support,binary,,,12,WEAK,Negative,False
HAP.NCRO,binary,Neutropenia,binary,,,12,WEAK,Negative,False
HAP.NCRO,binary,HIV.Present,binary,,,12,WEAK,Negative,False
HAP.NCRO,binary,TB,binary,,,12,WEAK,Negative,False
HAP.NCRO,binary,Any.Viral.Infection,binary,,,12,WEAK,Negative,False
HAP.NCRO,binary,Any.Fungal.Infection,binary,,,12,WEAK,Negative,False
HAP.NCRO,binary,Hemat.Malignancy,binary,,,12,WEAK,Negative,False
HAP.NCRO,binary,Solid.Organ,binary,,,12,WEAK,Negative,False
HAP.NCRO,binary,APACHEII,continuous,,,12,WEAK,Negative,False
HAP.NCRO,binary,SOFA,continuous,,,12,WEAK,Negative,False
HAP.NCRO,binary,Hb,binary,,,12,WEAK,Negative,False
HAP.NCRO,binary,TLC,binary,,,12,WEAK,Negative,False
HAP.NCRO,binary,ANC,binary,,,12,WEAK,Negative,False
HAP.NCRO,binary,Lympho,binary,,,12,WEAK,Negative,False
HAP.NCRO,binary,Platelet,binary,,,12,WEAK,Negative,False
HAP.NCRO,binary,INR,binary,,,12,WEAK,Negative,False
HAP.NCRO,binary,Bil,binary,,,12,WEAK,Negative,False
HAP.NCRO,binary,SGPT,binary,,,12,WEAK,Negative,False
HAP.NCRO,binary,SGOT,binary,,,12,WEAK,Negative,False
HAP.NCRO,binary,Albumin,binary,,,12,WEAK,Negative,False
HAP.NCRO,binary,Total.Protein,binary,,,12,WEAK,Negative,False
HAP.NCRO,binary,Globulin,binary,,,12,WEAK,Negative,False
HAP.NCRO,binary,ALP,binary,,,12,WEAK,Negative,False
HAP.NCRO,binary,Creatinine,binary,,,12,WEAK,Negative,False
HAP.NCRO,binary,Sodium,binary,,,12,WEAK,Negative,False
HAP.NCRO,binary,Potassium,binary,,,12,WEAK,Negative,False
HAP.NCRO,binary,Urea,binary,,,12,WEAK,Negative,False
HAP.NCRO,binary,Calcium,binary,,,12,WEAK,Negative,False
HAP.NCRO,binary,Magnesium,binary,,,12,WEAK,Negative,False
HAP.NCRO,binary,Procalcitonin,binary,,,12,WEAK,Negative,False
HAP.NCRO,binary,P.C.Z.A.E,binary,,,12,WEAK,Negative,False
HAP.NCRO,binary,P.C.only.E,binary,,,12,WEAK,Negative,False
HAP.NCRO,binary,Z.A.only.E,binary,,,12,WEAK,Negative,False
HAP.NCRO,binary,Neither.Abx.E,binary,,,12,WEAK,Negative,False
HAP.NCRO,binary,P.C.Z.A.T,binary,,,12,WEAK,Negative,False
HAP.NCRO,binary,P.C.only.T,binary,,,12,WEAK,Negative,False
HAP.NCRO,binary,Z.A.only.T,binary,,,12,WEAK,Negative,False
HAP.NCRO,binary,Neither.Abx.T,binary,,,12,WEAK,Negative,False
HAP.NCRO,binary,Amikacin,ordinal,,,12,WEAK,Negative,False
HAP.NCRO,binary,Aztreonam,ordinal,,,12,WEAK,Negative,False
HAP.NCRO,binary,Ciprofloxacin,ordinal,,,12,WEAK,Negative,False
HAP.NCRO,binary,Colistin,ordinal,,,12,WEAK,Negative,False
HAP.NCRO,binary,Cefepime,ordinal,,,12,WEAK,Negative,False
HAP.NCRO,binary,Gentamicin,binary,,,12,WEAK,Negative,False
HAP.NCRO,binary,Imipenem,ordinal,,,12,WEAK,Negative,False
HAP.NCRO,binary,Levofloxacin,ordinal,,,12,WEAK,Negative,False
HAP.NCRO,binary,Meropenem,ordinal,,,12,WEAK,Negative,False
HAP.NCRO,binary,Cefoperazone.Sulbactam,ordinal,,,12,WEAK,Negative,False
HAP.NCRO,binary,Trimethoprim.Sulfamethoxazole,binary,,,12,WEAK,Negative,False
HAP.NCRO,binary,Ceftazidime,ordinal,,,12,WEAK,Negative,False
HAP.NCRO,binary,Tigecycline,binary,,,12,WEAK,Negative,False
HAP.NCRO,binary,Piperacillin.Tazobactam,ordinal,,,12,WEAK,Negative,False
HAP.NCRO,binary,ESBL.producer,binary,,,12,WEAK,Negative,False
HAP.NCRO,binary,AmpC,binary,,,12,WEAK,Negative,False
HAP.NCRO,binary,Carbapenemase,binary,,,12,WEAK,Negative,False
HAP.NCRO,binary,MRSA,binary,,,12,WEAK,Negative,False
HAP.NCRO,binary,VAN,binary,,,12,WEAK,Negative,False
HAP.NCRO,binary,Polymyxin.Colistin.Inclusion,binary,,,12,WEAK,Negative,False
HAP.NCRO,binary,Clinical.improvement,binary,,,12,WEAK,Negative,False
HAP.NCRO,binary,ICU.Stay.in.28.Days,continuous,,,12,WEAK,Negative,False
HAP.NCRO,binary,GW.Stay.in.28.Days,continuous,,,12,WEAK,Negative,False
HAP.NCRO,binary,Total.Hospital.stay.in.28.days,continuous,,,12,WEAK,Negative,False
HAP.NCRO,binary,Mortality.in.ICU,binary,,,12,WEAK,Negative,False
HAP.NCRO,binary,Mortality.in.Hospital,binary,,,12,WEAK,Negative,False
HAP.NCRO,binary,Mortality.post.28.Day.Discharge,binary,,,12,WEAK,Negative,False
HAP.NCRO,binary,Overall.mortality,binary,,,12,WEAK,Negative,False
HAP.NCRO,binary,Relapse.post.28.Day.Discharge,binary,,,12,WEAK,Negative,False
HAP.NCRO,binary,Other.Illness.Leading.to.Hospitalization.post.28.Days.Discharge,binary,,,12,WEAK,Negative,False
VAP.NCRO,binary,CAP.NCRO,binary,,,12,WEAK,Negative,False
VAP.NCRO,binary,BSI.NCRO,binary,,,12,WEAK,Negative,False
VAP.NCRO,binary,Other.NCRO,binary,,,12,WEAK,Negative,False
VAP.NCRO,binary,Hospitalization.in.past.6.Months,binary,,,12,WEAK,Negative,False
VAP.NCRO,binary,CV.Catheter.in.6.Months,binary,,,12,WEAK,Negative,False
VAP.NCRO,binary,CV.Catheter.Now,binary,,,12,WEAK,Negative,False
VAP.NCRO,binary,Urinary.Catheter.in.6.Months,binary,,,12,WEAK,Negative,False
VAP.NCRO,binary,Urinary.Catheter.Now,binary,,,12,WEAK,Negative,False
VAP.NCRO,binary,Surgery.in.last.3.Months,binary,,,12,WEAK,Negative,False
VAP.NCRO,binary,Past.CREPA.infection,binary,,,12,WEAK,Negative,False
VAP.NCRO,binary,Endoscopy.in.1.week,binary,,,12,WEAK,Negative,False
VAP.NCRO,binary,Dialysis.in.1.week,binary,,,12,WEAK,Negative,False
VAP.NCRO,binary,Immunosuppressive.drugs.in.1.week,binary,,,12,WEAK,Negative,False
VAP.NCRO,binary,Inotropes.,binary,,,12,WEAK,Negative,False
VAP.NCRO,binary,Dialysis.on.Day.1,binary,,,12,WEAK,Negative,False
VAP.NCRO,binary,Ventilation,binary,,,12,WEAK,Negative,False
VAP.NCRO,binary,Overall.organ.support,binary,,,12,WEAK,Negative,False
VAP.NCRO,binary,Neutropenia,binary,,,12,WEAK,Negative,False
VAP.NCRO,binary,HIV.Present,binary,,,12,WEAK,Negative,False
VAP.NCRO,binary,TB,binary,,,12,WEAK,Negative,False
VAP.NCRO,binary,Any.Viral.Infection,binary,,,12,WEAK,Negative,False
VAP.NCRO,binary,Any.Fungal.Infection,binary,,,12,WEAK,Negative,False
VAP.NCRO,binary,Hemat.Malignancy,binary,,,12,WEAK,Negative,False
VAP.NCRO,binary,Solid.Organ,binary,,,12,WEAK,Negative,False
VAP.NCRO,binary,APACHEII,continuous,,,12,WEAK,Negative,False
VAP.NCRO,binary,SOFA,continuous,,,12,WEAK,Negative,False
VAP.NCRO,binary,Hb,binary,,,12,WEAK,Negative,False
VAP.NCRO,binary,TLC,binary,,,12,WEAK,Negative,False
VAP.NCRO,binary,ANC,binary,,,12,WEAK,Negative,False
VAP.NCRO,binary,Lympho,binary,,,12,WEAK,Negative,False
VAP.NCRO,binary,Platelet,binary,,,12,WEAK,Negative,False
VAP.NCRO,binary,INR,binary,,,12,WEAK,Negative,False
VAP.NCRO,binary,Bil,binary,,,12,WEAK,Negative,False
VAP.NCRO,binary,SGPT,binary,,,12,WEAK,Negative,False
VAP.NCRO,binary,SGOT,binary,,,12,WEAK,Negative,False
VAP.NCRO,binary,Albumin,binary,,,12,WEAK,Negative,False
VAP.NCRO,binary,Total.Protein,binary,,,12,WEAK,Negative,False
VAP.NCRO,binary,Globulin,binary,,,12,WEAK,Negative,False
VAP.NCRO,binary,ALP,binary,,,12,WEAK,Negative,False
VAP.NCRO,binary,Creatinine,binary,,,12,WEAK,Negative,False
VAP.NCRO,binary,Sodium,binary,,,12,WEAK,Negative,False
VAP.NCRO,binary,Potassium,binary,,,12,WEAK,Negative,False
VAP.NCRO,binary,Urea,binary,,,12,WEAK,Negative,False
VAP.NCRO,binary,Calcium,binary,,,12,WEAK,Negative,False
VAP.NCRO,binary,Magnesium,binary,,,12,WEAK,Negative,False
VAP.NCRO,binary,Procalcitonin,binary,,,12,WEAK,Negative,False
VAP.NCRO,binary,P.C.Z.A.E,binary,,,12,WEAK,Negative,False
VAP.NCRO,binary,P.C.only.E,binary,,,12,WEAK,Negative,False
VAP.NCRO,binary,Z.A.only.E,binary,,,12,WEAK,Negative,False
VAP.NCRO,binary,Neither.Abx.E,binary,,,12,WEAK,Negative,False
VAP.NCRO,binary,P.C.Z.A.T,binary,,,12,WEAK,Negative,False
VAP.NCRO,binary,P.C.only.T,binary,,,12,WEAK,Negative,False
VAP.NCRO,binary,Z.A.only.T,binary,,,12,WEAK,Negative,False
VAP.NCRO,binary,Neither.Abx.T,binary,,,12,WEAK,Negative,False
VAP.NCRO,binary,Amikacin,ordinal,,,12,WEAK,Negative,False
VAP.NCRO,binary,Aztreonam,ordinal,,,12,WEAK,Negative,False
VAP.NCRO,binary,Ciprofloxacin,ordinal,,,12,WEAK,Negative,False
VAP.NCRO,binary,Colistin,ordinal,,,12,WEAK,Negative,False
VAP.NCRO,binary,Cefepime,ordinal,,,12,WEAK,Negative,False
VAP.NCRO,binary,Gentamicin,binary,,,12,WEAK,Negative,False
VAP.NCRO,binary,Imipenem,ordinal,,,12,WEAK,Negative,False
VAP.NCRO,binary,Levofloxacin,ordinal,,,12,WEAK,Negative,False
VAP.NCRO,binary,Meropenem,ordinal,,,12,WEAK,Negative,False
VAP.NCRO,binary,Cefoperazone.Sulbactam,ordinal,,,12,WEAK,Negative,False
VAP.NCRO,binary,Trimethoprim.Sulfamethoxazole,binary,,,12,WEAK,Negative,False
VAP.NCRO,binary,Ceftazidime,ordinal,,,12,WEAK,Negative,False
VAP.NCRO,binary,Tigecycline,binary,,,12,WEAK,Negative,False
VAP.NCRO,binary,Piperacillin.Tazobactam,ordinal,,,12,WEAK,Negative,False
VAP.NCRO,binary,ESBL.producer,binary,,,12,WEAK,Negative,False
VAP.NCRO,binary,AmpC,binary,,,12,WEAK,Negative,False
VAP.NCRO,binary,Carbapenemase,binary,,,12,WEAK,Negative,False
VAP.NCRO,binary,MRSA,binary,,,12,WEAK,Negative,False
VAP.NCRO,binary,VAN,binary,,,12,WEAK,Negative,False
VAP.NCRO,binary,Polymyxin.Colistin.Inclusion,binary,,,12,WEAK,Negative,False
VAP.NCRO,binary,Clinical.improvement,binary,,,12,WEAK,Negative,False
VAP.NCRO,binary,ICU.Stay.in.28.Days,continuous,,,12,WEAK,Negative,False
VAP.NCRO,binary,GW.Stay.in.28.Days,continuous,,,12,WEAK,Negative,False
VAP.NCRO,binary,Total.Hospital.stay.in.28.days,continuous,,,12,WEAK,Negative,False
VAP.NCRO,binary,Mortality.in.ICU,binary,,,12,WEAK,Negative,False
VAP.NCRO,binary,Mortality.in.Hospital,binary,,,12,WEAK,Negative,False
VAP.NCRO,binary,Mortality.post.28.Day.Discharge,binary,,,12,WEAK,Negative,False
VAP.NCRO,binary,Overall.mortality,binary,,,12,WEAK,Negative,False
VAP.NCRO,binary,Relapse.post.28.Day.Discharge,binary,,,12,WEAK,Negative,False
VAP.NCRO,binary,Other.Illness.Leading.to.Hospitalization.post.28.Days.Discharge,binary,,,12,WEAK,Negative,False
CAP.NCRO,binary,BSI.NCRO,binary,,,12,WEAK,Negative,False
CAP.NCRO,binary,Other.NCRO,binary,,,12,WEAK,Negative,False
CAP.NCRO,binary,Hospitalization.in.past.6.Months,binary,,,12,WEAK,Negative,False
CAP.NCRO,binary,CV.Catheter.in.6.Months,binary,,,12,WEAK,Negative,False
CAP.NCRO,binary,CV.Catheter.Now,binary,,,12,WEAK,Negative,False
CAP.NCRO,binary,Urinary.Catheter.in.6.Months,binary,,,12,WEAK,Negative,False
CAP.NCRO,binary,Urinary.Catheter.Now,binary,,,12,WEAK,Negative,False
CAP.NCRO,binary,Surgery.in.last.3.Months,binary,,,12,WEAK,Negative,False
CAP.NCRO,binary,Past.CREPA.infection,binary,,,12,WEAK,Negative,False
CAP.NCRO,binary,Endoscopy.in.1.week,binary,,,12,WEAK,Negative,False
CAP.NCRO,binary,Dialysis.in.1.week,binary,,,12,WEAK,Negative,False
CAP.NCRO,binary,Immunosuppressive.drugs.in.1.week,binary,,,12,WEAK,Negative,False
CAP.NCRO,binary,Inotropes.,binary,,,12,WEAK,Negative,False
CAP.NCRO,binary,Dialysis.on.Day.1,binary,,,12,WEAK,Negative,False
CAP.NCRO,binary,Ventilation,binary,,,12,WEAK,Negative,False
CAP.NCRO,binary,Overall.organ.support,binary,,,12,WEAK,Negative,False
CAP.NCRO,binary,Neutropenia,binary,,,12,WEAK,Negative,False
CAP.NCRO,binary,HIV.Present,binary,,,12,WEAK,Negative,False
CAP.NCRO,binary,TB,binary,,,12,WEAK,Negative,False
CAP.NCRO,binary,Any.Viral.Infection,binary,,,12,WEAK,Negative,False
CAP.NCRO,binary,Any.Fungal.Infection,binary,,,12,WEAK,Negative,False
CAP.NCRO,binary,Hemat.Malignancy,binary,,,12,WEAK,Negative,False
CAP.NCRO,binary,Solid.Organ,binary,,,12,WEAK,Negative,False
CAP.NCRO,binary,APACHEII,continuous,,,12,WEAK,Negative,False
CAP.NCRO,binary,SOFA,continuous,,,12,WEAK,Negative,False
CAP.NCRO,binary,Hb,binary,,,12,WEAK,Negative,False
CAP.NCRO,binary,TLC,binary,,,12,WEAK,Negative,False
CAP.NCRO,binary,ANC,binary,,,12,WEAK,Negative,False
CAP.NCRO,binary,Lympho,binary,,,12,WEAK,Negative,False
CAP.NCRO,binary,Platelet,binary,,,12,WEAK,Negative,False
CAP.NCRO,binary,INR,binary,,,12,WEAK,Negative,False
CAP.NCRO,binary,Bil,binary,,,12,WEAK,Negative,False
CAP.NCRO,binary,SGPT,binary,,,12,WEAK,Negative,False
CAP.NCRO,binary,SGOT,binary,,,12,WEAK,Negative,False
CAP.NCRO,binary,Albumin,binary,,,12,WEAK,Negative,False
CAP.NCRO,binary,Total.Protein,binary,,,12,WEAK,Negative,False
CAP.NCRO,binary,Globulin,binary,,,12,WEAK,Negative,False
CAP.NCRO,binary,ALP,binary,,,12,WEAK,Negative,False
CAP.NCRO,binary,Creatinine,binary,,,12,WEAK,Negative,False
CAP.NCRO,binary,Sodium,binary,,,12,WEAK,Negative,False
CAP.NCRO,binary,Potassium,binary,,,12,WEAK,Negative,False
CAP.NCRO,binary,Urea,binary,,,12,WEAK,Negative,False
CAP.NCRO,binary,Calcium,binary,,,12,WEAK,Negative,False
CAP.NCRO,binary,Magnesium,binary,,,12,WEAK,Negative,False
CAP.NCRO,binary,Procalcitonin,binary,,,12,WEAK,Negative,False
CAP.NCRO,binary,P.C.Z.A.E,binary,,,12,WEAK,Negative,False
CAP.NCRO,binary,P.C.only.E,binary,,,12,WEAK,Negative,False
CAP.NCRO,binary,Z.A.only.E,binary,,,12,WEAK,Negative,False
CAP.NCRO,binary,Neither.Abx.E,binary,,,12,WEAK,Negative,False
CAP.NCRO,binary,P.C.Z.A.T,binary,,,12,WEAK,Negative,False
CAP.NCRO,binary,P.C.only.T,binary,,,12,WEAK,Negative,False
CAP.NCRO,binary,Z.A.only.T,binary,,,12,WEAK,Negative,False
CAP.NCRO,binary,Neither.Abx.T,binary,,,12,WEAK,Negative,False
CAP.NCRO,binary,Amikacin,ordinal,,,12,WEAK,Negative,False
CAP.NCRO,binary,Aztreonam,ordinal,,,12,WEAK,Negative,False
CAP.NCRO,binary,Ciprofloxacin,ordinal,,,12,WEAK,Negative,False
CAP.NCRO,binary,Colistin,ordinal,,,12,WEAK,Negative,False
CAP.NCRO,binary,Cefepime,ordinal,,,12,WEAK,Negative,False
CAP.NCRO,binary,Gentamicin,binary,,,12,WEAK,Negative,False
CAP.NCRO,binary,Imipenem,ordinal,,,12,WEAK,Negative,False
CAP.NCRO,binary,Levofloxacin,ordinal,,,12,WEAK,Negative,False
CAP.NCRO,binary,Meropenem,ordinal,,,12,WEAK,Negative,False
CAP.NCRO,binary,Cefoperazone.Sulbactam,ordinal,,,12,WEAK,Negative,False
CAP.NCRO,binary,Trimethoprim.Sulfamethoxazole,binary,,,12,WEAK,Negative,False
CAP.NCRO,binary,Ceftazidime,ordinal,,,12,WEAK,Negative,False
CAP.NCRO,binary,Tigecycline,binary,,,12,WEAK,Negative,False
CAP.NCRO,binary,Piperacillin.Tazobactam,ordinal,,,12,WEAK,Negative,False
CAP.NCRO,binary,ESBL.producer,binary,,,12,WEAK,Negative,False
CAP.NCRO,binary,AmpC,binary,,,12,WEAK,Negative,False
CAP.NCRO,binary,Carbapenemase,binary,,,12,WEAK,Negative,False
CAP.NCRO,binary,MRSA,binary,,,12,WEAK,Negative,False
CAP.NCRO,binary,VAN,binary,,,12,WEAK,Negative,False
CAP.NCRO,binary,Polymyxin.Colistin.Inclusion,binary,,,12,WEAK,Negative,False
CAP.NCRO,binary,Clinical.improvement,binary,,,12,WEAK,Negative,False
CAP.NCRO,binary,ICU.Stay.in.28.Days,continuous,,,12,WEAK,Negative,False
CAP.NCRO,binary,GW.Stay.in.28.Days,continuous,,,12,WEAK,Negative,False
CAP.NCRO,binary,Total.Hospital.stay.in.28.days,continuous,,,12,WEAK,Negative,False
CAP.NCRO,binary,Mortality.in.ICU,binary,,,12,WEAK,Negative,False
CAP.NCRO,binary,Mortality.in.Hospital,binary,,,12,WEAK,Negative,False
CAP.NCRO,binary,Mortality.post.28.Day.Discharge,binary,,,12,WEAK,Negative,False
CAP.NCRO,binary,Overall.mortality,binary,,,12,WEAK,Negative,False
CAP.NCRO,binary,Relapse.post.28.Day.Discharge,binary,,,12,WEAK,Negative,False
CAP.NCRO,binary,Other.Illness.Leading.to.Hospitalization.post.28.Days.Discharge,binary,,,12,WEAK,Negative,False
BSI.NCRO,binary,Other.NCRO,binary,,,12,WEAK,Negative,False
BSI.NCRO,binary,Hospitalization.in.past.6.Months,binary,,,12,WEAK,Negative,False
BSI.NCRO,binary,CV.Catheter.in.6.Months,binary,,,12,WEAK,Negative,False
BSI.NCRO,binary,CV.Catheter.Now,binary,,,12,WEAK,Negative,False
BSI.NCRO,binary,Urinary.Catheter.in.6.Months,binary,,,12,WEAK,Negative,False
BSI.NCRO,binary,Urinary.Catheter.Now,binary,,,12,WEAK,Negative,False
BSI.NCRO,binary,Surgery.in.last.3.Months,binary,,,12,WEAK,Negative,False
BSI.NCRO,binary,Past.CREPA.infection,binary,,,12,WEAK,Negative,False
BSI.NCRO,binary,Endoscopy.in.1.week,binary,,,12,WEAK,Negative,False
BSI.NCRO,binary,Dialysis.in.1.week,binary,,,12,WEAK,Negative,False
BSI.NCRO,binary,Immunosuppressive.drugs.in.1.week,binary,,,12,WEAK,Negative,False
BSI.NCRO,binary,Inotropes.,binary,,,12,WEAK,Negative,False
BSI.NCRO,binary,Dialysis.on.Day.1,binary,,,12,WEAK,Negative,False
BSI.NCRO,binary,Ventilation,binary,,,12,WEAK,Negative,False
BSI.NCRO,binary,Overall.organ.support,binary,,,12,WEAK,Negative,False
BSI.NCRO,binary,Neutropenia,binary,,,12,WEAK,Negative,False
BSI.NCRO,binary,HIV.Present,binary,,,12,WEAK,Negative,False
BSI.NCRO,binary,TB,binary,,,12,WEAK,Negative,False
BSI.NCRO,binary,Any.Viral.Infection,binary,,,12,WEAK,Negative,False
BSI.NCRO,binary,Any.Fungal.Infection,binary,,,12,WEAK,Negative,False
BSI.NCRO,binary,Hemat.Malignancy,binary,,,12,WEAK,Negative,False
BSI.NCRO,binary,Solid.Organ,binary,,,12,WEAK,Negative,False
BSI.NCRO,binary,APACHEII,continuous,,,12,WEAK,Negative,False
BSI.NCRO,binary,SOFA,continuous,,,12,WEAK,Negative,False
BSI.NCRO,binary,Hb,binary,,,12,WEAK,Negative,False
BSI.NCRO,binary,TLC,binary,,,12,WEAK,Negative,False
BSI.NCRO,binary,ANC,binary,,,12,WEAK,Negative,False
BSI.NCRO,binary,Lympho,binary,,,12,WEAK,Negative,False
BSI.NCRO,binary,Platelet,binary,,,12,WEAK,Negative,False
BSI.NCRO,binary,INR,binary,,,12,WEAK,Negative,False
BSI.NCRO,binary,Bil,binary,,,12,WEAK,Negative,False
BSI.NCRO,binary,SGPT,binary,,,12,WEAK,Negative,False
BSI.NCRO,binary,SGOT,binary,,,12,WEAK,Negative,False
BSI.NCRO,binary,Albumin,binary,,,12,WEAK,Negative,False
BSI.NCRO,binary,Total.Protein,binary,,,12,WEAK,Negative,False
BSI.NCRO,binary,Globulin,binary,,,12,WEAK,Negative,False
BSI.NCRO,binary,ALP,binary,,,12,WEAK,Negative,False
BSI.NCRO,binary,Creatinine,binary,,,12,WEAK,Negative,False
BSI.NCRO,binary,Sodium,binary,,,12,WEAK,Negative,False
BSI.NCRO,binary,Potassium,binary,,,12,WEAK,Negative,False
BSI.NCRO,binary,Urea,binary,,,12,WEAK,Negative,False
BSI.NCRO,binary,Calcium,binary,,,12,WEAK,Negative,False
BSI.NCRO,binary,Magnesium,binary,,,12,WEAK,Negative,False
BSI.NCRO,binary,Procalcitonin,binary,,,12,WEAK,Negative,False
BSI.NCRO,binary,P.C.Z.A.E,binary,,,12,WEAK,Negative,False
BSI.NCRO,binary,P.C.only.E,binary,,,12,WEAK,Negative,False
BSI.NCRO,binary,Z.A.only.E,binary,,,12,WEAK,Negative,False
BSI.NCRO,binary,Neither.Abx.E,binary,,,12,WEAK,Negative,False
BSI.NCRO,binary,P.C.Z.A.T,binary,,,12,WEAK,Negative,False
BSI.NCRO,binary,P.C.only.T,binary,,,12,WEAK,Negative,False
BSI.NCRO,binary,Z.A.only.T,binary,,,12,WEAK,Negative,False
BSI.NCRO,binary,Neither.Abx.T,binary,,,12,WEAK,Negative,False
BSI.NCRO,binary,Amikacin,ordinal,,,12,WEAK,Negative,False
BSI.NCRO,binary,Aztreonam,ordinal,,,12,WEAK,Negative,False
BSI.NCRO,binary,Ciprofloxacin,ordinal,,,12,WEAK,Negative,False
BSI.NCRO,binary,Colistin,ordinal,,,12,WEAK,Negative,False
BSI.NCRO,binary,Cefepime,ordinal,,,12,WEAK,Negative,False
BSI.NCRO,binary,Gentamicin,binary,,,12,WEAK,Negative,False
BSI.NCRO,binary,Imipenem,ordinal,,,12,WEAK,Negative,False
BSI.NCRO,binary,Levofloxacin,ordinal,,,12,WEAK,Negative,False
BSI.NCRO,binary,Meropenem,ordinal,,,12,WEAK,Negative,False
BSI.NCRO,binary,Cefoperazone.Sulbactam,ordinal,,,12,WEAK,Negative,False
BSI.NCRO,binary,Trimethoprim.Sulfamethoxazole,binary,,,12,WEAK,Negative,False
BSI.NCRO,binary,Ceftazidime,ordinal,,,12,WEAK,Negative,False
BSI.NCRO,binary,Tigecycline,binary,,,12,WEAK,Negative,False
BSI.NCRO,binary,Piperacillin.Tazobactam,ordinal,,,12,WEAK,Negative,False
BSI.NCRO,binary,ESBL.producer,binary,,,12,WEAK,Negative,False
BSI.NCRO,binary,AmpC,binary,,,12,WEAK,Negative,False
BSI.NCRO,binary,Carbapenemase,binary,,,12,WEAK,Negative,False
BSI.NCRO,binary,MRSA,binary,,,12,WEAK,Negative,False
BSI.NCRO,binary,VAN,binary,,,12,WEAK,Negative,False
BSI.NCRO,binary,Polymyxin.Colistin.Inclusion,binary,,,12,WEAK,Negative,False
BSI.NCRO,binary,Clinical.improvement,binary,,,12,WEAK,Negative,False
BSI.NCRO,binary,ICU.Stay.in.28.Days,continuous,,,12,WEAK,Negative,False
BSI.NCRO,binary,GW.Stay.in.28.Days,continuous,,,12,WEAK,Negative,False
BSI.NCRO,binary,Total.Hospital.stay.in.28.days,continuous,,,12,WEAK,Negative,False
BSI.NCRO,binary,Mortality.in.ICU,binary,,,12,WEAK,Negative,False
BSI.NCRO,binary,Mortality.in.Hospital,binary,,,12,WEAK,Negative,False
BSI.NCRO,binary,Mortality.post.28.Day.Discharge,binary,,,12,WEAK,Negative,False
BSI.NCRO,binary,Overall.mortality,binary,,,12,WEAK,Negative,False
BSI.NCRO,binary,Relapse.post.28.Day.Discharge,binary,,,12,WEAK,Negative,False
BSI.NCRO,binary,Other.Illness.Leading.to.Hospitalization.post.28.Days.Discharge,binary,,,12,WEAK,Negative,False
Other.NCRO,binary,Hospitalization.in.past.6.Months,binary,,,12,WEAK,Negative,False
Other.NCRO,binary,CV.Catheter.in.6.Months,binary,,,12,WEAK,Negative,False
Other.NCRO,binary,CV.Catheter.Now,binary,,,12,WEAK,Negative,False
Other.NCRO,binary,Urinary.Catheter.in.6.Months,binary,,,12,WEAK,Negative,False
Other.NCRO,binary,Urinary.Catheter.Now,binary,,,12,WEAK,Negative,False
Other.NCRO,binary,Surgery.in.last.3.Months,binary,,,12,WEAK,Negative,False
Other.NCRO,binary,Past.CREPA.infection,binary,,,12,WEAK,Negative,False
Other.NCRO,binary,Endoscopy.in.1.week,binary,,,12,WEAK,Negative,False
Other.NCRO,binary,Dialysis.in.1.week,binary,,,12,WEAK,Negative,False
Other.NCRO,binary,Immunosuppressive.drugs.in.1.week,binary,,,12,WEAK,Negative,False
Other.NCRO,binary,Inotropes.,binary,,,12,WEAK,Negative,False
Other.NCRO,binary,Dialysis.on.Day.1,binary,,,12,WEAK,Negative,False
Other.NCRO,binary,Ventilation,binary,,,12,WEAK,Negative,False
Other.NCRO,binary,Overall.organ.support,binary,,,12,WEAK,Negative,False
Other.NCRO,binary,Neutropenia,binary,,,12,WEAK,Negative,False
Other.NCRO,binary,HIV.Present,binary,,,12,WEAK,Negative,False
Other.NCRO,binary,TB,binary,,,12,WEAK,Negative,False
Other.NCRO,binary,Any.Viral.Infection,binary,,,12,WEAK,Negative,False
Other.NCRO,binary,Any.Fungal.Infection,binary,,,12,WEAK,Negative,False
Other.NCRO,binary,Hemat.Malignancy,binary,,,12,WEAK,Negative,False
Other.NCRO,binary,Solid.Organ,binary,,,12,WEAK,Negative,False
Other.NCRO,binary,APACHEII,continuous,,,12,WEAK,Negative,False
Other.NCRO,binary,SOFA,continuous,,,12,WEAK,Negative,False
Other.NCRO,binary,Hb,binary,,,12,WEAK,Negative,False
Other.NCRO,binary,TLC,binary,,,12,WEAK,Negative,False
Other.NCRO,binary,ANC,binary,,,12,WEAK,Negative,False
Other.NCRO,binary,Lympho,binary,,,12,WEAK,Negative,False
Other.NCRO,binary,Platelet,binary,,,12,WEAK,Negative,False
Other.NCRO,binary,INR,binary,,,12,WEAK,Negative,False
Other.NCRO,binary,Bil,binary,,,12,WEAK,Negative,False
Other.NCRO,binary,SGPT,binary,,,12,WEAK,Negative,False
Other.NCRO,binary,SGOT,binary,,,12,WEAK,Negative,False
Other.NCRO,binary,Albumin,binary,,,12,WEAK,Negative,False
Other.NCRO,binary,Total.Protein,binary,,,12,WEAK,Negative,False
Other.NCRO,binary,Globulin,binary,,,12,WEAK,Negative,False
Other.NCRO,binary,ALP,binary,,,12,WEAK,Negative,False
Other.NCRO,binary,Creatinine,binary,,,12,WEAK,Negative,False
Other.NCRO,binary,Sodium,binary,,,12,WEAK,Negative,False
Other.NCRO,binary,Potassium,binary,,,12,WEAK,Negative,False
Other.NCRO,binary,Urea,binary,,,12,WEAK,Negative,False
Other.NCRO,binary,Calcium,binary,,,12,WEAK,Negative,False
Other.NCRO,binary,Magnesium,binary,,,12,WEAK,Negative,False
Other.NCRO,binary,Procalcitonin,binary,,,12,WEAK,Negative,False
Other.NCRO,binary,P.C.Z.A.E,binary,,,12,WEAK,Negative,False
Other.NCRO,binary,P.C.only.E,binary,,,12,WEAK,Negative,False
Other.NCRO,binary,Z.A.only.E,binary,,,12,WEAK,Negative,False
Other.NCRO,binary,Neither.Abx.E,binary,,,12,WEAK,Negative,False
Other.NCRO,binary,P.C.Z.A.T,binary,,,12,WEAK,Negative,False
Other.NCRO,binary,P.C.only.T,binary,,,12,WEAK,Negative,False
Other.NCRO,binary,Z.A.only.T,binary,,,12,WEAK,Negative,False
Other.NCRO,binary,Neither.Abx.T,binary,,,12,WEAK,Negative,False
Other.NCRO,binary,Amikacin,ordinal,,,12,WEAK,Negative,False
Other.NCRO,binary,Aztreonam,ordinal,,,12,WEAK,Negative,False
Other.NCRO,binary,Ciprofloxacin,ordinal,,,12,WEAK,Negative,False
Other.NCRO,binary,Colistin,ordinal,,,12,WEAK,Negative,False
Other.NCRO,binary,Cefepime,ordinal,,,12,WEAK,Negative,False
Other.NCRO,binary,Gentamicin,binary,,,12,WEAK,Negative,False
Other.NCRO,binary,Imipenem,ordinal,,,12,WEAK,Negative,False
Other.NCRO,binary,Levofloxacin,ordinal,,,12,WEAK,Negative,False
Other.NCRO,binary,Meropenem,ordinal,,,12,WEAK,Negative,False
Other.NCRO,binary,Cefoperazone.Sulbactam,ordinal,,,12,WEAK,Negative,False
Other.NCRO,binary,Trimethoprim.Sulfamethoxazole,binary,,,12,WEAK,Negative,False
Other.NCRO,binary,Ceftazidime,ordinal,,,12,WEAK,Negative,False
Other.NCRO,binary,Tigecycline,binary,,,12,WEAK,Negative,False
Other.NCRO,binary,Piperacillin.Tazobactam,ordinal,,,12,WEAK,Negative,False
Other.NCRO,binary,ESBL.producer,binary,,,12,WEAK,Negative,False
Other.NCRO,binary,AmpC,binary,,,12,WEAK,Negative,False
Other.NCRO,binary,Carbapenemase,binary,,,12,WEAK,Negative,False
Other.NCRO,binary,MRSA,binary,,,12,WEAK,Negative,False
Other.NCRO,binary,VAN,binary,,,12,WEAK,Negative,False
Other.NCRO,binary,Polymyxin.Colistin.Inclusion,binary,,,12,WEAK,Negative,False
Other.NCRO,binary,Clinical.improvement,binary,,,12,WEAK,Negative,False
Other.NCRO,binary,ICU.Stay.in.28.Days,continuous,,,12,WEAK,Negative,False
Other.NCRO,binary,GW.Stay.in.28.Days,continuous,,,12,WEAK,Negative,False
Other.NCRO,binary,Total.Hospital.stay.in.28.days,continuous,,,12,WEAK,Negative,False
Other.NCRO,binary,Mortality.in.ICU,binary,,,12,WEAK,Negative,False
Other.NCRO,binary,Mortality.in.Hospital,binary,,,12,WEAK,Negative,False
Other.NCRO,binary,Mortality.post.28.Day.Discharge,binary,,,12,WEAK,Negative,False
Other.NCRO,binary,Overall.mortality,binary,,,12,WEAK,Negative,False
Other.NCRO,binary,Relapse.post.28.Day.Discharge,binary,,,12,WEAK,Negative,False
Other.NCRO,binary,Other.Illness.Leading.to.Hospitalization.post.28.Days.Discharge,binary,,,12,WEAK,Negative,False
Hospitalization.in.past.6.Months,binary,CV.Catheter.Now,binary,,,12,WEAK,Negative,False
Hospitalization.in.past.6.Months,binary,Urinary.Catheter.Now,binary,,,12,WEAK,Negative,False
Hospitalization.in.past.6.Months,binary,Dialysis.in.1.week,binary,,,12,WEAK,Negative,False
Hospitalization.in.past.6.Months,binary,Dialysis.on.Day.1,binary,,,12,WEAK,Negative,False
Hospitalization.in.past.6.Months,binary,HIV.Present,binary,,,12,WEAK,Negative,False
Hospitalization.in.past.6.Months,binary,TB,binary,,,12,WEAK,Negative,False
Hospitalization.in.past.6.Months,binary,Hb,binary,,,12,WEAK,Negative,False
Hospitalization.in.past.6.Months,binary,INR,binary,,,12,WEAK,Negative,False
Hospitalization.in.past.6.Months,binary,Procalcitonin,binary,,,12,WEAK,Negative,False
Hospitalization.in.past.6.Months,binary,Neither.Abx.E,binary,,,12,WEAK,Negative,False
Hospitalization.in.past.6.Months,binary,Neither.Abx.T,binary,,,12,WEAK,Negative,False
Hospitalization.in.past.6.Months,binary,Trimethoprim.Sulfamethoxazole,binary,,,12,WEAK,Negative,False
Hospitalization.in.past.6.Months,binary,Tigecycline,binary,,,12,WEAK,Negative,False
Hospitalization.in.past.6.Months,binary,ESBL.producer,binary,,,12,WEAK,Negative,False
Hospitalization.in.past.6.Months,binary,AmpC,binary,,,12,WEAK,Negative,False
Hospitalization.in.past.6.Months,binary,MRSA,binary,,,12,WEAK,Negative,False
Hospitalization.in.past.6.Months,binary,VAN,binary,,,12,WEAK,Negative,False
Hospitalization.in.past.6.Months,binary,Polymyxin.Colistin.Inclusion,binary,,,12,WEAK,Negative,False
Hospitalization.in.past.6.Months,binary,Mortality.in.ICU,binary,,,12,WEAK,Negative,False
Hospitalization.in.past.6.Months,binary,Other.Illness.Leading.to.Hospitalization.post.28.Days.Discharge,binary,,,12,WEAK,Negative,False
CV.Catheter.in.6.Months,binary,CV.Catheter.Now,binary,,,12,WEAK,Negative,False
CV.Catheter.in.6.Months,binary,Urinary.Catheter.Now,binary,,,12,WEAK,Negative,False
CV.Catheter.in.6.Months,binary,Dialysis.in.1.week,binary,,,12,WEAK,Negative,False
CV.Catheter.in.6.Months,binary,Dialysis.on.Day.1,binary,,,12,WEAK,Negative,False
CV.Catheter.in.6.Months,binary,HIV.Present,binary,,,12,WEAK,Negative,False
CV.Catheter.in.6.Months,binary,TB,binary,,,12,WEAK,Negative,False
CV.Catheter.in.6.Months,binary,Hb,binary,,,12,WEAK,Negative,False
CV.Catheter.in.6.Months,binary,INR,binary,,,12,WEAK,Negative,False
CV.Catheter.in.6.Months,binary,Procalcitonin,binary,,,12,WEAK,Negative,False
CV.Catheter.in.6.Months,binary,Neither.Abx.E,binary,,,12,WEAK,Negative,False
CV.Catheter.in.6.Months,binary,Neither.Abx.T,binary,,,12,WEAK,Negative,False
CV.Catheter.in.6.Months,binary,Trimethoprim.Sulfamethoxazole,binary,,,12,WEAK,Negative,False
CV.Catheter.in.6.Months,binary,Tigecycline,binary,,,12,WEAK,Negative,False
CV.Catheter.in.6.Months,binary,ESBL.producer,binary,,,12,WEAK,Negative,False
CV.Catheter.in.6.Months,binary,AmpC,binary,,,12,WEAK,Negative,False
CV.Catheter.in.6.Months,binary,MRSA,binary,,,12,WEAK,Negative,False
CV.Catheter.in.6.Months,binary,VAN,binary,,,12,WEAK,Negative,False
CV.Catheter.in.6.Months,binary,Polymyxin.Colistin.Inclusion,binary,,,12,WEAK,Negative,False
CV.Catheter.in.6.Months,binary,Mortality.in.ICU,binary,,,12,WEAK,Negative,False
CV.Catheter.in.6.Months,binary,Other.Illness.Leading.to.Hospitalization.post.28.Days.Discharge,binary,,,12,WEAK,Negative,False
CV.Catheter.Now,binary,Urinary.Catheter.in.6.Months,binary,,,12,WEAK,Negative,False
CV.Catheter.Now,binary,Urinary.Catheter.Now,binary,,,12,WEAK,Negative,False
CV.Catheter.Now,binary,Surgery.in.last.3.Months,binary,,,12,WEAK,Negative,False
CV.Catheter.Now,binary,Past.CREPA.infection,binary,,,12,WEAK,Negative,False
CV.Catheter.Now,binary,Endoscopy.in.1.week,binary,,,12,WEAK,Negative,False
CV.Catheter.Now,binary,Dialysis.in.1.week,binary,,,12,WEAK,Negative,False
CV.Catheter.Now,binary,Immunosuppressive.drugs.in.1.week,binary,,,12,WEAK,Negative,False
CV.Catheter.Now,binary,Inotropes.,binary,,,12,WEAK,Negative,False
CV.Catheter.Now,binary,Dialysis.on.Day.1,binary,,,12,WEAK,Negative,False
CV.Catheter.Now,binary,Ventilation,binary,,,12,WEAK,Negative,False
CV.Catheter.Now,binary,Overall.organ.support,binary,,,12,WEAK,Negative,False
CV.Catheter.Now,binary,Neutropenia,binary,,,12,WEAK,Negative,False
CV.Catheter.Now,binary,HIV.Present,binary,,,12,WEAK,Negative,False
CV.Catheter.Now,binary,TB,binary,,,12,WEAK,Negative,False
CV.Catheter.Now,binary,Any.Viral.Infection,binary,,,12,WEAK,Negative,False
CV.Catheter.Now,binary,Any.Fungal.Infection,binary,,,12,WEAK,Negative,False
CV.Catheter.Now,binary,Hemat.Malignancy,binary,,,12,WEAK,Negative,False
CV.Catheter.Now,binary,Solid.Organ,binary,,,12,WEAK,Negative,False
CV.Catheter.Now,binary,APACHEII,continuous,,,12,WEAK,Negative,False
CV.Catheter.Now,binary,SOFA,continuous,,,12,WEAK,Negative,False
CV.Catheter.Now,binary,Hb,binary,,,12,WEAK,Negative,False
CV.Catheter.Now,binary,TLC,binary,,,12,WEAK,Negative,False
CV.Catheter.Now,binary,ANC,binary,,,12,WEAK,Negative,False
CV.Catheter.Now,binary,Lympho,binary,,,12,WEAK,Negative,False
CV.Catheter.Now,binary,Platelet,binary,,,12,WEAK,Negative,False
CV.Catheter.Now,binary,INR,binary,,,12,WEAK,Negative,False
CV.Catheter.Now,binary,Bil,binary,,,12,WEAK,Negative,False
CV.Catheter.Now,binary,SGPT,binary,,,12,WEAK,Negative,False
CV.Catheter.Now,binary,SGOT,binary,,,12,WEAK,Negative,False
CV.Catheter.Now,binary,Albumin,binary,,,12,WEAK,Negative,False
CV.Catheter.Now,binary,Total.Protein,binary,,,12,WEAK,Negative,False
CV.Catheter.Now,binary,Globulin,binary,,,12,WEAK,Negative,False
CV.Catheter.Now,binary,ALP,binary,,,12,WEAK,Negative,False
CV.Catheter.Now,binary,Creatinine,binary,,,12,WEAK,Negative,False
CV.Catheter.Now,binary,Sodium,binary,,,12,WEAK,Negative,False
CV.Catheter.Now,binary,Potassium,binary,,,12,WEAK,Negative,False
CV.Catheter.Now,binary,Urea,binary,,,12,WEAK,Negative,False
CV.Catheter.Now,binary,Calcium,binary,,,12,WEAK,Negative,False
CV.Catheter.Now,binary,Magnesium,binary,,,12,WEAK,Negative,False
CV.Catheter.Now,binary,Procalcitonin,binary,,,12,WEAK,Negative,False
CV.Catheter.Now,binary,P.C.Z.A.E,binary,,,12,WEAK,Negative,False
CV.Catheter.Now,binary,P.C.only.E,binary,,,12,WEAK,Negative,False
CV.Catheter.Now,binary,Z.A.only.E,binary,,,12,WEAK,Negative,False
CV.Catheter.Now,binary,Neither.Abx.E,binary,,,12,WEAK,Negative,False
CV.Catheter.Now,binary,P.C.Z.A.T,binary,,,12,WEAK,Negative,False
CV.Catheter.Now,binary,P.C.only.T,binary,,,12,WEAK,Negative,False
CV.Catheter.Now,binary,Z.A.only.T,binary,,,12,WEAK,Negative,False
CV.Catheter.Now,binary,Neither.Abx.T,binary,,,12,WEAK,Negative,False
CV.Catheter.Now,binary,Amikacin,ordinal,,,12,WEAK,Negative,False
CV.Catheter.Now,binary,Aztreonam,ordinal,,,12,WEAK,Negative,False
CV.Catheter.Now,binary,Ciprofloxacin,ordinal,,,12,WEAK,Negative,False
CV.Catheter.Now,binary,Colistin,ordinal,,,12,WEAK,Negative,False
CV.Catheter.Now,binary,Cefepime,ordinal,,,12,WEAK,Negative,False
CV.Catheter.Now,binary,Gentamicin,binary,,,12,WEAK,Negative,False
CV.Catheter.Now,binary,Imipenem,ordinal,,,12,WEAK,Negative,False
CV.Catheter.Now,binary,Levofloxacin,ordinal,,,12,WEAK,Negative,False
CV.Catheter.Now,binary,Meropenem,ordinal,,,12,WEAK,Negative,False
CV.Catheter.Now,binary,Cefoperazone.Sulbactam,ordinal,,,12,WEAK,Negative,False
CV.Catheter.Now,binary,Trimethoprim.Sulfamethoxazole,binary,,,12,WEAK,Negative,False
CV.Catheter.Now,binary,Ceftazidime,ordinal,,,12,WEAK,Negative,False
CV.Catheter.Now,binary,Tigecycline,binary,,,12,WEAK,Negative,False
CV.Catheter.Now,binary,Piperacillin.Tazobactam,ordinal,,,12,WEAK,Negative,False
CV.Catheter.Now,binary,ESBL.producer,binary,,,12,WEAK,Negative,False
CV.Catheter.Now,binary,AmpC,binary,,,12,WEAK,Negative,False
CV.Catheter.Now,binary,Carbapenemase,binary,,,12,WEAK,Negative,False
CV.Catheter.Now,binary,MRSA,binary,,,12,WEAK,Negative,False
CV.Catheter.Now,binary,VAN,binary,,,12,WEAK,Negative,False
CV.Catheter.Now,binary,Polymyxin.Colistin.Inclusion,binary,,,12,WEAK,Negative,False
CV.Catheter.Now,binary,Clinical.improvement,binary,,,12,WEAK,Negative,False
CV.Catheter.Now,binary,ICU.Stay.in.28.Days,continuous,,,12,WEAK,Negative,False
CV.Catheter.Now,binary,GW.Stay.in.28.Days,continuous,,,12,WEAK,Negative,False
CV.Catheter.Now,binary,Total.Hospital.stay.in.28.days,continuous,,,12,WEAK,Negative,False
CV.Catheter.Now,binary,Mortality.in.ICU,binary,,,12,WEAK,Negative,False
CV.Catheter.Now,binary,Mortality.in.Hospital,binary,,,12,WEAK,Negative,False
CV.Catheter.Now,binary,Mortality.post.28.Day.Discharge,binary,,,12,WEAK,Negative,False
CV.Catheter.Now,binary,Overall.mortality,binary,,,12,WEAK,Negative,False
CV.Catheter.Now,binary,Relapse.post.28.Day.Discharge,binary,,,12,WEAK,Negative,False
CV.Catheter.Now,binary,Other.Illness.Leading.to.Hospitalization.post.28.Days.Discharge,binary,,,12,WEAK,Negative,False
Urinary.Catheter.in.6.Months,binary,Urinary.Catheter.Now,binary,,,12,WEAK,Negative,False
Urinary.Catheter.in.6.Months,binary,Dialysis.in.1.week,binary,,,12,WEAK,Negative,False
Urinary.Catheter.in.6.Months,binary,Dialysis.on.Day.1,binary,,,12,WEAK,Negative,False
Urinary.Catheter.in.6.Months,binary,HIV.Present,binary,,,12,WEAK,Negative,False
Urinary.Catheter.in.6.Months,binary,TB,binary,,,12,WEAK,Negative,False
Urinary.Catheter.in.6.Months,binary,Hb,binary,,,12,WEAK,Negative,False
Urinary.Catheter.in.6.Months,binary,INR,binary,,,12,WEAK,Negative,False
Urinary.Catheter.in.6.Months,binary,Procalcitonin,binary,,,12,WEAK,Negative,False
Urinary.Catheter.in.6.Months,binary,Neither.Abx.E,binary,,,12,WEAK,Negative,False
Urinary.Catheter.in.6.Months,binary,Neither.Abx.T,binary,,,12,WEAK,Negative,False
Urinary.Catheter.in.6.Months,binary,Trimethoprim.Sulfamethoxazole,binary,,,12,WEAK,Negative,False
Urinary.Catheter.in.6.Months,binary,Tigecycline,binary,,,12,WEAK,Negative,False
Urinary.Catheter.in.6.Months,binary,ESBL.producer,binary,,,12,WEAK,Negative,False
Urinary.Catheter.in.6.Months,binary,AmpC,binary,,,12,WEAK,Negative,False
Urinary.Catheter.in.6.Months,binary,MRSA,binary,,,12,WEAK,Negative,False
Urinary.Catheter.in.6.Months,binary,VAN,binary,,,12,WEAK,Negative,False
Urinary.Catheter.in.6.Months,binary,Polymyxin.Colistin.Inclusion,binary,,,12,WEAK,Negative,False
Urinary.Catheter.in.6.Months,binary,Mortality.in.ICU,binary,,,12,WEAK,Negative,False
Urinary.Catheter.in.6.Months,binary,Other.Illness.Leading.to.Hospitalization.post.28.Days.Discharge,binary,,,12,WEAK,Negative,False
Urinary.Catheter.Now,binary,Surgery.in.last.3.Months,binary,,,12,WEAK,Negative,False
Urinary.Catheter.Now,binary,Past.CREPA.infection,binary,,,12,WEAK,Negative,False
Urinary.Catheter.Now,binary,Endoscopy.in.1.week,binary,,,12,WEAK,Negative,False
Urinary.Catheter.Now,binary,Dialysis.in.1.week,binary,,,12,WEAK,Negative,False
Urinary.Catheter.Now,binary,Immunosuppressive.drugs.in.1.week,binary,,,12,WEAK,Negative,False
Urinary.Catheter.Now,binary,Inotropes.,binary,,,12,WEAK,Negative,False
Urinary.Catheter.Now,binary,Dialysis.on.Day.1,binary,,,12,WEAK,Negative,False
Urinary.Catheter.Now,binary,Ventilation,binary,,,12,WEAK,Negative,False
Urinary.Catheter.Now,binary,Overall.organ.support,binary,,,12,WEAK,Negative,False
Urinary.Catheter.Now,binary,Neutropenia,binary,,,12,WEAK,Negative,False
Urinary.Catheter.Now,binary,HIV.Present,binary,,,12,WEAK,Negative,False
Urinary.Catheter.Now,binary,TB,binary,,,12,WEAK,Negative,False
Urinary.Catheter.Now,binary,Any.Viral.Infection,binary,,,12,WEAK,Negative,False
Urinary.Catheter.Now,binary,Any.Fungal.Infection,binary,,,12,WEAK,Negative,False
Urinary.Catheter.Now,binary,Hemat.Malignancy,binary,,,12,WEAK,Negative,False
Urinary.Catheter.Now,binary,Solid.Organ,binary,,,12,WEAK,Negative,False
Urinary.Catheter.Now,binary,APACHEII,continuous,,,12,WEAK,Negative,False
Urinary.Catheter.Now,binary,SOFA,continuous,,,12,WEAK,Negative,False
Urinary.Catheter.Now,binary,Hb,binary,,,12,WEAK,Negative,False
Urinary.Catheter.Now,binary,TLC,binary,,,12,WEAK,Negative,False
Urinary.Catheter.Now,binary,ANC,binary,,,12,WEAK,Negative,False
Urinary.Catheter.Now,binary,Lympho,binary,,,12,WEAK,Negative,False
Urinary.Catheter.Now,binary,Platelet,binary,,,12,WEAK,Negative,False
Urinary.Catheter.Now,binary,INR,binary,,,12,WEAK,Negative,False
Urinary.Catheter.Now,binary,Bil,binary,,,12,WEAK,Negative,False
Urinary.Catheter.Now,binary,SGPT,binary,,,12,WEAK,Negative,False
Urinary.Catheter.Now,binary,SGOT,binary,,,12,WEAK,Negative,False
Urinary.Catheter.Now,binary,Albumin,binary,,,12,WEAK,Negative,False
Urinary.Catheter.Now,binary,Total.Protein,binary,,,12,WEAK,Negative,False
Urinary.Catheter.Now,binary,Globulin,binary,,,12,WEAK,Negative,False
Urinary.Catheter.Now,binary,ALP,binary,,,12,WEAK,Negative,False
Urinary.Catheter.Now,binary,Creatinine,binary,,,12,WEAK,Negative,False
Urinary.Catheter.Now,binary,Sodium,binary,,,12,WEAK,Negative,False
Urinary.Catheter.Now,binary,Potassium,binary,,,12,WEAK,Negative,False
Urinary.Catheter.Now,binary,Urea,binary,,,12,WEAK,Negative,False
Urinary.Catheter.Now,binary,Calcium,binary,,,12,WEAK,Negative,False
Urinary.Catheter.Now,binary,Magnesium,binary,,,12,WEAK,Negative,False
Urinary.Catheter.Now,binary,Procalcitonin,binary,,,12,WEAK,Negative,False
Urinary.Catheter.Now,binary,P.C.Z.A.E,binary,,,12,WEAK,Negative,False
Urinary.Catheter.Now,binary,P.C.only.E,binary,,,12,WEAK,Negative,False
Urinary.Catheter.Now,binary,Z.A.only.E,binary,,,12,WEAK,Negative,False
Urinary.Catheter.Now,binary,Neither.Abx.E,binary,,,12,WEAK,Negative,False
Urinary.Catheter.Now,binary,P.C.Z.A.T,binary,,,12,WEAK,Negative,False
Urinary.Catheter.Now,binary,P.C.only.T,binary,,,12,WEAK,Negative,False
Urinary.Catheter.Now,binary,Z.A.only.T,binary,,,12,WEAK,Negative,False
Urinary.Catheter.Now,binary,Neither.Abx.T,binary,,,12,WEAK,Negative,False
Urinary.Catheter.Now,binary,Amikacin,ordinal,,,12,WEAK,Negative,False
Urinary.Catheter.Now,binary,Aztreonam,ordinal,,,12,WEAK,Negative,False
Urinary.Catheter.Now,binary,Ciprofloxacin,ordinal,,,12,WEAK,Negative,False
Urinary.Catheter.Now,binary,Colistin,ordinal,,,12,WEAK,Negative,False
Urinary.Catheter.Now,binary,Cefepime,ordinal,,,12,WEAK,Negative,False
Urinary.Catheter.Now,binary,Gentamicin,binary,,,12,WEAK,Negative,False
Urinary.Catheter.Now,binary,Imipenem,ordinal,,,12,WEAK,Negative,False
Urinary.Catheter.Now,binary,Levofloxacin,ordinal,,,12,WEAK,Negative,False
Urinary.Catheter.Now,binary,Meropenem,ordinal,,,12,WEAK,Negative,False
Urinary.Catheter.Now,binary,Cefoperazone.Sulbactam,ordinal,,,12,WEAK,Negative,False
Urinary.Catheter.Now,binary,Trimethoprim.Sulfamethoxazole,binary,,,12,WEAK,Negative,False
Urinary.Catheter.Now,binary,Ceftazidime,ordinal,,,12,WEAK,Negative,False
Urinary.Catheter.Now,binary,Tigecycline,binary,,,12,WEAK,Negative,False
Urinary.Catheter.Now,binary,Piperacillin.Tazobactam,ordinal,,,12,WEAK,Negative,False
Urinary.Catheter.Now,binary,ESBL.producer,binary,,,12,WEAK,Negative,False
Urinary.Catheter.Now,binary,AmpC,binary,,,12,WEAK,Negative,False
Urinary.Catheter.Now,binary,Carbapenemase,binary,,,12,WEAK,Negative,False
Urinary.Catheter.Now,binary,MRSA,binary,,,12,WEAK,Negative,False
Urinary.Catheter.Now,binary,VAN,binary,,,12,WEAK,Negative,False
Urinary.Catheter.Now,binary,Polymyxin.Colistin.Inclusion,binary,,,12,WEAK,Negative,False
Urinary.Catheter.Now,binary,Clinical.improvement,binary,,,12,WEAK,Negative,False
Urinary.Catheter.Now,binary,ICU.Stay.in.28.Days,continuous,,,12,WEAK,Negative,False
Urinary.Catheter.Now,binary,GW.Stay.in.28.Days,continuous,,,12,WEAK,Negative,False
Urinary.Catheter.Now,binary,Total.Hospital.stay.in.28.days,continuous,,,12,WEAK,Negative,False
Urinary.Catheter.Now,binary,Mortality.in.ICU,binary,,,12,WEAK,Negative,False
Urinary.Catheter.Now,binary,Mortality.in.Hospital,binary,,,12,WEAK,Negative,False
Urinary.Catheter.Now,binary,Mortality.post.28.Day.Discharge,binary,,,12,WEAK,Negative,False
Urinary.Catheter.Now,binary,Overall.mortality,binary,,,12,WEAK,Negative,False
Urinary.Catheter.Now,binary,Relapse.post.28.Day.Discharge,binary,,,12,WEAK,Negative,False
Urinary.Catheter.Now,binary,Other.Illness.Leading.to.Hospitalization.post.28.Days.Discharge,binary,,,12,WEAK,Negative,False
Surgery.in.last.3.Months,binary,Dialysis.in.1.week,binary,,,12,WEAK,Negative,False
Surgery.in.last.3.Months,binary,Dialysis.on.Day.1,binary,,,12,WEAK,Negative,False
Surgery.in.last.3.Months,binary,HIV.Present,binary,,,12,WEAK,Negative,False
Surgery.in.last.3.Months,binary,TB,binary,,,12,WEAK,Negative,False
Surgery.in.last.3.Months,binary,Hb,binary,,,12,WEAK,Negative,False
Surgery.in.last.3.Months,binary,INR,binary,,,12,WEAK,Negative,False
Surgery.in.last.3.Months,binary,Procalcitonin,binary,,,12,WEAK,Negative,False
Surgery.in.last.3.Months,binary,Neither.Abx.E,binary,,,12,WEAK,Negative,False
Surgery.in.last.3.Months,binary,Neither.Abx.T,binary,,,12,WEAK,Negative,False
Surgery.in.last.3.Months,binary,Trimethoprim.Sulfamethoxazole,binary,,,12,WEAK,Negative,False
Surgery.in.last.3.Months,binary,Tigecycline,binary,,,12,WEAK,Negative,False
Surgery.in.last.3.Months,binary,ESBL.producer,binary,,,12,WEAK,Negative,False
Surgery.in.last.3.Months,binary,AmpC,binary,,,12,WEAK,Negative,False
Surgery.in.last.3.Months,binary,MRSA,binary,,,12,WEAK,Negative,False
Surgery.in.last.3.Months,binary,VAN,binary,,,12,WEAK,Negative,False
Surgery.in.last.3.Months,binary,Polymyxin.Colistin.Inclusion,binary,,,12,WEAK,Negative,False
Surgery.in.last.3.Months,binary,Mortality.in.ICU,binary,,,12,WEAK,Negative,False
Surgery.in.last.3.Months,binary,Other.Illness.Leading.to.Hospitalization.post.28.Days.Discharge,binary,,,12,WEAK,Negative,False
Past.CREPA.infection,binary,Dialysis.in.1.week,binary,,,12,WEAK,Negative,False
Past.CREPA.infection,binary,Dialysis.on.Day.1,binary,,,12,WEAK,Negative,False
Past.CREPA.infection,binary,HIV.Present,binary,,,12,WEAK,Negative,False
Past.CREPA.infection,binary,TB,binary,,,12,WEAK,Negative,False
Past.CREPA.infection,binary,Hb,binary,,,12,WEAK,Negative,False
Past.CREPA.infection,binary,INR,binary,,,12,WEAK,Negative,False
Past.CREPA.infection,binary,Procalcitonin,binary,,,12,WEAK,Negative,False
Past.CREPA.infection,binary,Neither.Abx.E,binary,,,12,WEAK,Negative,False
Past.CREPA.infection,binary,Neither.Abx.T,binary,,,12,WEAK,Negative,False
Past.CREPA.infection,binary,Trimethoprim.Sulfamethoxazole,binary,,,12,WEAK,Negative,False
Past.CREPA.infection,binary,Tigecycline,binary,,,12,WEAK,Negative,False
Past.CREPA.infection,binary,ESBL.producer,binary,,,12,WEAK,Negative,False
Past.CREPA.infection,binary,AmpC,binary,,,12,WEAK,Negative,False
Past.CREPA.infection,binary,MRSA,binary,,,12,WEAK,Negative,False
Past.CREPA.infection,binary,VAN,binary,,,12,WEAK,Negative,False
Past.CREPA.infection,binary,Polymyxin.Colistin.Inclusion,binary,,,12,WEAK,Negative,False
Past.CREPA.infection,binary,Mortality.in.ICU,binary,,,12,WEAK,Negative,False
Past.CREPA.infection,binary,Other.Illness.Leading.to.Hospitalization.post.28.Days.Discharge,binary,,,12,WEAK,Negative,False
Endoscopy.in.1.week,binary,Dialysis.in.1.week,binary,,,12,WEAK,Negative,False
Endoscopy.in.1.week,binary,Dialysis.on.Day.1,binary,,,12,WEAK,Negative,False
Endoscopy.in.1.week,binary,HIV.Present,binary,,,12,WEAK,Negative,False
Endoscopy.in.1.week,binary,TB,binary,,,12,WEAK,Negative,False
Endoscopy.in.1.week,binary,Hb,binary,,,12,WEAK,Negative,False
Endoscopy.in.1.week,binary,INR,binary,,,12,WEAK,Negative,False
Endoscopy.in.1.week,binary,Procalcitonin,binary,,,12,WEAK,Negative,False
Endoscopy.in.1.week,binary,Neither.Abx.E,binary,,,12,WEAK,Negative,False
Endoscopy.in.1.week,binary,Neither.Abx.T,binary,,,12,WEAK,Negative,False
Endoscopy.in.1.week,binary,Trimethoprim.Sulfamethoxazole,binary,,,12,WEAK,Negative,False
Endoscopy.in.1.week,binary,Tigecycline,binary,,,12,WEAK,Negative,False
Endoscopy.in.1.week,binary,ESBL.producer,binary,,,12,WEAK,Negative,False
Endoscopy.in.1.week,binary,AmpC,binary,,,12,WEAK,Negative,False
Endoscopy.in.1.week,binary,MRSA,binary,,,12,WEAK,Negative,False
Endoscopy.in.1.week,binary,VAN,binary,,,12,WEAK,Negative,False
Endoscopy.in.1.week,binary,Polymyxin.Colistin.Inclusion,binary,,,12,WEAK,Negative,False
Endoscopy.in.1.week,binary,Mortality.in.ICU,binary,,,12,WEAK,Negative,False
Endoscopy.in.1.week,binary,Other.Illness.Leading.to.Hospitalization.post.28.Days.Discharge,binary,,,12,WEAK,Negative,False
Dialysis.in.1.week,binary,Immunosuppressive.drugs.in.1.week,binary,,,12,WEAK,Negative,False
Dialysis.in.1.week,binary,Inotropes.,binary,,,12,WEAK,Negative,False
Dialysis.in.1.week,binary,Dialysis.on.Day.1,binary,,,12,WEAK,Negative,False
Dialysis.in.1.week,binary,Ventilation,binary,,,12,WEAK,Negative,False
Dialysis.in.1.week,binary,Overall.organ.support,binary,,,12,WEAK,Negative,False
Dialysis.in.1.week,binary,Neutropenia,binary,,,12,WEAK,Negative,False
Dialysis.in.1.week,binary,HIV.Present,binary,,,12,WEAK,Negative,False
Dialysis.in.1.week,binary,TB,binary,,,12,WEAK,Negative,False
Dialysis.in.1.week,binary,Any.Viral.Infection,binary,,,12,WEAK,Negative,False
Dialysis.in.1.week,binary,Any.Fungal.Infection,binary,,,12,WEAK,Negative,False
Dialysis.in.1.week,binary,Hemat.Malignancy,binary,,,12,WEAK,Negative,False
Dialysis.in.1.week,binary,Solid.Organ,binary,,,12,WEAK,Negative,False
Dialysis.in.1.week,binary,APACHEII,continuous,,,12,WEAK,Negative,False
Dialysis.in.1.week,binary,SOFA,continuous,,,12,WEAK,Negative,False
Dialysis.in.1.week,binary,Hb,binary,,,12,WEAK,Negative,False
Dialysis.in.1.week,binary,TLC,binary,,,12,WEAK,Negative,False
Dialysis.in.1.week,binary,ANC,binary,,,12,WEAK,Negative,False
Dialysis.in.1.week,binary,Lympho,binary,,,12,WEAK,Negative,False
Dialysis.in.1.week,binary,Platelet,binary,,,12,WEAK,Negative,False
Dialysis.in.1.week,binary,INR,binary,,,12,WEAK,Negative,False
Dialysis.in.1.week,binary,Bil,binary,,,12,WEAK,Negative,False
Dialysis.in.1.week,binary,SGPT,binary,,,12,WEAK,Negative,False
Dialysis.in.1.week,binary,SGOT,binary,,,12,WEAK,Negative,False
Dialysis.in.1.week,binary,Albumin,binary,,,12,WEAK,Negative,False
Dialysis.in.1.week,binary,Total.Protein,binary,,,12,WEAK,Negative,False
Dialysis.in.1.week,binary,Globulin,binary,,,12,WEAK,Negative,False
Dialysis.in.1.week,binary,ALP,binary,,,12,WEAK,Negative,False
Dialysis.in.1.week,binary,Creatinine,binary,,,12,WEAK,Negative,False
Dialysis.in.1.week,binary,Sodium,binary,,,12,WEAK,Negative,False
Dialysis.in.1.week,binary,Potassium,binary,,,12,WEAK,Negative,False
Dialysis.in.1.week,binary,Urea,binary,,,12,WEAK,Negative,False
Dialysis.in.1.week,binary,Calcium,binary,,,12,WEAK,Negative,False
Dialysis.in.1.week,binary,Magnesium,binary,,,12,WEAK,Negative,False
Dialysis.in.1.week,binary,Procalcitonin,binary,,,12,WEAK,Negative,False
Dialysis.in.1.week,binary,P.C.Z.A.E,binary,,,12,WEAK,Negative,False
Dialysis.in.1.week,binary,P.C.only.E,binary,,,12,WEAK,Negative,False
Dialysis.in.1.week,binary,Z.A.only.E,binary,,,12,WEAK,Negative,False
Dialysis.in.1.week,binary,Neither.Abx.E,binary,,,12,WEAK,Negative,False
Dialysis.in.1.week,binary,P.C.Z.A.T,binary,,,12,WEAK,Negative,False
Dialysis.in.1.week,binary,P.C.only.T,binary,,,12,WEAK,Negative,False
Dialysis.in.1.week,binary,Z.A.only.T,binary,,,12,WEAK,Negative,False
Dialysis.in.1.week,binary,Neither.Abx.T,binary,,,12,WEAK,Negative,False
Dialysis.in.1.week,binary,Amikacin,ordinal,,,12,WEAK,Negative,False
Dialysis.in.1.week,binary,Aztreonam,ordinal,,,12,WEAK,Negative,False
Dialysis.in.1.week,binary,Ciprofloxacin,ordinal,,,12,WEAK,Negative,False
Dialysis.in.1.week,binary,Colistin,ordinal,,,12,WEAK,Negative,False
Dialysis.in.1.week,binary,Cefepime,ordinal,,,12,WEAK,Negative,False
Dialysis.in.1.week,binary,Gentamicin,binary,,,12,WEAK,Negative,False
Dialysis.in.1.week,binary,Imipenem,ordinal,,,12,WEAK,Negative,False
Dialysis.in.1.week,binary,Levofloxacin,ordinal,,,12,WEAK,Negative,False
Dialysis.in.1.week,binary,Meropenem,ordinal,,,12,WEAK,Negative,False
Dialysis.in.1.week,binary,Cefoperazone.Sulbactam,ordinal,,,12,WEAK,Negative,False
Dialysis.in.1.week,binary,Trimethoprim.Sulfamethoxazole,binary,,,12,WEAK,Negative,False
Dialysis.in.1.week,binary,Ceftazidime,ordinal,,,12,WEAK,Negative,False
Dialysis.in.1.week,binary,Tigecycline,binary,,,12,WEAK,Negative,False
Dialysis.in.1.week,binary,Piperacillin.Tazobactam,ordinal,,,12,WEAK,Negative,False
Dialysis.in.1.week,binary,ESBL.producer,binary,,,12,WEAK,Negative,False
Dialysis.in.1.week,binary,AmpC,binary,,,12,WEAK,Negative,False
Dialysis.in.1.week,binary,Carbapenemase,binary,,,12,WEAK,Negative,False
Dialysis.in.1.week,binary,MRSA,binary,,,12,WEAK,Negative,False
Dialysis.in.1.week,binary,VAN,binary,,,12,WEAK,Negative,False
Dialysis.in.1.week,binary,Polymyxin.Colistin.Inclusion,binary,,,12,WEAK,Negative,False
Dialysis.in.1.week,binary,Clinical.improvement,binary,,,12,WEAK,Negative,False
Dialysis.in.1.week,binary,ICU.Stay.in.28.Days,continuous,,,12,WEAK,Negative,False
Dialysis.in.1.week,binary,GW.Stay.in.28.Days,continuous,,,12,WEAK,Negative,False
Dialysis.in.1.week,binary,Total.Hospital.stay.in.28.days,continuous,,,12,WEAK,Negative,False
Dialysis.in.1.week,binary,Mortality.in.ICU,binary,,,12,WEAK,Negative,False
Dialysis.in.1.week,binary,Mortality.in.Hospital,binary,,,12,WEAK,Negative,False
Dialysis.in.1.week,binary,Mortality.post.28.Day.Discharge,binary,,,12,WEAK,Negative,False
Dialysis.in.1.week,binary,Overall.mortality,binary,,,12,WEAK,Negative,False
Dialysis.in.1.week,binary,Relapse.post.28.Day.Discharge,binary,,,12,WEAK,Negative,False
Dialysis.in.1.week,binary,Other.Illness.Leading.to.Hospitalization.post.28.Days.Discharge,binary,,,12,WEAK,Negative,False
Immunosuppressive.drugs.in.1.week,binary,Dialysis.on.Day.1,binary,,,12,WEAK,Negative,False
Immunosuppressive.drugs.in.1.week,binary,HIV.Present,binary,,,12,WEAK,Negative,False
Immunosuppressive.drugs.in.1.week,binary,TB,binary,,,12,WEAK,Negative,False
Immunosuppressive.drugs.in.1.week,binary,Hb,binary,,,12,WEAK,Negative,False
Immunosuppressive.drugs.in.1.week,binary,INR,binary,,,12,WEAK,Negative,False
Immunosuppressive.drugs.in.1.week,binary,Procalcitonin,binary,,,12,WEAK,Negative,False
Immunosuppressive.drugs.in.1.week,binary,Neither.Abx.E,binary,,,12,WEAK,Negative,False
Immunosuppressive.drugs.in.1.week,binary,Neither.Abx.T,binary,,,12,WEAK,Negative,False
Immunosuppressive.drugs.in.1.week,binary,Trimethoprim.Sulfamethoxazole,binary,,,12,WEAK,Negative,False
Immunosuppressive.drugs.in.1.week,binary,Tigecycline,binary,,,12,WEAK,Negative,False
Immunosuppressive.drugs.in.1.week,binary,ESBL.producer,binary,,,12,WEAK,Negative,False
Immunosuppressive.drugs.in.1.week,binary,AmpC,binary,,,12,WEAK,Negative,False
Immunosuppressive.drugs.in.1.week,binary,MRSA,binary,,,12,WEAK,Negative,False
Immunosuppressive.drugs.in.1.week,binary,VAN,binary,,,12,WEAK,Negative,False
Immunosuppressive.drugs.in.1.week,binary,Polymyxin.Colistin.Inclusion,binary,,,12,WEAK,Negative,False
Immunosuppressive.drugs.in.1.week,binary,Mortality.in.ICU,binary,,,12,WEAK,Negative,False
Immunosuppressive.drugs.in.1.week,binary,Other.Illness.Leading.to.Hospitalization.post.28.Days.Discharge,binary,,,12,WEAK,Negative,False
Inotropes.,binary,Dialysis.on.Day.1,binary,,,12,WEAK,Negative,False
Inotropes.,binary,HIV.Present,binary,,,12,WEAK,Negative,False
Inotropes.,binary,TB,binary,,,12,WEAK,Negative,False
Inotropes.,binary,Hb,binary,,,12,WEAK,Negative,False
Inotropes.,binary,INR,binary,,,12,WEAK,Negative,False
Inotropes.,binary,Procalcitonin,binary,,,12,WEAK,Negative,False
Inotropes.,binary,Neither.Abx.E,binary,,,12,WEAK,Negative,False
Inotropes.,binary,Neither.Abx.T,binary,,,12,WEAK,Negative,False
Inotropes.,binary,Trimethoprim.Sulfamethoxazole,binary,,,12,WEAK,Negative,False
Inotropes.,binary,Tigecycline,binary,,,12,WEAK,Negative,False
Inotropes.,binary,ESBL.producer,binary,,,12,WEAK,Negative,False
Inotropes.,binary,AmpC,binary,,,12,WEAK,Negative,False
Inotropes.,binary,MRSA,binary,,,12,WEAK,Negative,False
Inotropes.,binary,VAN,binary,,,12,WEAK,Negative,False
Inotropes.,binary,Polymyxin.Colistin.Inclusion,binary,,,12,WEAK,Negative,False
Inotropes.,binary,Mortality.in.ICU,binary,,,12,WEAK,Negative,False
Inotropes.,binary,Other.Illness.Leading.to.Hospitalization.post.28.Days.Discharge,binary,,,12,WEAK,Negative,False
Dialysis.on.Day.1,binary,Ventilation,binary,,,12,WEAK,Negative,False
Dialysis.on.Day.1,binary,Overall.organ.support,binary,,,12,WEAK,Negative,False
Dialysis.on.Day.1,binary,Neutropenia,binary,,,12,WEAK,Negative,False
Dialysis.on.Day.1,binary,HIV.Present,binary,,,12,WEAK,Negative,False
Dialysis.on.Day.1,binary,TB,binary,,,12,WEAK,Negative,False
Dialysis.on.Day.1,binary,Any.Viral.Infection,binary,,,12,WEAK,Negative,False
Dialysis.on.Day.1,binary,Any.Fungal.Infection,binary,,,12,WEAK,Negative,False
Dialysis.on.Day.1,binary,Hemat.Malignancy,binary,,,12,WEAK,Negative,False
Dialysis.on.Day.1,binary,Solid.Organ,binary,,,12,WEAK,Negative,False
Dialysis.on.Day.1,binary,APACHEII,continuous,,,12,WEAK,Negative,False
Dialysis.on.Day.1,binary,SOFA,continuous,,,12,WEAK,Negative,False
Dialysis.on.Day.1,binary,Hb,binary,,,12,WEAK,Negative,False
Dialysis.on.Day.1,binary,TLC,binary,,,12,WEAK,Negative,False
Dialysis.on.Day.1,binary,ANC,binary,,,12,WEAK,Negative,False
Dialysis.on.Day.1,binary,Lympho,binary,,,12,WEAK,Negative,False
Dialysis.on.Day.1,binary,Platelet,binary,,,12,WEAK,Negative,False
Dialysis.on.Day.1,binary,INR,binary,,,12,WEAK,Negative,False
Dialysis.on.Day.1,binary,Bil,binary,,,12,WEAK,Negative,False
Dialysis.on.Day.1,binary,SGPT,binary,,,12,WEAK,Negative,False
Dialysis.on.Day.1,binary,SGOT,binary,,,12,WEAK,Negative,False
Dialysis.on.Day.1,binary,Albumin,binary,,,12,WEAK,Negative,False
Dialysis.on.Day.1,binary,Total.Protein,binary,,,12,WEAK,Negative,False
Dialysis.on.Day.1,binary,Globulin,binary,,,12,WEAK,Negative,False
Dialysis.on.Day.1,binary,ALP,binary,,,12,WEAK,Negative,False
Dialysis.on.Day.1,binary,Creatinine,binary,,,12,WEAK,Negative,False
Dialysis.on.Day.1,binary,Sodium,binary,,,12,WEAK,Negative,False
Dialysis.on.Day.1,binary,Potassium,binary,,,12,WEAK,Negative,False
Dialysis.on.Day.1,binary,Urea,binary,,,12,WEAK,Negative,False
Dialysis.on.Day.1,binary,Calcium,binary,,,12,WEAK,Negative,False
Dialysis.on.Day.1,binary,Magnesium,binary,,,12,WEAK,Negative,False
Dialysis.on.Day.1,binary,Procalcitonin,binary,,,12,WEAK,Negative,False
Dialysis.on.Day.1,binary,P.C.Z.A.E,binary,,,12,WEAK,Negative,False
Dialysis.on.Day.1,binary,P.C.only.E,binary,,,12,WEAK,Negative,False
Dialysis.on.Day.1,binary,Z.A.only.E,binary,,,12,WEAK,Negative,False
Dialysis.on.Day.1,binary,Neither.Abx.E,binary,,,12,WEAK,Negative,False
Dialysis.on.Day.1,binary,P.C.Z.A.T,binary,,,12,WEAK,Negative,False
Dialysis.on.Day.1,binary,P.C.only.T,binary,,,12,WEAK,Negative,False
Dialysis.on.Day.1,binary,Z.A.only.T,binary,,,12,WEAK,Negative,False
Dialysis.on.Day.1,binary,Neither.Abx.T,binary,,,12,WEAK,Negative,False
Dialysis.on.Day.1,binary,Amikacin,ordinal,,,12,WEAK,Negative,False
Dialysis.on.Day.1,binary,Aztreonam,ordinal,,,12,WEAK,Negative,False
Dialysis.on.Day.1,binary,Ciprofloxacin,ordinal,,,12,WEAK,Negative,False
Dialysis.on.Day.1,binary,Colistin,ordinal,,,12,WEAK,Negative,False
Dialysis.on.Day.1,binary,Cefepime,ordinal,,,12,WEAK,Negative,False
Dialysis.on.Day.1,binary,Gentamicin,binary,,,12,WEAK,Negative,False
Dialysis.on.Day.1,binary,Imipenem,ordinal,,,12,WEAK,Negative,False
Dialysis.on.Day.1,binary,Levofloxacin,ordinal,,,12,WEAK,Negative,False
Dialysis.on.Day.1,binary,Meropenem,ordinal,,,12,WEAK,Negative,False
Dialysis.on.Day.1,binary,Cefoperazone.Sulbactam,ordinal,,,12,WEAK,Negative,False
Dialysis.on.Day.1,binary,Trimethoprim.Sulfamethoxazole,binary,,,12,WEAK,Negative,False
Dialysis.on.Day.1,binary,Ceftazidime,ordinal,,,12,WEAK,Negative,False
Dialysis.on.Day.1,binary,Tigecycline,binary,,,12,WEAK,Negative,False
Dialysis.on.Day.1,binary,Piperacillin.Tazobactam,ordinal,,,12,WEAK,Negative,False
Dialysis.on.Day.1,binary,ESBL.producer,binary,,,12,WEAK,Negative,False
Dialysis.on.Day.1,binary,AmpC,binary,,,12,WEAK,Negative,False
Dialysis.on.Day.1,binary,Carbapenemase,binary,,,12,WEAK,Negative,False
Dialysis.on.Day.1,binary,MRSA,binary,,,12,WEAK,Negative,False
Dialysis.on.Day.1,binary,VAN,binary,,,12,WEAK,Negative,False
Dialysis.on.Day.1,binary,Polymyxin.Colistin.Inclusion,binary,,,12,WEAK,Negative,False
Dialysis.on.Day.1,binary,Clinical.improvement,binary,,,12,WEAK,Negative,False
Dialysis.on.Day.1,binary,ICU.Stay.in.28.Days,continuous,,,12,WEAK,Negative,False
Dialysis.on.Day.1,binary,GW.Stay.in.28.Days,continuous,,,12,WEAK,Negative,False
Dialysis.on.Day.1,binary,Total.Hospital.stay.in.28.days,continuous,,,12,WEAK,Negative,False
Dialysis.on.Day.1,binary,Mortality.in.ICU,binary,,,12,WEAK,Negative,False
Dialysis.on.Day.1,binary,Mortality.in.Hospital,binary,,,12,WEAK,Negative,False
Dialysis.on.Day.1,binary,Mortality.post.28.Day.Discharge,binary,,,12,WEAK,Negative,False
Dialysis.on.Day.1,binary,Overall.mortality,binary,,,12,WEAK,Negative,False
Dialysis.on.Day.1,binary,Relapse.post.28.Day.Discharge,binary,,,12,WEAK,Negative,False
Dialysis.on.Day.1,binary,Other.Illness.Leading.to.Hospitalization.post.28.Days.Discharge,binary,,,12,WEAK,Negative,False
Ventilation,binary,HIV.Present,binary,,,12,WEAK,Negative,False
Ventilation,binary,TB,binary,,,12,WEAK,Negative,False
Ventilation,binary,Hb,binary,,,12,WEAK,Negative,False
Ventilation,binary,INR,binary,,,12,WEAK,Negative,False
Ventilation,binary,Procalcitonin,binary,,,12,WEAK,Negative,False
Ventilation,binary,Neither.Abx.E,binary,,,12,WEAK,Negative,False
Ventilation,binary,Neither.Abx.T,binary,,,12,WEAK,Negative,False
Ventilation,binary,Trimethoprim.Sulfamethoxazole,binary,,,12,WEAK,Negative,False
Ventilation,binary,Tigecycline,binary,,,12,WEAK,Negative,False
Ventilation,binary,ESBL.producer,binary,,,12,WEAK,Negative,False
Ventilation,binary,AmpC,binary,,,12,WEAK,Negative,False
Ventilation,binary,MRSA,binary,,,12,WEAK,Negative,False
Ventilation,binary,VAN,binary,,,12,WEAK,Negative,False
Ventilation,binary,Polymyxin.Colistin.Inclusion,binary,,,12,WEAK,Negative,False
Ventilation,binary,Mortality.in.ICU,binary,,,12,WEAK,Negative,False
Ventilation,binary,Other.Illness.Leading.to.Hospitalization.post.28.Days.Discharge,binary,,,12,WEAK,Negative,False
Overall.organ.support,binary,HIV.Present,binary,,,12,WEAK,Negative,False
Overall.organ.support,binary,TB,binary,,,12,WEAK,Negative,False
Overall.organ.support,binary,Hb,binary,,,12,WEAK,Negative,False
Overall.organ.support,binary,INR,binary,,,12,WEAK,Negative,False
Overall.organ.support,binary,Procalcitonin,binary,,,12,WEAK,Negative,False
Overall.organ.support,binary,Neither.Abx.E,binary,,,12,WEAK,Negative,False
Overall.organ.support,binary,Neither.Abx.T,binary,,,12,WEAK,Negative,False
Overall.organ.support,binary,Trimethoprim.Sulfamethoxazole,binary,,,12,WEAK,Negative,False
Overall.organ.support,binary,Tigecycline,binary,,,12,WEAK,Negative,False
Overall.organ.support,binary,ESBL.producer,binary,,,12,WEAK,Negative,False
Overall.organ.support,binary,AmpC,binary,,,12,WEAK,Negative,False
Overall.organ.support,binary,MRSA,binary,,,12,WEAK,Negative,False
Overall.organ.support,binary,VAN,binary,,,12,WEAK,Negative,False
Overall.organ.support,binary,Polymyxin.Colistin.Inclusion,binary,,,12,WEAK,Negative,False
Overall.organ.support,binary,Mortality.in.ICU,binary,,,12,WEAK,Negative,False
Overall.organ.support,binary,Other.Illness.Leading.to.Hospitalization.post.28.Days.Discharge,binary,,,12,WEAK,Negative,False
Neutropenia,binary,HIV.Present,binary,,,12,WEAK,Negative,False
Neutropenia,binary,TB,binary,,,12,WEAK,Negative,False
Neutropenia,binary,Hb,binary,,,12,WEAK,Negative,False
Neutropenia,binary,INR,binary,,,12,WEAK,Negative,False
Neutropenia,binary,Procalcitonin,binary,,,12,WEAK,Negative,False
Neutropenia,binary,Neither.Abx.E,binary,,,12,WEAK,Negative,False
Neutropenia,binary,Neither.Abx.T,binary,,,12,WEAK,Negative,False
Neutropenia,binary,Trimethoprim.Sulfamethoxazole,binary,,,12,WEAK,Negative,False
Neutropenia,binary,Tigecycline,binary,,,12,WEAK,Negative,False
Neutropenia,binary,ESBL.producer,binary,,,12,WEAK,Negative,False
Neutropenia,binary,AmpC,binary,,,12,WEAK,Negative,False
Neutropenia,binary,MRSA,binary,,,12,WEAK,Negative,False
Neutropenia,binary,VAN,binary,,,12,WEAK,Negative,False
Neutropenia,binary,Polymyxin.Colistin.Inclusion,binary,,,12,WEAK,Negative,False
Neutropenia,binary,Mortality.in.ICU,binary,,,12,WEAK,Negative,False
Neutropenia,binary,Other.Illness.Leading.to.Hospitalization.post.28.Days.Discharge,binary,,,12,WEAK,Negative,False
HIV.Present,binary,TB,binary,,,12,WEAK,Negative,False
HIV.Present,binary,Any.Viral.Infection,binary,,,12,WEAK,Negative,False
HIV.Present,binary,Any.Fungal.Infection,binary,,,12,WEAK,Negative,False
HIV.Present,binary,Hemat.Malignancy,binary,,,12,WEAK,Negative,False
HIV.Present,binary,Solid.Organ,binary,,,12,WEAK,Negative,False
HIV.Present,binary,APACHEII,continuous,,,12,WEAK,Negative,False
HIV.Present,binary,SOFA,continuous,,,12,WEAK,Negative,False
HIV.Present,binary,Hb,binary,,,12,WEAK,Negative,False
HIV.Present,binary,TLC,binary,,,12,WEAK,Negative,False
HIV.Present,binary,ANC,binary,,,12,WEAK,Negative,False
HIV.Present,binary,Lympho,binary,,,12,WEAK,Negative,False
HIV.Present,binary,Platelet,binary,,,12,WEAK,Negative,False
HIV.Present,binary,INR,binary,,,12,WEAK,Negative,False
HIV.Present,binary,Bil,binary,,,12,WEAK,Negative,False
HIV.Present,binary,SGPT,binary,,,12,WEAK,Negative,False
HIV.Present,binary,SGOT,binary,,,12,WEAK,Negative,False
HIV.Present,binary,Albumin,binary,,,12,WEAK,Negative,False
HIV.Present,binary,Total.Protein,binary,,,12,WEAK,Negative,False
HIV.Present,binary,Globulin,binary,,,12,WEAK,Negative,False
HIV.Present,binary,ALP,binary,,,12,WEAK,Negative,False
HIV.Present,binary,Creatinine,binary,,,12,WEAK,Negative,False
HIV.Present,binary,Sodium,binary,,,12,WEAK,Negative,False
HIV.Present,binary,Potassium,binary,,,12,WEAK,Negative,False
HIV.Present,binary,Urea,binary,,,12,WEAK,Negative,False
HIV.Present,binary,Calcium,binary,,,12,WEAK,Negative,False
HIV.Present,binary,Magnesium,binary,,,12,WEAK,Negative,False
HIV.Present,binary,Procalcitonin,binary,,,12,WEAK,Negative,False
HIV.Present,binary,P.C.Z.A.E,binary,,,12,WEAK,Negative,False
HIV.Present,binary,P.C.only.E,binary,,,12,WEAK,Negative,False
HIV.Present,binary,Z.A.only.E,binary,,,12,WEAK,Negative,False
HIV.Present,binary,Neither.Abx.E,binary,,,12,WEAK,Negative,False
HIV.Present,binary,P.C.Z.A.T,binary,,,12,WEAK,Negative,False
HIV.Present,binary,P.C.only.T,binary,,,12,WEAK,Negative,False
HIV.Present,binary,Z.A.only.T,binary,,,12,WEAK,Negative,False
HIV.Present,binary,Neither.Abx.T,binary,,,12,WEAK,Negative,False
HIV.Present,binary,Amikacin,ordinal,,,12,WEAK,Negative,False
HIV.Present,binary,Aztreonam,ordinal,,,12,WEAK,Negative,False
HIV.Present,binary,Ciprofloxacin,ordinal,,,12,WEAK,Negative,False
HIV.Present,binary,Colistin,ordinal,,,12,WEAK,Negative,False
HIV.Present,binary,Cefepime,ordinal,,,12,WEAK,Negative,False
HIV.Present,binary,Gentamicin,binary,,,12,WEAK,Negative,False
HIV.Present,binary,Imipenem,ordinal,,,12,WEAK,Negative,False
HIV.Present,binary,Levofloxacin,ordinal,,,12,WEAK,Negative,False
HIV.Present,binary,Meropenem,ordinal,,,12,WEAK,Negative,False
HIV.Present,binary,Cefoperazone.Sulbactam,ordinal,,,12,WEAK,Negative,False
HIV.Present,binary,Trimethoprim.Sulfamethoxazole,binary,,,12,WEAK,Negative,False
HIV.Present,binary,Ceftazidime,ordinal,,,12,WEAK,Negative,False
HIV.Present,binary,Tigecycline,binary,,,12,WEAK,Negative,False
HIV.Present,binary,Piperacillin.Tazobactam,ordinal,,,12,WEAK,Negative,False
HIV.Present,binary,ESBL.producer,binary,,,12,WEAK,Negative,False
HIV.Present,binary,AmpC,binary,,,12,WEAK,Negative,False
HIV.Present,binary,Carbapenemase,binary,,,12,WEAK,Negative,False
HIV.Present,binary,MRSA,binary,,,12,WEAK,Negative,False
HIV.Present,binary,VAN,binary,,,12,WEAK,Negative,False
HIV.Present,binary,Polymyxin.Colistin.Inclusion,binary,,,12,WEAK,Negative,False
HIV.Present,binary,Clinical.improvement,binary,,,12,WEAK,Negative,False
HIV.Present,binary,ICU.Stay.in.28.Days,continuous,,,12,WEAK,Negative,False
HIV.Present,binary,GW.Stay.in.28.Days,continuous,,,12,WEAK,Negative,False
HIV.Present,binary,Total.Hospital.stay.in.28.days,continuous,,,12,WEAK,Negative,False
HIV.Present,binary,Mortality.in.ICU,binary,,,12,WEAK,Negative,False
HIV.Present,binary,Mortality.in.Hospital,binary,,,12,WEAK,Negative,False
HIV.Present,binary,Mortality.post.28.Day.Discharge,binary,,,12,WEAK,Negative,False
HIV.Present,binary,Overall.mortality,binary,,,12,WEAK,Negative,False
HIV.Present,binary,Relapse.post.28.Day.Discharge,binary,,,12,WEAK,Negative,False
HIV.Present,binary,Other.Illness.Leading.to.Hospitalization.post.28.Days.Discharge,binary,,,12,WEAK,Negative,False
TB,binary,Any.Viral.Infection,binary,,,12,WEAK,Negative,False
TB,binary,Any.Fungal.Infection,binary,,,12,WEAK,Negative,False
TB,binary,Hemat.Malignancy,binary,,,12,WEAK,Negative,False
TB,binary,Solid.Organ,binary,,,12,WEAK,Negative,False
TB,binary,APACHEII,continuous,,,12,WEAK,Negative,False
TB,binary,SOFA,continuous,,,12,WEAK,Negative,False
TB,binary,Hb,binary,,,12,WEAK,Negative,False
TB,binary,TLC,binary,,,12,WEAK,Negative,False
TB,binary,ANC,binary,,,12,WEAK,Negative,False
TB,binary,Lympho,binary,,,12,WEAK,Negative,False
TB,binary,Platelet,binary,,,12,WEAK,Negative,False
TB,binary,INR,binary,,,12,WEAK,Negative,False
TB,binary,Bil,binary,,,12,WEAK,Negative,False
TB,binary,SGPT,binary,,,12,WEAK,Negative,False
TB,binary,SGOT,binary,,,12,WEAK,Negative,False
TB,binary,Albumin,binary,,,12,WEAK,Negative,False
TB,binary,Total.Protein,binary,,,12,WEAK,Negative,False
TB,binary,Globulin,binary,,,12,WEAK,Negative,False
TB,binary,ALP,binary,,,12,WEAK,Negative,False
TB,binary,Creatinine,binary,,,12,WEAK,Negative,False
TB,binary,Sodium,binary,,,12,WEAK,Negative,False
TB,binary,Potassium,binary,,,12,WEAK,Negative,False
TB,binary,Urea,binary,,,12,WEAK,Negative,False
TB,binary,Calcium,binary,,,12,WEAK,Negative,False
TB,binary,Magnesium,binary,,,12,WEAK,Negative,False
TB,binary,Procalcitonin,binary,,,12,WEAK,Negative,False
TB,binary,P.C.Z.A.E,binary,,,12,WEAK,Negative,False
TB,binary,P.C.only.E,binary,,,12,WEAK,Negative,False
TB,binary,Z.A.only.E,binary,,,12,WEAK,Negative,False
TB,binary,Neither.Abx.E,binary,,,12,WEAK,Negative,False
TB,binary,P.C.Z.A.T,binary,,,12,WEAK,Negative,False
TB,binary,P.C.only.T,binary,,,12,WEAK,Negative,False
TB,binary,Z.A.only.T,binary,,,12,WEAK,Negative,False
TB,binary,Neither.Abx.T,binary,,,12,WEAK,Negative,False
TB,binary,Amikacin,ordinal,,,12,WEAK,Negative,False
TB,binary,Aztreonam,ordinal,,,12,WEAK,Negative,False
TB,binary,Ciprofloxacin,ordinal,,,12,WEAK,Negative,False
TB,binary,Colistin,ordinal,,,12,WEAK,Negative,False
TB,binary,Cefepime,ordinal,,,12,WEAK,Negative,False
TB,binary,Gentamicin,binary,,,12,WEAK,Negative,False
TB,binary,Imipenem,ordinal,,,12,WEAK,Negative,False
TB,binary,Levofloxacin,ordinal,,,12,WEAK,Negative,False
TB,binary,Meropenem,ordinal,,,12,WEAK,Negative,False
TB,binary,Cefoperazone.Sulbactam,ordinal,,,12,WEAK,Negative,False
TB,binary,Trimethoprim.Sulfamethoxazole,binary,,,12,WEAK,Negative,False
TB,binary,Ceftazidime,ordinal,,,12,WEAK,Negative,False
TB,binary,Tigecycline,binary,,,12,WEAK,Negative,False
TB,binary,Piperacillin.Tazobactam,ordinal,,,12,WEAK,Negative,False
TB,binary,ESBL.producer,binary,,,12,WEAK,Negative,False
TB,binary,AmpC,binary,,,12,WEAK,Negative,False
TB,binary,Carbapenemase,binary,,,12,WEAK,Negative,False
TB,binary,MRSA,binary,,,12,WEAK,Negative,False
TB,binary,VAN,binary,,,12,WEAK,Negative,False
TB,binary,Polymyxin.Colistin.Inclusion,binary,,,12,WEAK,Negative,False
TB,binary,Clinical.improvement,binary,,,12,WEAK,Negative,False
TB,binary,ICU.Stay.in.28.Days,continuous,,,12,WEAK,Negative,False
TB,binary,GW.Stay.in.28.Days,continuous,,,12,WEAK,Negative,False
TB,binary,Total.Hospital.stay.in.28.days,continuous,,,12,WEAK,Negative,False
TB,binary,Mortality.in.ICU,binary,,,12,WEAK,Negative,False
TB,binary,Mortality.in.Hospital,binary,,,12,WEAK,Negative,False
TB,binary,Mortality.post.28.Day.Discharge,binary,,,12,WEAK,Negative,False
TB,binary,Overall.mortality,binary,,,12,WEAK,Negative,False
TB,binary,Relapse.post.28.Day.Discharge,binary,,,12,WEAK,Negative,False
TB,binary,Other.Illness.Leading.to.Hospitalization.post.28.Days.Discharge,binary,,,12,WEAK,Negative,False
Any.Viral.Infection,binary,Hb,binary,,,12,WEAK,Negative,False
Any.Viral.Infection,binary,INR,binary,,,12,WEAK,Negative,False
Any.Viral.Infection,binary,Procalcitonin,binary,,,12,WEAK,Negative,False
Any.Viral.Infection,binary,Neither.Abx.E,binary,,,12,WEAK,Negative,False
Any.Viral.Infection,binary,Neither.Abx.T,binary,,,12,WEAK,Negative,False
Any.Viral.Infection,binary,Trimethoprim.Sulfamethoxazole,binary,,,12,WEAK,Negative,False
Any.Viral.Infection,binary,Tigecycline,binary,,,12,WEAK,Negative,False
Any.Viral.Infection,binary,ESBL.producer,binary,,,12,WEAK,Negative,False
Any.Viral.Infection,binary,AmpC,binary,,,12,WEAK,Negative,False
Any.Viral.Infection,binary,MRSA,binary,,,12,WEAK,Negative,False
Any.Viral.Infection,binary,VAN,binary,,,12,WEAK,Negative,False
Any.Viral.Infection,binary,Polymyxin.Colistin.Inclusion,binary,,,12,WEAK,Negative,False
Any.Viral.Infection,binary,Mortality.in.ICU,binary,,,12,WEAK,Negative,False
Any.Viral.Infection,binary,Other.Illness.Leading.to.Hospitalization.post.28.Days.Discharge,binary,,,12,WEAK,Negative,False
Any.Fungal.Infection,binary,Hb,binary,,,12,WEAK,Negative,False
Any.Fungal.Infection,binary,INR,binary,,,12,WEAK,Negative,False
Any.Fungal.Infection,binary,Procalcitonin,binary,,,12,WEAK,Negative,False
Any.Fungal.Infection,binary,Neither.Abx.E,binary,,,12,WEAK,Negative,False
Any.Fungal.Infection,binary,Neither.Abx.T,binary,,,12,WEAK,Negative,False
Any.Fungal.Infection,binary,Trimethoprim.Sulfamethoxazole,binary,,,12,WEAK,Negative,False
Any.Fungal.Infection,binary,Tigecycline,binary,,,12,WEAK,Negative,False
Any.Fungal.Infection,binary,ESBL.producer,binary,,,12,WEAK,Negative,False
Any.Fungal.Infection,binary,AmpC,binary,,,12,WEAK,Negative,False
Any.Fungal.Infection,binary,MRSA,binary,,,12,WEAK,Negative,False
Any.Fungal.Infection,binary,VAN,binary,,,12,WEAK,Negative,False
Any.Fungal.Infection,binary,Polymyxin.Colistin.Inclusion,binary,,,12,WEAK,Negative,False
Any.Fungal.Infection,binary,Mortality.in.ICU,binary,,,12,WEAK,Negative,False
Any.Fungal.Infection,binary,Other.Illness.Leading.to.Hospitalization.post.28.Days.Discharge,binary,,,12,WEAK,Negative,False
Hemat.Malignancy,binary,Hb,binary,,,12,WEAK,Negative,False
Hemat.Malignancy,binary,INR,binary,,,12,WEAK,Negative,False
Hemat.Malignancy,binary,Procalcitonin,binary,,,12,WEAK,Negative,False
Hemat.Malignancy,binary,Neither.Abx.E,binary,,,12,WEAK,Negative,False
Hemat.Malignancy,binary,Neither.Abx.T,binary,,,12,WEAK,Negative,False
Hemat.Malignancy,binary,Trimethoprim.Sulfamethoxazole,binary,,,12,WEAK,Negative,False
Hemat.Malignancy,binary,Tigecycline,binary,,,12,WEAK,Negative,False
Hemat.Malignancy,binary,ESBL.producer,binary,,,12,WEAK,Negative,False
Hemat.Malignancy,binary,AmpC,binary,,,12,WEAK,Negative,False
Hemat.Malignancy,binary,MRSA,binary,,,12,WEAK,Negative,False
Hemat.Malignancy,binary,VAN,binary,,,12,WEAK,Negative,False
Hemat.Malignancy,binary,Polymyxin.Colistin.Inclusion,binary,,,12,WEAK,Negative,False
Hemat.Malignancy,binary,Mortality.in.ICU,binary,,,12,WEAK,Negative,False
Hemat.Malignancy,binary,Other.Illness.Leading.to.Hospitalization.post.28.Days.Discharge,binary,,,12,WEAK,Negative,False
Solid.Organ,binary,Hb,binary,,,12,WEAK,Negative,False
Solid.Organ,binary,INR,binary,,,12,WEAK,Negative,False
Solid.Organ,binary,Procalcitonin,binary,,,12,WEAK,Negative,False
Solid.Organ,binary,Neither.Abx.E,binary,,,12,WEAK,Negative,False
Solid.Organ,binary,Neither.Abx.T,binary,,,12,WEAK,Negative,False
Solid.Organ,binary,Trimethoprim.Sulfamethoxazole,binary,,,12,WEAK,Negative,False
Solid.Organ,binary,Tigecycline,binary,,,12,WEAK,Negative,False
Solid.Organ,binary,ESBL.producer,binary,,,12,WEAK,Negative,False
Solid.Organ,binary,AmpC,binary,,,12,WEAK,Negative,False
Solid.Organ,binary,MRSA,binary,,,12,WEAK,Negative,False
Solid.Organ,binary,VAN,binary,,,12,WEAK,Negative,False
Solid.Organ,binary,Polymyxin.Colistin.Inclusion,binary,,,12,WEAK,Negative,False
Solid.Organ,binary,Mortality.in.ICU,binary,,,12,WEAK,Negative,False
Solid.Organ,binary,Other.Illness.Leading.to.Hospitalization.post.28.Days.Discharge,binary,,,12,WEAK,Negative,False
APACHEII,continuous,Hb,binary,,,12,WEAK,Negative,False
APACHEII,continuous,INR,binary,,,12,WEAK,Negative,False
APACHEII,continuous,Procalcitonin,binary,,,12,WEAK,Negative,False
APACHEII,continuous,Neither.Abx.E,binary,,,12,WEAK,Negative,False
APACHEII,continuous,Neither.Abx.T,binary,,,12,WEAK,Negative,False
APACHEII,continuous,Trimethoprim.Sulfamethoxazole,binary,,,12,WEAK,Negative,False
APACHEII,continuous,Tigecycline,binary,,,12,WEAK,Negative,False
APACHEII,continuous,ESBL.producer,binary,,,12,WEAK,Negative,False
APACHEII,continuous,AmpC,binary,,,12,WEAK,Negative,False
APACHEII,continuous,MRSA,binary,,,12,WEAK,Negative,False
APACHEII,continuous,VAN,binary,,,12,WEAK,Negative,False
APACHEII,continuous,Polymyxin.Colistin.Inclusion,binary,,,12,WEAK,Negative,False
APACHEII,continuous,Mortality.in.ICU,binary,,,12,WEAK,Negative,False
APACHEII,continuous,Other.Illness.Leading.to.Hospitalization.post.28.Days.Discharge,binary,,,12,WEAK,Negative,False
SOFA,continuous,Hb,binary,,,12,WEAK,Negative,False
SOFA,continuous,INR,binary,,,12,WEAK,Negative,False
SOFA,continuous,Procalcitonin,binary,,,12,WEAK,Negative,False
SOFA,continuous,Neither.Abx.E,binary,,,12,WEAK,Negative,False
SOFA,continuous,Neither.Abx.T,binary,,,12,WEAK,Negative,False
SOFA,continuous,Trimethoprim.Sulfamethoxazole,binary,,,12,WEAK,Negative,False
SOFA,continuous,Tigecycline,binary,,,12,WEAK,Negative,False
SOFA,continuous,ESBL.producer,binary,,,12,WEAK,Negative,False
SOFA,continuous,AmpC,binary,,,12,WEAK,Negative,False
SOFA,continuous,MRSA,binary,,,12,WEAK,Negative,False
SOFA,continuous,VAN,binary,,,12,WEAK,Negative,False
SOFA,continuous,Polymyxin.Colistin.Inclusion,binary,,,12,WEAK,Negative,False
SOFA,continuous,Mortality.in.ICU,binary,,,12,WEAK,Negative,False
SOFA,continuous,Other.Illness.Leading.to.Hospitalization.post.28.Days.Discharge,binary,,,12,WEAK,Negative,False
Hb,binary,TLC,binary,,,12,WEAK,Negative,False
Hb,binary,ANC,binary,,,12,WEAK,Negative,False
Hb,binary,Lympho,binary,,,12,WEAK,Negative,False
Hb,binary,Platelet,binary,,,12,WEAK,Negative,False
Hb,binary,INR,binary,,,12,WEAK,Negative,False
Hb,binary,Bil,binary,,,12,WEAK,Negative,False
Hb,binary,SGPT,binary,,,12,WEAK,Negative,False
Hb,binary,SGOT,binary,,,12,WEAK,Negative,False
Hb,binary,Albumin,binary,,,12,WEAK,Negative,False
Hb,binary,Total.Protein,binary,,,12,WEAK,Negative,False
Hb,binary,Globulin,binary,,,12,WEAK,Negative,False
Hb,binary,ALP,binary,,,12,WEAK,Negative,False
Hb,binary,Creatinine,binary,,,12,WEAK,Negative,False
Hb,binary,Sodium,binary,,,12,WEAK,Negative,False
Hb,binary,Potassium,binary,,,12,WEAK,Negative,False
Hb,binary,Urea,binary,,,12,WEAK,Negative,False
Hb,binary,Calcium,binary,,,12,WEAK,Negative,False
Hb,binary,Magnesium,binary,,,12,WEAK,Negative,False
Hb,binary,Procalcitonin,binary,,,12,WEAK,Negative,False
Hb,binary,P.C.Z.A.E,binary,,,12,WEAK,Negative,False
Hb,binary,P.C.only.E,binary,,,12,WEAK,Negative,False
Hb,binary,Z.A.only.E,binary,,,12,WEAK,Negative,False
Hb,binary,Neither.Abx.E,binary,,,12,WEAK,Negative,False
Hb,binary,P.C.Z.A.T,binary,,,12,WEAK,Negative,False
Hb,binary,P.C.only.T,binary,,,12,WEAK,Negative,False
Hb,binary,Z.A.only.T,binary,,,12,WEAK,Negative,False
Hb,binary,Neither.Abx.T,binary,,,12,WEAK,Negative,False
Hb,binary,Amikacin,ordinal,,,12,WEAK,Negative,False
Hb,binary,Aztreonam,ordinal,,,12,WEAK,Negative,False
Hb,binary,Ciprofloxacin,ordinal,,,12,WEAK,Negative,False
Hb,binary,Colistin,ordinal,,,12,WEAK,Negative,False
Hb,binary,Cefepime,ordinal,,,12,WEAK,Negative,False
Hb,binary,Gentamicin,binary,,,12,WEAK,Negative,False
Hb,binary,Imipenem,ordinal,,,12,WEAK,Negative,False
Hb,binary,Levofloxacin,ordinal,,,12,WEAK,Negative,False
Hb,binary,Meropenem,ordinal,,,12,WEAK,Negative,False
Hb,binary,Cefoperazone.Sulbactam,ordinal,,,12,WEAK,Negative,False
Hb,binary,Trimethoprim.Sulfamethoxazole,binary,,,12,WEAK,Negative,False
Hb,binary,Ceftazidime,ordinal,,,12,WEAK,Negative,False
Hb,binary,Tigecycline,binary,,,12,WEAK,Negative,False
Hb,binary,Piperacillin.Tazobactam,ordinal,,,12,WEAK,Negative,False
Hb,binary,ESBL.producer,binary,,,12,WEAK,Negative,False
Hb,binary,AmpC,binary,,,12,WEAK,Negative,False
Hb,binary,Carbapenemase,binary,,,12,WEAK,Negative,False
Hb,binary,MRSA,binary,,,12,WEAK,Negative,False
Hb,binary,VAN,binary,,,12,WEAK,Negative,False
Hb,binary,Polymyxin.Colistin.Inclusion,binary,,,12,WEAK,Negative,False
Hb,binary,Clinical.improvement,binary,,,12,WEAK,Negative,False
Hb,binary,ICU.Stay.in.28.Days,continuous,,,12,WEAK,Negative,False
Hb,binary,GW.Stay.in.28.Days,continuous,,,12,WEAK,Negative,False
Hb,binary,Total.Hospital.stay.in.28.days,continuous,,,12,WEAK,Negative,False
Hb,binary,Mortality.in.ICU,binary,,,12,WEAK,Negative,False
Hb,binary,Mortality.in.Hospital,binary,,,12,WEAK,Negative,False
Hb,binary,Mortality.post.28.Day.Discharge,binary,,,12,WEAK,Negative,False
Hb,binary,Overall.mortality,binary,,,12,WEAK,Negative,False
Hb,binary,Relapse.post.28.Day.Discharge,binary,,,12,WEAK,Negative,False
Hb,binary,Other.Illness.Leading.to.Hospitalization.post.28.Days.Discharge,binary,,,12,WEAK,Negative,False
TLC,binary,INR,binary,,,12,WEAK,Negative,False
TLC,binary,Procalcitonin,binary,,,12,WEAK,Negative,False
TLC,binary,Neither.Abx.E,binary,,,12,WEAK,Negative,False
TLC,binary,Neither.Abx.T,binary,,,12,WEAK,Negative,False
TLC,binary,Trimethoprim.Sulfamethoxazole,binary,,,12,WEAK,Negative,False
TLC,binary,Tigecycline,binary,,,12,WEAK,Negative,False
TLC,binary,ESBL.producer,binary,,,12,WEAK,Negative,False
TLC,binary,AmpC,binary,,,12,WEAK,Negative,False
TLC,binary,MRSA,binary,,,12,WEAK,Negative,False
TLC,binary,VAN,binary,,,12,WEAK,Negative,False
TLC,binary,Polymyxin.Colistin.Inclusion,binary,,,12,WEAK,Negative,False
TLC,binary,Mortality.in.ICU,binary,,,12,WEAK,Negative,False
TLC,binary,Other.Illness.Leading.to.Hospitalization.post.28.Days.Discharge,binary,,,12,WEAK,Negative,False
ANC,binary,INR,binary,,,12,WEAK,Negative,False
ANC,binary,Procalcitonin,binary,,,12,WEAK,Negative,False
ANC,binary,Neither.Abx.E,binary,,,12,WEAK,Negative,False
ANC,binary,Neither.Abx.T,binary,,,12,WEAK,Negative,False
ANC,binary,Trimethoprim.Sulfamethoxazole,binary,,,12,WEAK,Negative,False
ANC,binary,Tigecycline,binary,,,12,WEAK,Negative,False
ANC,binary,ESBL.producer,binary,,,12,WEAK,Negative,False
ANC,binary,AmpC,binary,,,12,WEAK,Negative,False
ANC,binary,MRSA,binary,,,12,WEAK,Negative,False
ANC,binary,VAN,binary,,,12,WEAK,Negative,False
ANC,binary,Polymyxin.Colistin.Inclusion,binary,,,12,WEAK,Negative,False
ANC,binary,Mortality.in.ICU,binary,,,12,WEAK,Negative,False
ANC,binary,Other.Illness.Leading.to.Hospitalization.post.28.Days.Discharge,binary,,,12,WEAK,Negative,False
Lympho,binary,INR,binary,,,12,WEAK,Negative,False
Lympho,binary,Procalcitonin,binary,,,12,WEAK,Negative,False
Lympho,binary,Neither.Abx.E,binary,,,12,WEAK,Negative,False
Lympho,binary,Neither.Abx.T,binary,,,12,WEAK,Negative,False
Lympho,binary,Trimethoprim.Sulfamethoxazole,binary,,,12,WEAK,Negative,False
Lympho,binary,Tigecycline,binary,,,12,WEAK,Negative,False
Lympho,binary,ESBL.producer,binary,,,12,WEAK,Negative,False
Lympho,binary,AmpC,binary,,,12,WEAK,Negative,False
Lympho,binary,MRSA,binary,,,12,WEAK,Negative,False
Lympho,binary,VAN,binary,,,12,WEAK,Negative,False
Lympho,binary,Polymyxin.Colistin.Inclusion,binary,,,12,WEAK,Negative,False
Lympho,binary,Mortality.in.ICU,binary,,,12,WEAK,Negative,False
Lympho,binary,Other.Illness.Leading.to.Hospitalization.post.28.Days.Discharge,binary,,,12,WEAK,Negative,False
Platelet,binary,INR,binary,,,12,WEAK,Negative,False
Platelet,binary,Procalcitonin,binary,,,12,WEAK,Negative,False
Platelet,binary,Neither.Abx.E,binary,,,12,WEAK,Negative,False
Platelet,binary,Neither.Abx.T,binary,,,12,WEAK,Negative,False
Platelet,binary,Trimethoprim.Sulfamethoxazole,binary,,,12,WEAK,Negative,False
Platelet,binary,Tigecycline,binary,,,12,WEAK,Negative,False
Platelet,binary,ESBL.producer,binary,,,12,WEAK,Negative,False
Platelet,binary,AmpC,binary,,,12,WEAK,Negative,False
Platelet,binary,MRSA,binary,,,12,WEAK,Negative,False
Platelet,binary,VAN,binary,,,12,WEAK,Negative,False
Platelet,binary,Polymyxin.Colistin.Inclusion,binary,,,12,WEAK,Negative,False
Platelet,binary,Mortality.in.ICU,binary,,,12,WEAK,Negative,False
Platelet,binary,Other.Illness.Leading.to.Hospitalization.post.28.Days.Discharge,binary,,,12,WEAK,Negative,False
INR,binary,Bil,binary,,,12,WEAK,Negative,False
INR,binary,SGPT,binary,,,12,WEAK,Negative,False
INR,binary,SGOT,binary,,,12,WEAK,Negative,False
INR,binary,Albumin,binary,,,12,WEAK,Negative,False
INR,binary,Total.Protein,binary,,,12,WEAK,Negative,False
INR,binary,Globulin,binary,,,12,WEAK,Negative,False
INR,binary,ALP,binary,,,12,WEAK,Negative,False
INR,binary,Creatinine,binary,,,12,WEAK,Negative,False
INR,binary,Sodium,binary,,,12,WEAK,Negative,False
INR,binary,Potassium,binary,,,12,WEAK,Negative,False
INR,binary,Urea,binary,,,12,WEAK,Negative,False
INR,binary,Calcium,binary,,,12,WEAK,Negative,False
INR,binary,Magnesium,binary,,,12,WEAK,Negative,False
INR,binary,Procalcitonin,binary,,,12,WEAK,Negative,False
INR,binary,P.C.Z.A.E,binary,,,12,WEAK,Negative,False
INR,binary,P.C.only.E,binary,,,12,WEAK,Negative,False
INR,binary,Z.A.only.E,binary,,,12,WEAK,Negative,False
INR,binary,Neither.Abx.E,binary,,,12,WEAK,Negative,False
INR,binary,P.C.Z.A.T,binary,,,12,WEAK,Negative,False
INR,binary,P.C.only.T,binary,,,12,WEAK,Negative,False
INR,binary,Z.A.only.T,binary,,,12,WEAK,Negative,False
INR,binary,Neither.Abx.T,binary,,,12,WEAK,Negative,False
INR,binary,Amikacin,ordinal,,,12,WEAK,Negative,False
INR,binary,Aztreonam,ordinal,,,12,WEAK,Negative,False
INR,binary,Ciprofloxacin,ordinal,,,12,WEAK,Negative,False
INR,binary,Colistin,ordinal,,,12,WEAK,Negative,False
INR,binary,Cefepime,ordinal,,,12,WEAK,Negative,False
INR,binary,Gentamicin,binary,,,12,WEAK,Negative,False
INR,binary,Imipenem,ordinal,,,12,WEAK,Negative,False
INR,binary,Levofloxacin,ordinal,,,12,WEAK,Negative,False
INR,binary,Meropenem,ordinal,,,12,WEAK,Negative,False
INR,binary,Cefoperazone.Sulbactam,ordinal,,,12,WEAK,Negative,False
INR,binary,Trimethoprim.Sulfamethoxazole,binary,,,12,WEAK,Negative,False
INR,binary,Ceftazidime,ordinal,,,12,WEAK,Negative,False
INR,binary,Tigecycline,binary,,,12,WEAK,Negative,False
INR,binary,Piperacillin.Tazobactam,ordinal,,,12,WEAK,Negative,False
INR,binary,ESBL.producer,binary,,,12,WEAK,Negative,False
INR,binary,AmpC,binary,,,12,WEAK,Negative,False
INR,binary,Carbapenemase,binary,,,12,WEAK,Negative,False
INR,binary,MRSA,binary,,,12,WEAK,Negative,False
INR,binary,VAN,binary,,,12,WEAK,Negative,False
INR,binary,Polymyxin.Colistin.Inclusion,binary,,,12,WEAK,Negative,False
INR,binary,Clinical.improvement,binary,,,12,WEAK,Negative,False
INR,binary,ICU.Stay.in.28.Days,continuous,,,12,WEAK,Negative,False
INR,binary,GW.Stay.in.28.Days,continuous,,,12,WEAK,Negative,False
INR,binary,Total.Hospital.stay.in.28.days,continuous,,,12,WEAK,Negative,False
INR,binary,Mortality.in.ICU,binary,,,12,WEAK,Negative,False
INR,binary,Mortality.in.Hospital,binary,,,12,WEAK,Negative,False
INR,binary,Mortality.post.28.Day.Discharge,binary,,,12,WEAK,Negative,False
INR,binary,Overall.mortality,binary,,,12,WEAK,Negative,False
INR,binary,Relapse.post.28.Day.Discharge,binary,,,12,WEAK,Negative,False
INR,binary,Other.Illness.Leading.to.Hospitalization.post.28.Days.Discharge,binary,,,12,WEAK,Negative,False
Bil,binary,Procalcitonin,binary,,,12,WEAK,Negative,False
Bil,binary,Neither.Abx.E,binary,,,12,WEAK,Negative,False
Bil,binary,Neither.Abx.T,binary,,,12,WEAK,Negative,False
Bil,binary,Trimethoprim.Sulfamethoxazole,binary,,,12,WEAK,Negative,False
Bil,binary,Tigecycline,binary,,,12,WEAK,Negative,False
Bil,binary,ESBL.producer,binary,,,12,WEAK,Negative,False
Bil,binary,AmpC,binary,,,12,WEAK,Negative,False
Bil,binary,MRSA,binary,,,12,WEAK,Negative,False
Bil,binary,VAN,binary,,,12,WEAK,Negative,False
Bil,binary,Polymyxin.Colistin.Inclusion,binary,,,12,WEAK,Negative,False
Bil,binary,Mortality.in.ICU,binary,,,12,WEAK,Negative,False
Bil,binary,Other.Illness.Leading.to.Hospitalization.post.28.Days.Discharge,binary,,,12,WEAK,Negative,False
SGPT,binary,Procalcitonin,binary,,,12,WEAK,Negative,False
SGPT,binary,Neither.Abx.E,binary,,,12,WEAK,Negative,False
SGPT,binary,Neither.Abx.T,binary,,,12,WEAK,Negative,False
SGPT,binary,Trimethoprim.Sulfamethoxazole,binary,,,12,WEAK,Negative,False
SGPT,binary,Tigecycline,binary,,,12,WEAK,Negative,False
SGPT,binary,ESBL.producer,binary,,,12,WEAK,Negative,False
SGPT,binary,AmpC,binary,,,12,WEAK,Negative,False
SGPT,binary,MRSA,binary,,,12,WEAK,Negative,False
SGPT,binary,VAN,binary,,,12,WEAK,Negative,False
SGPT,binary,Polymyxin.Colistin.Inclusion,binary,,,12,WEAK,Negative,False
SGPT,binary,Mortality.in.ICU,binary,,,12,WEAK,Negative,False
SGPT,binary,Other.Illness.Leading.to.Hospitalization.post.28.Days.Discharge,binary,,,12,WEAK,Negative,False
SGOT,binary,Procalcitonin,binary,,,12,WEAK,Negative,False
SGOT,binary,Neither.Abx.E,binary,,,12,WEAK,Negative,False
SGOT,binary,Neither.Abx.T,binary,,,12,WEAK,Negative,False
SGOT,binary,Trimethoprim.Sulfamethoxazole,binary,,,12,WEAK,Negative,False
SGOT,binary,Tigecycline,binary,,,12,WEAK,Negative,False
SGOT,binary,ESBL.producer,binary,,,12,WEAK,Negative,False
SGOT,binary,AmpC,binary,,,12,WEAK,Negative,False
SGOT,binary,MRSA,binary,,,12,WEAK,Negative,False
SGOT,binary,VAN,binary,,,12,WEAK,Negative,False
SGOT,binary,Polymyxin.Colistin.Inclusion,binary,,,12,WEAK,Negative,False
SGOT,binary,Mortality.in.ICU,binary,,,12,WEAK,Negative,False
SGOT,binary,Other.Illness.Leading.to.Hospitalization.post.28.Days.Discharge,binary,,,12,WEAK,Negative,False
Albumin,binary,Procalcitonin,binary,,,12,WEAK,Negative,False
Albumin,binary,Neither.Abx.E,binary,,,12,WEAK,Negative,False
Albumin,binary,Neither.Abx.T,binary,,,12,WEAK,Negative,False
Albumin,binary,Trimethoprim.Sulfamethoxazole,binary,,,12,WEAK,Negative,False
Albumin,binary,Tigecycline,binary,,,12,WEAK,Negative,False
Albumin,binary,ESBL.producer,binary,,,12,WEAK,Negative,False
Albumin,binary,AmpC,binary,,,12,WEAK,Negative,False
Albumin,binary,MRSA,binary,,,12,WEAK,Negative,False
Albumin,binary,VAN,binary,,,12,WEAK,Negative,False
Albumin,binary,Polymyxin.Colistin.Inclusion,binary,,,12,WEAK,Negative,False
Albumin,binary,Mortality.in.ICU,binary,,,12,WEAK,Negative,False
Albumin,binary,Other.Illness.Leading.to.Hospitalization.post.28.Days.Discharge,binary,,,12,WEAK,Negative,False
Total.Protein,binary,Procalcitonin,binary,,,12,WEAK,Negative,False
Total.Protein,binary,Neither.Abx.E,binary,,,12,WEAK,Negative,False
Total.Protein,binary,Neither.Abx.T,binary,,,12,WEAK,Negative,False
Total.Protein,binary,Trimethoprim.Sulfamethoxazole,binary,,,12,WEAK,Negative,False
Total.Protein,binary,Tigecycline,binary,,,12,WEAK,Negative,False
Total.Protein,binary,ESBL.producer,binary,,,12,WEAK,Negative,False
Total.Protein,binary,AmpC,binary,,,12,WEAK,Negative,False
Total.Protein,binary,MRSA,binary,,,12,WEAK,Negative,False
Total.Protein,binary,VAN,binary,,,12,WEAK,Negative,False
Total.Protein,binary,Polymyxin.Colistin.Inclusion,binary,,,12,WEAK,Negative,False
Total.Protein,binary,Mortality.in.ICU,binary,,,12,WEAK,Negative,False
Total.Protein,binary,Other.Illness.Leading.to.Hospitalization.post.28.Days.Discharge,binary,,,12,WEAK,Negative,False
Globulin,binary,Procalcitonin,binary,,,12,WEAK,Negative,False
Globulin,binary,Neither.Abx.E,binary,,,12,WEAK,Negative,False
Globulin,binary,Neither.Abx.T,binary,,,12,WEAK,Negative,False
Globulin,binary,Trimethoprim.Sulfamethoxazole,binary,,,12,WEAK,Negative,False
Globulin,binary,Tigecycline,binary,,,12,WEAK,Negative,False
Globulin,binary,ESBL.producer,binary,,,12,WEAK,Negative,False
Globulin,binary,AmpC,binary,,,12,WEAK,Negative,False
Globulin,binary,MRSA,binary,,,12,WEAK,Negative,False
Globulin,binary,VAN,binary,,,12,WEAK,Negative,False
Globulin,binary,Polymyxin.Colistin.Inclusion,binary,,,12,WEAK,Negative,False
Globulin,binary,Mortality.in.ICU,binary,,,12,WEAK,Negative,False
Globulin,binary,Other.Illness.Leading.to.Hospitalization.post.28.Days.Discharge,binary,,,12,WEAK,Negative,False
ALP,binary,Procalcitonin,binary,,,12,WEAK,Negative,False
ALP,binary,Neither.Abx.E,binary,,,12,WEAK,Negative,False
ALP,binary,Neither.Abx.T,binary,,,12,WEAK,Negative,False
ALP,binary,Trimethoprim.Sulfamethoxazole,binary,,,12,WEAK,Negative,False
ALP,binary,Tigecycline,binary,,,12,WEAK,Negative,False
ALP,binary,ESBL.producer,binary,,,12,WEAK,Negative,False
ALP,binary,AmpC,binary,,,12,WEAK,Negative,False
ALP,binary,MRSA,binary,,,12,WEAK,Negative,False
ALP,binary,VAN,binary,,,12,WEAK,Negative,False
ALP,binary,Polymyxin.Colistin.Inclusion,binary,,,12,WEAK,Negative,False
ALP,binary,Mortality.in.ICU,binary,,,12,WEAK,Negative,False
ALP,binary,Other.Illness.Leading.to.Hospitalization.post.28.Days.Discharge,binary,,,12,WEAK,Negative,False
Creatinine,binary,Procalcitonin,binary,,,12,WEAK,Negative,False
Creatinine,binary,Neither.Abx.E,binary,,,12,WEAK,Negative,False
Creatinine,binary,Neither.Abx.T,binary,,,12,WEAK,Negative,False
Creatinine,binary,Trimethoprim.Sulfamethoxazole,binary,,,12,WEAK,Negative,False
Creatinine,binary,Tigecycline,binary,,,12,WEAK,Negative,False
Creatinine,binary,ESBL.producer,binary,,,12,WEAK,Negative,False
Creatinine,binary,AmpC,binary,,,12,WEAK,Negative,False
Creatinine,binary,MRSA,binary,,,12,WEAK,Negative,False
Creatinine,binary,VAN,binary,,,12,WEAK,Negative,False
Creatinine,binary,Polymyxin.Colistin.Inclusion,binary,,,12,WEAK,Negative,False
Creatinine,binary,Mortality.in.ICU,binary,,,12,WEAK,Negative,False
Creatinine,binary,Other.Illness.Leading.to.Hospitalization.post.28.Days.Discharge,binary,,,12,WEAK,Negative,False
Sodium,binary,Procalcitonin,binary,,,12,WEAK,Negative,False
Sodium,binary,Neither.Abx.E,binary,,,12,WEAK,Negative,False
Sodium,binary,Neither.Abx.T,binary,,,12,WEAK,Negative,False
Sodium,binary,Trimethoprim.Sulfamethoxazole,binary,,,12,WEAK,Negative,False
Sodium,binary,Tigecycline,binary,,,12,WEAK,Negative,False
Sodium,binary,ESBL.producer,binary,,,12,WEAK,Negative,False
Sodium,binary,AmpC,binary,,,12,WEAK,Negative,False
Sodium,binary,MRSA,binary,,,12,WEAK,Negative,False
Sodium,binary,VAN,binary,,,12,WEAK,Negative,False
Sodium,binary,Polymyxin.Colistin.Inclusion,binary,,,12,WEAK,Negative,False
Sodium,binary,Mortality.in.ICU,binary,,,12,WEAK,Negative,False
Sodium,binary,Other.Illness.Leading.to.Hospitalization.post.28.Days.Discharge,binary,,,12,WEAK,Negative,False
Potassium,binary,Procalcitonin,binary,,,12,WEAK,Negative,False
Potassium,binary,Neither.Abx.E,binary,,,12,WEAK,Negative,False
Potassium,binary,Neither.Abx.T,binary,,,12,WEAK,Negative,False
Potassium,binary,Trimethoprim.Sulfamethoxazole,binary,,,12,WEAK,Negative,False
Potassium,binary,Tigecycline,binary,,,12,WEAK,Negative,False
Potassium,binary,ESBL.producer,binary,,,12,WEAK,Negative,False
Potassium,binary,AmpC,binary,,,12,WEAK,Negative,False
Potassium,binary,MRSA,binary,,,12,WEAK,Negative,False
Potassium,binary,VAN,binary,,,12,WEAK,Negative,False
Potassium,binary,Polymyxin.Colistin.Inclusion,binary,,,12,WEAK,Negative,False
Potassium,binary,Mortality.in.ICU,binary,,,12,WEAK,Negative,False
Potassium,binary,Other.Illness.Leading.to.Hospitalization.post.28.Days.Discharge,binary,,,12,WEAK,Negative,False
Urea,binary,Procalcitonin,binary,,,12,WEAK,Negative,False
Urea,binary,Neither.Abx.E,binary,,,12,WEAK,Negative,False
Urea,binary,Neither.Abx.T,binary,,,12,WEAK,Negative,False
Urea,binary,Trimethoprim.Sulfamethoxazole,binary,,,12,WEAK,Negative,False
Urea,binary,Tigecycline,binary,,,12,WEAK,Negative,False
Urea,binary,ESBL.producer,binary,,,12,WEAK,Negative,False
Urea,binary,AmpC,binary,,,12,WEAK,Negative,False
Urea,binary,MRSA,binary,,,12,WEAK,Negative,False
Urea,binary,VAN,binary,,,12,WEAK,Negative,False
Urea,binary,Polymyxin.Colistin.Inclusion,binary,,,12,WEAK,Negative,False
Urea,binary,Mortality.in.ICU,binary,,,12,WEAK,Negative,False
Urea,binary,Other.Illness.Leading.to.Hospitalization.post.28.Days.Discharge,binary,,,12,WEAK,Negative,False
Calcium,binary,Procalcitonin,binary,,,12,WEAK,Negative,False
Calcium,binary,Neither.Abx.E,binary,,,12,WEAK,Negative,False
Calcium,binary,Neither.Abx.T,binary,,,12,WEAK,Negative,False
Calcium,binary,Trimethoprim.Sulfamethoxazole,binary,,,12,WEAK,Negative,False
Calcium,binary,Tigecycline,binary,,,12,WEAK,Negative,False
Calcium,binary,ESBL.producer,binary,,,12,WEAK,Negative,False
Calcium,binary,AmpC,binary,,,12,WEAK,Negative,False
Calcium,binary,MRSA,binary,,,12,WEAK,Negative,False
Calcium,binary,VAN,binary,,,12,WEAK,Negative,False
Calcium,binary,Polymyxin.Colistin.Inclusion,binary,,,12,WEAK,Negative,False
Calcium,binary,Mortality.in.ICU,binary,,,12,WEAK,Negative,False
Calcium,binary,Other.Illness.Leading.to.Hospitalization.post.28.Days.Discharge,binary,,,12,WEAK,Negative,False
Magnesium,binary,Procalcitonin,binary,,,12,WEAK,Negative,False
Magnesium,binary,Neither.Abx.E,binary,,,12,WEAK,Negative,False
Magnesium,binary,Neither.Abx.T,binary,,,12,WEAK,Negative,False
Magnesium,binary,Trimethoprim.Sulfamethoxazole,binary,,,12,WEAK,Negative,False
Magnesium,binary,Tigecycline,binary,,,12,WEAK,Negative,False
Magnesium,binary,ESBL.producer,binary,,,12,WEAK,Negative,False
Magnesium,binary,AmpC,binary,,,12,WEAK,Negative,False
Magnesium,binary,MRSA,binary,,,12,WEAK,Negative,False
Magnesium,binary,VAN,binary,,,12,WEAK,Negative,False
Magnesium,binary,Polymyxin.Colistin.Inclusion,binary,,,12,WEAK,Negative,False
Magnesium,binary,Mortality.in.ICU,binary,,,12,WEAK,Negative,False
Magnesium,binary,Other.Illness.Leading.to.Hospitalization.post.28.Days.Discharge,binary,,,12,WEAK,Negative,False
Procalcitonin,binary,P.C.Z.A.E,binary,,,12,WEAK,Negative,False
Procalcitonin,binary,P.C.only.E,binary,,,12,WEAK,Negative,False
Procalcitonin,binary,Z.A.only.E,binary,,,12,WEAK,Negative,False
Procalcitonin,binary,Neither.Abx.E,binary,,,12,WEAK,Negative,False
Procalcitonin,binary,P.C.Z.A.T,binary,,,12,WEAK,Negative,False
Procalcitonin,binary,P.C.only.T,binary,,,12,WEAK,Negative,False
Procalcitonin,binary,Z.A.only.T,binary,,,12,WEAK,Negative,False
Procalcitonin,binary,Neither.Abx.T,binary,,,12,WEAK,Negative,False
Procalcitonin,binary,Amikacin,ordinal,,,12,WEAK,Negative,False
Procalcitonin,binary,Aztreonam,ordinal,,,12,WEAK,Negative,False
Procalcitonin,binary,Ciprofloxacin,ordinal,,,12,WEAK,Negative,False
Procalcitonin,binary,Colistin,ordinal,,,12,WEAK,Negative,False
Procalcitonin,binary,Cefepime,ordinal,,,12,WEAK,Negative,False
Procalcitonin,binary,Gentamicin,binary,,,12,WEAK,Negative,False
Procalcitonin,binary,Imipenem,ordinal,,,12,WEAK,Negative,False
Procalcitonin,binary,Levofloxacin,ordinal,,,12,WEAK,Negative,False
Procalcitonin,binary,Meropenem,ordinal,,,12,WEAK,Negative,False
Procalcitonin,binary,Cefoperazone.Sulbactam,ordinal,,,12,WEAK,Negative,False
Procalcitonin,binary,Trimethoprim.Sulfamethoxazole,binary,,,12,WEAK,Negative,False
Procalcitonin,binary,Ceftazidime,ordinal,,,12,WEAK,Negative,False
Procalcitonin,binary,Tigecycline,binary,,,12,WEAK,Negative,False
Procalcitonin,binary,Piperacillin.Tazobactam,ordinal,,,12,WEAK,Negative,False
Procalcitonin,binary,ESBL.producer,binary,,,12,WEAK,Negative,False
Procalcitonin,binary,AmpC,binary,,,12,WEAK,Negative,False
Procalcitonin,binary,Carbapenemase,binary,,,12,WEAK,Negative,False
Procalcitonin,binary,MRSA,binary,,,12,WEAK,Negative,False
Procalcitonin,binary,VAN,binary,,,12,WEAK,Negative,False
Procalcitonin,binary,Polymyxin.Colistin.Inclusion,binary,,,12,WEAK,Negative,False
Procalcitonin,binary,Clinical.improvement,binary,,,12,WEAK,Negative,False
Procalcitonin,binary,ICU.Stay.in.28.Days,continuous,,,12,WEAK,Negative,False
Procalcitonin,binary,GW.Stay.in.28.Days,continuous,,,12,WEAK,Negative,False
Procalcitonin,binary,Total.Hospital.stay.in.28.days,continuous,,,12,WEAK,Negative,False
Procalcitonin,binary,Mortality.in.ICU,binary,,,12,WEAK,Negative,False
Procalcitonin,binary,Mortality.in.Hospital,binary,,,12,WEAK,Negative,False
Procalcitonin,binary,Mortality.post.28.Day.Discharge,binary,,,12,WEAK,Negative,False
Procalcitonin,binary,Overall.mortality,binary,,,12,WEAK,Negative,False
Procalcitonin,binary,Relapse.post.28.Day.Discharge,binary,,,12,WEAK,Negative,False
Procalcitonin,binary,Other.Illness.Leading.to.Hospitalization.post.28.Days.Discharge,binary,,,12,WEAK,Negative,False
P.C.Z.A.E,binary,Neither.Abx.E,binary,,,12,WEAK,Negative,False
P.C.Z.A.E,binary,Neither.Abx.T,binary,,,12,WEAK,Negative,False
P.C.Z.A.E,binary,Trimethoprim.Sulfamethoxazole,binary,,,12,WEAK,Negative,False
P.C.Z.A.E,binary,Tigecycline,binary,,,12,WEAK,Negative,False
P.C.Z.A.E,binary,ESBL.producer,binary,,,12,WEAK,Negative,False
P.C.Z.A.E,binary,AmpC,binary,,,12,WEAK,Negative,False
P.C.Z.A.E,binary,MRSA,binary,,,12,WEAK,Negative,False
P.C.Z.A.E,binary,VAN,binary,,,12,WEAK,Negative,False
P.C.Z.A.E,binary,Polymyxin.Colistin.Inclusion,binary,,,12,WEAK,Negative,False
P.C.Z.A.E,binary,Mortality.in.ICU,binary,,,12,WEAK,Negative,False
P.C.Z.A.E,binary,Other.Illness.Leading.to.Hospitalization.post.28.Days.Discharge,binary,,,12,WEAK,Negative,False
P.C.only.E,binary,Neither.Abx.E,binary,,,12,WEAK,Negative,False
P.C.only.E,binary,Neither.Abx.T,binary,,,12,WEAK,Negative,False
P.C.only.E,binary,Trimethoprim.Sulfamethoxazole,binary,,,12,WEAK,Negative,False
P.C.only.E,binary,Tigecycline,binary,,,12,WEAK,Negative,False
P.C.only.E,binary,ESBL.producer,binary,,,12,WEAK,Negative,False
P.C.only.E,binary,AmpC,binary,,,12,WEAK,Negative,False
P.C.only.E,binary,MRSA,binary,,,12,WEAK,Negative,False
P.C.only.E,binary,VAN,binary,,,12,WEAK,Negative,False
P.C.only.E,binary,Polymyxin.Colistin.Inclusion,binary,,,12,WEAK,Negative,False
P.C.only.E,binary,Mortality.in.ICU,binary,,,12,WEAK,Negative,False
P.C.only.E,binary,Other.Illness.Leading.to.Hospitalization.post.28.Days.Discharge,binary,,,12,WEAK,Negative,False
Z.A.only.E,binary,Neither.Abx.E,binary,,,12,WEAK,Negative,False
Z.A.only.E,binary,Neither.Abx.T,binary,,,12,WEAK,Negative,False
Z.A.only.E,binary,Trimethoprim.Sulfamethoxazole,binary,,,12,WEAK,Negative,False
Z.A.only.E,binary,Tigecycline,binary,,,12,WEAK,Negative,False
Z.A.only.E,binary,ESBL.producer,binary,,,12,WEAK,Negative,False
Z.A.only.E,binary,AmpC,binary,,,12,WEAK,Negative,False
Z.A.only.E,binary,MRSA,binary,,,12,WEAK,Negative,False
Z.A.only.E,binary,VAN,binary,,,12,WEAK,Negative,False
Z.A.only.E,binary,Polymyxin.Colistin.Inclusion,binary,,,12,WEAK,Negative,False
Z.A.only.E,binary,Mortality.in.ICU,binary,,,12,WEAK,Negative,False
Z.A.only.E,binary,Other.Illness.Leading.to.Hospitalization.post.28.Days.Discharge,binary,,,12,WEAK,Negative,False
Neither.Abx.E,binary,P.C.Z.A.T,binary,,,12,WEAK,Negative,False
Neither.Abx.E,binary,P.C.only.T,binary,,,12,WEAK,Negative,False
Neither.Abx.E,binary,Z.A.only.T,binary,,,12,WEAK,Negative,False
Neither.Abx.E,binary,Neither.Abx.T,binary,,,12,WEAK,Negative,False
Neither.Abx.E,binary,Amikacin,ordinal,,,12,WEAK,Negative,False
Neither.Abx.E,binary,Aztreonam,ordinal,,,12,WEAK,Negative,False
Neither.Abx.E,binary,Ciprofloxacin,ordinal,,,12,WEAK,Negative,False
Neither.Abx.E,binary,Colistin,ordinal,,,12,WEAK,Negative,False
Neither.Abx.E,binary,Cefepime,ordinal,,,12,WEAK,Negative,False
Neither.Abx.E,binary,Gentamicin,binary,,,12,WEAK,Negative,False
Neither.Abx.E,binary,Imipenem,ordinal,,,12,WEAK,Negative,False
Neither.Abx.E,binary,Levofloxacin,ordinal,,,12,WEAK,Negative,False
Neither.Abx.E,binary,Meropenem,ordinal,,,12,WEAK,Negative,False
Neither.Abx.E,binary,Cefoperazone.Sulbactam,ordinal,,,12,WEAK,Negative,False
Neither.Abx.E,binary,Trimethoprim.Sulfamethoxazole,binary,,,12,WEAK,Negative,False
Neither.Abx.E,binary,Ceftazidime,ordinal,,,12,WEAK,Negative,False
Neither.Abx.E,binary,Tigecycline,binary,,,12,WEAK,Negative,False
Neither.Abx.E,binary,Piperacillin.Tazobactam,ordinal,,,12,WEAK,Negative,False
Neither.Abx.E,binary,ESBL.producer,binary,,,12,WEAK,Negative,False
Neither.Abx.E,binary,AmpC,binary,,,12,WEAK,Negative,False
Neither.Abx.E,binary,Carbapenemase,binary,,,12,WEAK,Negative,False
Neither.Abx.E,binary,MRSA,binary,,,12,WEAK,Negative,False
Neither.Abx.E,binary,VAN,binary,,,12,WEAK,Negative,False
Neither.Abx.E,binary,Polymyxin.Colistin.Inclusion,binary,,,12,WEAK,Negative,False
Neither.Abx.E,binary,Clinical.improvement,binary,,,12,WEAK,Negative,False
Neither.Abx.E,binary,ICU.Stay.in.28.Days,continuous,,,12,WEAK,Negative,False
Neither.Abx.E,binary,GW.Stay.in.28.Days,continuous,,,12,WEAK,Negative,False
Neither.Abx.E,binary,Total.Hospital.stay.in.28.days,continuous,,,12,WEAK,Negative,False
Neither.Abx.E,binary,Mortality.in.ICU,binary,,,12,WEAK,Negative,False
Neither.Abx.E,binary,Mortality.in.Hospital,binary,,,12,WEAK,Negative,False
Neither.Abx.E,binary,Mortality.post.28.Day.Discharge,binary,,,12,WEAK,Negative,False
Neither.Abx.E,binary,Overall.mortality,binary,,,12,WEAK,Negative,False
Neither.Abx.E,binary,Relapse.post.28.Day.Discharge,binary,,,12,WEAK,Negative,False
Neither.Abx.E,binary,Other.Illness.Leading.to.Hospitalization.post.28.Days.Discharge,binary,,,12,WEAK,Negative,False
P.C.Z.A.T,binary,Neither.Abx.T,binary,,,12,WEAK,Negative,False
P.C.Z.A.T,binary,Trimethoprim.Sulfamethoxazole,binary,,,12,WEAK,Negative,False
P.C.Z.A.T,binary,Tigecycline,binary,,,12,WEAK,Negative,False
P.C.Z.A.T,binary,ESBL.producer,binary,,,12,WEAK,Negative,False
P.C.Z.A.T,binary,AmpC,binary,,,12,WEAK,Negative,False
P.C.Z.A.T,binary,MRSA,binary,,,12,WEAK,Negative,False
P.C.Z.A.T,binary,VAN,binary,,,12,WEAK,Negative,False
P.C.Z.A.T,binary,Polymyxin.Colistin.Inclusion,binary,,,12,WEAK,Negative,False
P.C.Z.A.T,binary,Mortality.in.ICU,binary,,,12,WEAK,Negative,False
P.C.Z.A.T,binary,Other.Illness.Leading.to.Hospitalization.post.28.Days.Discharge,binary,,,12,WEAK,Negative,False
P.C.only.T,binary,Neither.Abx.T,binary,,,12,WEAK,Negative,False
P.C.only.T,binary,Trimethoprim.Sulfamethoxazole,binary,,,12,WEAK,Negative,False
P.C.only.T,binary,Tigecycline,binary,,,12,WEAK,Negative,False
P.C.only.T,binary,ESBL.producer,binary,,,12,WEAK,Negative,False
P.C.only.T,binary,AmpC,binary,,,12,WEAK,Negative,False
P.C.only.T,binary,MRSA,binary,,,12,WEAK,Negative,False
P.C.only.T,binary,VAN,binary,,,12,WEAK,Negative,False
P.C.only.T,binary,Polymyxin.Colistin.Inclusion,binary,,,12,WEAK,Negative,False
P.C.only.T,binary,Mortality.in.ICU,binary,,,12,WEAK,Negative,False
P.C.only.T,binary,Other.Illness.Leading.to.Hospitalization.post.28.Days.Discharge,binary,,,12,WEAK,Negative,False
Z.A.only.T,binary,Neither.Abx.T,binary,,,12,WEAK,Negative,False
Z.A.only.T,binary,Trimethoprim.Sulfamethoxazole,binary,,,12,WEAK,Negative,False
Z.A.only.T,binary,Tigecycline,binary,,,12,WEAK,Negative,False
Z.A.only.T,binary,ESBL.producer,binary,,,12,WEAK,Negative,False
Z.A.only.T,binary,AmpC,binary,,,12,WEAK,Negative,False
Z.A.only.T,binary,MRSA,binary,,,12,WEAK,Negative,False
Z.A.only.T,binary,VAN,binary,,,12,WEAK,Negative,False
Z.A.only.T,binary,Polymyxin.Colistin.Inclusion,binary,,,12,WEAK,Negative,False
Z.A.only.T,binary,Mortality.in.ICU,binary,,,12,WEAK,Negative,False
Z.A.only.T,binary,Other.Illness.Leading.to.Hospitalization.post.28.Days.Discharge,binary,,,12,WEAK,Negative,False
Neither.Abx.T,binary,Amikacin,ordinal,,,12,WEAK,Negative,False
Neither.Abx.T,binary,Aztreonam,ordinal,,,12,WEAK,Negative,False
Neither.Abx.T,binary,Ciprofloxacin,ordinal,,,12,WEAK,Negative,False
Neither.Abx.T,binary,Colistin,ordinal,,,12,WEAK,Negative,False
Neither.Abx.T,binary,Cefepime,ordinal,,,12,WEAK,Negative,False
Neither.Abx.T,binary,Gentamicin,binary,,,12,WEAK,Negative,False
Neither.Abx.T,binary,Imipenem,ordinal,,,12,WEAK,Negative,False
Neither.Abx.T,binary,Levofloxacin,ordinal,,,12,WEAK,Negative,False
Neither.Abx.T,binary,Meropenem,ordinal,,,12,WEAK,Negative,False
Neither.Abx.T,binary,Cefoperazone.Sulbactam,ordinal,,,12,WEAK,Negative,False
Neither.Abx.T,binary,Trimethoprim.Sulfamethoxazole,binary,,,12,WEAK,Negative,False
Neither.Abx.T,binary,Ceftazidime,ordinal,,,12,WEAK,Negative,False
Neither.Abx.T,binary,Tigecycline,binary,,,12,WEAK,Negative,False
Neither.Abx.T,binary,Piperacillin.Tazobactam,ordinal,,,12,WEAK,Negative,False
Neither.Abx.T,binary,ESBL.producer,binary,,,12,WEAK,Negative,False
Neither.Abx.T,binary,AmpC,binary,,,12,WEAK,Negative,False
Neither.Abx.T,binary,Carbapenemase,binary,,,12,WEAK,Negative,False
Neither.Abx.T,binary,MRSA,binary,,,12,WEAK,Negative,False
Neither.Abx.T,binary,VAN,binary,,,12,WEAK,Negative,False
Neither.Abx.T,binary,Polymyxin.Colistin.Inclusion,binary,,,12,WEAK,Negative,False
Neither.Abx.T,binary,Clinical.improvement,binary,,,12,WEAK,Negative,False
Neither.Abx.T,binary,ICU.Stay.in.28.Days,continuous,,,12,WEAK,Negative,False
Neither.Abx.T,binary,GW.Stay.in.28.Days,continuous,,,12,WEAK,Negative,False
Neither.Abx.T,binary,Total.Hospital.stay.in.28.days,continuous,,,12,WEAK,Negative,False
Neither.Abx.T,binary,Mortality.in.ICU,binary,,,12,WEAK,Negative,False
Neither.Abx.T,binary,Mortality.in.Hospital,binary,,,12,WEAK,Negative,False
Neither.Abx.T,binary,Mortality.post.28.Day.Discharge,binary,,,12,WEAK,Negative,False
Neither.Abx.T,binary,Overall.mortality,binary,,,12,WEAK,Negative,False
Neither.Abx.T,binary,Relapse.post.28.Day.Discharge,binary,,,12,WEAK,Negative,False
Neither.Abx.T,binary,Other.Illness.Leading.to.Hospitalization.post.28.Days.Discharge,binary,,,12,WEAK,Negative,False
Amikacin,ordinal,Trimethoprim.Sulfamethoxazole,binary,,,12,WEAK,Negative,False
Amikacin,ordinal,Tigecycline,binary,,,12,WEAK,Negative,False
Amikacin,ordinal,ESBL.producer,binary,,,12,WEAK,Negative,False
Amikacin,ordinal,AmpC,binary,,,12,WEAK,Negative,False
Amikacin,ordinal,MRSA,binary,,,12,WEAK,Negative,False
Amikacin,ordinal,VAN,binary,,,12,WEAK,Negative,False
Amikacin,ordinal,Polymyxin.Colistin.Inclusion,binary,,,12,WEAK,Negative,False
Amikacin,ordinal,Mortality.in.ICU,binary,,,12,WEAK,Negative,False
Amikacin,ordinal,Other.Illness.Leading.to.Hospitalization.post.28.Days.Discharge,binary,,,12,WEAK,Negative,False
Aztreonam,ordinal,Trimethoprim.Sulfamethoxazole,binary,,,12,WEAK,Negative,False
Aztreonam,ordinal,Tigecycline,binary,,,12,WEAK,Negative,False
Aztreonam,ordinal,ESBL.producer,binary,,,12,WEAK,Negative,False
Aztreonam,ordinal,AmpC,binary,,,12,WEAK,Negative,False
Aztreonam,ordinal,MRSA,binary,,,12,WEAK,Negative,False
Aztreonam,ordinal,VAN,binary,,,12,WEAK,Negative,False
Aztreonam,ordinal,Polymyxin.Colistin.Inclusion,binary,,,12,WEAK,Negative,False
Aztreonam,ordinal,Mortality.in.ICU,binary,,,12,WEAK,Negative,False
Aztreonam,ordinal,Other.Illness.Leading.to.Hospitalization.post.28.Days.Discharge,binary,,,12,WEAK,Negative,False
Ciprofloxacin,ordinal,Trimethoprim.Sulfamethoxazole,binary,,,12,WEAK,Negative,False
Ciprofloxacin,ordinal,Tigecycline,binary,,,12,WEAK,Negative,False
Ciprofloxacin,ordinal,ESBL.producer,binary,,,12,WEAK,Negative,False
Ciprofloxacin,ordinal,AmpC,binary,,,12,WEAK,Negative,False
Ciprofloxacin,ordinal,MRSA,binary,,,12,WEAK,Negative,False
Ciprofloxacin,ordinal,VAN,binary,,,12,WEAK,Negative,False
Ciprofloxacin,ordinal,Polymyxin.Colistin.Inclusion,binary,,,12,WEAK,Negative,False
Ciprofloxacin,ordinal,Mortality.in.ICU,binary,,,12,WEAK,Negative,False
Ciprofloxacin,ordinal,Other.Illness.Leading.to.Hospitalization.post.28.Days.Discharge,binary,,,12,WEAK,Negative,False
Colistin,ordinal,Trimethoprim.Sulfamethoxazole,binary,,,12,WEAK,Negative,False
Colistin,ordinal,Tigecycline,binary,,,12,WEAK,Negative,False
Colistin,ordinal,ESBL.producer,binary,,,12,WEAK,Negative,False
Colistin,ordinal,AmpC,binary,,,12,WEAK,Negative,False
Colistin,ordinal,MRSA,binary,,,12,WEAK,Negative,False
Colistin,ordinal,VAN,binary,,,12,WEAK,Negative,False
Colistin,ordinal,Polymyxin.Colistin.Inclusion,binary,,,12,WEAK,Negative,False
Colistin,ordinal,Mortality.in.ICU,binary,,,12,WEAK,Negative,False
Colistin,ordinal,Other.Illness.Leading.to.Hospitalization.post.28.Days.Discharge,binary,,,12,WEAK,Negative,False
Cefepime,ordinal,Trimethoprim.Sulfamethoxazole,binary,,,12,WEAK,Negative,False
Cefepime,ordinal,Tigecycline,binary,,,12,WEAK,Negative,False
Cefepime,ordinal,ESBL.producer,binary,,,12,WEAK,Negative,False
Cefepime,ordinal,AmpC,binary,,,12,WEAK,Negative,False
Cefepime,ordinal,MRSA,binary,,,12,WEAK,Negative,False
Cefepime,ordinal,VAN,binary,,,12,WEAK,Negative,False
Cefepime,ordinal,Polymyxin.Colistin.Inclusion,binary,,,12,WEAK,Negative,False
Cefepime,ordinal,Mortality.in.ICU,binary,,,12,WEAK,Negative,False
Cefepime,ordinal,Other.Illness.Leading.to.Hospitalization.post.28.Days.Discharge,binary,,,12,WEAK,Negative,False
Gentamicin,binary,Trimethoprim.Sulfamethoxazole,binary,,,12,WEAK,Negative,False
Gentamicin,binary,Tigecycline,binary,,,12,WEAK,Negative,False
Gentamicin,binary,ESBL.producer,binary,,,12,WEAK,Negative,False
Gentamicin,binary,AmpC,binary,,,12,WEAK,Negative,False
Gentamicin,binary,MRSA,binary,,,12,WEAK,Negative,False
Gentamicin,binary,VAN,binary,,,12,WEAK,Negative,False
Gentamicin,binary,Polymyxin.Colistin.Inclusion,binary,,,12,WEAK,Negative,False
Gentamicin,binary,Mortality.in.ICU,binary,,,12,WEAK,Negative,False
Gentamicin,binary,Other.Illness.Leading.to.Hospitalization.post.28.Days.Discharge,binary,,,12,WEAK,Negative,False
Imipenem,ordinal,Trimethoprim.Sulfamethoxazole,binary,,,12,WEAK,Negative,False
Imipenem,ordinal,Tigecycline,binary,,,12,WEAK,Negative,False
Imipenem,ordinal,ESBL.producer,binary,,,12,WEAK,Negative,False
Imipenem,ordinal,AmpC,binary,,,12,WEAK,Negative,False
Imipenem,ordinal,MRSA,binary,,,12,WEAK,Negative,False
Imipenem,ordinal,VAN,binary,,,12,WEAK,Negative,False
Imipenem,ordinal,Polymyxin.Colistin.Inclusion,binary,,,12,WEAK,Negative,False
Imipenem,ordinal,Mortality.in.ICU,binary,,,12,WEAK,Negative,False
Imipenem,ordinal,Other.Illness.Leading.to.Hospitalization.post.28.Days.Discharge,binary,,,12,WEAK,Negative,False
Levofloxacin,ordinal,Trimethoprim.Sulfamethoxazole,binary,,,12,WEAK,Negative,False
Levofloxacin,ordinal,Tigecycline,binary,,,12,WEAK,Negative,False
Levofloxacin,ordinal,ESBL.producer,binary,,,12,WEAK,Negative,False
Levofloxacin,ordinal,AmpC,binary,,,12,WEAK,Negative,False
Levofloxacin,ordinal,MRSA,binary,,,12,WEAK,Negative,False
Levofloxacin,ordinal,VAN,binary,,,12,WEAK,Negative,False
Levofloxacin,ordinal,Polymyxin.Colistin.Inclusion,binary,,,12,WEAK,Negative,False
Levofloxacin,ordinal,Mortality.in.ICU,binary,,,12,WEAK,Negative,False
Levofloxacin,ordinal,Other.Illness.Leading.to.Hospitalization.post.28.Days.Discharge,binary,,,12,WEAK,Negative,False
Meropenem,ordinal,Trimethoprim.Sulfamethoxazole,binary,,,12,WEAK,Negative,False
Meropenem,ordinal,Tigecycline,binary,,,12,WEAK,Negative,False
Meropenem,ordinal,ESBL.producer,binary,,,12,WEAK,Negative,False
Meropenem,ordinal,AmpC,binary,,,12,WEAK,Negative,False
Meropenem,ordinal,MRSA,binary,,,12,WEAK,Negative,False
Meropenem,ordinal,VAN,binary,,,12,WEAK,Negative,False
Meropenem,ordinal,Polymyxin.Colistin.Inclusion,binary,,,12,WEAK,Negative,False
Meropenem,ordinal,Mortality.in.ICU,binary,,,12,WEAK,Negative,False
Meropenem,ordinal,Other.Illness.Leading.to.Hospitalization.post.28.Days.Discharge,binary,,,12,WEAK,Negative,False
Cefoperazone.Sulbactam,ordinal,Trimethoprim.Sulfamethoxazole,binary,,,12,WEAK,Negative,False
Cefoperazone.Sulbactam,ordinal,Tigecycline,binary,,,12,WEAK,Negative,False
Cefoperazone.Sulbactam,ordinal,ESBL.producer,binary,,,12,WEAK,Negative,False
Cefoperazone.Sulbactam,ordinal,AmpC,binary,,,12,WEAK,Negative,False
Cefoperazone.Sulbactam,ordinal,MRSA,binary,,,12,WEAK,Negative,False
Cefoperazone.Sulbactam,ordinal,VAN,binary,,,12,WEAK,Negative,False
Cefoperazone.Sulbactam,ordinal,Polymyxin.Colistin.Inclusion,binary,,,12,WEAK,Negative,False
Cefoperazone.Sulbactam,ordinal,Mortality.in.ICU,binary,,,12,WEAK,Negative,False
Cefoperazone.Sulbactam,ordinal,Other.Illness.Leading.to.Hospitalization.post.28.Days.Discharge,binary,,,12,WEAK,Negative,False
Trimethoprim.Sulfamethoxazole,binary,Ceftazidime,ordinal,,,12,WEAK,Negative,False
Trimethoprim.Sulfamethoxazole,binary,Tigecycline,binary,,,12,WEAK,Negative,False
Trimethoprim.Sulfamethoxazole,binary,Piperacillin.Tazobactam,ordinal,,,12,WEAK,Negative,False
Trimethoprim.Sulfamethoxazole,binary,ESBL.producer,binary,,,12,WEAK,Negative,False
Trimethoprim.Sulfamethoxazole,binary,AmpC,binary,,,12,WEAK,Negative,False
Trimethoprim.Sulfamethoxazole,binary,Carbapenemase,binary,,,12,WEAK,Negative,False
Trimethoprim.Sulfamethoxazole,binary,MRSA,binary,,,12,WEAK,Negative,False
Trimethoprim.Sulfamethoxazole,binary,VAN,binary,,,12,WEAK,Negative,False
Trimethoprim.Sulfamethoxazole,binary,Polymyxin.Colistin.Inclusion,binary,,,12,WEAK,Negative,False
Trimethoprim.Sulfamethoxazole,binary,Clinical.improvement,binary,,,12,WEAK,Negative,False
Trimethoprim.Sulfamethoxazole,binary,ICU.Stay.in.28.Days,continuous,,,12,WEAK,Negative,False
Trimethoprim.Sulfamethoxazole,binary,GW.Stay.in.28.Days,continuous,,,12,WEAK,Negative,False
Trimethoprim.Sulfamethoxazole,binary,Total.Hospital.stay.in.28.days,continuous,,,12,WEAK,Negative,False
Trimethoprim.Sulfamethoxazole,binary,Mortality.in.ICU,binary,,,12,WEAK,Negative,False
Trimethoprim.Sulfamethoxazole,binary,Mortality.in.Hospital,binary,,,12,WEAK,Negative,False
Trimethoprim.Sulfamethoxazole,binary,Mortality.post.28.Day.Discharge,binary,,,12,WEAK,Negative,False
Trimethoprim.Sulfamethoxazole,binary,Overall.mortality,binary,,,12,WEAK,Negative,False
Trimethoprim.Sulfamethoxazole,binary,Relapse.post.28.Day.Discharge,binary,,,12,WEAK,Negative,False
Trimethoprim.Sulfamethoxazole,binary,Other.Illness.Leading.to.Hospitalization.post.28.Days.Discharge,binary,,,12,WEAK,Negative,False
Ceftazidime,ordinal,Tigecycline,binary,,,12,WEAK,Negative,False
Ceftazidime,ordinal,ESBL.producer,binary,,,12,WEAK,Negative,False
Ceftazidime,ordinal,AmpC,binary,,,12,WEAK,Negative,False
Ceftazidime,ordinal,MRSA,binary,,,12,WEAK,Negative,False
Ceftazidime,ordinal,VAN,binary,,,12,WEAK,Negative,False
Ceftazidime,ordinal,Polymyxin.Colistin.Inclusion,binary,,,12,WEAK,Negative,False
Ceftazidime,ordinal,Mortality.in.ICU,binary,,,12,WEAK,Negative,False
Ceftazidime,ordinal,Other.Illness.Leading.to.Hospitalization.post.28.Days.Discharge,binary,,,12,WEAK,Negative,False
Tigecycline,binary,Piperacillin.Tazobactam,ordinal,,,12,WEAK,Negative,False
Tigecycline,binary,ESBL.producer,binary,,,12,WEAK,Negative,False
Tigecycline,binary,AmpC,binary,,,12,WEAK,Negative,False
Tigecycline,binary,Carbapenemase,binary,,,12,WEAK,Negative,False
Tigecycline,binary,MRSA,binary,,,12,WEAK,Negative,False
Tigecycline,binary,VAN,binary,,,12,WEAK,Negative,False
Tigecycline,binary,Polymyxin.Colistin.Inclusion,binary,,,12,WEAK,Negative,False
Tigecycline,binary,Clinical.improvement,binary,,,12,WEAK,Negative,False
Tigecycline,binary,ICU.Stay.in.28.Days,continuous,,,12,WEAK,Negative,False
Tigecycline,binary,GW.Stay.in.28.Days,continuous,,,12,WEAK,Negative,False
Tigecycline,binary,Total.Hospital.stay.in.28.days,continuous,,,12,WEAK,Negative,False
Tigecycline,binary,Mortality.in.ICU,binary,,,12,WEAK,Negative,False
Tigecycline,binary,Mortality.in.Hospital,binary,,,12,WEAK,Negative,False
Tigecycline,binary,Mortality.post.28.Day.Discharge,binary,,,12,WEAK,Negative,False
Tigecycline,binary,Overall.mortality,binary,,,12,WEAK,Negative,False
Tigecycline,binary,Relapse.post.28.Day.Discharge,binary,,,12,WEAK,Negative,False
Tigecycline,binary,Other.Illness.Leading.to.Hospitalization.post.28.Days.Discharge,binary,,,12,WEAK,Negative,False
Piperacillin.Tazobactam,ordinal,ESBL.producer,binary,,,12,WEAK,Negative,False
Piperacillin.Tazobactam,ordinal,AmpC,binary,,,12,WEAK,Negative,False
Piperacillin.Tazobactam,ordinal,MRSA,binary,,,12,WEAK,Negative,False
Piperacillin.Tazobactam,ordinal,VAN,binary,,,12,WEAK,Negative,False
Piperacillin.Tazobactam,ordinal,Polymyxin.Colistin.Inclusion,binary,,,12,WEAK,Negative,False
Piperacillin.Tazobactam,ordinal,Mortality.in.ICU,binary,,,12,WEAK,Negative,False
Piperacillin.Tazobactam,ordinal,Other.Illness.Leading.to.Hospitalization.post.28.Days.Discharge,binary,,,12,WEAK,Negative,False
ESBL.producer,binary,AmpC,binary,,,12,WEAK,Negative,False
ESBL.producer,binary,Carbapenemase,binary,,,12,WEAK,Negative,False
ESBL.producer,binary,MRSA,binary,,,12,WEAK,Negative,False
ESBL.producer,binary,VAN,binary,,,12,WEAK,Negative,False
ESBL.producer,binary,Polymyxin.Colistin.Inclusion,binary,,,12,WEAK,Negative,False
ESBL.producer,binary,Clinical.improvement,binary,,,12,WEAK,Negative,False
ESBL.producer,binary,ICU.Stay.in.28.Days,continuous,,,12,WEAK,Negative,False
ESBL.producer,binary,GW.Stay.in.28.Days,continuous,,,12,WEAK,Negative,False
ESBL.producer,binary,Total.Hospital.stay.in.28.days,continuous,,,12,WEAK,Negative,False
ESBL.producer,binary,Mortality.in.ICU,binary,,,12,WEAK,Negative,False
ESBL.producer,binary,Mortality.in.Hospital,binary,,,12,WEAK,Negative,False
ESBL.producer,binary,Mortality.post.28.Day.Discharge,binary,,,12,WEAK,Negative,False
ESBL.producer,binary,Overall.mortality,binary,,,12,WEAK,Negative,False
ESBL.producer,binary,Relapse.post.28.Day.Discharge,binary,,,12,WEAK,Negative,False
ESBL.producer,binary,Other.Illness.Leading.to.Hospitalization.post.28.Days.Discharge,binary,,,12,WEAK,Negative,False
AmpC,binary,Carbapenemase,binary,,,12,WEAK,Negative,False
AmpC,binary,MRSA,binary,,,12,WEAK,Negative,False
AmpC,binary,VAN,binary,,,12,WEAK,Negative,False
AmpC,binary,Polymyxin.Colistin.Inclusion,binary,,,12,WEAK,Negative,False
AmpC,binary,Clinical.improvement,binary,,,12,WEAK,Negative,False
AmpC,binary,ICU.Stay.in.28.Days,continuous,,,12,WEAK,Negative,False
AmpC,binary,GW.Stay.in.28.Days,continuous,,,12,WEAK,Negative,False
AmpC,binary,Total.Hospital.stay.in.28.days,continuous,,,12,WEAK,Negative,False
AmpC,binary,Mortality.in.ICU,binary,,,12,WEAK,Negative,False
AmpC,binary,Mortality.in.Hospital,binary,,,12,WEAK,Negative,False
AmpC,binary,Mortality.post.28.Day.Discharge,binary,,,12,WEAK,Negative,False
AmpC,binary,Overall.mortality,binary,,,12,WEAK,Negative,False
AmpC,binary,Relapse.post.28.Day.Discharge,binary,,,12,WEAK,Negative,False
AmpC,binary,Other.Illness.Leading.to.Hospitalization.post.28.Days.Discharge,binary,,,12,WEAK,Negative,False
Carbapenemase,binary,MRSA,binary,,,12,WEAK,Negative,False
Carbapenemase,binary,VAN,binary,,,12,WEAK,Negative,False
Carbapenemase,binary,Polymyxin.Colistin.Inclusion,binary,,,12,WEAK,Negative,False
Carbapenemase,binary,Mortality.in.ICU,binary,,,12,WEAK,Negative,False
Carbapenemase,binary,Other.Illness.Leading.to.Hospitalization.post.28.Days.Discharge,binary,,,12,WEAK,Negative,False
MRSA,binary,VAN,binary,,,12,WEAK,Negative,False
MRSA,binary,Polymyxin.Colistin.Inclusion,binary,,,12,WEAK,Negative,False
MRSA,binary,Clinical.improvement,binary,,,12,WEAK,Negative,False
MRSA,binary,ICU.Stay.in.28.Days,continuous,,,12,WEAK,Negative,False
MRSA,binary,GW.Stay.in.28.Days,continuous,,,12,WEAK,Negative,False
MRSA,binary,Total.Hospital.stay.in.28.days,continuous,,,12,WEAK,Negative,False
MRSA,binary,Mortality.in.ICU,binary,,,12,WEAK,Negative,False
MRSA,binary,Mortality.in.Hospital,binary,,,12,WEAK,Negative,False
MRSA,binary,Mortality.post.28.Day.Discharge,binary,,,12,WEAK,Negative,False
MRSA,binary,Overall.mortality,binary,,,12,WEAK,Negative,False
MRSA,binary,Relapse.post.28.Day.Discharge,binary,,,12,WEAK,Negative,False
MRSA,binary,Other.Illness.Leading.to.Hospitalization.post.28.Days.Discharge,binary,,,12,WEAK,Negative,False
VAN,binary,Polymyxin.Colistin.Inclusion,binary,,,12,WEAK,Negative,False
VAN,binary,Clinical.improvement,binary,,,12,WEAK,Negative,False
VAN,binary,ICU.Stay.in.28.Days,continuous,,,12,WEAK,Negative,False
VAN,binary,GW.Stay.in.28.Days,continuous,,,12,WEAK,Negative,False
VAN,binary,Total.Hospital.stay.in.28.days,continuous,,,12,WEAK,Negative,False
VAN,binary,Mortality.in.ICU,binary,,,12,WEAK,Negative,False
VAN,binary,Mortality.in.Hospital,binary,,,12,WEAK,Negative,False
VAN,binary,Mortality.post.28.Day.Discharge,binary,,,12,WEAK,Negative,False
VAN,binary,Overall.mortality,binary,,,12,WEAK,Negative,False
VAN,binary,Relapse.post.28.Day.Discharge,binary,,,12,WEAK,Negative,False
VAN,binary,Other.Illness.Leading.to.Hospitalization.post.28.Days.Discharge,binary,,,12,WEAK,Negative,False
Polymyxin.Colistin.Inclusion,binary,Clinical.improvement,binary,,,12,WEAK,Negative,False
Polymyxin.Colistin.Inclusion,binary,ICU.Stay.in.28.Days,continuous,,,12,WEAK,Negative,False
Polymyxin.Colistin.Inclusion,binary,GW.Stay.in.28.Days,continuous,,,12,WEAK,Negative,False
Polymyxin.Colistin.Inclusion,binary,Total.Hospital.stay.in.28.days,continuous,,,12,WEAK,Negative,False
Polymyxin.Colistin.Inclusion,binary,Mortality.in.ICU,binary,,,12,WEAK,Negative,False
Polymyxin.Colistin.Inclusion,binary,Mortality.in.Hospital,binary,,,12,WEAK,Negative,False
Polymyxin.Colistin.Inclusion,binary,Mortality.post.28.Day.Discharge,binary,,,12,WEAK,Negative,False
Polymyxin.Colistin.Inclusion,binary,Overall.mortality,binary,,,12,WEAK,Negative,False
Polymyxin.Colistin.Inclusion,binary,Relapse.post.28.Day.Discharge,binary,,,12,WEAK,Negative,False
Polymyxin.Colistin.Inclusion,binary,Other.Illness.Leading.to.Hospitalization.post.28.Days.Discharge,binary,,,12,WEAK,Negative,False
Clinical.improvement,binary,Mortality.in.ICU,binary,,,12,WEAK,Negative,False
Clinical.improvement,binary,Other.Illness.Leading.to.Hospitalization.post.28.Days.Discharge,binary,,,12,WEAK,Negative,False
ICU.Stay.in.28.Days,continuous,Mortality.in.ICU,binary,,,12,WEAK,Negative,False
ICU.Stay.in.28.Days,continuous,Other.Illness.Leading.to.Hospitalization.post.28.Days.Discharge,binary,,,12,WEAK,Negative,False
GW.Stay.in.28.Days,continuous,Mortality.in.ICU,binary,,,12,WEAK,Negative,False
GW.Stay.in.28.Days,continuous,Other.Illness.Leading.to.Hospitalization.post.28.Days.Discharge,binary,,,12,WEAK,Negative,False
Total.Hospital.stay.in.28.days,continuous,Mortality.in.ICU,binary,,,12,WEAK,Negative,False
Total.Hospital.stay.in.28.days,continuous,Other.Illness.Leading.to.Hospitalization.post.28.Days.Discharge,binary,,,12,WEAK,Negative,False
Mortality.in.ICU,binary,Mortality.in.Hospital,binary,,,12,WEAK,Negative,False
Mortality.in.ICU,binary,Mortality.post.28.Day.Discharge,binary,,,12,WEAK,Negative,False
Mortality.in.ICU,binary,Overall.mortality,binary,,,12,WEAK,Negative,False
Mortality.in.ICU,binary,Relapse.post.28.Day.Discharge,binary,,,12,WEAK,Negative,False
Mortality.in.ICU,binary,Other.Illness.Leading.to.Hospitalization.post.28.Days.Discharge,binary,,,12,WEAK,Negative,False
Mortality.in.Hospital,binary,Other.Illness.Leading.to.Hospitalization.post.28.Days.Discharge,binary,,,12,WEAK,Negative,False
Mortality.post.28.Day.Discharge,binary,Other.Illness.Leading.to.Hospitalization.post.28.Days.Discharge,binary,,,12,WEAK,Negative,False
Overall.mortality,binary,Other.Illness.Leading.to.Hospitalization.post.28.Days.Discharge,binary,,,12,WEAK,Negative,False
Relapse.post.28.Day.Discharge,binary,Other.Illness.Leading.to.Hospitalization.post.28.Days.Discharge,binary,,,12,WEAK,Negative,False
