outcome,predictor,beta_coefficient,ci_lower,ci_upper,p_value,regression_type,p_gt_0.2
ICU Stay in 28 Days,Patient ID,-0.010426786581481702,-0.0565539805601404,0.035700407397176996,0.6527872339177512,linear,True
ICU Stay in 28 Days,Age,-0.016582878424098595,-0.1318258773109341,0.09866012046273691,0.7744667479308476,linear,True
ICU Stay in 28 Days,Male,-0.045502645502648126,-3.0380370449607517,2.9470317539554554,0.9758367876277945,linear,True
ICU Stay in 28 Days,Female,0.04550264550264449,-2.947031753955458,3.0380370449607472,0.9758367876277964,linear,True
ICU Stay in 28 Days,Height,-0.028719542714826206,-0.1437086848505461,0.08626959942089368,0.6191896617525733,linear,True
ICU Stay in 28 Days,Weight,0.13493036580652934,0.00034230368070028994,0.26951842793235836,0.04943843294722072,linear,False
ICU Stay in 28 Days,KPC,-6.14754098360656,-17.818661917190934,5.523579949977814,0.2962820422874013,linear,True
ICU Stay in 28 Days,NDM,1.3418803418803436,-1.6449961557789903,4.328756839539677,0.3724307314753769,linear,True
ICU Stay in 28 Days,OXA48,2.208333333333334,-2.1808266518511346,6.597493318517802,0.3182567258719239,linear,True
ICU Stay in 28 Days,P/C in vitro,0.30000000000000115,-3.733449627127188,4.333449627127191,0.8822275793470754,linear,True
ICU Stay in 28 Days,Z-A invitro,-0.07619047619047359,-3.2502160143644048,3.0978350619834574,0.9618630562903111,linear,True
ICU Stay in 28 Days,CKD,-2.0819672131147557,-13.84828523119015,9.684350804960637,0.7246256535010359,linear,True
ICU Stay in 28 Days,HTN,2.2312500000000006,-0.6813905178176083,5.14389051781761,0.13069395347751867,linear,False
ICU Stay in 28 Days,DM,-0.6386363636363644,-3.7353572268319253,2.458084499559196,0.6814277915703726,linear,True
ICU Stay in 28 Days,COPD,1.2844827586206895,-4.746088496966786,7.315054014208165,0.6715931871185787,linear,True
ICU Stay in 28 Days,Hypothyroidism,0.4254317111459974,-3.217837985869476,4.068701408161471,0.8161071866120949,linear,True
ICU Stay in 28 Days,UTI.CRO,-1.9376114081996423,-5.789226143181295,1.9140033267820102,0.31832233645789015,linear,True
ICU Stay in 28 Days,IAI.CRO,-3.3749999999999996,-8.317414582296188,1.567414582296188,0.1770584642804291,linear,False
ICU Stay in 28 Days,ABSSSI.CRO,0.9672131147540981,-10.808733256847361,12.743159486355559,0.8700521311628339,linear,True
ICU Stay in 28 Days,HAP.CRO,3.924242424242424,0.816434566689975,7.032050281794873,0.014202331747013231,linear,False
ICU Stay in 28 Days,VAP.CRO,-4.114754098360661,-15.84532166034892,7.615813463627598,0.48561126129295823,linear,True
ICU Stay in 28 Days,CAP.CRO,-1.387931034482758,-7.41697355708666,4.641111488121144,0.6468337460153407,linear,True
ICU Stay in 28 Days,BSI.CRO,-0.14945652173913182,-3.5401721168055618,3.2412590733272983,0.9300356169008916,linear,True
ICU Stay in 28 Days,Other.CRO,-1.0207792207792186,-5.701799426263445,3.6602409847050086,0.6642569524104356,linear,True
ICU Stay in 28 Days,Other.NCRO,-4.114754098360659,-15.845321660348922,7.615813463627606,0.4856112612929588,linear,True
ICU Stay in 28 Days,Hospitalization in past 6 Months,-0.5520833333333313,-3.5177445229574538,2.4135778562907912,0.7109275045994016,linear,True
ICU Stay in 28 Days,CV Catheter in 6 Months,-0.8324420677361861,-4.710468464308407,3.0455843288360356,0.6691874683133668,linear,True
ICU Stay in 28 Days,CV Catheter Now,5.131147540983629,-6.572677922271951,16.83497300423921,0.38400453271165413,linear,True
ICU Stay in 28 Days,Urinary Catheter in 6 Months,-1.120261437908497,-4.4336981075005895,2.193175231683595,0.501452916170247,linear,True
ICU Stay in 28 Days,Surgery in last 3 Months,2.7083333333333353,-0.2565096667840301,5.673176333450701,0.07263842020889703,linear,False
ICU Stay in 28 Days,Past CREPA infection,-1.6418604651162763,-4.750036734969413,1.4663158047368607,0.29491382002219707,linear,True
ICU Stay in 28 Days,Endoscopy in 1 week,3.6896551724138,-2.2744017376110834,9.653712082438684,0.22072947563640483,linear,True
ICU Stay in 28 Days,Dialysis in 1 week,-1.1607142857142874,-6.1704267675169975,3.8489981960884228,0.6447154075852092,linear,True
ICU Stay in 28 Days,Immunosuppressive drugs in 1 week,1.7567567567567544,-1.2337654239543179,4.747278937467827,0.24461374543771397,linear,True
ICU Stay in 28 Days,Inotropes,2.447619047619048,-0.4774265901751429,5.3726646854132385,0.09937422325880173,linear,False
ICU Stay in 28 Days,Ventilation,4.1239316239316235,1.3119243938794969,6.93593885398375,0.004740783965328959,linear,False
ICU Stay in 28 Days,Overall organ support,3.1820652173913047,-0.10779873849518395,6.471929173277793,0.057739039692607845,linear,False
ICU Stay in 28 Days,Neutropenia,-1.575438596491228,-7.0094707396985605,3.8585935467161043,0.5641347808649309,linear,True
ICU Stay in 28 Days,Any Viral Infection,2.206854345165235,-0.9607429037795372,5.374451594110007,0.16857899916474167,linear,False
ICU Stay in 28 Days,Any Fungal Infection,3.7655555555555544,1.1629642375165048,6.368146873594604,0.005306137265657893,linear,False
ICU Stay in 28 Days,Hemat Malignancy,0.2307692307692334,-3.4136693362053796,3.8752077977438466,0.8996324523841459,linear,True
ICU Stay in 28 Days,Solid Organ,-0.0297619047619041,-3.578490193934794,3.5189663844109855,0.9866711551849101,linear,True
ICU Stay in 28 Days,APACHEII,0.15907061243027784,-0.04464462371163988,0.36278584857219554,0.12356437874109946,linear,False
ICU Stay in 28 Days,SOFA,0.33683135401437936,-0.06555928844964942,0.7392219964784081,0.09925743047984509,linear,False
ICU Stay in 28 Days,Hb,3.2586206896551637,-2.722156633903551,9.23939801321388,0.28013252162316904,linear,True
ICU Stay in 28 Days,TLC,0.5502702702702662,-2.4711264227680365,3.5716669633085685,0.7169123908963625,linear,True
ICU Stay in 28 Days,ANC,2.645833333333333,-0.8365073930944562,6.128174059761122,0.13381422243499425,linear,False
ICU Stay in 28 Days,Lympho,-1.5275675675675726,-4.526470695107608,1.4713355599724627,0.31234019412621594,linear,True
ICU Stay in 28 Days,Platelet,1.2756410256410247,-1.7131703618589045,4.264452413140954,0.39664583728401803,linear,True
ICU Stay in 28 Days,INR,5.131147540983628,-6.572677922271932,16.83497300423919,0.38400453271165325,linear,True
ICU Stay in 28 Days,Bil,-1.7105263157894726,-4.724547910967848,1.303495279388903,0.26079991821633014,linear,True
ICU Stay in 28 Days,SGPT,-1.086486486486489,-4.098182052453414,1.925209079480436,0.4733316228024281,linear,True
ICU Stay in 28 Days,SGOT,-0.0078037904124868,-3.0793856116773277,3.0637780308523537,0.9959619949779036,linear,True
ICU Stay in 28 Days,Albumin,3.3564814814814823,-0.9838698546293121,7.696832817592277,0.1271531424590956,linear,False
ICU Stay in 28 Days,Total Protein,2.299843014128728,-1.2963717000381516,5.896057728295608,0.2057426563822446,linear,True
ICU Stay in 28 Days,Globulin,-0.3385620915032661,-3.663454465705682,2.98633028269915,0.83929025360135,linear,True
ICU Stay in 28 Days,ALP,-1.1400208986415883,-4.099148777505809,1.8191069802226323,0.443952526895537,linear,True
ICU Stay in 28 Days,Creatinine,-1.892543859649126,-4.899301530037281,1.1142138107390291,0.21288953350817955,linear,True
ICU Stay in 28 Days,Sodium,0.9204545454545476,-2.1715317690488196,4.012440859957914,0.5537692599361324,linear,True
ICU Stay in 28 Days,Potassium,-0.958169934640523,-4.27499507181728,2.3586552025362333,0.5655282548778546,linear,True
ICU Stay in 28 Days,Urea,2.662280701754386,-0.30534253135948886,5.629903934868262,0.07777384005552149,linear,False
ICU Stay in 28 Days,Calcium,-0.2772727272727303,-3.377555256196815,2.823009801651354,0.8586221126279944,linear,True
ICU Stay in 28 Days,Magnesium,0.4181818181818185,-2.6810465947408826,3.5174102311045194,0.7881617371488608,linear,True
ICU Stay in 28 Days,Procalcitonin,-1.8166666666666687,-5.542880733830579,1.909547400497242,0.33336724786215527,linear,True
ICU Stay in 28 Days,P/C+Z-A.E,4.928571428571429,0.07396608947427374,9.783176767668584,0.04671625049883143,linear,False
ICU Stay in 28 Days,P/C only.E,-1.4000000000000001,-4.553429822671807,1.7534298226718066,0.3780578161601376,linear,True
ICU Stay in 28 Days,Z-A only.E,-3.0982456140350845,-8.488430156918042,2.2919389288478724,0.25480541650772587,linear,True
ICU Stay in 28 Days,Neither Abx.E,-2.4701298701298677,-7.114970693714473,2.1747109534547375,0.29170002162324776,linear,True
ICU Stay in 28 Days,P/C+Z-A.T,1.730769230769232,-2.278589079348186,5.7401275408866494,0.3913050398869274,linear,True
ICU Stay in 28 Days,P/C only.T,0.31547619047619024,-4.702533981634559,5.333486362586941,0.9003452840628801,linear,True
ICU Stay in 28 Days,Z-A only.T,0.7704545454545444,-2.3242657159357583,3.8651748068448475,0.6203118009573301,linear,True
ICU Stay in 28 Days,Neither Abx.T,-2.6388888888888906,-7.012165772996241,1.73438799521846,0.232167584820212,linear,True
ICU Stay in 28 Days,Amoxicillin/Clavulanic Acid,-0.32777777777777173,-3.125778938478583,2.4702233829230393,0.8155272587210042,linear,True
ICU Stay in 28 Days,Amikacin,-0.27820224719100817,-2.227142529181984,1.6707380347999676,0.7762190153778433,linear,True
ICU Stay in 28 Days,Aztreonam,-2.878606965174124,-5.683630976939822,-0.07358295340842558,0.04446344794504664,linear,False
ICU Stay in 28 Days,Chloramphenicol,0.3939501149831935,-0.8253553014306745,1.6132555313970613,0.5205599227951507,linear,True
ICU Stay in 28 Days,Ciprofloxacin,-0.12740384615383904,-3.316544186860179,3.0617364945525005,0.9365744183439668,linear,True
ICU Stay in 28 Days,Colistin,-1.297963558413721,-4.290994595672252,1.6950674788448101,0.38915000995670274,linear,True
ICU Stay in 28 Days,Doxycycline,-0.5089485458612992,-2.6805529417703857,1.6626558500477875,0.6409113211073578,linear,True
ICU Stay in 28 Days,Ertapenem,0.20923076923077502,-2.3416451004285643,2.760106638890114,0.8702269834370348,linear,True
ICU Stay in 28 Days,Cefepime,-0.9999999999999852,-4.917696595977217,2.917696595977247,0.6115185974518575,linear,True
ICU Stay in 28 Days,Fosfomycin,0.43946072076743486,-1.0374534379736373,1.916374879508507,0.5539512573991139,linear,True
ICU Stay in 28 Days,Cefoxitin,-0.33333333333332854,-2.636617061434236,1.969950394767579,0.7732082916416136,linear,True
ICU Stay in 28 Days,Gentamicin,-0.6940999624201423,-2.468416806105349,1.0802168812650648,0.43699701959753157,linear,True
ICU Stay in 28 Days,Imipenem,-0.9999999999999852,-4.917696595977217,2.917696595977247,0.6115185974518575,linear,True
ICU Stay in 28 Days,Levofloxacin,-0.5364916773367399,-3.8253707640075967,2.752387409334117,0.7453369740430121,linear,True
ICU Stay in 28 Days,Meropenem,-0.9999999999999852,-4.917696595977217,2.917696595977247,0.6115185974518575,linear,True
ICU Stay in 28 Days,Minocycline,0.1151284490960987,-1.5229130369404766,1.753169935132674,0.8886652891065289,linear,True
ICU Stay in 28 Days,Cefuroxime,-0.32777777777777173,-3.125778938478583,2.4702233829230393,0.8155272587210042,linear,True
ICU Stay in 28 Days,Cefoperazone/Sulbactam,0.3611111111111178,-2.436616390831583,3.1588386130538186,0.7971481170366205,linear,True
ICU Stay in 28 Days,Trimethoprim/Sulfamethoxazole,0.9851648351648368,-0.5182436523956024,2.488573322725276,0.1949304440520076,linear,False
ICU Stay in 28 Days,Cefotaxime,-0.09981167608285851,-2.4045592088798804,2.2049358567141635,0.9312565518988715,linear,True
ICU Stay in 28 Days,Ceftazidime,-1.9654289372599147,-5.217861178875253,1.2870033043554234,0.2314932502797369,linear,True
ICU Stay in 28 Days,Tigecycline,-0.17647058823529327,-2.735399901055132,2.382458724584546,0.8907451052279384,linear,True
ICU Stay in 28 Days,Piperacillin/Tazobactam,-0.9999999999999852,-4.917696595977217,2.917696595977247,0.6115185974518575,linear,True
ICU Stay in 28 Days,Ceftazidime Avibactam,-0.06976744186046879,-3.288171525569222,3.1486366418482845,0.9655571460835924,linear,True
ICU Stay in 28 Days,Nitrofurantoin,-0.34721790488032345,-1.966670424587999,1.272234614827352,0.6695516917808276,linear,True
ICU Stay in 28 Days,Carbapenemase,-2.999999999999979,-14.753089787931657,8.7530897879317,0.6115185974518543,linear,True
ICU Stay in 28 Days,Ceftazidime/Avibactam.T,3.752976190476192,0.33914210234493236,7.166810278607452,0.031742818025359644,linear,False
ICU Stay in 28 Days,Ceftazidime-Avibactam/Aztreonam.T,2.8863636363636367,-0.2963787250956318,6.069105997822906,0.0746741736706929,linear,False
ICU Stay in 28 Days,Ceftazidime-Avibactam/Aztreonam Synergy.T,2.6513944223107577,-0.1700125969221058,5.472801441543622,0.06499825294288439,linear,False
ICU Stay in 28 Days,Polymyxin/Colistin Inclusion.T,2.6499388004895956,-0.4949244660202874,5.794802066999479,0.09708674259076076,linear,False
ICU Stay in 28 Days,Clinical Improvement,-0.5158057054741731,-3.066727562230334,2.0351161512819878,0.6873072202978172,linear,True
ICU Stay in 28 Days,GW Stay in 28 Days,-0.2759039236494029,-0.5074666324624757,-0.04434121483633019,0.020339349276708316,linear,False
ICU Stay in 28 Days,Total Hospital Stay in 28 Days,0.44832476875642374,0.2748750930486039,0.6217744444642436,2.8267108288110123e-06,linear,False
ICU Stay in 28 Days,Mortality in ICU,0.3533333333333311,-3.4011879253861856,4.107854592052848,0.8513194071943002,linear,True
ICU Stay in 28 Days,Mortality in Hospital,-1.6076923076923066,-5.620466251305,2.4050816359203875,0.42605874130895666,linear,True
ICU Stay in 28 Days,Mortality post 28 Day Discharge,0.7500000000000001,-5.286580515835814,6.786580515835814,0.8045791906089086,linear,True
ICU Stay in 28 Days,Overall Mortality,-0.4807692307692284,-3.4851154097827974,2.52357694824434,0.7500069937256968,linear,True
ICU Stay in 28 Days,Relapse post 28 Day Discharge,6.629310344827587,0.837325151659253,12.42129553799592,0.025585190297878455,linear,False
ICU Stay in 28 Days,Other Illness Leading to Hospitalization post 28 Days Discharge,6.0385964912280725,0.8172440632549316,11.259948919201214,0.02414568229856469,linear,False
GW Stay in 28 Days,Patient ID,-0.03217240487647973,-0.08071636699520285,0.01637155724224338,0.1899667970914146,linear,False
GW Stay in 28 Days,Age,-0.08734690467700497,-0.20817968355138633,0.033485874197376406,0.1533909556265159,linear,False
GW Stay in 28 Days,Male,0.8772486772486764,-2.3044060398633315,4.0589033943606845,0.5833228561403024,linear,True
GW Stay in 28 Days,Female,-0.8772486772486783,-4.058903394360685,2.304406039863329,0.5833228561403014,linear,True
GW Stay in 28 Days,Height,-0.06611550526788114,-0.18774237400156668,0.05551136346580442,0.2812319791607854,linear,True
GW Stay in 28 Days,Weight,-0.1600937235854541,-0.3023943296975864,-0.017793117473321768,0.028100868719789437,linear,False
GW Stay in 28 Days,KPC,6.5737704918032795,-5.865506066004715,19.013047049611274,0.2947058178697147,linear,True
GW Stay in 28 Days,NDM,2.771367521367521,-0.35271495078361115,5.895449993518653,0.08106029437229259,linear,False
GW Stay in 28 Days,OXA48,-1.2546296296296282,-5.961135018574055,3.451875759314799,0.5958465895240226,linear,True
GW Stay in 28 Days,P/C in vitro,-0.15769230769230724,-4.457468802495087,4.1420841871104725,0.9417636700990504,linear,True
GW Stay in 28 Days,Z-A invitro,-1.7238095238095221,-5.077593487771946,1.629974440152901,0.3080147851771796,linear,True
GW Stay in 28 Days,CKD,-2.5737704918032787,-15.11074269758086,9.963201713974303,0.6827920650321049,linear,True
GW Stay in 28 Days,HTN,-2.3875000000000006,-5.491553828301743,0.7165538283017421,0.12917410434511614,linear,False
GW Stay in 28 Days,DM,-2.86818181818182,-6.089541581798761,0.3531779454351205,0.07997572277212356,linear,False
GW Stay in 28 Days,COPD,-3.508620689655171,-9.882126247915355,2.8648848686050137,0.2752225083930663,linear,True
GW Stay in 28 Days,Hypothyroidism,0.39717425431711134,-3.486527919002516,4.280876427636739,0.8386049012218714,linear,True
GW Stay in 28 Days,UTI.CRO,0.3475935828877017,-3.7912926495160697,4.486479815291473,0.8671562733580747,linear,True
GW Stay in 28 Days,IAI.CRO,0.88690476190476,-4.457495325128996,6.2313048489385165,0.7410838286370682,linear,True
GW Stay in 28 Days,ABSSSI.CRO,10.639344262295081,-1.61091284488875,22.88960136947891,0.0874728212329289,linear,False
GW Stay in 28 Days,HAP.CRO,-2.0025252525252517,-5.448146482869745,1.4430959778192411,0.24962236365624751,linear,True
GW Stay in 28 Days,VAP.CRO,6.573770491803283,-5.865506066004703,19.01304704961127,0.2947058178697141,linear,True
GW Stay in 28 Days,CAP.CRO,-3.508620689655172,-9.882126247915357,2.8648848686050132,0.27522250839306617,linear,True
GW Stay in 28 Days,BSI.CRO,1.0516304347826078,-2.5524852918982175,4.6557461614634335,0.5616376302194465,linear,True
GW Stay in 28 Days,Other.CRO,-1.0831168831168816,-6.072597558052963,3.9063637918192002,0.6656827423008473,linear,True
GW Stay in 28 Days,Other.NCRO,0.4754098360655739,-12.078567666567784,13.02938733869893,0.9398701687125247,linear,True
GW Stay in 28 Days,Hospitalization in past 6 Months,-0.2604166666666655,-3.4243938000038106,2.9035604666704793,0.8697823231506159,linear,True
GW Stay in 28 Days,CV Catheter in 6 Months,2.447415329768273,-1.6439163207708973,6.538746980307444,0.23618152325587233,linear,True
GW Stay in 28 Days,CV Catheter Now,-14.704918032786887,-26.671433343726925,-2.738402721846848,0.016874570684011707,linear,False
GW Stay in 28 Days,Urinary Catheter in 6 Months,1.9411764705882342,-1.568367772869109,5.450720714045577,0.27297329225549816,linear,True
GW Stay in 28 Days,Surgery in last 3 Months,-0.8004385964912271,-4.040757601861514,2.439880408879059,0.6230236630247332,linear,True
GW Stay in 28 Days,Past CREPA infection,1.4767441860465123,-1.845064401480106,4.798552773573131,0.3774186322125468,linear,True
GW Stay in 28 Days,Endoscopy in 1 week,-4.310344827586205,-10.650970853706951,2.030281198534542,0.17898178883954066,linear,False
GW Stay in 28 Days,Dialysis in 1 week,-4.833333333333333,-10.034986593678823,0.3683199270121582,0.0679821167527885,linear,False
GW Stay in 28 Days,Immunosuppressive drugs in 1 week,-2.861621621621623,-5.999796609307903,0.27655336606465664,0.0731299375169713,linear,False
GW Stay in 28 Days,Inotropes,-1.025396825396827,-4.2040961791332006,2.153302528339546,0.5212162789556114,linear,True
GW Stay in 28 Days,Ventilation,-2.3290598290598283,-5.477128015183234,0.8190083570635771,0.14413287646248288,linear,False
GW Stay in 28 Days,Overall organ support,-1.9782608695652155,-5.556308072986964,1.5997863338565326,0.2731665960230907,linear,True
GW Stay in 28 Days,Neutropenia,-0.3614035087719298,-6.168894268129045,5.446087250585186,0.901351588408564,linear,True
GW Stay in 28 Days,Any Viral Infection,-0.995104039167688,-4.415954519956283,2.4257464416209062,0.5628314389916634,linear,True
GW Stay in 28 Days,Any Fungal Infection,-0.5811111111111124,-3.826146352539973,2.6639241303177483,0.7213736777721875,linear,True
GW Stay in 28 Days,Hemat Malignancy,-0.6734693877551012,-4.55463104230642,3.207692266796218,0.7297330169533158,linear,True
GW Stay in 28 Days,Solid Organ,1.8869047619047612,-1.864108783968039,5.637918307777562,0.318347194980961,linear,True
GW Stay in 28 Days,APACHEII,-0.2726261373668713,-0.48264682657813773,-0.06260544815560487,0.011824460448923792,linear,False
GW Stay in 28 Days,SOFA,-0.3389541986261591,-0.7689421797133307,0.0910337824610124,0.12009763844189188,linear,False
GW Stay in 28 Days,Hb,1.637931034482757,-4.785744264040078,8.061606333005592,0.6118926146247681,linear,True
GW Stay in 28 Days,TLC,0.2216216216216207,-3.0018787567777836,3.445122000021025,0.8910769518110669,linear,True
GW Stay in 28 Days,ANC,-0.9732142857142871,-4.747385993517704,2.8009574220891302,0.6078895379446854,linear,True
GW Stay in 28 Days,Lympho,-0.649729729729732,-3.869369219476023,2.569909760016559,0.6878947930657664,linear,True
GW Stay in 28 Days,Platelet,3.4337606837606818,0.35385905451210764,6.513662313009256,0.029492336641956482,linear,False
GW Stay in 28 Days,INR,-5.557377049180336,-18.029660214826915,6.914906116466242,0.3763344800968539,linear,True
GW Stay in 28 Days,Bil,-1.616228070175438,-4.836196293861118,1.603740153510242,0.3193973263060287,linear,True
GW Stay in 28 Days,SGPT,0.18054054054053878,-3.0431307259946445,3.404211807075722,0.9111767715224565,linear,True
GW Stay in 28 Days,SGOT,-3.057971014492753,-6.235248074839716,0.11930604585421012,0.05894998167189427,linear,False
GW Stay in 28 Days,Albumin,-1.6851851851851838,-6.382714777387639,3.0123444070172707,0.47579842834450314,linear,True
GW Stay in 28 Days,Total Protein,-2.9277864992150686,-6.738564600447582,0.8829916020174449,0.12959678599628055,linear,False
GW Stay in 28 Days,Globulin,-1.5359477124182985,-5.058853353486582,1.9869579286499854,0.3866262517611293,linear,True
GW Stay in 28 Days,ALP,-2.174503657262278,-5.294013978661971,0.9450066641374151,0.16835710310815255,linear,False
GW Stay in 28 Days,Creatinine,0.12061403508771926,-3.126141776961607,3.3673698471370455,0.9410115094648344,linear,True
GW Stay in 28 Days,Sodium,-2.204545454545455,-5.460563778175366,1.051472869084456,0.18070742188854694,linear,False
GW Stay in 28 Days,Potassium,4.4535947712418285,1.1001648217800377,7.80702472070362,0.010099675137864968,linear,False
GW Stay in 28 Days,Urea,-1.9868421052631564,-5.192952774189036,1.219268563662723,0.21995217489034846,linear,True
GW Stay in 28 Days,Calcium,-0.443181818181818,-3.746612655192466,2.86024901882883,0.7893457834572706,linear,True
GW Stay in 28 Days,Magnesium,0.8659090909090901,-2.431931375925866,4.163749557744046,0.6013691172646664,linear,True
GW Stay in 28 Days,Procalcitonin,4.299999999999999,0.45404053297242575,8.145959467027572,0.029052092557490205,linear,False
GW Stay in 28 Days,P/C+Z-A.E,-3.7261904761904754,-8.988239429555195,1.5358584771742443,0.1618114403309305,linear,False
GW Stay in 28 Days,P/C only.E,3.347619047619047,0.07673215073269679,6.618505944505397,0.045022594674738695,linear,False
GW Stay in 28 Days,Z-A only.E,4.20701754385965,-1.4987141769100818,9.912749264629383,0.1454722397527457,linear,False
GW Stay in 28 Days,Neither Abx.E,3.103896103896105,-1.8287178898794068,8.036510097671616,0.2130117054276643,linear,True
GW Stay in 28 Days,P/C+Z-A.T,-5.523076923076924,-9.579615501710041,-1.4665383444438076,0.008448375558072572,linear,False
GW Stay in 28 Days,P/C only.T,0.3333333333333334,-5.015279411982544,5.68194607864921,0.9012082850267149,linear,True
GW Stay in 28 Days,Z-A only.T,1.9931818181818173,-1.2719097172309919,5.258273353594626,0.22683017810957648,linear,True
GW Stay in 28 Days,Neither Abx.T,3.1203703703703685,-1.5279472300383343,7.768687970779071,0.18440104443944116,linear,False
GW Stay in 28 Days,Amoxicillin/Clavulanic Acid,0.3555555555555528,-2.626731331914086,3.337842443025192,0.8123211350396765,linear,True
GW Stay in 28 Days,Amikacin,0.9802247191011244,-1.0830546270941561,3.043504065296405,0.3457704533781811,linear,True
GW Stay in 28 Days,Aztreonam,1.0935323383084572,-1.986578709365795,4.173643385982709,0.4803523320474472,linear,True
GW Stay in 28 Days,Chloramphenicol,-1.5451972404033265,-2.7868026955759753,-0.30359178523067754,0.015585843777947096,linear,False
GW Stay in 28 Days,Ciprofloxacin,-0.1346153846153869,-3.533861870545969,3.2646311013151954,0.9371253287021991,linear,True
GW Stay in 28 Days,Colistin,0.6741693461950707,-2.531262844844325,3.8796015372344668,0.6754740136019586,linear,True
GW Stay in 28 Days,Doxycycline,1.8914988814317677,-0.3753798734559053,4.1583776363194405,0.10031547829434907,linear,False
GW Stay in 28 Days,Ertapenem,0.8230769230769229,-1.8881437090636592,3.534297555217505,0.5459738579861304,linear,True
GW Stay in 28 Days,Cefepime,-0.4972677595628436,-4.680156367186196,3.685620848060509,0.8128477581404375,linear,True
GW Stay in 28 Days,Fosfomycin,0.10811511537464431,-1.4704928774674453,1.6867231082167338,0.8914929015616234,linear,True
GW Stay in 28 Days,Cefoxitin,-0.7476459510357821,-3.196787395759843,1.7014954936882791,0.5437520553106824,linear,True
GW Stay in 28 Days,Gentamicin,0.8226230740323192,-1.0663049832296352,2.7115511312942733,0.3871585530361967,linear,True
GW Stay in 28 Days,Imipenem,-0.4972677595628436,-4.680156367186196,3.685620848060509,0.8128477581404375,linear,True
GW Stay in 28 Days,Levofloxacin,-0.5825864276568522,-4.088021345818258,2.9228484905045535,0.7407158090235468,linear,True
GW Stay in 28 Days,Meropenem,-0.4972677595628436,-4.680156367186196,3.685620848060509,0.8128477581404375,linear,True
GW Stay in 28 Days,Minocycline,-0.7982873453853474,-2.5323210579574575,0.9357463671867627,0.360808302874663,linear,True
GW Stay in 28 Days,Cefuroxime,0.3555555555555528,-2.626731331914086,3.337842443025192,0.8123211350396765,linear,True
GW Stay in 28 Days,Cefoperazone/Sulbactam,-1.194444444444448,-4.162158055174011,1.7732691662851152,0.4239528591429763,linear,True
GW Stay in 28 Days,Trimethoprim/Sulfamethoxazole,-0.95,-2.5566133004925984,0.6566133004925985,0.2415589526339062,linear,True
GW Stay in 28 Days,Cefotaxime,0.8870056497175137,-1.559032437192044,3.3330437366270718,0.47104661495302724,linear,True
GW Stay in 28 Days,Ceftazidime,-1.3764404609475058,-4.8670513423778035,2.1141704204827922,0.43335182609797857,linear,True
GW Stay in 28 Days,Tigecycline,0.12229102167182593,-2.605472198440353,2.8500542417840045,0.9288423339731229,linear,True
GW Stay in 28 Days,Piperacillin/Tazobactam,-0.4972677595628436,-4.680156367186196,3.685620848060509,0.8128477581404375,linear,True
GW Stay in 28 Days,Ceftazidime Avibactam,-1.6780905752753978,-5.081098758807716,1.7249176082569202,0.3279046547994922,linear,True
GW Stay in 28 Days,Nitrofurantoin,0.7096673919801059,-1.0093786952893344,2.428713479249546,0.41220293574607675,linear,True
GW Stay in 28 Days,Carbapenemase,-1.491803278688529,-14.04046910155857,11.056862544181511,0.8128477581404375,linear,True
GW Stay in 28 Days,Ceftazidime/Avibactam.T,-2.818452380952382,-6.530298009448975,0.893393247544211,0.13405190554312318,linear,False
GW Stay in 28 Days,Ceftazidime-Avibactam/Aztreonam.T,-1.9116161616161622,-5.360679048496854,1.5374467252645294,0.2720056409538507,linear,True
GW Stay in 28 Days,Ceftazidime-Avibactam/Aztreonam Synergy.T,0.3884462151394431,-2.7044965630180045,3.481388993296891,0.8025026639093086,linear,True
GW Stay in 28 Days,Polymyxin/Colistin Inclusion.T,-1.8886168910648704,-5.284259795616379,1.5070260134866376,0.27034277124537653,linear,True
GW Stay in 28 Days,Clinical Improvement,3.1218195836545855,0.5212252822911632,5.722413885018008,0.019456753122771814,linear,False
GW Stay in 28 Days,ICU Stay in 28 Days,-0.3134549466136087,-0.5765337588632631,-0.05037613436395427,0.02033934927670818,linear,False
GW Stay in 28 Days,Total Hospital Stay in 28 Days,0.5431449126413157,0.37070837156055525,0.7155814537220762,3.846012393228399e-08,linear,False
GW Stay in 28 Days,Mortality in ICU,-6.653333333333336,-10.268915733652994,-3.037750933013678,0.0004996712808891792,linear,False
GW Stay in 28 Days,Mortality in Hospital,0.43846153846153924,-3.8600167742162435,4.736939851139322,0.8390141672061272,linear,True
GW Stay in 28 Days,Mortality post 28 Day Discharge,-0.03448275862068936,-6.472062494481496,6.403096977240117,0.9914867344609448,linear,True
GW Stay in 28 Days,Overall Mortality,-4.029914529914527,-7.061262818991172,-0.9985662408378824,0.010028141670039716,linear,False
GW Stay in 28 Days,Relapse post 28 Day Discharge,-1.3706896551724121,-7.798537052918994,5.05715774257417,0.6712349098753704,linear,True
GW Stay in 28 Days,Other Illness Leading to Hospitalization post 28 Days Discharge,-2.3192982456140343,-8.09657637462719,3.4579798833991213,0.42513112260123226,linear,True
Total Hospital Stay in 28 Days,Patient ID,-0.04326267525243285,-0.09937872212308552,0.012853371618219811,0.12830011267430425,linear,False
Total Hospital Stay in 28 Days,Age,-0.10406546552604076,-0.24432002999565122,0.0361890989435697,0.14299796350007654,linear,False
Total Hospital Stay in 28 Days,Male,0.8888888888888864,-2.8097315834476637,4.587509361225437,0.632455840668057,linear,True
Total Hospital Stay in 28 Days,Female,-0.888888888888892,-4.58750936122544,2.809731583447656,0.6324558406680546,linear,True
Total Hospital Stay in 28 Days,Height,-0.09450739554355218,-0.23509371562526166,0.046078924538157304,0.18379158859988884,linear,False
Total Hospital Stay in 28 Days,Weight,-0.021156216849793776,-0.1932270781408532,0.15091464444126565,0.8065697392641102,linear,True
Total Hospital Stay in 28 Days,KPC,0.39344262295081933,-14.191845085358258,14.978730331259898,0.9571473738301047,linear,True
Total Hospital Stay in 28 Days,NDM,4.168803418803419,0.6043136625244796,7.733293175082359,0.022660310359416652,linear,False
Total Hospital Stay in 28 Days,OXA48,0.9907407407407427,-4.484142948552108,6.4656244300335945,0.7186417223782547,linear,True
Total Hospital Stay in 28 Days,P/C in vitro,0.1038461538461547,-4.89169482089661,5.099387128588918,0.9669702021533921,linear,True
Total Hospital Stay in 28 Days,Z-A invitro,-1.752380952380948,-5.656770905610868,2.1520090008489725,0.3728912816906754,linear,True
Total Hospital Stay in 28 Days,CKD,-4.6885245901639365,-19.223827123636113,9.846777943308238,0.5212453349670707,linear,True
Total Hospital Stay in 28 Days,HTN,-0.21875000000000067,-3.8949875967612853,3.4574875967612844,0.9056529604461616,linear,True
Total Hospital Stay in 28 Days,DM,-3.5568181818181834,-7.285513254942115,0.1718768913057489,0.06116750920192988,linear,False
Total Hospital Stay in 28 Days,COPD,-2.2586206896551695,-9.714893423701865,5.197652044391525,0.5468525305146826,linear,True
Total Hospital Stay in 28 Days,Hypothyroidism,0.7817896389324994,-3.7272687858921207,5.29084806375712,0.7299432560738439,linear,True
Total Hospital Stay in 28 Days,UTI.CRO,-1.6292335115864516,-6.420396866059152,3.1619298428862486,0.4989937440490358,linear,True
Total Hospital Stay in 28 Days,IAI.CRO,-2.523809523809524,-8.704249941921658,3.656630894302609,0.4172569676206481,linear,True
Total Hospital Stay in 28 Days,ABSSSI.CRO,13.60655737704918,-0.5495262625329485,27.762641016631306,0.05927495726228721,linear,False
Total Hospital Stay in 28 Days,HAP.CRO,1.8762626262626285,-2.142516982593001,5.895042235118257,0.35410566365553675,linear,True
Total Hospital Stay in 28 Days,VAP.CRO,2.4262295081967187,-12.145948922640333,16.99840793903377,0.7402617828726562,linear,True
Total Hospital Stay in 28 Days,CAP.CRO,-4.93103448275862,-12.300885634208896,2.438816668691657,0.18582784643711286,linear,False
Total Hospital Stay in 28 Days,BSI.CRO,0.8586956521739123,-3.334500000492536,5.05189130484036,0.6835382183976203,linear,True
Total Hospital Stay in 28 Days,Other.CRO,-2.140259740259738,-7.919665800051881,3.6391463195324047,0.46172777076627414,linear,True
Total Hospital Stay in 28 Days,Other.NCRO,-3.6721311475409855,-18.22691396455454,10.88265166947257,0.6156394686350687,linear,True
Total Hospital Stay in 28 Days,Hospitalization in past 6 Months,-0.7499999999999973,-4.421566798112862,2.9215667981128677,0.6842837153884135,linear,True
Total Hospital Stay in 28 Days,CV Catheter in 6 Months,1.7967914438502675,-2.9903751899842472,6.583958077684782,0.455718388175818,linear,True
Total Hospital Stay in 28 Days,CV Catheter Now,-9.54098360655736,-23.917020670988556,4.835053457873837,0.189358129116446,linear,False
Total Hospital Stay in 28 Days,Urinary Catheter in 6 Months,0.9385620915032651,-3.172996324550365,5.050120507556896,0.6495957704848845,linear,True
Total Hospital Stay in 28 Days,Surgery in last 3 Months,1.855263157894739,-1.886373913176742,5.59690022896622,0.32526218609894136,linear,True
Total Hospital Stay in 28 Days,Past CREPA infection,-0.2023255813953455,-4.086528784456672,3.681877621665981,0.9173627566497127,linear,True
Total Hospital Stay in 28 Days,Endoscopy in 1 week,-0.6551724137930971,-8.13230891719698,6.821964089610786,0.8614553067161815,linear,True
Total Hospital Stay in 28 Days,Dialysis in 1 week,-6.029761904761905,-12.046240999365272,-0.013282810158537828,0.049512222206365815,linear,False
Total Hospital Stay in 28 Days,Immunosuppressive drugs in 1 week,-1.184864864864868,-4.917930767158004,2.548201037428268,0.5279145068279915,linear,True
Total Hospital Stay in 28 Days,Inotropes,1.4793650793650777,-2.2066272057594025,5.165357364489558,0.42525028881707716,linear,True
Total Hospital Stay in 28 Days,Ventilation,1.8504273504273525,-1.8422934646614093,5.543148165516114,0.32019905848643804,linear,True
Total Hospital Stay in 28 Days,Overall organ support,1.247282608695655,-2.939400623472223,5.433965840863533,0.5534688256397602,linear,True
Total Hospital Stay in 28 Days,Neutropenia,-1.9719298245614045,-8.700578635151308,4.756718986028499,0.5599287994340937,linear,True
Total Hospital Stay in 28 Days,Any Viral Infection,1.317013463892284,-2.6539175475864254,5.287944475370994,0.5095987808387574,linear,True
Total Hospital Stay in 28 Days,Any Fungal Infection,3.128888888888885,-0.46761325768313133,6.725391035460902,0.0869266319067516,linear,False
Total Hospital Stay in 28 Days,Hemat Malignancy,-0.2888540031397142,-4.801813370498083,4.224105364218655,0.8985534203654095,linear,True
Total Hospital Stay in 28 Days,Solid Organ,1.7142857142857149,-2.6578223450598215,6.086393773631251,0.43594464443880565,linear,True
Total Hospital Stay in 28 Days,APACHEII,-0.11677051598054712,-0.3723393427653645,0.1387983108042703,0.36440403771437374,linear,True
Total Hospital Stay in 28 Days,SOFA,-0.005206977349648548,-0.5150014406497508,0.5045874859504537,0.9837675114677654,linear,True
Total Hospital Stay in 28 Days,Hb,4.93103448275861,-2.4388166686916612,12.300885634208882,0.18582784643711342,linear,False
Total Hospital Stay in 28 Days,TLC,0.8259459459459393,-2.9135606923228603,4.565452584214739,0.6602176182395603,linear,True
Total Hospital Stay in 28 Days,ANC,1.7142857142857122,-2.657822345059824,6.086393773631249,0.4359446444388063,linear,True
Total Hospital Stay in 28 Days,Lympho,-2.123243243243251,-5.828478582201932,1.5819920957154303,0.25624345243100427,linear,True
Total Hospital Stay in 28 Days,Platelet,4.7649572649572605,1.2506405816373602,8.279273948277162,0.00870885542454777,linear,False
Total Hospital Stay in 28 Days,INR,-0.39344262295080284,-14.978730331259863,14.191845085358258,0.9571473738301064,linear,True
Total Hospital Stay in 28 Days,Bil,-3.379385964912279,-7.0492369626559555,0.2904650328313969,0.07042210142750367,linear,False
Total Hospital Stay in 28 Days,SGPT,-0.8259459459459504,-4.56545258421475,2.9135606923228488,0.660217618239556,linear,True
Total Hospital Stay in 28 Days,SGOT,-2.978818283166107,-6.703814821361611,0.7461782550293972,0.11493926101837312,linear,False
Total Hospital Stay in 28 Days,Albumin,1.708333333333338,-3.754741861290061,7.1714085279567374,0.5340123618314361,linear,True
Total Hospital Stay in 28 Days,Total Protein,-0.5871271585557298,-5.0981556760522695,3.9239013589408094,0.7954881315279098,linear,True
Total Hospital Stay in 28 Days,Globulin,-1.9921568627450936,-6.078597688066391,2.0942839625762035,0.3333994185578412,linear,True
Total Hospital Stay in 28 Days,ALP,-3.383490073145242,-6.960760285856345,0.19378013956586182,0.0633272748129997,linear,False
Total Hospital Stay in 28 Days,Creatinine,-1.7192982456140382,-5.465263891110872,2.026667399882796,0.3622511902179385,linear,True
Total Hospital Stay in 28 Days,Sodium,-1.234090909090908,-5.0610025780866765,2.5928207599048605,0.5213537460126274,linear,True
Total Hospital Stay in 28 Days,Potassium,3.450980392156861,-0.570147455656441,7.472108239970163,0.09119654593849502,linear,False
Total Hospital Stay in 28 Days,Urea,0.7280701754385992,-3.0394268015647956,4.4955671524419945,0.7004507762681669,linear,True
Total Hospital Stay in 28 Days,Calcium,-0.6704545454545514,-4.506707792534232,3.165798701625129,0.7278718600779571,linear,True
Total Hospital Stay in 28 Days,Magnesium,1.3749999999999991,-2.448707099186376,5.198707099186374,0.4747457461931492,linear,True
Total Hospital Stay in 28 Days,Procalcitonin,2.6499999999999986,-1.9500387137578779,7.250038713757875,0.25375376419689666,linear,True
Total Hospital Stay in 28 Days,P/C+Z-A.E,1.1666666666666654,-5.04073564338491,7.374068976718241,0.7082791470862858,linear,True
Total Hospital Stay in 28 Days,P/C only.E,2.0476190476190466,-1.847178120300594,5.942416215538687,0.2971908122255286,linear,True
Total Hospital Stay in 28 Days,Z-A only.E,1.0736842105263191,-5.668507552335453,7.815875973388091,0.7511781521101006,linear,True
Total Hospital Stay in 28 Days,Neither Abx.E,0.5974025974025999,-5.206320897002416,6.401126091807616,0.8375665442888902,linear,True
Total Hospital Stay in 28 Days,P/C+Z-A.T,-3.8307692307692305,-8.727455647721285,1.0659171861828254,0.12287274728024308,linear,False
Total Hospital Stay in 28 Days,P/C only.T,0.6130952380952382,-5.5995969875896545,6.825787463780131,0.8441832973720714,linear,True
Total Hospital Stay in 28 Days,Z-A only.T,2.7136363636363616,-1.062042049854039,6.489314777126762,0.15573029874915595,linear,False
Total Hospital Stay in 28 Days,Neither Abx.T,0.4444444444444408,-5.035212120469765,5.9241010093586475,0.8716617548239833,linear,True
Total Hospital Stay in 28 Days,Amoxicillin/Clavulanic Acid,0.03888888888889344,-3.4274957743144383,3.5052735520922256,0.9821705901108505,linear,True
Total Hospital Stay in 28 Days,Amikacin,0.7208988764044981,-1.6869614992907869,3.1287592520997833,0.5515093179117413,linear,True
Total Hospital Stay in 28 Days,Aztreonam,-1.7711442786069607,-5.335333073980324,1.7930445167664026,0.324213084408896,linear,True
Total Hospital Stay in 28 Days,Chloramphenicol,-1.1225897753405287,-2.6097317644947253,0.3645522138136681,0.13630418466518937,linear,False
Total Hospital Stay in 28 Days,Ciprofloxacin,-0.2475961538461488,-4.196457362618883,3.7012650549265858,0.9006103796883962,linear,True
Total Hospital Stay in 28 Days,Colistin,-0.6473740621650598,-4.373116901642888,3.078368777312768,0.7293825899723656,linear,True
Total Hospital Stay in 28 Days,Doxycycline,1.3668903803131973,-1.3039416949359148,4.037722455562309,0.31007673962849075,linear,True
Total Hospital Stay in 28 Days,Ertapenem,1.0446153846153907,-2.103350586828772,4.192581356059554,0.5093768047766107,linear,True
Total Hospital Stay in 28 Days,Cefepime,-1.4863387978141946,-6.33304471010657,3.3603671144781804,0.5419099220654026,linear,True
Total Hospital Stay in 28 Days,Fosfomycin,0.5512056002074146,-1.2775431477735997,2.379954348188429,0.5488391705087131,linear,True
Total Hospital Stay in 28 Days,Cefoxitin,-1.0696798493408624,-3.910469367378309,1.7711096686965844,0.45427603202024464,linear,True
Total Hospital Stay in 28 Days,Gentamicin,0.14731304021044733,-2.060709845757716,2.355335926178611,0.8942807805101414,linear,True
Total Hospital Stay in 28 Days,Imipenem,-1.4863387978141946,-6.33304471010657,3.3603671144781804,0.5419099220654026,linear,True
Total Hospital Stay in 28 Days,Levofloxacin,-1.106274007682453,-5.172539617484807,2.959991602119901,0.5883179515133704,linear,True
Total Hospital Stay in 28 Days,Meropenem,-1.4863387978141946,-6.33304471010657,3.3603671144781804,0.5419099220654026,linear,True
Total Hospital Stay in 28 Days,Minocycline,-0.6850618458610851,-2.706083549701086,1.3359598579789156,0.5003547463290325,linear,True
Total Hospital Stay in 28 Days,Cefuroxime,0.03888888888889344,-3.4274957743144383,3.5052735520922256,0.9821705901108505,linear,True
Total Hospital Stay in 28 Days,Cefoperazone/Sulbactam,-0.8222222222222182,-4.282112408874539,2.6376679644301033,0.6362572710057961,linear,True
Total Hospital Stay in 28 Days,Trimethoprim/Sulfamethoxazole,0.05604395604395715,-1.8320647945241075,1.9441527066120219,0.9528515226727603,linear,True
Total Hospital Stay in 28 Days,Cefotaxime,0.7984934086629034,-2.048236299125458,3.6452231164512643,0.5768369531851205,linear,True
Total Hospital Stay in 28 Days,Ceftazidime,-3.32906530089628,-7.31366875375552,0.6555381519629608,0.09988799630161108,linear,False
Total Hospital Stay in 28 Days,Tigecycline,-0.07585139318885448,-3.245060557958752,3.093357771581043,0.9619749959949961,linear,True
Total Hospital Stay in 28 Days,Piperacillin/Tazobactam,-1.4863387978141946,-6.33304471010657,3.3603671144781804,0.5419099220654026,linear,True
Total Hospital Stay in 28 Days,Ceftazidime Avibactam,-1.7943696450428428,-5.7528097093474395,2.164070419261754,0.368171826233756,linear,True
Total Hospital Stay in 28 Days,Nitrofurantoin,0.34939384519738853,-1.6570465406680719,2.355834231062849,0.7288159473954636,linear,True
Total Hospital Stay in 28 Days,Carbapenemase,-4.459016393442607,-18.999134130319707,10.081101343434494,0.5419099220653999,linear,True
Total Hospital Stay in 28 Days,Ceftazidime/Avibactam.T,0.7916666666666661,-3.598038420356117,5.181371753689449,0.7195562506274111,linear,True
Total Hospital Stay in 28 Days,Ceftazidime-Avibactam/Aztreonam.T,0.8636363636363642,-3.1780972842696897,4.905370011542418,0.6706013442722044,linear,True
Total Hospital Stay in 28 Days,Ceftazidime-Avibactam/Aztreonam Synergy.T,3.119521912350598,-0.3842676108987648,6.623311435599961,0.07998751628939688,linear,False
Total Hospital Stay in 28 Days,Polymyxin/Colistin Inclusion.T,0.8078335373317009,-3.172171891100791,4.787838965764193,0.6861822751405565,linear,True
Total Hospital Stay in 28 Days,Clinical Improvement,2.6445643793369267,-0.44398905569776526,5.733117814371619,0.09192250672298893,linear,False
Total Hospital Stay in 28 Days,ICU Stay in 28 Days,0.6874748827863361,0.4215018565640303,0.9534479090086418,2.8267108288110267e-06,linear,False
Total Hospital Stay in 28 Days,GW Stay in 28 Days,0.7330988992696481,0.5003561532400043,0.965841645299292,3.8460123932283344e-08,linear,False
Total Hospital Stay in 28 Days,Mortality in ICU,-6.340000000000003,-10.692948135888376,-1.9870518641116321,0.005016134385587751,linear,False
Total Hospital Stay in 28 Days,Mortality in Hospital,-1.2076923076923074,-6.193560848335679,3.7781762329510644,0.6297822145361267,linear,True
Total Hospital Stay in 28 Days,Mortality post 28 Day Discharge,0.6810344827586199,-6.795947916536288,8.158016882053527,0.8560435621178055,linear,True
Total Hospital Stay in 28 Days,Overall Mortality,-4.56623931623931,-8.0981052516811,-1.0343733807975202,0.012151000580301002,linear,False
Total Hospital Stay in 28 Days,Relapse post 28 Day Discharge,5.224137931034484,-2.132234305911598,12.580510167980567,0.16063398746264973,linear,False
Total Hospital Stay in 28 Days,Other Illness Leading to Hospitalization post 28 Days Discharge,3.684210526315793,-2.9962731771465956,10.36469422977818,0.27437070468227076,linear,True
Mortality in ICU,Patient ID,0.013769125719722579,-0.006027528551162649,0.03356577999060781,0.1728164409448365,logistic,False
Mortality in ICU,Age,-0.002074707940585477,-0.050583674979391605,0.046434259098220645,0.9331941173351299,logistic,True
Mortality in ICU,Male,-0.7420375833046329,-2.0215679866945058,0.53749282008524,0.2556883206960704,logistic,True
Mortality in ICU,Female,0.741937602784552,-0.5375909684726622,2.021466174041766,0.2557516940771898,logistic,True
Mortality in ICU,Height,0.03376614988639265,-0.016381254662910752,0.08391355443569605,0.18692915312349434,logistic,False
Mortality in ICU,Weight,0.006909106212424303,-0.05231887969411847,0.06613709211896708,0.8191525036628848,logistic,True
Mortality in ICU,KPC,-12.144285802957366,-1729.5210692438968,1705.2324976379823,0.988941896756246,logistic,True
Mortality in ICU,NDM,-1.268509969729711,-2.6004256197080933,0.0634056802486711,0.061949063307804024,logistic,False
Mortality in ICU,OXA48,13.22869952788212,-953.544694811307,980.0020938670712,0.9786041987069752,logistic,True
Mortality in ICU,P/C in vitro,0.7166780802668326,-0.8148020270376369,2.248158187571302,0.3590413802397543,logistic,True
Mortality in ICU,Z-A invitro,1.908389348099582,-0.21690483816118022,4.033683534360344,0.07841924565711349,logistic,False
Mortality in ICU,CKD,-12.14428580294455,-1729.5210692328776,1705.2324976269886,0.9889418967561868,logistic,True
Mortality in ICU,HTN,-0.3364679755950462,-1.6109812270326576,0.9380452758425653,0.6048594596445457,logistic,True
Mortality in ICU,DM,0.3268258541508664,-0.9613674524594185,1.6150191607611513,0.6190057701079416,logistic,True
Mortality in ICU,COPD,1.5686175572959966,-0.5063846243329393,3.6436197389249325,0.13843255777754676,logistic,False
Mortality in ICU,Hypothyroidism,0.2876838739550376,-1.1913340208107628,1.766701768720838,0.7030305635560684,logistic,True
Mortality in ICU,UTI.CRO,-0.09302993300054614,-1.7738929120447289,1.5878330460436365,0.9136171614758694,logistic,True
Mortality in ICU,IAI.CRO,-0.20091929419504148,-2.4470392597928723,2.0452006714027893,0.8608265085207003,logistic,True
Mortality in ICU,ABSSSI.CRO,-12.144285802944562,-1729.521069232888,1705.232497626999,0.9889418967561869,logistic,True
Mortality in ICU,HAP.CRO,0.2513943519996177,-1.0982638824227724,1.6010525864220075,0.715056862217015,logistic,True
Mortality in ICU,VAP.CRO,-12.144285802956738,-1729.5210692433566,1705.232497637443,0.9889418967562431,logistic,True
Mortality in ICU,CAP.CRO,0.3536702556774905,-2.0027686551966064,2.7101091665515873,0.7686321121378425,logistic,True
Mortality in ICU,BSI.CRO,0.4595517390945739,-0.9049037526640525,1.8240072308532005,0.5091765906735368,logistic,True
Mortality in ICU,Other.CRO,-0.40555836638373244,-2.6233070450836844,1.8121903123162197,0.7200309463242098,logistic,True
Mortality in ICU,Other.NCRO,-12.144285802943065,-1729.5210692316011,1705.2324976257148,0.9889418967561799,logistic,True
Mortality in ICU,Hospitalization in past 6 Months,-0.4965787777608375,-1.7718564371550385,0.7786988816333635,0.4453513247155656,logistic,True
Mortality in ICU,CV Catheter in 6 Months,-1.0115978770266931,-3.172812269338887,1.149616515285501,0.35893372175475724,logistic,True
Mortality in ICU,CV Catheter Now,13.226692713976655,-2937.297692778779,2963.7510782067325,0.9929897320113291,logistic,True
Mortality in ICU,Urinary Catheter in 6 Months,-0.7622059004608086,-2.3964465267101405,0.8720347257885235,0.36065248520947724,logistic,True
Mortality in ICU,Surgery in last 3 Months,-0.7758453527238112,-2.19806199129088,0.6463712858432578,0.2849811682234079,logistic,True
Mortality in ICU,Past CREPA infection,-11.61772304716422,-309.72943283931477,286.4939867449863,0.939115322751825,logistic,True
Mortality in ICU,Endoscopy in 1 week,-14.00482098606015,-2123.2459592873633,2095.236317315243,0.9896168955455973,logistic,True
Mortality in ICU,Dialysis in 1 week,2.484895350863938,0.6298135513200935,4.339977150407783,0.008655084009654687,logistic,False
Mortality in ICU,Immunosuppressive drugs in 1 week,1.4490949107676216,-0.16774453812264234,3.0659343596578856,0.07898246213919959,logistic,False
Mortality in ICU,Inotropes,0.5328066836280607,-0.7900067804538164,1.8556201477099379,0.42985486301134024,logistic,True
Mortality in ICU,Ventilation,1.5293930915624498,-0.08698566090806947,3.145771844032969,0.06366934196668553,logistic,False
Mortality in ICU,Overall organ support,1.550587359773145,-0.58400509419121,3.6851798137375003,0.1545230090311523,logistic,False
Mortality in ICU,Neutropenia,1.1421032165427185,-0.7728602248856309,3.0570666579710677,0.24242700531888173,logistic,True
Mortality in ICU,Any Viral Infection,1.045969385887034,-0.25010422379435693,2.342042995568425,0.11370702466904281,logistic,False
Mortality in ICU,Any Fungal Infection,0.8800880392024859,-0.40614842885067426,2.166324507255646,0.17989577797401712,logistic,False
Mortality in ICU,Hemat Malignancy,1.321755126416769,-0.052550700835876984,2.696060953669415,0.059427287600081403,logistic,False
Mortality in ICU,Solid Organ,-1.658225558357989,-3.019154068960866,-0.29729704775511245,0.01693475104547011,logistic,False
Mortality in ICU,APACHEII,0.18055055964885763,0.06980126012338717,0.2912998591743281,0.0013970585122251048,logistic,False
Mortality in ICU,SOFA,0.3283459283783092,0.1209712380612529,0.5357206186953656,0.0019137454634457467,logistic,False
Mortality in ICU,Hb,13.45252017588658,-1586.8023591918225,1613.7073995435956,0.9868543218518232,logistic,True
Mortality in ICU,TLC,0.3703840135496465,-0.9547295510188132,1.6954975781181063,0.583807412755182,logistic,True
Mortality in ICU,ANC,0.45677482156544696,-1.1943037988663725,2.1078534419972663,0.587660972563598,logistic,True
Mortality in ICU,Lympho,-0.06893550774849146,-1.348455708001325,1.2105846925043422,0.915903582297721,logistic,True
Mortality in ICU,Platelet,0.45198983982488955,-0.8717716129538373,1.7757512926036165,0.5033569963365414,logistic,True
Mortality in ICU,INR,13.226692705416692,-2937.2976809096594,2963.7510663204926,0.992989731987646,logistic,True
Mortality in ICU,Bil,0.5753640854861337,-0.695047571819482,1.8457757427917494,0.3747239760066605,logistic,True
Mortality in ICU,SGPT,0.4895481448673667,-0.7779634494072285,1.7570597391419618,0.4490543736784709,logistic,True
Mortality in ICU,SGOT,1.0902449774462835,-0.20209688370729761,2.3825868385998645,0.0982364438219774,logistic,False
Mortality in ICU,Albumin,0.5826029029324615,-1.6148472959750964,2.7800531018400196,0.6033152473773596,logistic,True
Mortality in ICU,Total Protein,1.2452140772158162,-0.9023162296402942,3.3927443840719267,0.25576556732325795,logistic,True
Mortality in ICU,Globulin,0.1541521193289724,-1.2909797078914136,1.5992839465493582,0.8343941928192786,logistic,True
Mortality in ICU,ALP,0.2564347304180741,-1.0182706338112049,1.531140094647353,0.6933673751374632,logistic,True
Mortality in ICU,Creatinine,0.7758572854565885,-0.6463498787024201,2.198064449615597,0.284970551079051,logistic,True
Mortality in ICU,Sodium,0.6091115080154664,-0.8168569925441399,2.035080008575073,0.40247393448134283,logistic,True
Mortality in ICU,Potassium,-0.7622059004608089,-2.396446526710141,0.8720347257885231,0.3606524852094769,logistic,True
Mortality in ICU,Urea,0.7758572854565889,-0.6463498787024197,2.1980644496155977,0.28497055107905067,logistic,True
Mortality in ICU,Calcium,1.2039715543708234,-0.4162117162133576,2.8241548249550044,0.14526400608895146,logistic,False
Mortality in ICU,Magnesium,0.32682585415086585,-0.9613674524594192,1.6150191607611508,0.6190057701079421,logistic,True
Mortality in ICU,Procalcitonin,-0.2230803501075936,-1.891907445831557,1.44574674561637,0.7933229423344675,logistic,True
Mortality in ICU,P/C+Z-A.E,0.8329149128248113,-0.9970402528693191,2.662870078518942,0.3723451256865219,logistic,True
Mortality in ICU,P/C only.E,-1.9083343574884901,-4.0335909480243455,0.21692223304736502,0.07842256604287327,logistic,False
Mortality in ICU,Z-A only.E,-11.725723599316654,-608.7472509548558,585.2958037562224,0.9692934823539788,logistic,True
Mortality in ICU,Neither Abx.E,-0.405558366383734,-2.623307045083688,1.8121903123162197,0.7200309463242089,logistic,True
Mortality in ICU,P/C+Z-A.T,1.8607396914375844,0.3874021722062355,3.3340772106689336,0.013311660344053447,logistic,False
Mortality in ICU,P/C only.T,-13.972324829083382,-1671.1626696598091,1643.2180200016423,0.9868154695985626,logistic,True
Mortality in ICU,Z-A only.T,-0.11778006029992205,-1.449696867852289,1.2141367472524451,0.8624017596736019,logistic,True
Mortality in ICU,Neither Abx.T,-0.5826711627307943,-2.7801427758109742,1.6148004503493858,0.6032763361268966,logistic,True
Mortality in ICU,Amoxicillin/Clavulanic Acid,-0.4979977565896882,-1.4472980208800725,0.4513025077006961,0.3038621317287884,logistic,True
Mortality in ICU,Amikacin,0.21102977810381907,-0.71454679488852,1.1366063510961582,0.6549702040177201,logistic,True
Mortality in ICU,Aztreonam,3.3645088423060896,-35.558280466327666,42.28729815093984,0.8654659457712317,logistic,True
Mortality in ICU,Chloramphenicol,0.3427581028010758,-0.20718947184141373,0.8927056774435653,0.22187435347628404,logistic,True
Mortality in ICU,Ciprofloxacin,11.018153599742204,-946.7313349946942,968.7676421941785,0.9820109492168086,logistic,True
Mortality in ICU,Colistin,0.3813773470280379,-0.9320557737048216,1.6948104677608975,0.5692825560412486,logistic,True
Mortality in ICU,Doxycycline,-12.91372718726847,-1684.1677678286721,1658.3403134541352,0.9879168354910395,logistic,True
Mortality in ICU,Ertapenem,-0.3530750593013964,-1.247562637604517,0.5414125190017244,0.4391417069854381,logistic,True
Mortality in ICU,Cefepime,3.57613949255056,-278.44395920658707,285.5962381916882,0.9801720490661829,logistic,True
Mortality in ICU,Fosfomycin,0.036562160885915795,-0.5923968166866166,0.6655211384584482,0.9092892226393406,logistic,True
Mortality in ICU,Cefoxitin,-0.26005282956521225,-1.0894729696879062,0.5693673105574816,0.5388726247635278,logistic,True
Mortality in ICU,Gentamicin,0.13283073373124343,-0.6725786897089097,0.9382401571713965,0.7465107517827347,logistic,True
Mortality in ICU,Imipenem,3.57613949255056,-278.44395920658707,285.5962381916882,0.9801720490661829,logistic,True
Mortality in ICU,Levofloxacin,4.881779529004619,-251.39754629316758,261.16110535117684,0.9702181372019301,logistic,True
Mortality in ICU,Meropenem,3.57613949255056,-278.44395920658707,285.5962381916882,0.9801720490661829,logistic,True
Mortality in ICU,Minocycline,0.9969033449305481,0.08295588728690428,1.910850802574192,0.03252784636715405,logistic,False
Mortality in ICU,Cefuroxime,-0.4979977565896882,-1.4472980208800725,0.4513025077006961,0.3038621317287884,logistic,True
Mortality in ICU,Cefoperazone/Sulbactam,4.545589209314063,-840.3952191701916,849.4863975888196,0.9915871333580234,logistic,True
Mortality in ICU,Trimethoprim/Sulfamethoxazole,0.8486908489766161,-0.19309763111866118,1.8904793290718933,0.11033691311535146,logistic,False
Mortality in ICU,Cefotaxime,-0.7607929978367621,-1.5924398242675597,0.07085382859403555,0.07297597816462584,logistic,False
Mortality in ICU,Ceftazidime,4.881779528638438,-251.39754563193748,261.16110468921437,0.9702181371273154,logistic,True
Mortality in ICU,Tigecycline,-0.23769181618434923,-1.4268104077228236,0.9514267753541251,0.695224180852973,logistic,True
Mortality in ICU,Piperacillin/Tazobactam,3.57613949255056,-278.44395920658707,285.5962381916882,0.9801720490661829,logistic,True
Mortality in ICU,Ceftazidime Avibactam,0.6079899977268911,-0.695147516453786,1.9111275119075684,0.36048672752756383,logistic,True
Mortality in ICU,Nitrofurantoin,-0.6224641531015994,-1.8930105595871805,0.6480822533839817,0.3369432154808414,logistic,True
Mortality in ICU,Carbapenemase,13.226692710280746,-2937.297692782475,2963.7510782030363,0.992989732013288,logistic,True
Mortality in ICU,Ceftazidime/Avibactam.T,15.771587243179894,-2396.8977066592483,2428.4408811456083,0.9897775763282557,logistic,True
Mortality in ICU,Ceftazidime-Avibactam/Aztreonam.T,12.991495048775612,-486.6652587192415,512.6482488167927,0.9593568295638331,logistic,True
Mortality in ICU,Ceftazidime-Avibactam/Aztreonam Synergy.T,-0.5484332792048594,-1.918647280048474,0.8217807216387552,0.4327568023769198,logistic,True
Mortality in ICU,Polymyxin/Colistin Inclusion.T,-0.1541444795440321,-1.4981664166730249,1.1898774575849607,0.8221455764943847,logistic,True
Mortality in ICU,Clinical Improvement,-2.1161590736309686,-3.716691351148806,-0.5156267961131311,0.009559044353517385,logistic,False
Mortality in ICU,ICU Stay in 28 Days,0.010448486255945053,-0.09666355263142412,0.11756052514331422,0.8483774251901561,logistic,True
Mortality in ICU,GW Stay in 28 Days,-1.0990873040298719,-2.1087609935845983,-0.0894136144751454,0.032881076581618235,logistic,False
Mortality in ICU,Total Hospital Stay in 28 Days,-0.19082886005955696,-0.3418365909287593,-0.03982112919035463,0.013256187160686977,logistic,False
Mortality in ICU,Mortality in Hospital,-11.530611325009875,-372.54147398456314,349.48025133454337,0.950084361246722,logistic,True
Mortality in ICU,Mortality post 28 Day Discharge,-14.004820986059872,-2123.2459592870705,2095.236317314951,0.9896168955455961,logistic,True
Mortality in ICU,Overall Mortality,14.986442098342206,-618.6290556597623,648.6019398564467,0.9630252392977414,logistic,True
Mortality in ICU,Relapse post 28 Day Discharge,-14.004820986058835,-2123.2459592859773,2095.2363173138597,0.9896168955455915,logistic,True
Mortality in ICU,Other Illness Leading to Hospitalization post 28 Days Discharge,-11.725723599317083,-608.7472509549846,585.2958037563503,0.9692934823539844,logistic,True
Mortality in Hospital,Patient ID,-0.00780523736285803,-0.029778327963842534,0.014167853238126476,0.48629451298820203,logistic,True
Mortality in Hospital,Age,0.021037218859869717,-0.03827306169247101,0.08034749941221044,0.48693330808338087,logistic,True
Mortality in Hospital,Male,-0.31012715729142376,-1.6663066382645084,1.046052323681661,0.6540097058337144,logistic,True
Mortality in Hospital,Female,0.31024910121160065,-1.045910723049068,1.6664089254722694,0.6538778439148893,logistic,True
Mortality in Hospital,Height,0.007859611886670295,-0.036838347046753726,0.05255757082009432,0.7303675256351598,logistic,True
Mortality in Hospital,Weight,0.01637296004343928,-0.04777281540608674,0.08051873549296529,0.6168827258863256,logistic,True
Mortality in Hospital,KPC,-8.561896807985601,-328.62355169938456,311.4997580834134,0.9581856302567765,logistic,True
Mortality in Hospital,NDM,0.0953166870267316,-1.2842688245871825,1.4749021986406459,0.892283362990888,logistic,True
Mortality in Hospital,OXA48,13.475543183888163,-1212.8257045812177,1239.7767909489942,0.9828168141395034,logistic,True
Mortality in Hospital,P/C in vitro,1.0136370440127362,-0.5558754055405757,2.583149493566048,0.20558395562102416,logistic,True
Mortality in Hospital,Z-A invitro,0.12521601823655656,-1.3461632895057092,1.5965953259788221,0.8675312597344977,logistic,True
Mortality in Hospital,CKD,15.172833277926632,-1592.1573629256143,1622.5030294814676,0.9852386880615726,logistic,True
Mortality in Hospital,HTN,0.07696392563060687,-1.2767388079878683,1.4306666592490822,0.9112733643813663,logistic,True
Mortality in Hospital,DM,-0.2952138859532076,-1.760762973726788,1.1703352018203728,0.69298555736967,logistic,True
Mortality in Hospital,COPD,-13.923409364531132,-2280.000916808408,2252.154098079346,0.9903916572372781,logistic,True
Mortality in Hospital,Hypothyroidism,0.5877871502039291,-0.9303946605518048,2.105968960959663,0.4479543590338575,logistic,True
Mortality in Hospital,UTI.CRO,1.4552874531398594,-0.03962150072153969,2.9501964070012585,0.056389079800804515,logistic,False
Mortality in Hospital,IAI.CRO,-14.382898317459215,-2293.4318797131314,2264.6660830782125,0.9901310754356591,logistic,True
Mortality in Hospital,ABSSSI.CRO,-8.561896807990976,-328.62355170024813,311.49975808426615,0.9581856302568623,logistic,True
Mortality in Hospital,HAP.CRO,-1.4751095301990562,-3.6207667112460165,0.6705476508479038,0.17783597894779013,logistic,False
Mortality in Hospital,VAP.CRO,15.172833278022189,-1592.1573630455316,1622.503029601576,0.9852386880625816,logistic,True
Mortality in Hospital,CAP.CRO,0.5959870678313256,-1.7761758469012947,2.9681499825639457,0.6224186719273497,logistic,True
Mortality in Hospital,BSI.CRO,-0.3874301833617761,-2.053593990150785,1.278733623427233,0.6485718988401801,logistic,True
Mortality in Hospital,Other.CRO,0.8544168445106962,-0.9486177229782223,2.657451411999615,0.35300201963835665,logistic,True
Mortality in Hospital,Other.NCRO,-8.561896808015515,-328.623551704191,311.49975808816004,0.958185630257254,logistic,True
Mortality in Hospital,Hospitalization in past 6 Months,-0.07695094620669955,-1.430651380158184,1.276749487744785,0.911288115607121,logistic,True
Mortality in Hospital,CV Catheter in 6 Months,0.17772391621873457,-1.5301972489441449,1.885645081381614,0.8383916780396992,logistic,True
Mortality in Hospital,CV Catheter Now,13.326999996109727,-3453.7092463970966,3480.3632463893164,0.9939888431583074,logistic,True
Mortality in Hospital,Urinary Catheter in 6 Months,0.15124187292801572,-1.3335908848121223,1.6360746306681535,0.8417639265618082,logistic,True
Mortality in Hospital,Surgery in last 3 Months,-0.4575019859652849,-1.9189809775896938,1.003977005659124,0.5395140985109408,logistic,True
Mortality in Hospital,Past CREPA infection,1.0741776343491218,-0.18215260322783955,2.330507871926083,0.09377873661411437,logistic,False
Mortality in Hospital,Endoscopy in 1 week,-13.923409364531105,-2280.0009168083775,2252.1540980793156,0.990391657237278,logistic,True
Mortality in Hospital,Dialysis in 1 week,1.0986147768662613,-0.7564613110438565,2.9536908647763793,0.24575107562442322,logistic,True
Mortality in Hospital,Immunosuppressive drugs in 1 week,0.5371422533987431,-0.9229685177181657,1.997253024515652,0.47089282610354766,logistic,True
Mortality in Hospital,Inotropes,0.17366553263647913,-1.2047699863819785,1.5521010516549367,0.8049617771396785,logistic,True
Mortality in Hospital,Ventilation,0.09531668702673042,-1.284268824587183,1.4749021986406436,0.8922833629908893,logistic,True
Mortality in Hospital,Overall organ support,0.3877636626577875,-1.2784847132755037,2.054012038591079,0.6483064490753794,logistic,True
Mortality in Hospital,Neutropenia,-11.562487976363132,-627.561588464866,604.4366125121396,0.9706531554016375,logistic,True
Mortality in Hospital,Any Viral Infection,0.49740286900126546,-0.9027856160239089,1.89759135402644,0.486267595020623,logistic,True
Mortality in Hospital,Any Fungal Infection,0.4382949455664125,-0.9227828389985324,1.7993727301313573,0.5279433809080178,logistic,True
Mortality in Hospital,Hemat Malignancy,0.587787150203929,-0.9303946605518042,2.1059689609596624,0.44795435903385716,logistic,True
Mortality in Hospital,Solid Organ,-0.4683703593889589,-1.9757452199772625,1.039004501199345,0.5425254301614588,logistic,True
Mortality in Hospital,APACHEII,0.0074215801627757535,-0.08678347493841054,0.10162663526396204,0.8772879149939684,logistic,True
Mortality in Hospital,SOFA,-0.003861587081660512,-0.19228412988799012,0.1845609557246691,0.9679591262717062,logistic,True
Mortality in Hospital,Hb,-0.5958003500133804,-2.968034174705945,1.776433474679184,0.6225381143123486,logistic,True
Mortality in Hospital,TLC,-0.9575832784931699,-2.3429266844031305,0.4277601274167906,0.17548922520825128,logistic,False
Mortality in Hospital,ANC,0.1823294281513238,-1.4960759248964512,1.8607347811990986,0.831392594621109,logistic,True
Mortality in Hospital,Lympho,0.5371422533987426,-0.9229685177181662,1.9972530245156515,0.4708928261035481,logistic,True
Mortality in Hospital,Platelet,-0.875547088427982,-2.2585619697577433,0.5074677929017793,0.21468073791719977,logistic,True
Mortality in Hospital,INR,13.326999974219326,-3453.709207876553,3480.3632078249916,0.9939888431013572,logistic,True
Mortality in Hospital,Bil,-1.076220024564617,-2.7204671370672115,0.5680270879379776,0.19953822267818,logistic,False
Mortality in Hospital,SGPT,-1.1545771202892037,-2.7978540834170147,0.48869984283860735,0.16848643693909793,logistic,False
Mortality in Hospital,SGOT,-0.3772854101439133,-1.8406280328407107,1.086057212552884,0.613329528350137,logistic,True
Mortality in Hospital,Albumin,13.475543184120262,-1212.8257050073641,1239.7767913756045,0.9828168141451811,logistic,True
Mortality in Hospital,Total Protein,0.993255357352909,-1.1710665380723415,3.1575772527781596,0.3684018486281091,logistic,True
Mortality in Hospital,Globulin,1.3862909771532301,-0.7619800416540143,3.5345619959604746,0.2059518438108502,logistic,True
Mortality in Hospital,ALP,-1.1574660061592157,-2.617569963131253,0.30263795081282163,0.12025138938154205,logistic,False
Mortality in Hospital,Creatinine,1.965457745936138,-0.17180004448344866,4.102715536355724,0.07148007112572925,logistic,False
Mortality in Hospital,Sodium,1.8078154922310607,-0.33118914708413105,3.9468201315462528,0.09762135517537629,logistic,False
Mortality in Hospital,Potassium,-1.3863197008177985,-3.534563443699314,0.7619240420637172,0.20593668912145602,logistic,True
Mortality in Hospital,Urea,1.9654577459361415,-0.17180004448344643,4.1027155363557295,0.0714800711257289,logistic,False
Mortality in Hospital,Calcium,-0.23046596716635867,-1.6186226317407018,1.1576906974079844,0.7448790006025785,logistic,True
Mortality in Hospital,Magnesium,0.2305248858091533,-1.1576403197896545,1.6186900914079612,0.7448175648249169,logistic,True
Mortality in Hospital,Procalcitonin,0.7166784383382706,-0.8148018079861837,2.248158684662725,0.35904118377126926,logistic,True
Mortality in Hospital,P/C+Z-A.E,-14.382898317459315,-2293.4318797132446,2264.6660830783258,0.9901310754356596,logistic,True
Mortality in Hospital,P/C only.E,0.4054654520931551,-0.9900290351730003,1.8009599393593105,0.5690345806236636,logistic,True
Mortality in Hospital,Z-A only.E,2.3719546804880305,0.41566954667546874,4.328239814300592,0.017481778708449986,logistic,False
Mortality in Hospital,Neither Abx.E,-13.88713811883437,-1642.7019499392352,1614.9276737015664,0.9866675800208682,logistic,True
Mortality in Hospital,P/C+Z-A.T,-14.453861838168981,-1762.2262333852636,1733.3185097089258,0.9870679264570337,logistic,True
Mortality in Hospital,P/C only.T,0.04387090748229778,-2.2182721617388252,2.306013976703421,0.9696792364494986,logistic,True
Mortality in Hospital,Z-A only.T,0.7221703361707764,-0.6461373350135592,2.090478007355112,0.3009319941534896,logistic,True
Mortality in Hospital,Neither Abx.T,-14.099310534103088,-1689.2844926509426,1661.0858715827364,0.9868385569476497,logistic,True
Mortality in Hospital,Amoxicillin/Clavulanic Acid,4.478179636954962,-849.3501695171383,858.3065287910481,0.9917981571410888,logistic,True
Mortality in Hospital,Amikacin,12.22629601852025,-1255.4722318103013,1279.924823847342,0.9849186155772185,logistic,True
Mortality in Hospital,Aztreonam,7.727044808603073,-3471.7019773834854,3487.156067000692,0.9965271003838664,logistic,True
Mortality in Hospital,Chloramphenicol,-0.5043057546363956,-1.1100436716883015,0.10143216241551023,0.10272928497570931,logistic,False
Mortality in Hospital,Ciprofloxacin,13.779102669205049,-4246.4914995407735,4274.049704879183,0.9949421144881548,logistic,True
Mortality in Hospital,Colistin,1.1529362738568172,-0.2729837289692396,2.578856276682874,0.11302524305419216,logistic,False
Mortality in Hospital,Doxycycline,-0.4525110004272347,-1.903820855929156,0.9987988550746866,0.5411289048730468,logistic,True
Mortality in Hospital,Ertapenem,6.0504562697284925,-909.5500059912728,921.6509185307297,0.9896662456449562,logistic,True
Mortality in Hospital,Cefepime,4.529376085499293,-1312.3360606600024,1321.394812831001,0.9946212439603026,logistic,True
Mortality in Hospital,Fosfomycin,-0.10382171388636517,-0.7823518796439315,0.5747084518712011,0.7642583545649635,logistic,True
Mortality in Hospital,Cefoxitin,5.29899948139302,-2358.7512791029308,2369.3492780657166,0.996494710244273,logistic,True
Mortality in Hospital,Gentamicin,0.44234709780836917,-0.6167286535318097,1.5014228491485482,0.41300121083386976,logistic,True
Mortality in Hospital,Imipenem,4.529376085499293,-1312.3360606600024,1321.394812831001,0.9946212439603026,logistic,True
Mortality in Hospital,Levofloxacin,6.348852211211543,-1244.2691412213744,1256.9668456437976,0.9920612608631528,logistic,True
Mortality in Hospital,Meropenem,4.529376085499293,-1312.3360606600024,1321.394812831001,0.9946212439603026,logistic,True
Mortality in Hospital,Minocycline,-0.3540678883714702,-1.09416651141427,0.38603073467132953,0.34841955913956624,logistic,True
Mortality in Hospital,Cefuroxime,4.478179636954962,-849.3501695171383,858.3065287910481,0.9917981571410888,logistic,True
Mortality in Hospital,Cefoperazone/Sulbactam,-0.5782453450330969,-1.5318977900623965,0.3754070999962027,0.23466781070890874,logistic,True
Mortality in Hospital,Trimethoprim/Sulfamethoxazole,-0.10598291719123273,-0.7790936415089413,0.5671278071264758,0.7576249944831659,logistic,True
Mortality in Hospital,Cefotaxime,5.2989994704352155,-2358.7511721980195,2369.34917113889,0.9964947100929934,logistic,True
Mortality in Hospital,Ceftazidime,6.348852169680256,-1244.2690779479933,1256.9667822873537,0.9920612605131822,logistic,True
Mortality in Hospital,Tigecycline,0.5228006877511856,-0.4866731551327169,1.532274530635088,0.3100800604348829,logistic,True
Mortality in Hospital,Piperacillin/Tazobactam,4.529376085499293,-1312.3360606600024,1321.394812831001,0.9946212439603026,logistic,True
Mortality in Hospital,Ceftazidime Avibactam,-0.6645248043573674,-2.318920085869894,0.9898704771551593,0.4311277506975285,logistic,True
Mortality in Hospital,Nitrofurantoin,0.8603713996048199,0.25480740055789064,1.4659353986517492,0.005358193689578446,logistic,False
Mortality in Hospital,Carbapenemase,13.326999972532791,-3453.7091982426314,3480.3631981876965,0.9939888430854119,logistic,True
Mortality in Hospital,Ceftazidime/Avibactam.T,1.0986085456220116,-1.0606177734257964,3.2578348646698196,0.31865559716980774,logistic,True
Mortality in Hospital,Ceftazidime-Avibactam/Aztreonam.T,0.5754346296941378,-1.0821686567920867,2.233037916180362,0.49625203309598886,logistic,True
Mortality in Hospital,Ceftazidime-Avibactam/Aztreonam Synergy.T,0.19994815590598639,-1.0852793620962906,1.4851756739082633,0.7604273142658273,logistic,True
Mortality in Hospital,Polymyxin/Colistin Inclusion.T,-0.9986186696807852,-2.381376816160566,0.38413947679899574,0.15692990065210866,logistic,False
Mortality in Hospital,Clinical Improvement,-2.6692907678366278,-4.7957818040785,-0.5427997315947555,0.013883768114829447,logistic,False
Mortality in Hospital,ICU Stay in 28 Days,-0.057428777843133924,-0.19801838170342212,0.08316082601715426,0.4233537793151937,logistic,True
Mortality in Hospital,GW Stay in 28 Days,0.01139578650057504,-0.09639383392352352,0.11918540692467361,0.8358440910908875,logistic,True
Mortality in Hospital,Total Hospital Stay in 28 Days,-0.02479012925065822,-0.1239290380541021,0.07434877955278565,0.6240646990443455,logistic,True
Mortality in Hospital,Mortality in ICU,-14.010549211536443,-1261.5507098526348,1233.5296114295618,0.9824388194213972,logistic,True
Mortality in Hospital,Mortality post 28 Day Discharge,-13.923409364531807,-2280.0009168091738,2252.15409808011,0.9903916572372808,logistic,True
Mortality in Hospital,Overall Mortality,14.840872627284758,-675.066255821569,704.7480010761385,0.9663698885721451,logistic,True
Mortality in Hospital,Relapse post 28 Day Discharge,-13.923409364531834,-2280.0009168092038,2252.15409808014,0.990391657237281,logistic,True
Mortality in Hospital,Other Illness Leading to Hospitalization post 28 Days Discharge,-11.56248797636336,-627.5615884649368,604.43661251221,0.9706531554016403,logistic,True
Mortality post 28 Day Discharge,Patient ID,-0.0161282509112038,-0.05204760663722298,0.019791104814815382,0.37883279814851045,logistic,True
Mortality post 28 Day Discharge,Age,0.06196037392312069,-0.04711873876351287,0.17103948660975427,0.2655704544924815,logistic,True
Mortality post 28 Day Discharge,Male,10.936012814500426,-237.92753819526212,259.799563824263,0.9313644376963928,logistic,True
Mortality post 28 Day Discharge,Female,-14.596824210596168,-1566.640649376842,1537.4470009556496,0.9852932077991975,logistic,True
Mortality post 28 Day Discharge,Height,-0.003704265350300126,-0.09197571735841883,0.0845671866578186,0.9344488169684038,logistic,True
Mortality post 28 Day Discharge,Weight,-0.032916621363498516,-0.12781349858388977,0.061980255856892735,0.49660110930203216,logistic,True
Mortality post 28 Day Discharge,KPC,-9.012591056742076,-679.1982281145516,661.1730460010675,0.9789722686768284,logistic,True
Mortality post 28 Day Discharge,NDM,-1.5185932110980467,-3.8420894621358483,0.804903039939755,0.20019528312308066,logistic,True
Mortality post 28 Day Discharge,OXA48,9.946132328736443,-343.9849167710505,363.8771814285234,0.956075767399027,logistic,True
Mortality post 28 Day Discharge,P/C in vitro,0.5959790358963026,-1.7761898976628574,2.9681479694554627,0.6224242453848436,logistic,True
Mortality post 28 Day Discharge,Z-A invitro,12.637323684833566,-736.8498912320582,762.1245386017252,0.9736366869230543,logistic,True
Mortality post 28 Day Discharge,CKD,-9.012591056713543,-679.1982281049708,661.1730459915437,0.9789722686765954,logistic,True
Mortality post 28 Day Discharge,HTN,-14.896132631763393,-1640.1143918576026,1610.322126594076,0.9856673455113844,logistic,True
Mortality post 28 Day Discharge,DM,-0.5321654938011677,-2.857776439092097,1.793445451489762,0.6537958943593838,logistic,True
Mortality post 28 Day Discharge,COPD,-9.318205953176275,-389.31872103500945,370.68230912865687,0.9616673271912637,logistic,True
Mortality post 28 Day Discharge,Hypothyroidism,0.24564781553245973,-2.1046822346708742,2.5959778657357937,0.8376907302353371,logistic,True
Mortality post 28 Day Discharge,UTI.CRO,-12.136640777454955,-887.1741214094944,862.9008398545844,0.9783126490556054,logistic,True
Mortality post 28 Day Discharge,IAI.CRO,-11.803682395034764,-1066.8117161830185,1043.204351392949,0.9825049536955469,logistic,True
Mortality post 28 Day Discharge,ABSSSI.CRO,-9.012591056761417,-679.1982281210549,661.1730460075321,0.9789722686769867,logistic,True
Mortality post 28 Day Discharge,HAP.CRO,0.9649076078327428,-1.078013801774831,3.007829017440317,0.35458872451392753,logistic,True
Mortality post 28 Day Discharge,VAP.CRO,-9.012591056751592,-679.1982281177458,661.1730460042426,0.9789722686769061,logistic,True
Mortality post 28 Day Discharge,CAP.CRO,-9.318205953171097,-389.3187210340218,370.68230912767956,0.961667327191186,logistic,True
Mortality post 28 Day Discharge,BSI.CRO,-0.04545515997814219,-2.383689126672861,2.2927788067165764,0.9696066684061373,logistic,True
Mortality post 28 Day Discharge,Other.CRO,1.0608465582241806,-1.354994384056247,3.4766875005046085,0.38942455845515567,logistic,True
Mortality post 28 Day Discharge,Other.NCRO,-9.012591056755582,-679.1982281190866,661.1730460055754,0.9789722686769388,logistic,True
Mortality post 28 Day Discharge,Hospitalization in past 6 Months,-1.2375375103620394,-3.559168892282035,1.0840938715579562,0.2961376205412929,logistic,True
Mortality post 28 Day Discharge,CV Catheter in 6 Months,-12.13664077745587,-887.1741214098957,862.9008398549839,0.9783126490556137,logistic,True
Mortality post 28 Day Discharge,CV Catheter Now,10.534651951492368,-1424.1095285856147,1445.1788324885995,0.9885171643032491,logistic,True
Mortality post 28 Day Discharge,Urinary Catheter in 6 Months,-12.232248626495457,-701.8653393351489,677.400842082158,0.9722675085460882,logistic,True
Mortality post 28 Day Discharge,Surgery in last 3 Months,-0.6786994226540235,-3.002162190592645,1.6447633452845982,0.5669704629721655,logistic,True
Mortality post 28 Day Discharge,Past CREPA infection,-11.959098332008285,-690.8283812982658,666.9101846342493,0.9724568156398791,logistic,True
Mortality post 28 Day Discharge,Endoscopy in 1 week,-9.318205953171093,-389.3187210340211,370.6823091276789,0.961667327191186,logistic,True
Mortality post 28 Day Discharge,Dialysis in 1 week,-11.803682395034182,-1066.8117161827108,1043.2043513926424,0.9825049536955427,logistic,True
Mortality post 28 Day Discharge,Immunosuppressive drugs in 1 week,-0.4197745236297939,-2.449064589061267,1.6095155418016789,0.685158610254766,logistic,True
Mortality post 28 Day Discharge,Inotropes,-1.4470298707734692,-3.7697312260933566,0.875671484546418,0.22206840273634287,logistic,True
Mortality post 28 Day Discharge,Ventilation,0.8214666752118639,-1.500820208612148,3.1437535590358756,0.4881203300452417,logistic,True
Mortality post 28 Day Discharge,Overall organ support,0.04546064993525616,-2.2927703670604864,2.3836916669309987,0.9696029610266562,logistic,True
Mortality post 28 Day Discharge,Neutropenia,1.5045618108106062,-0.9758040942669217,3.9849277158881344,0.23448220350357352,logistic,True
Mortality post 28 Day Discharge,Any Viral Infection,-0.3000740041912216,-2.630575964035658,2.0304279556532148,0.8007599078809349,logistic,True
Mortality post 28 Day Discharge,Any Fungal Infection,1.5628745487103681,-0.7622424066354649,3.887991504056201,0.18769467498152992,logistic,False
Mortality post 28 Day Discharge,Hemat Malignancy,0.24564781553245585,-2.1046822346708813,2.595977865735793,0.8376907302353399,logistic,True
Mortality post 28 Day Discharge,Solid Organ,9.82940759686255,-226.9472836741834,246.6060988679085,0.9351518527140271,logistic,True
Mortality post 28 Day Discharge,APACHEII,-0.14856590086937163,-0.34801454337498317,0.0508827416362399,0.14430551192948168,logistic,False
Mortality post 28 Day Discharge,SOFA,-0.06624064219702806,-0.3727499886962141,0.24026870430215796,0.6718767984998542,logistic,True
Mortality post 28 Day Discharge,Hb,7.639650370794619,-156.55676027795198,171.8360610195412,0.9273398355504827,logistic,True
Mortality post 28 Day Discharge,TLC,0.7503095421788994,-1.5724081231668794,3.073027207524678,0.5266494713120015,logistic,True
Mortality post 28 Day Discharge,ANC,-0.1430892728181562,-2.488867053881857,2.2026885082455445,0.9048355476157013,logistic,True
Mortality post 28 Day Discharge,Lympho,0.7503095421788984,-1.5724081231668814,3.073027207524678,0.5266494713120021,logistic,True
Mortality post 28 Day Discharge,Platelet,10.872844239659821,-238.77593543877265,260.5216239180923,0.9319740355811172,logistic,True
Mortality post 28 Day Discharge,INR,10.534651951305992,-1424.109528244446,1445.1788321470578,0.9885171643007202,logistic,True
Mortality post 28 Day Discharge,Bil,-0.678699422654022,-3.0021621905926428,1.6447633452845989,0.5669704629721661,logistic,True
Mortality post 28 Day Discharge,SGPT,1.5911308062742593,-0.7333778552341632,3.9156394677826816,0.17972596978085287,logistic,False
Mortality post 28 Day Discharge,SGOT,0.5663901311993736,-1.4654130130638015,2.598193275462549,0.5848156951970229,logistic,True
Mortality post 28 Day Discharge,Albumin,-0.8872757572289693,-3.2843601596612855,1.509808645203347,0.46815972435741693,logistic,True
Mortality post 28 Day Discharge,Total Protein,-0.24510158908326432,-2.5957272409786367,2.105524062812108,0.8380667245957844,logistic,True
Mortality post 28 Day Discharge,Globulin,0.13353115976794835,-2.201739509420135,2.4688018289560314,0.9107670620260969,logistic,True
Mortality post 28 Day Discharge,ALP,-0.1381457417043624,-2.1648741251948977,1.8885826417861729,0.8937228771999142,logistic,True
Mortality post 28 Day Discharge,Creatinine,0.6788140751418812,-1.644603040869102,3.0022311911528643,0.5668973423621291,logistic,True
Mortality post 28 Day Discharge,Sodium,0.532219403035159,-1.793442587088943,2.857881393159261,0.6537702159899288,logistic,True
Mortality post 28 Day Discharge,Potassium,-12.232248626495952,-701.8653393353202,677.4008420823284,0.972267508546094,logistic,True
Mortality post 28 Day Discharge,Urea,-1.665143764145986,-3.990762314244287,0.660474785952315,0.16051697888529515,logistic,False
Mortality post 28 Day Discharge,Calcium,-0.6418468732848503,-2.675214775996908,1.3915210294272073,0.5361295532149615,logistic,True
Mortality post 28 Day Discharge,Magnesium,-0.5321654938011676,-2.857776439092098,1.793445451489763,0.653795894359384,logistic,True
Mortality post 28 Day Discharge,Procalcitonin,-12.34655473751093,-932.9288602599277,908.2357507849058,0.9790288955450178,logistic,True
Mortality post 28 Day Discharge,P/C+Z-A.E,-11.803682395038814,-1066.81171618516,1043.2043513950825,0.9825049536955763,logistic,True
Mortality post 28 Day Discharge,P/C only.E,-11.989910138172007,-554.1600493481124,530.1802290717683,0.9654273620240476,logistic,True
Mortality post 28 Day Discharge,Z-A only.E,-12.296313750394994,-1505.086481233803,1480.4938537330129,0.9871191222955239,logistic,True
Mortality post 28 Day Discharge,Neither Abx.E,2.361653877808958,0.197667258338309,4.525640497279607,0.03243607386437083,logistic,False
Mortality post 28 Day Discharge,P/C+Z-A.T,0.5959790358963027,-1.7761898976628574,2.9681479694554627,0.6224242453848435,logistic,True
Mortality post 28 Day Discharge,P/C only.T,-11.803682395033048,-1066.8117161821117,1043.2043513920455,0.9825049536955345,logistic,True
Mortality post 28 Day Discharge,Z-A only.T,-12.116600754900679,-548.2283754209357,523.9951739111343,0.964667725707909,logistic,True
Mortality post 28 Day Discharge,Neither Abx.T,3.459483041672673,1.0176263976691837,5.901339685676162,0.005490285162323064,logistic,False
Mortality post 28 Day Discharge,Amoxicillin/Clavulanic Acid,3.9807076996348245,-673.4805541280839,681.4419695273536,0.990811293611356,logistic,True
Mortality post 28 Day Discharge,Amikacin,13.187105103054867,-3456.4563606733436,3482.8305708794533,0.9940564112262718,logistic,True
Mortality post 28 Day Discharge,Aztreonam,5.888219693304881,-919.6758996643772,931.452339050987,0.9900515735305666,logistic,True
Mortality post 28 Day Discharge,Chloramphenicol,0.7059369017202795,-0.3888485890376605,1.8007223924782194,0.20629493484782524,logistic,True
Mortality post 28 Day Discharge,Ciprofloxacin,12.302724218619247,-3398.777790458615,3423.383238895854,0.9943598084468979,logistic,True
Mortality post 28 Day Discharge,Colistin,0.32648540639991647,-1.7639718955205865,2.4169427083204194,0.759524626206677,logistic,True
Mortality post 28 Day Discharge,Doxycycline,-10.595205944922055,-999.5658181165448,978.3754062267006,0.983247398584418,logistic,True
Mortality post 28 Day Discharge,Ertapenem,6.634403676924743,-2749.9373084477493,2763.2061158015986,0.9962362641147636,logistic,True
Mortality post 28 Day Discharge,Cefepime,1.9789235007389563,-46.02622718825426,49.984074189732176,0.9356042780964553,logistic,True
Mortality post 28 Day Discharge,Fosfomycin,0.12048108175656659,-0.894449116593428,1.1354112801065612,0.816021666822887,logistic,True
Mortality post 28 Day Discharge,Cefoxitin,2.8234659628201046,-93.79527345623488,99.4422053818751,0.9543256953424505,logistic,True
Mortality post 28 Day Discharge,Gentamicin,5.734858605897298,-304.2477072487455,315.71742446054003,0.9710746623793256,logistic,True
Mortality post 28 Day Discharge,Imipenem,1.9789235007389563,-46.02622718825426,49.984074189732176,0.9356042780964553,logistic,True
Mortality post 28 Day Discharge,Levofloxacin,5.628039405106036,-1010.0413567089125,1021.2974355191246,0.9913346845391734,logistic,True
Mortality post 28 Day Discharge,Meropenem,1.9789235007389563,-46.02622718825426,49.984074189732176,0.9356042780964553,logistic,True
Mortality post 28 Day Discharge,Minocycline,1.3399853066243361,-0.534834077579408,3.21480469082808,0.16126177190521496,logistic,False
Mortality post 28 Day Discharge,Cefuroxime,3.9807076996348245,-673.4805541280839,681.4419695273536,0.990811293611356,logistic,True
Mortality post 28 Day Discharge,Cefoperazone/Sulbactam,3.9807076993692325,-673.4805548472311,681.4419702459695,0.9908112936217192,logistic,True
Mortality post 28 Day Discharge,Trimethoprim/Sulfamethoxazole,-0.38273667647286913,-1.3157311690848932,0.5502578161391548,0.42138302936060645,logistic,True
Mortality post 28 Day Discharge,Cefotaxime,2.8234659628095753,-93.79527345259606,99.44220537821522,0.9543256953408974,logistic,True
Mortality post 28 Day Discharge,Ceftazidime,-0.9356705762518683,-2.136159928513127,0.2648187760093902,0.12660917157869195,logistic,False
Mortality post 28 Day Discharge,Tigecycline,0.07422895165189722,-1.6126234456386233,1.7610813489424177,0.9312700159586367,logistic,True
Mortality post 28 Day Discharge,Piperacillin/Tazobactam,1.9789235007389563,-46.02622718825426,49.984074189732176,0.9356042780964553,logistic,True
Mortality post 28 Day Discharge,Ceftazidime Avibactam,2.0636788299489917,-0.27157558372441937,4.398933243622403,0.0832678033357939,logistic,False
Mortality post 28 Day Discharge,Nitrofurantoin,-9.996420706849309,-1036.4241683816892,1016.4313269679907,0.9847707708456869,logistic,True
Mortality post 28 Day Discharge,Carbapenemase,10.534651951169323,-1424.1095282445829,1445.1788321469214,0.9885171643008691,logistic,True
Mortality post 28 Day Discharge,Ceftazidime/Avibactam.T,-1.3435311673238042,-3.4039172439394876,0.7168549092918792,0.2012324344980827,logistic,True
Mortality post 28 Day Discharge,Ceftazidime-Avibactam/Aztreonam.T,-2.151787595598004,-4.489958719022383,0.18638352782637435,0.07127385952405413,logistic,False
Mortality post 28 Day Discharge,Ceftazidime-Avibactam/Aztreonam Synergy.T,0.53754988442128,-1.2754077382757345,2.3505075071182944,0.5611475067080364,logistic,True
Mortality post 28 Day Discharge,Polymyxin/Colistin Inclusion.T,-2.0637419708323916,-4.398935482318102,0.271451540653318,0.0832503274246269,logistic,False
Mortality post 28 Day Discharge,Clinical Improvement,0.47057702643239213,-1.23066229289765,2.1718163457624344,0.5877203889447771,logistic,True
Mortality post 28 Day Discharge,ICU Stay in 28 Days,0.021175902719111878,-0.14352197381503373,0.1858737792532575,0.8010403983958413,logistic,True
Mortality post 28 Day Discharge,GW Stay in 28 Days,-0.0009218638748508235,-0.1668212647807368,0.16497753703103515,0.9913103647779853,logistic,True
Mortality post 28 Day Discharge,Total Hospital Stay in 28 Days,0.013172727854866784,-0.1263944525607133,0.15273990827044687,0.8532394671736597,logistic,True
Mortality post 28 Day Discharge,Mortality in ICU,-12.346554737511429,-932.9288602601588,908.235750785136,0.9790288955450223,logistic,True
Mortality post 28 Day Discharge,Mortality in Hospital,-11.94395843497662,-854.1791623290018,830.2912454590486,0.9778258424138446,logistic,True
Mortality post 28 Day Discharge,Overall Mortality,9.888453441027295,-97.64754049390905,117.42444737596364,0.8569734644199173,logistic,True
Mortality post 28 Day Discharge,Relapse post 28 Day Discharge,3.332203340444715,0.9175018934519845,5.746904787437446,0.006836989064103635,logistic,False
Mortality post 28 Day Discharge,Other Illness Leading to Hospitalization post 28 Days Discharge,4.430908472964679,1.7641964017863336,7.097620544143023,0.0011275423776745742,logistic,False
Overall Mortality,Patient ID,0.0011264689593351355,-0.014573239200488716,0.016826177119158986,0.8881628192598723,logistic,True
Overall Mortality,Age,0.021052280161062777,-0.02083902930154079,0.06294358962366635,0.32463848088785774,logistic,True
Overall Mortality,Male,-0.18233491530348991,-1.19896418737714,0.8342943567701602,0.7251950647307135,logistic,True
Overall Mortality,Female,0.18241612949594826,-0.8342141905592035,1.1990464495511002,0.7250778975205382,logistic,True
Overall Mortality,Height,0.05785396890749548,-0.031094111864898168,0.14680204967988914,0.20237732596600966,logistic,True
Overall Mortality,Weight,0.005232491785081214,-0.042104544455540426,0.052569528025702854,0.8284823260278786,logistic,True
Overall Mortality,KPC,-11.792639617468563,-838.8598097080053,815.2745304730681,0.977705287759369,logistic,True
Overall Mortality,NDM,-1.131135462026541,-2.183847463595134,-0.07842346045794812,0.03520655621781478,logistic,False
Overall Mortality,OXA48,14.442338293769826,-969.3553968641419,998.2400734516815,0.977045918034526,logistic,True
Overall Mortality,P/C in vitro,1.39936589239553,-0.06619103554068717,2.8649228203317474,0.06128365659908756,logistic,False
Overall Mortality,Z-A invitro,1.4816011725421383,0.22974861284356485,2.7334537322407115,0.02035873114043682,logistic,False
Overall Mortality,CKD,11.688381723530298,-552.1766650324358,575.5534284794963,0.9675923231142084,logistic,True
Overall Mortality,HTN,-0.6932448239429744,-1.7210619102657847,0.33457226237983606,0.18618088392353083,logistic,False
Overall Mortality,DM,-0.06542317133154728,-1.1215064476757963,0.9906601050127019,0.9033603051639534,logistic,True
Overall Mortality,COPD,0.34838566762237855,-1.6800382771547033,2.3768096123994606,0.7363976932607259,logistic,True
Overall Mortality,Hypothyroidism,0.6109117074848033,-0.6216684790142893,1.843491893983896,0.33133436751414613,logistic,True
Overall Mortality,UTI.CRO,0.6205807805808687,-0.692631528277587,1.9337930894393245,0.3543346382751835,logistic,True
Overall Mortality,IAI.CRO,-1.394321991447322,-3.6050478311318583,0.8164038482372142,0.2163974093747857,logistic,True
Overall Mortality,ABSSSI.CRO,-11.792639617468737,-838.8598097080774,815.27453047314,0.9777052877593707,logistic,True
Overall Mortality,HAP.CRO,-0.17759478672984397,-1.2973490530886609,0.942159479628973,0.7559120957118578,logistic,True
Overall Mortality,VAP.CRO,11.688381723528689,-552.1766650324375,575.5534284794949,0.9675923231142128,logistic,True
Overall Mortality,CAP.CRO,0.3483856676223783,-1.6800382771547038,2.37680961239946,0.7363976932607261,logistic,True
Overall Mortality,BSI.CRO,0.10012751702317545,-1.0488127228160082,1.2490677568623592,0.8643760095322255,logistic,True
Overall Mortality,Other.CRO,0.6931534781747052,-0.8980327486899432,2.2843397050393537,0.3932154479434542,logistic,True
Overall Mortality,Other.NCRO,-11.792639617468678,-838.8598097080531,815.2745304731158,0.9777052877593702,logistic,True
Overall Mortality,Hospitalization in past 6 Months,-0.6466511615231881,-1.6685828093264,0.37528048628002353,0.2148965950633227,logistic,True
Overall Mortality,CV Catheter in 6 Months,-0.7841203327014252,-2.221088914329716,0.6528482489268654,0.284841384524661,logistic,True
Overall Mortality,CV Catheter Now,12.130532602233696,-967.1676734089008,991.4287386133681,0.9806308572057739,logistic,True
Overall Mortality,Urinary Catheter in 6 Months,-0.7419406231441904,-1.9383510782594202,0.4544698319710395,0.2241945676141336,logistic,True
Overall Mortality,Surgery in last 3 Months,-0.8873374576536142,-1.9732043583755352,0.1985294430683069,0.10923899019981503,logistic,False
Overall Mortality,Past CREPA infection,-0.5334968917182671,-1.6693905905038418,0.6023968070673075,0.35729105021605967,logistic,True
Overall Mortality,Endoscopy in 1 week,-14.663766302453384,-1676.1487136735861,1646.8211810686792,0.9861988392598322,logistic,True
Overall Mortality,Dialysis in 1 week,15.103653580690459,-1120.5795367445994,1150.7868439059803,0.9792047668368412,logistic,True
Overall Mortality,Immunosuppressive drugs in 1 week,0.9985791300341872,-0.08668092334225641,2.083839183410631,0.07132235920067417,logistic,False
Overall Mortality,Inotropes,0.08715534759788092,-0.9314194830652668,1.1057301782610287,0.8668143966894316,logistic,True
Overall Mortality,Ventilation,1.109775800278581,0.023907722882744453,2.195643877674417,0.045164752066366186,logistic,False
Overall Mortality,Overall organ support,1.0116544133954002,-0.25923709962969754,2.282545926420498,0.11871982398174549,logistic,False
Overall Mortality,Neutropenia,0.7963375402134573,-1.0694671468925896,2.662142227319504,0.40285942790224083,logistic,True
Overall Mortality,Any Viral Infection,0.9426078761815861,-0.16314892259224933,2.0483646749554216,0.09476493581958056,logistic,False
Overall Mortality,Any Fungal Infection,1.2264748061937008,0.15730352663311775,2.2956460857542837,0.024555358628602836,logistic,False
Overall Mortality,Hemat Malignancy,1.4434645593154383,0.12694587832393078,2.759983240306946,0.031638018640700025,logistic,False
Overall Mortality,Solid Organ,-1.1885673781514305,-2.431552105142929,0.05441734884006788,0.06090870824713872,logistic,False
Overall Mortality,APACHEII,0.08413961143402068,0.007885286857188603,0.16039393601085278,0.0305689240415442,logistic,False
Overall Mortality,SOFA,0.20012924570242607,0.042590539615664946,0.3576679517891872,0.012780074706407655,logistic,False
Overall Mortality,Hb,0.8209830629621824,-1.501086873527073,3.143052999451438,0.48833582934036357,logistic,True
Overall Mortality,TLC,-0.14181314562774794,-1.1686154144706817,0.8849891232151857,0.7866268079420676,logistic,True
Overall Mortality,ANC,0.3367236596235092,-0.896317717537332,1.5697650367843505,0.5924877346900249,logistic,True
Overall Mortality,Lympho,0.41286437251340996,-0.6287509519500769,1.454479696976897,0.4372356970320458,logistic,True
Overall Mortality,Platelet,0.24686986804495487,-0.7809440284692324,1.274683764559142,0.6378104780848508,logistic,True
Overall Mortality,INR,12.130532603256167,-967.1676742764562,991.4287394829685,0.9806308572213175,logistic,True
Overall Mortality,Bil,-0.29970097055492,-1.3446105132891826,0.7452085721793424,0.5740091242536605,logistic,True
Overall Mortality,SGPT,0.1418666507162864,-0.8849354974283257,1.1686687988608986,0.7865482275306998,logistic,True
Overall Mortality,SGOT,0.6668652260781769,-0.38070042094245626,1.71443087309881,0.21214647808864573,logistic,True
Overall Mortality,Albumin,0.8755385844832198,-0.8123988117185277,2.5634759806849674,0.30932488228005306,logistic,True
Overall Mortality,Total Protein,1.0813779928000613,-0.32553221106536445,2.4882881966654873,0.13194767417517095,logistic,False
Overall Mortality,Globulin,0.741954786822016,-0.45445730649264093,1.938366880136673,0.22418635733230896,logistic,True
Overall Mortality,ALP,-0.49063618722575086,-1.5072655901944643,0.5259932157429624,0.34419984226106104,logistic,True
Overall Mortality,Creatinine,1.546307182779127,0.37184333471589315,2.7207710308423607,0.009865676575410192,logistic,False
Overall Mortality,Sodium,1.3238573336027046,0.14939291178737868,2.4983217554180306,0.02715564865890598,logistic,False
Overall Mortality,Potassium,-1.584894468064896,-2.9620309496258956,-0.20775798650389654,0.024092642418178066,logistic,False
Overall Mortality,Urea,0.8873027887676792,-0.19856624347192553,1.973171821007284,0.10925353263841699,logistic,False
Overall Mortality,Calcium,0.3591580649237911,-0.7097828374083712,1.4280989672559534,0.5101932879459778,logistic,True
Overall Mortality,Magnesium,0.22315445455053431,-0.8277587112262387,1.2740676203273074,0.6772743579697096,logistic,True
Overall Mortality,Procalcitonin,-0.013627680099712451,-1.291302711801533,1.2640473516021082,0.9833214595193261,logistic,True
Overall Mortality,P/C+Z-A.E,-0.4056081246226825,-2.183613383907871,1.3723971346625063,0.6547902040810798,logistic,True
Overall Mortality,P/C only.E,-1.098610170738836,-2.277693229981069,0.08047288850339696,0.0678207945856343,logistic,False
Overall Mortality,Z-A only.E,0.7963375402134573,-1.0694671468925896,2.662142227319504,0.40285942790224083,logistic,True
Overall Mortality,Neither Abx.E,0.04261636074948665,-1.5473209756052717,1.6325536971042451,0.9581028216763725,logistic,True
Overall Mortality,P/C+Z-A.T,0.875480781726581,-0.5075347162297689,2.2584962796829307,0.21471566629139516,logistic,True
Overall Mortality,P/C only.T,-1.3943219914473217,-3.605047831131858,0.8164038482372145,0.2163974093747857,logistic,True
Overall Mortality,Z-A only.T,-0.06542317133154638,-1.1215064476757954,0.9906601050127027,0.9033603051639547,logistic,True
Overall Mortality,Neither Abx.T,0.3747680571021797,-1.1136495986576593,1.8631857128620186,0.6216603928112712,logistic,True
Overall Mortality,Amoxicillin/Clavulanic Acid,-0.11227557525854903,-1.051916921308313,0.8273657707912151,0.8148362577618504,logistic,True
Overall Mortality,Amikacin,0.8564099163298421,-0.08156889157229008,1.7943887242319743,0.07353097982934972,logistic,False
Overall Mortality,Aztreonam,4.177667006378435,-46.30958904380686,54.66492305656373,0.8711632716303062,logistic,True
Overall Mortality,Chloramphenicol,0.08883464619497887,-0.3283738993565834,0.5060431917465411,0.6764386874454523,logistic,True
Overall Mortality,Ciprofloxacin,7.997122694399453,-112.33960067395704,128.33384606275595,0.8963672286766161,logistic,True
Overall Mortality,Colistin,1.0435319235003369,-0.1485790220500416,2.2356428690507153,0.08622000056544757,logistic,False
Overall Mortality,Doxycycline,-1.184679813424012,-2.7777304636889646,0.40837083684094067,0.14496829190629987,logistic,False
Overall Mortality,Ertapenem,0.07072501865252201,-0.813236460441838,0.954686497746882,0.8753905883937408,logistic,True
Overall Mortality,Cefepime,2.783190660775747,-46.515923392967295,52.082304714518784,0.911893792272945,logistic,True
Overall Mortality,Fosfomycin,-0.004160739546124168,-0.5077545751017838,0.49943309600953545,0.987080095674475,logistic,True
Overall Mortality,Cefoxitin,0.128460203546634,-0.6899586666125714,0.9468790737058395,0.7583572177831126,logistic,True
Overall Mortality,Gentamicin,0.47426945551625077,-0.2142939209852175,1.162832832017719,0.17702041150982895,logistic,False
Overall Mortality,Imipenem,2.783190660775747,-46.515923392967295,52.082304714518784,0.911893792272945,logistic,True
Overall Mortality,Levofloxacin,3.847842576258369,-47.502121159438914,55.19780631195566,0.8832367268589837,logistic,True
Overall Mortality,Meropenem,2.783190660775747,-46.515923392967295,52.082304714518784,0.911893792272945,logistic,True
Overall Mortality,Minocycline,0.5746022689933378,-0.024595820831996185,1.1738003588186716,0.06017467291310274,logistic,False
Overall Mortality,Cefuroxime,-0.11227557525854903,-1.051916921308313,0.8273657707912151,0.8148362577618504,logistic,True
Overall Mortality,Cefoperazone/Sulbactam,-0.11227557525880681,-1.051916921308597,0.8273657707909835,0.8148362577614381,logistic,True
Overall Mortality,Trimethoprim/Sulfamethoxazole,0.21063418753623883,-0.3233802629006518,0.7446486379731295,0.4394755573382977,logistic,True
Overall Mortality,Cefotaxime,-0.3568233128370764,-1.1754972687931065,0.4618506431189537,0.3929606551636935,logistic,True
Overall Mortality,Ceftazidime,0.03183114017940312,-1.0955277949698086,1.1591900753286148,0.9558677052101655,logistic,True
Overall Mortality,Tigecycline,0.22010001038537236,-0.6439226015239783,1.0841226222947231,0.617583052813213,logistic,True
Overall Mortality,Piperacillin/Tazobactam,2.783190660775747,-46.515923392967295,52.082304714518784,0.911893792272945,logistic,True
Overall Mortality,Ceftazidime Avibactam,0.6286096273418461,-0.4637923064773758,1.7210115611610681,0.2593884123145952,logistic,True
Overall Mortality,Nitrofurantoin,0.32994628769501627,-0.23295305864426924,0.8928456340343018,0.25062082233069516,logistic,True
Overall Mortality,Carbapenemase,12.130532601631588,-967.1676731923585,991.4287383956216,0.9806308572024411,logistic,True
Overall Mortality,Ceftazidime/Avibactam.T,1.215902337430364,-0.18065852683697692,2.6124632016977047,0.08792919009562004,logistic,False
Overall Mortality,Ceftazidime-Avibactam/Aztreonam.T,0.8645508410425714,-0.3244546339049049,2.053556315990048,0.1541193493483045,logistic,False
Overall Mortality,Ceftazidime-Avibactam/Aztreonam Synergy.T,-0.05733116563224816,-1.0469023365811934,0.932240005316697,0.9095935530596962,logistic,True
Overall Mortality,Polymyxin/Colistin Inclusion.T,-1.26723838254207,-2.396732634437573,-0.13774413064656765,0.02787894658836083,logistic,False
Overall Mortality,Clinical Improvement,-2.3809632836264947,-3.5653239498428007,-1.1966026174101887,8.141817961079145e-05,logistic,False
Overall Mortality,ICU Stay in 28 Days,-0.014733431966023587,-0.10368787298185687,0.0742210090498097,0.7454635372157463,logistic,True
Overall Mortality,GW Stay in 28 Days,-0.13297674603818346,-0.2417938267147656,-0.02415966536160133,0.01661506533277566,logistic,False
Overall Mortality,Total Hospital Stay in 28 Days,-0.10143179630545483,-0.18480309317185215,-0.01806049943905752,0.017100223830046193,logistic,False
Overall Mortality,Mortality in ICU,12.02361997333301,-132.01934582731974,156.06658577398576,0.8700436786215252,logistic,True
Overall Mortality,Mortality in Hospital,14.591643783090943,-594.505302724323,623.6885902905049,0.9625504677572354,logistic,True
Overall Mortality,Mortality post 28 Day Discharge,14.927608721479915,-1320.9395207153839,1350.7947381583435,0.9825264795492047,logistic,True
Overall Mortality,Relapse post 28 Day Discharge,0.3483856676223785,-1.6800382771547036,2.3768096123994606,0.7363976932607259,logistic,True
Overall Mortality,Other Illness Leading to Hospitalization post 28 Days Discharge,0.7963375402134567,-1.0694671468925898,2.662142227319503,0.40285942790224105,logistic,True
Relapse post 28 Day Discharge,Patient ID,-0.005559859127465624,-0.0381330812330818,0.027013362978150556,0.7379703072807828,logistic,True
Relapse post 28 Day Discharge,Age,0.014574212287760095,-0.07202956976823713,0.10117799434375732,0.7415248776513907,logistic,True
Relapse post 28 Day Discharge,Male,10.936012814497468,-237.92753819526507,259.79956382426,0.9313644376964112,logistic,True
Relapse post 28 Day Discharge,Female,-14.596824210595782,-1566.640649376544,1537.4470009553525,0.985293207799195,logistic,True
Relapse post 28 Day Discharge,Height,-0.004494200830552091,-0.09494311938110603,0.08595471772000185,0.922419744744008,logistic,True
Relapse post 28 Day Discharge,Weight,0.01131994330190717,-0.08418778871065276,0.10682767531446709,0.8163031012170977,logistic,True
Relapse post 28 Day Discharge,KPC,-9.012591056727649,-679.198228109705,661.1730459962498,0.9789722686767105,logistic,True
Relapse post 28 Day Discharge,NDM,-1.518593211098048,-3.8420894621358497,0.8049030399397537,0.20019528312308021,logistic,True
Relapse post 28 Day Discharge,OXA48,9.946132328720038,-343.98491677106693,363.87718142850696,0.9560757673990994,logistic,True
Relapse post 28 Day Discharge,P/C in vitro,0.5959790358963022,-1.7761898976628592,2.9681479694554636,0.6224242453848441,logistic,True
Relapse post 28 Day Discharge,Z-A invitro,12.637323684781483,-736.8498912321103,762.1245386016732,0.9736366869231629,logistic,True
Relapse post 28 Day Discharge,CKD,-9.012591056731369,-679.1982281109558,661.1730459974931,0.9789722686767409,logistic,True
Relapse post 28 Day Discharge,HTN,-1.0977550977145103,-3.4182762903184276,1.2227660948894068,0.3538286968844443,logistic,True
Relapse post 28 Day Discharge,DM,-0.5321654938011668,-2.857776439092097,1.7934454514897638,0.6537958943593845,logistic,True
Relapse post 28 Day Discharge,COPD,-9.318205953170809,-389.31872103396717,370.6823091276255,0.9616673271911816,logistic,True
Relapse post 28 Day Discharge,Hypothyroidism,1.452176265266076,-0.6148248466783506,3.5191773772105024,0.16851933064914448,logistic,False
Relapse post 28 Day Discharge,UTI.CRO,-12.136640777456282,-887.1741214100763,862.9008398551638,0.9783126490556174,logistic,True
Relapse post 28 Day Discharge,IAI.CRO,-11.803682395042717,-1066.8117161872233,1043.204351397138,0.9825049536956048,logistic,True
Relapse post 28 Day Discharge,ABSSSI.CRO,-9.012591056731365,-679.1982281109553,661.1730459974925,0.9789722686767409,logistic,True
Relapse post 28 Day Discharge,HAP.CRO,-0.218231439994697,-2.5509312238451747,2.1144683438557808,0.8545149098603008,logistic,True
Relapse post 28 Day Discharge,VAP.CRO,-9.012591056745496,-679.1982281157027,661.1730460022118,0.9789722686768565,logistic,True
Relapse post 28 Day Discharge,CAP.CRO,-9.318205953167114,-389.3187210332622,370.6823091269279,0.9616673271911262,logistic,True
Relapse post 28 Day Discharge,BSI.CRO,-0.04545515997814183,-2.383689126672861,2.2927788067165773,0.9696066684061375,logistic,True
Relapse post 28 Day Discharge,Other.CRO,2.3616538778089575,0.19766725833830856,4.525640497279607,0.03243607386437086,logistic,False
Relapse post 28 Day Discharge,Other.NCRO,-9.012591056731365,-679.1982281109546,661.1730459974918,0.9789722686767409,logistic,True
Relapse post 28 Day Discharge,Hospitalization in past 6 Months,-0.06898948944526716,-2.09548537660034,1.9575063977098055,0.9468010335996485,logistic,True
Relapse post 28 Day Discharge,CV Catheter in 6 Months,0.4699683656488568,-1.8936314785748811,2.8335682098725945,0.6967501953468704,logistic,True
Relapse post 28 Day Discharge,CV Catheter Now,10.534651951175206,-1424.109528244577,1445.1788321469273,0.9885171643008628,logistic,True
Relapse post 28 Day Discharge,Urinary Catheter in 6 Months,-0.13351737759845192,-2.4687734035292226,2.2017386483323187,0.9107756764077721,logistic,True
Relapse post 28 Day Discharge,Surgery in last 3 Months,1.6650430904018045,-0.6606415135509605,3.9907276943545695,0.16055414998428819,logistic,False
Relapse post 28 Day Discharge,Past CREPA infection,0.9031034310108458,-0.8348924195410964,2.641099281562788,0.30846734180366,logistic,True
Relapse post 28 Day Discharge,Endoscopy in 1 week,-9.31820595315446,-389.31872103084675,370.6823091245378,0.9616673271909361,logistic,True
Relapse post 28 Day Discharge,Dialysis in 1 week,-11.803682395043271,-1066.8117161875175,1043.2043513974309,0.9825049536956088,logistic,True
Relapse post 28 Day Discharge,Immunosuppressive drugs in 1 week,10.844914023512576,-244.10342429603267,265.7932523430578,0.9335554771748038,logistic,True
Relapse post 28 Day Discharge,Inotropes,-15.238604895120314,-1633.6493321418652,1603.1721223516247,0.9852761982198531,logistic,True
Relapse post 28 Day Discharge,Ventilation,-0.34826234952659224,-2.376650404812079,1.6801257057588947,0.7364830417460149,logistic,True
Relapse post 28 Day Discharge,Overall organ support,-1.1450265460950992,-3.1951601919999897,0.9051070998097914,0.2736631615471036,logistic,True
Relapse post 28 Day Discharge,Neutropenia,-12.296313750393093,-1505.0864812323823,1480.4938537315963,0.9871191222955137,logistic,True
Relapse post 28 Day Discharge,Any Viral Infection,0.8802465482617864,-1.1597231271547126,2.920216223678285,0.3977066715608373,logistic,True
Relapse post 28 Day Discharge,Any Fungal Infection,0.39103565774685,-1.6391975245837447,2.4212688400774445,0.70580104715225,logistic,True
Relapse post 28 Day Discharge,Hemat Malignancy,-14.471637765053892,-2545.7425756387074,2516.7993001085997,0.991059576023783,logistic,True
Relapse post 28 Day Discharge,Solid Organ,9.829407596860452,-226.94728367341824,246.60609886713914,0.9351518527138313,logistic,True
Relapse post 28 Day Discharge,APACHEII,-0.19524144132085225,-0.42019492143672343,0.029712038795018963,0.088926023485858,logistic,False
Relapse post 28 Day Discharge,SOFA,-0.1494889063266301,-0.4994096984519292,0.200431885798669,0.4024172251254894,logistic,True
Relapse post 28 Day Discharge,Hb,7.639650370795939,-156.5567602776948,171.8360610192867,0.9273398355503573,logistic,True
Relapse post 28 Day Discharge,TLC,-0.41977452362979367,-2.4490645890612672,1.60951554180168,0.6851586102547663,logistic,True
Relapse post 28 Day Discharge,ANC,-0.1430892728181571,-2.4888670538818576,2.202688508245543,0.9048355476157007,logistic,True
Relapse post 28 Day Discharge,Lympho,10.844914023508965,-244.10342429890972,265.79325234592767,0.933555477175573,logistic,True
Relapse post 28 Day Discharge,Platelet,10.87284423966351,-238.7759354378696,260.5216239171966,0.9319740355808498,logistic,True
Relapse post 28 Day Discharge,INR,10.53465195287658,-1424.109529437618,1445.1788333433713,0.9885171643085704,logistic,True
Relapse post 28 Day Discharge,Bil,-0.6786994226540233,-3.0021621905926454,1.6447633452845989,0.5669704629721657,logistic,True
Relapse post 28 Day Discharge,SGPT,9.975983000297553,-98.29425486937939,118.24622086997451,0.8566890784388356,logistic,True
Relapse post 28 Day Discharge,SGOT,1.7405133354350795,-0.5865637941486794,4.067590465018839,0.14266603786409215,logistic,False
Relapse post 28 Day Discharge,Albumin,9.946132328712212,-343.9849167710747,363.87718142849917,0.9560757673991339,logistic,True
Relapse post 28 Day Discharge,Total Protein,-0.24510158908326565,-2.595727240978637,2.1055240628121057,0.8380667245957835,logistic,True
Relapse post 28 Day Discharge,Globulin,10.771588054063942,-321.4544096758945,342.9975857840224,0.9493310321307251,logistic,True
Relapse post 28 Day Discharge,ALP,-0.13814574170436114,-2.1648741251948973,1.8885826417861749,0.8937228771999152,logistic,True
Relapse post 28 Day Discharge,Creatinine,-0.4923525078019958,-2.5227438153723845,1.5380387997683926,0.6345913428277021,logistic,True
Relapse post 28 Day Discharge,Sodium,0.5322194030351579,-1.7934425870889414,2.857881393159257,0.6537702159899291,logistic,True
Relapse post 28 Day Discharge,Potassium,-12.232248626495915,-701.8653393353072,677.4008420823154,0.9722675085460936,logistic,True
Relapse post 28 Day Discharge,Urea,-0.4923525078019961,-2.5227438153723845,1.5380387997683924,0.6345913428277019,logistic,True
Relapse post 28 Day Discharge,Calcium,0.5322194030351585,-1.793442587088942,2.8578813931592593,0.653770215989929,logistic,True
Relapse post 28 Day Discharge,Magnesium,0.6418397189958256,-1.3915479414010745,2.6752273793927257,0.5361380580406581,logistic,True
Relapse post 28 Day Discharge,Procalcitonin,-12.346554737511811,-932.9288602603342,908.2357507853105,0.9790288955450256,logistic,True
Relapse post 28 Day Discharge,P/C+Z-A.E,1.2621075682147285,-1.179817114441334,3.704032250870791,0.3110570948861341,logistic,True
Relapse post 28 Day Discharge,P/C only.E,-11.989910138173425,-554.1600493484983,530.1802290721515,0.965427362024068,logistic,True
Relapse post 28 Day Discharge,Z-A only.E,-12.29631375039269,-1505.0864812320813,1480.4938537312958,0.9871191222955115,logistic,True
Relapse post 28 Day Discharge,Neither Abx.E,2.3616538778089575,0.19766725833830856,4.525640497279607,0.03243607386437086,logistic,False
Relapse post 28 Day Discharge,P/C+Z-A.T,-11.943958434978361,-854.1791623297366,830.2912454597798,0.9778258424138607,logistic,True
Relapse post 28 Day Discharge,P/C only.T,1.2621075682147287,-1.1798171144413339,3.7040322508707915,0.311057094886134,logistic,True
Relapse post 28 Day Discharge,Z-A only.T,-12.116600754900228,-548.2283754208142,523.9951739110138,0.9646677257079024,logistic,True
Relapse post 28 Day Discharge,Neither Abx.T,2.1600554571326733,0.025605509364369006,4.294505404900978,0.04731425098521758,logistic,False
Relapse post 28 Day Discharge,Amoxicillin/Clavulanic Acid,3.980707699588526,-673.4805507134428,681.4419661126198,0.99081129356515,logistic,True
Relapse post 28 Day Discharge,Amikacin,13.187105222772638,-3456.4558293987616,3482.8300398443066,0.9940564102624492,logistic,True
Relapse post 28 Day Discharge,Aztreonam,5.888219693150726,-919.675901039475,931.4523404257765,0.9900515735456048,logistic,True
Relapse post 28 Day Discharge,Chloramphenicol,0.440846654789011,-0.500587282650713,1.382280592228735,0.358726086134014,logistic,True
Relapse post 28 Day Discharge,Ciprofloxacin,12.302724194625387,-3398.7772169477316,3423.382665336982,0.9943598075095784,logistic,True
Relapse post 28 Day Discharge,Colistin,0.3264854063999158,-1.7639718955205916,2.4169427083204233,0.7595246262066782,logistic,True
Relapse post 28 Day Discharge,Doxycycline,-10.59520594492149,-999.5658181162648,978.3754062264218,0.9832473985844142,logistic,True
Relapse post 28 Day Discharge,Ertapenem,6.63440368189528,-2749.9368846828766,2763.2056920466675,0.9962362635333597,logistic,True
Relapse post 28 Day Discharge,Cefepime,1.9789235007384196,-46.026227185249525,49.98407418672636,0.9356042780924501,logistic,True
Relapse post 28 Day Discharge,Fosfomycin,-0.14712991273674514,-1.1687001489397166,0.8744403234662264,0.7777284568910032,logistic,True
Relapse post 28 Day Discharge,Cefoxitin,2.823465962821397,-93.79527344267878,99.44220536832158,0.9543256953360288,logistic,True
Relapse post 28 Day Discharge,Gentamicin,5.734858605787605,-304.2477068012164,315.71742401279164,0.9710746623381266,logistic,True
Relapse post 28 Day Discharge,Imipenem,1.9789235007384196,-46.026227185249525,49.98407418672636,0.9356042780924501,logistic,True
Relapse post 28 Day Discharge,Levofloxacin,5.62803940490745,-1010.0413609484593,1021.2974397582742,0.9913346845756462,logistic,True
Relapse post 28 Day Discharge,Meropenem,1.9789235007384196,-46.026227185249525,49.98407418672636,0.9356042780924501,logistic,True
Relapse post 28 Day Discharge,Minocycline,0.2763053047078518,-0.907685230654141,1.4602958400698447,0.6473889207529304,logistic,True
Relapse post 28 Day Discharge,Cefuroxime,3.980707699588526,-673.4805507134428,681.4419661126198,0.99081129356515,logistic,True
Relapse post 28 Day Discharge,Cefoperazone/Sulbactam,3.980707699694246,-673.4805525105418,681.4419679099302,0.9908112935892812,logistic,True
Relapse post 28 Day Discharge,Trimethoprim/Sulfamethoxazole,-0.3827366764728681,-1.3157311690848907,0.5502578161391545,0.4213830293606071,logistic,True
Relapse post 28 Day Discharge,Cefotaxime,2.823465962812776,-93.79527344790073,99.44220537352628,0.95432569533863,logistic,True
Relapse post 28 Day Discharge,Ceftazidime,-0.9356705762518682,-2.1361599285131225,0.2648187760093861,0.1266091715786906,logistic,False
Relapse post 28 Day Discharge,Tigecycline,-1.2254889069578865,-4.236396555949903,1.78541874203413,0.42502280257530967,logistic,True
Relapse post 28 Day Discharge,Piperacillin/Tazobactam,1.9789235007384196,-46.026227185249525,49.98407418672636,0.9356042780924501,logistic,True
Relapse post 28 Day Discharge,Ceftazidime Avibactam,2.063678829948991,-0.2715755837244114,4.398933243622394,0.0832678033357929,logistic,False
Relapse post 28 Day Discharge,Nitrofurantoin,-9.996420706854776,-1036.4241683845041,1016.4313269707947,0.9847707708457202,logistic,True
Relapse post 28 Day Discharge,Carbapenemase,10.534651952028918,-1424.1095287557555,1445.1788326598135,0.9885171643040302,logistic,True
Relapse post 28 Day Discharge,Ceftazidime/Avibactam.T,-1.343531167323765,-3.4039172439394605,0.7168549092919303,0.20123243449809847,logistic,True
Relapse post 28 Day Discharge,Ceftazidime-Avibactam/Aztreonam.T,-2.1517875955980026,-4.489958719022379,0.1863835278263739,0.07127385952405411,logistic,False
Relapse post 28 Day Discharge,Ceftazidime-Avibactam/Aztreonam Synergy.T,-0.4802561872270216,-2.7173581944537943,1.756845819999751,0.6739297588299,logistic,True
Relapse post 28 Day Discharge,Polymyxin/Colistin Inclusion.T,-0.8802943062804365,-2.920144161152731,1.159555548591858,0.3976533492571722,logistic,True
Relapse post 28 Day Discharge,Clinical Improvement,0.4705770264323925,-1.2306622928976498,2.171816345762435,0.5877203889447766,logistic,True
Relapse post 28 Day Discharge,ICU Stay in 28 Days,0.14400214000550474,0.0017490992411402506,0.2862551807698692,0.04724880678248207,logistic,False
Relapse post 28 Day Discharge,GW Stay in 28 Days,-0.0416351564410402,-0.23142729215771407,0.14815697927563365,0.6672232803613669,logistic,True
Relapse post 28 Day Discharge,Total Hospital Stay in 28 Days,0.09617366018912951,-0.04325947615610845,0.23560679653436747,0.17641361045388915,logistic,False
Relapse post 28 Day Discharge,Mortality in ICU,-12.346554737511507,-932.9288602601948,908.2357507851718,0.9790288955450229,logistic,True
Relapse post 28 Day Discharge,Mortality in Hospital,-11.943958434980145,-854.1791623304894,830.2912454605291,0.9778258424138772,logistic,True
Relapse post 28 Day Discharge,Mortality post 28 Day Discharge,3.332203340444715,0.9175018934519845,5.746904787437446,0.006836989064103635,logistic,False
Relapse post 28 Day Discharge,Overall Mortality,0.34848172377951553,-1.679969177847879,2.37693262540691,0.7363310921505466,logistic,True
Relapse post 28 Day Discharge,Other Illness Leading to Hospitalization post 28 Days Discharge,14.284106348803183,-149.81612066054305,178.38433335814943,0.864534295380197,logistic,True
Other Illness Leading to Hospitalization post 28 Days Discharge,Patient ID,-0.014338922051312942,-0.0460628473788404,0.017385003276214513,0.37567913959633825,logistic,True
Other Illness Leading to Hospitalization post 28 Days Discharge,Age,0.018467501516172585,-0.061399855344076146,0.09833485837642132,0.6504069706691207,logistic,True
Other Illness Leading to Hospitalization post 28 Days Discharge,Male,10.412896455681649,-158.1667073821913,178.9925002935546,0.903640433119248,logistic,True
Other Illness Leading to Hospitalization post 28 Days Discharge,Female,-14.43818511119936,-1275.9176377407323,1247.0412675183336,0.9821028386364782,logistic,True
Other Illness Leading to Hospitalization post 28 Days Discharge,Height,4.0579199342998054e-05,-0.07086604767695066,0.07094720607563666,0.9991050377655378,logistic,True
Other Illness Leading to Hospitalization post 28 Days Discharge,Weight,0.00756581183094323,-0.0784104635353817,0.09354208719726817,0.8630644741037172,logistic,True
Other Illness Leading to Hospitalization post 28 Days Discharge,KPC,-10.761056220748202,-1434.951907204143,1413.4297947626465,0.9881843127534161,logistic,True
Other Illness Leading to Hospitalization post 28 Days Discharge,NDM,-0.796304413685784,-2.6620908911808634,1.0694820638092957,0.4028744051765062,logistic,True
Other Illness Leading to Hospitalization post 28 Days Discharge,OXA48,9.932609148622713,-301.3367028089293,321.2019211061747,0.950130830183257,logistic,True
Other Illness Leading to Hospitalization post 28 Days Discharge,P/C in vitro,0.2881053358766161,-2.0156340780481883,2.5918447498014205,0.8063690707609134,logistic,True
Other Illness Leading to Hospitalization post 28 Days Discharge,Z-A invitro,8.925281705261398,-94.46833179276437,112.31889520328717,0.865646699047357,logistic,True
Other Illness Leading to Hospitalization post 28 Days Discharge,CKD,-10.76105622080597,-1434.951907245369,1413.429794803757,0.9881843127536942,logistic,True
Other Illness Leading to Hospitalization post 28 Days Discharge,HTN,-1.421387666263667,-3.6733705813492485,0.8305952488219144,0.21605975613573414,logistic,True
Other Illness Leading to Hospitalization post 28 Days Discharge,DM,0.20972190207602315,-1.6603355039895171,2.079779308141563,0.8260232725243921,logistic,True
Other Illness Leading to Hospitalization post 28 Days Discharge,COPD,-9.23365828770639,-332.02642001701383,313.5591034416011,0.9552893806446583,logistic,True
Other Illness Leading to Hospitalization post 28 Days Discharge,Hypothyroidism,1.0252814194959217,-0.8810121718398751,2.9315750108317182,0.29181538407644436,logistic,True
Other Illness Leading to Hospitalization post 28 Days Discharge,UTI.CRO,-11.729227833586686,-643.3072288699431,619.8487732027696,0.9709641402564623,logistic,True
Other Illness Leading to Hospitalization post 28 Days Discharge,IAI.CRO,-11.922705752565214,-1003.8377101630417,979.9922986579113,0.9812047395800828,logistic,True
Other Illness Leading to Hospitalization post 28 Days Discharge,ABSSSI.CRO,-10.76105622080593,-1434.9519072453402,1413.429794803728,0.988184312753694,logistic,True
Other Illness Leading to Hospitalization post 28 Days Discharge,HAP.CRO,0.5356932718217847,-1.3444461750768313,2.415832718720401,0.5765459814358556,logistic,True
Other Illness Leading to Hospitalization post 28 Days Discharge,VAP.CRO,-10.761056220805838,-1434.951907245274,1413.4297948036624,0.9881843127536936,logistic,True
Other Illness Leading to Hospitalization post 28 Days Discharge,CAP.CRO,-9.23365828771925,-332.0264200191,313.55910344366146,0.9552893806448829,logistic,True
Other Illness Leading to Hospitalization post 28 Days Discharge,BSI.CRO,-0.35665864332261443,-2.625866894276222,1.9125496076309936,0.7580414382901841,logistic,True
Other Illness Leading to Hospitalization post 28 Days Discharge,Other.CRO,1.9363773031245513,-0.07441913218095242,3.947173738430055,0.059103030625279634,logistic,False
Other Illness Leading to Hospitalization post 28 Days Discharge,Other.NCRO,-10.76105622080588,-1434.9519072453043,1413.4297948036926,0.9881843127536938,logistic,True
Other Illness Leading to Hospitalization post 28 Days Discharge,Hospitalization in past 6 Months,-0.5108149021845642,-2.37401183639429,1.352382032025162,0.5910296033889557,logistic,True
Other Illness Leading to Hospitalization post 28 Days Discharge,CV Catheter in 6 Months,0.1618032981392094,-2.1329564006743253,2.456562996952744,0.8900848187006668,logistic,True
Other Illness Leading to Hospitalization post 28 Days Discharge,CV Catheter Now,10.68540417299168,-1360.7686405298625,1382.1394488758458,0.9878162503122073,logistic,True
Other Illness Leading to Hospitalization post 28 Days Discharge,Urinary Catheter in 6 Months,-0.44456097952262874,-2.7103564407672223,1.8212344817219646,0.7005669645364976,logistic,True
Other Illness Leading to Hospitalization post 28 Days Discharge,Surgery in last 3 Months,0.944431385883075,-0.9239729295440599,2.8128357013102097,0.3218259877277382,logistic,True
Other Illness Leading to Hospitalization post 28 Days Discharge,Past CREPA infection,0.5857342876038827,-1.0801495296661967,2.251618104873962,0.49073859449111457,logistic,True
Other Illness Leading to Hospitalization post 28 Days Discharge,Endoscopy in 1 week,-9.233658287715727,-332.02642001852826,313.5591034430968,0.9552893806448214,logistic,True
Other Illness Leading to Hospitalization post 28 Days Discharge,Dialysis in 1 week,-11.92270575256401,-1003.8377101624432,979.9922986573152,0.9812047395800734,logistic,True
Other Illness Leading to Hospitalization post 28 Days Discharge,Immunosuppressive drugs in 1 week,1.0678457015904959,-1.185665198177052,3.321356601358044,0.3530207626078743,logistic,True
Other Illness Leading to Hospitalization post 28 Days Discharge,Inotropes,-1.7772447643584377,-4.031479225408008,0.47698969669113267,0.12228795729529761,logistic,False
Other Illness Leading to Hospitalization post 28 Days Discharge,Ventilation,0.08701124645092896,-1.7778411673151644,1.9518636602170223,0.9271358195505124,logistic,True
Other Illness Leading to Hospitalization post 28 Days Discharge,Overall organ support,-0.716603713980813,-2.6046875509580922,1.1714801229964662,0.45694597855045427,logistic,True
Other Illness Leading to Hospitalization post 28 Days Discharge,Neutropenia,-11.644867220025608,-966.4427772327285,943.1530427926773,0.9809291576630158,logistic,True
Other Illness Leading to Hospitalization post 28 Days Discharge,Any Viral Infection,0.4504098942520723,-1.4265552079942498,2.3273749964983943,0.6381214842313161,logistic,True
Other Illness Leading to Hospitalization post 28 Days Discharge,Any Fungal Infection,0.8407637409816362,-1.0270863778426873,2.7086138598059595,0.37765439811212287,logistic,True
Other Illness Leading to Hospitalization post 28 Days Discharge,Hemat Malignancy,-13.919461333646126,-1712.6038815637405,1684.7649588964484,0.9871861626231745,logistic,True
Other Illness Leading to Hospitalization post 28 Days Discharge,Solid Organ,12.453444319750664,-765.0152646917591,789.9221533312605,0.9749548648199029,logistic,True
Other Illness Leading to Hospitalization post 28 Days Discharge,APACHEII,-0.12600276026692486,-0.29530745523862806,0.04330193470477833,0.14465401713520196,logistic,False
Other Illness Leading to Hospitalization post 28 Days Discharge,SOFA,-0.07741750076127539,-0.35782531274556995,0.20299031122301914,0.5884218307898481,logistic,True
Other Illness Leading to Hospitalization post 28 Days Discharge,Hb,10.593848476102954,-626.6436128703373,647.8313098225432,0.9740065594321557,logistic,True
Other Illness Leading to Hospitalization post 28 Days Discharge,TLC,0.014599433976357424,-1.8511981919646094,1.880397059917324,0.9877639114668431,logistic,True
Other Illness Leading to Hospitalization post 28 Days Discharge,ANC,0.16705167315767028,-2.1099211908910767,2.4440245372064173,0.8856630622402666,logistic,True
Other Illness Leading to Hospitalization post 28 Days Discharge,Lympho,1.0678457015904963,-1.1856651981770516,3.321356601358044,0.3530207626078742,logistic,True
Other Illness Leading to Hospitalization post 28 Days Discharge,Platelet,10.355766802980893,-159.35724358624398,180.06877719220577,0.9048035023138072,logistic,True
Other Illness Leading to Hospitalization post 28 Days Discharge,INR,10.685404173927246,-1360.7686411253405,1382.139449473195,0.9878162503164387,logistic,True
Other Illness Leading to Hospitalization post 28 Days Discharge,Bil,-0.9961808521844359,-3.250912324032288,1.2585506196634166,0.3865190717969148,logistic,True
Other Illness Leading to Hospitalization post 28 Days Discharge,SGPT,11.465227657864494,-187.53766776275822,210.4681230784872,0.9100938751274377,logistic,True
Other Illness Leading to Hospitalization post 28 Days Discharge,SGOT,1.0205991119454034,-0.8494961840641715,2.890694407954978,0.28477927147104776,logistic,True
Other Illness Leading to Hospitalization post 28 Days Discharge,Albumin,9.932609148635304,-301.33670281240313,321.2019211096738,0.9501308301837518,logistic,True
Other Illness Leading to Hospitalization post 28 Days Discharge,Total Protein,0.0645352606258936,-2.2174049390466046,2.3464754602983917,0.9557963005490964,logistic,True
Other Illness Leading to Hospitalization post 28 Days Discharge,Globulin,10.822656511742718,-290.2647856121252,311.9100986356106,0.9438344207897034,logistic,True
Other Illness Leading to Hospitalization post 28 Days Discharge,ALP,-0.5813473867899773,-2.4449063986141946,1.2822116250342397,0.5409206102375195,logistic,True
Other Illness Leading to Hospitalization post 28 Days Discharge,Creatinine,-0.05883730974218561,-1.9258007817949783,1.8081261623106069,0.9507474129471879,logistic,True
Other Illness Leading to Hospitalization post 28 Days Discharge,Sodium,0.8475396579740386,-1.408969239111467,3.1040485550595442,0.4616345143016872,logistic,True
Other Illness Leading to Hospitalization post 28 Days Discharge,Potassium,-14.28452275815217,-1714.2061427600945,1685.63709724379,0.9868596976843165,logistic,True
Other Illness Leading to Hospitalization post 28 Days Discharge,Urea,-0.9441619955285627,-2.8124668191846864,0.924142828127561,0.3219382669298052,logistic,True
Other Illness Leading to Hospitalization post 28 Days Discharge,Calcium,-0.2097024499909672,-2.0797415282952896,1.6603366283133554,0.8260374733417676,logistic,True
Other Illness Leading to Hospitalization post 28 Days Discharge,Magnesium,0.20972190207602298,-1.6603355039895171,2.079779308141563,0.8260232725243922,logistic,True
Other Illness Leading to Hospitalization post 28 Days Discharge,Procalcitonin,-11.834156903090125,-642.146800526096,618.4784867199156,0.9706457187676725,logistic,True
Other Illness Leading to Hospitalization post 28 Days Discharge,P/C+Z-A.E,0.9557311231767024,-1.4198865625338155,3.33134880888722,0.4303983829471262,logistic,True
Other Illness Leading to Hospitalization post 28 Days Discharge,P/C only.E,-14.64168529509306,-1816.655579031488,1787.3722084413018,0.9872941791087001,logistic,True
Other Illness Leading to Hospitalization post 28 Days Discharge,Z-A only.E,-11.644867220027386,-966.44277723358,943.1530427935252,0.9809291576630299,logistic,True
Other Illness Leading to Hospitalization post 28 Days Discharge,Neither Abx.E,1.9363773031245521,-0.07441913218095109,3.947173738430055,0.05910303062527942,logistic,False
Other Illness Leading to Hospitalization post 28 Days Discharge,P/C+Z-A.T,0.2881053358766167,-2.0156340780481874,2.5918447498014205,0.8063690707609129,logistic,True
Other Illness Leading to Hospitalization post 28 Days Discharge,P/C only.T,0.9557311231767011,-1.4198865625338186,3.3313488088872205,0.43039838294712707,logistic,True
Other Illness Leading to Hospitalization post 28 Days Discharge,Z-A only.T,-12.08521390167067,-477.50500352619474,453.3345757228534,0.9594108268942467,logistic,True
Other Illness Leading to Hospitalization post 28 Days Discharge,Neither Abx.T,1.7344735801169033,-0.24469076953309443,3.713637929766901,0.08586101816726609,logistic,False
Other Illness Leading to Hospitalization post 28 Days Discharge,Amoxicillin/Clavulanic Acid,4.199248955975978,-829.2456563297903,837.6441542417424,0.9921209143649612,logistic,True
Other Illness Leading to Hospitalization post 28 Days Discharge,Amikacin,12.809868490258564,-2529.625387216617,2555.245124197134,0.9921209135993716,logistic,True
Other Illness Leading to Hospitalization post 28 Days Discharge,Aztreonam,5.977853055829487,-891.3245277676917,903.2802338793508,0.9895820509998365,logistic,True
Other Illness Leading to Hospitalization post 28 Days Discharge,Chloramphenicol,0.5997812974633687,-0.3181247137793104,1.5176873087060478,0.20030383991186718,logistic,True
Other Illness Leading to Hospitalization post 28 Days Discharge,Ciprofloxacin,12.908545470427672,-4079.9003538229827,4105.717444763838,0.9950677937593508,logistic,True
Other Illness Leading to Hospitalization post 28 Days Discharge,Colistin,0.10207351324032961,-1.7687912599292737,1.972938286409933,0.9148407646892049,logistic,True
Other Illness Leading to Hospitalization post 28 Days Discharge,Doxycycline,-7.473491735782496,-191.08058096121636,176.13359748965138,0.9364139594189249,logistic,True
Other Illness Leading to Hospitalization post 28 Days Discharge,Ertapenem,4.354541618622453,-239.36660823267022,248.0756914699151,0.9720650032669084,logistic,True
Other Illness Leading to Hospitalization post 28 Days Discharge,Cefepime,4.272302273731949,-1322.8072965555473,1331.351901103011,0.9949655704229193,logistic,True
Other Illness Leading to Hospitalization post 28 Days Discharge,Fosfomycin,0.12259541432042748,-0.7931146182801543,1.0383054469210091,0.7930128334424715,logistic,True
Other Illness Leading to Hospitalization post 28 Days Discharge,Cefoxitin,3.0455249720343844,-116.42581303320956,122.51686297727834,0.9601520546380367,logistic,True
Other Illness Leading to Hospitalization post 28 Days Discharge,Gentamicin,4.8672583772572455,-110.24950131242062,119.9840180669351,0.9339554248403444,logistic,True
Other Illness Leading to Hospitalization post 28 Days Discharge,Imipenem,4.272302273731949,-1322.8072965555473,1331.351901103011,0.9949655704229193,logistic,True
Other Illness Leading to Hospitalization post 28 Days Discharge,Levofloxacin,7.010989928177741,-3593.0634551282587,3607.0854349846145,0.9969545255548589,logistic,True
Other Illness Leading to Hospitalization post 28 Days Discharge,Meropenem,4.272302273731949,-1322.8072965555473,1331.351901103011,0.9949655704229193,logistic,True
Other Illness Leading to Hospitalization post 28 Days Discharge,Minocycline,0.5195950749149894,-0.6296037032292352,1.668793853059214,0.3755249179743405,logistic,True
Other Illness Leading to Hospitalization post 28 Days Discharge,Cefuroxime,4.199248955975978,-829.2456563297903,837.6441542417424,0.9921209143649612,logistic,True
Other Illness Leading to Hospitalization post 28 Days Discharge,Cefoperazone/Sulbactam,4.199248957558556,-829.2456563282076,837.6441542433247,0.9921209143619919,logistic,True
Other Illness Leading to Hospitalization post 28 Days Discharge,Trimethoprim/Sulfamethoxazole,-0.19923926909950718,-1.0754401106658311,0.6769615724668169,0.6558312163623368,logistic,True
Other Illness Leading to Hospitalization post 28 Days Discharge,Cefotaxime,3.045524972044892,-116.4258130469984,122.51686299108817,0.9601520546424981,logistic,True
Other Illness Leading to Hospitalization post 28 Days Discharge,Ceftazidime,-0.8281559333456925,-2.008805075953696,0.352493209262311,0.16919362579550778,logistic,False
Other Illness Leading to Hospitalization post 28 Days Discharge,Tigecycline,-1.2517987544924911,-4.006211870050866,1.5026143610658842,0.37306583852025954,logistic,True
Other Illness Leading to Hospitalization post 28 Days Discharge,Piperacillin/Tazobactam,4.272302273731949,-1322.8072965555473,1331.351901103011,0.9949655704229193,logistic,True
Other Illness Leading to Hospitalization post 28 Days Discharge,Ceftazidime Avibactam,1.3464512888429312,-0.5336852526729514,3.226587830358814,0.16043222948821978,logistic,False
Other Illness Leading to Hospitalization post 28 Days Discharge,Nitrofurantoin,-9.966361222607134,-905.3181119329255,885.3853894877112,0.9825940938246763,logistic,True
Other Illness Leading to Hospitalization post 28 Days Discharge,Carbapenemase,10.685404173944908,-1360.7686411253228,1382.1394494732128,0.9878162503164186,logistic,True
Other Illness Leading to Hospitalization post 28 Days Discharge,Ceftazidime/Avibactam.T,-0.9162094363514516,-2.8153286803022466,0.9829098075993433,0.3443713601909949,logistic,True
Other Illness Leading to Hospitalization post 28 Days Discharge,Ceftazidime-Avibactam/Aztreonam.T,-1.4356477620726156,-3.319457914575939,0.4481623904307077,0.13525811800461573,logistic,False
Other Illness Leading to Hospitalization post 28 Days Discharge,Ceftazidime-Avibactam/Aztreonam Synergy.T,0.8905694706820048,-0.7173193023895287,2.498458243753538,0.277667001055229,logistic,True
Other Illness Leading to Hospitalization post 28 Days Discharge,Polymyxin/Colistin Inclusion.T,-0.450138198876373,-2.3271337937861496,1.4268573960334037,0.6383296186522898,logistic,True
Other Illness Leading to Hospitalization post 28 Days Discharge,Clinical Improvement,0.010391013555009697,-1.5619691598424799,1.582751186952499,0.9896656804672695,logistic,True
Other Illness Leading to Hospitalization post 28 Days Discharge,ICU Stay in 28 Days,0.1358342698437518,0.004607407428945248,0.2670611322585583,0.04248082530808437,logistic,False
Other Illness Leading to Hospitalization post 28 Days Discharge,GW Stay in 28 Days,-0.07902717849718184,-0.2739813539109353,0.11592699691657161,0.42690640503427935,logistic,True
Other Illness Leading to Hospitalization post 28 Days Discharge,Total Hospital Stay in 28 Days,0.06809507010500895,-0.055102647471090976,0.19129278768110888,0.27866160818063446,logistic,True
Other Illness Leading to Hospitalization post 28 Days Discharge,Mortality in ICU,-11.83415690308938,-642.1468005258595,618.4784867196807,0.9706457187676634,logistic,True
Other Illness Leading to Hospitalization post 28 Days Discharge,Mortality in Hospital,-11.610120700939147,-642.4479052621234,619.2276638602452,0.971225153490441,logistic,True
Other Illness Leading to Hospitalization post 28 Days Discharge,Mortality post 28 Day Discharge,4.429950919320104,1.7636358137602972,7.096266024879911,0.0011284126568670311,logistic,False
Other Illness Leading to Hospitalization post 28 Days Discharge,Overall Mortality,0.796327942873714,-1.0694780946077045,2.6621339803551325,0.40286543753469906,logistic,True
Other Illness Leading to Hospitalization post 28 Days Discharge,Relapse post 28 Day Discharge,15.531546680408496,-290.60065388693164,321.66374724774863,0.920790257534015,logistic,True
