Variable1,Variable1_Type,Variable2,Variable2_Type,Correlation,P_Value,N,Strength,Direction,Significant
Male,binary,Female,binary,-1.0,0.0,62,STRONG,Negative,True
Meropenem,continuous,Piperacillin.Tazobactam,continuous,1.0,0.0,62,STRONG,Positive,True
Meropenem,continuous,Carbapenemase,binary,1.0,0.0,62,STRONG,Positive,True
Imipenem,continuous,Meropenem,continuous,1.0,0.0,62,STRONG,Positive,True
Imipenem,continuous,Carbapenemase,binary,1.0,0.0,62,STRONG,Positive,True
Imipenem,continuous,Piperacillin.Tazobactam,continuous,1.0,0.0,62,STRONG,Positive,True
Cefepime,continuous,Imipenem,continuous,1.0,0.0,62,STRONG,Positive,True
Cefepime,continuous,Meropenem,continuous,1.0,0.0,62,STRONG,Positive,True
Cefepime,continuous,Piperacillin.Tazobactam,continuous,1.0,0.0,62,STRONG,Positive,True
Amoxicillin.Clavulanic.Acid,continuous,Cefuroxime,continuous,1.0,0.0,62,STRONG,Positive,True
Piperacillin.Tazobactam,continuous,Carbapenemase,binary,1.0,0.0,62,STRONG,Positive,True
Cefepime,continuous,Carbapenemase,binary,1.0,0.0,62,STRONG,Positive,True
Neither.Abx.E,ordinal,Neither.Abx.T,ordinal,0.9365,1.898305687129146e-29,63,STRONG,Positive,True
Relapse.post.28.Day.Discharge,binary,Other.Illness.Leading.to.Hospitalization.post.28.Days.Discharge,binary,0.8867,9.145599747087808e-22,62,STRONG,Positive,True
Hemat.Malignancy,binary,Solid.Organ,binary,-0.859,4.280203429500483e-19,62,STRONG,Negative,True
Ceftazidime.Avibactam.T,binary,Ceftazidime.Avibactam.Aztreonam.T,binary,0.8444,6.60514461616392e-18,62,STRONG,Positive,True
UTI.CRO,binary,Nitrofurantoin,continuous,0.8273,1.163603334243289e-16,62,STRONG,Positive,True
P.C.in.vitro,binary,Colistin,continuous,0.8271,1.1922012821936331e-16,62,STRONG,Positive,True
Ertapenem,continuous,Cefuroxime,continuous,0.8232,2.2096520329817414e-16,62,STRONG,Positive,True
Ciprofloxacin,continuous,Levofloxacin,continuous,0.8232,2.1975206215695668e-16,62,STRONG,Positive,True
Amoxicillin.Clavulanic.Acid,continuous,Ertapenem,continuous,0.8232,2.2096520329816847e-16,62,STRONG,Positive,True
Cefuroxime,continuous,Cefotaxime,continuous,0.8097,1.631990225073001e-15,62,STRONG,Positive,True
Cefoxitin,continuous,Cefuroxime,continuous,0.8097,1.631990225073001e-15,62,STRONG,Positive,True
Amoxicillin.Clavulanic.Acid,continuous,Cefotaxime,continuous,0.8097,1.631990225073001e-15,62,STRONG,Positive,True
Amoxicillin.Clavulanic.Acid,continuous,Cefoxitin,continuous,0.8097,1.631990225073001e-15,62,STRONG,Positive,True
CV.Catheter.in.6.Months,binary,Urinary.Catheter.in.6.Months,binary,0.7556,1.2686989795487466e-12,62,STRONG,Positive,True
APACHEII,continuous,SOFA,continuous,0.7466,3.260836563372143e-12,62,MODERATE,Positive,True
Cefepime,continuous,Levofloxacin,continuous,0.7129,8.039717443290413e-11,62,MODERATE,Positive,True
Cefepime,continuous,Ceftazidime,continuous,0.7129,8.039717443290413e-11,62,MODERATE,Positive,True
Levofloxacin,continuous,Piperacillin.Tazobactam,continuous,0.7129,8.039717443290413e-11,62,MODERATE,Positive,True
Imipenem,continuous,Levofloxacin,continuous,0.7129,8.039717443290413e-11,62,MODERATE,Positive,True
Meropenem,continuous,Ceftazidime,continuous,0.7129,8.039717443290413e-11,62,MODERATE,Positive,True
Imipenem,continuous,Ceftazidime,continuous,0.7129,8.039717443290413e-11,62,MODERATE,Positive,True
Levofloxacin,continuous,Carbapenemase,binary,0.7129,8.039717443290413e-11,62,MODERATE,Positive,True
Levofloxacin,continuous,Meropenem,continuous,0.7129,8.039717443290413e-11,62,MODERATE,Positive,True
Ceftazidime,continuous,Piperacillin.Tazobactam,continuous,0.7129,8.039717443290413e-11,62,MODERATE,Positive,True
Ceftazidime,continuous,Carbapenemase,binary,0.7129,8.039717443290413e-11,62,MODERATE,Positive,True
NDM,binary,Ceftazidime.Avibactam,binary,-0.7113,9.253413094444147e-11,62,MODERATE,Negative,True
Cefuroxime,continuous,Carbapenemase,binary,0.7013,2.183468396546602e-10,62,MODERATE,Positive,True
Cefoperazone.Sulbactam,continuous,Piperacillin.Tazobactam,continuous,0.7013,2.183468396546602e-10,62,MODERATE,Positive,True
Imipenem,continuous,Cefoperazone.Sulbactam,continuous,0.7013,2.183468396546602e-10,62,MODERATE,Positive,True
Imipenem,continuous,Cefuroxime,continuous,0.7013,2.183468396546602e-10,62,MODERATE,Positive,True
Cefuroxime,continuous,Piperacillin.Tazobactam,continuous,0.7013,2.183468396546602e-10,62,MODERATE,Positive,True
Meropenem,continuous,Cefuroxime,continuous,0.7013,2.183468396546602e-10,62,MODERATE,Positive,True
Amoxicillin.Clavulanic.Acid,continuous,Cefepime,continuous,0.7013,2.183468396546602e-10,62,MODERATE,Positive,True
Cefoperazone.Sulbactam,continuous,Carbapenemase,binary,0.7013,2.183468396546602e-10,62,MODERATE,Positive,True
Cefepime,continuous,Cefoperazone.Sulbactam,continuous,0.7013,2.183468396546602e-10,62,MODERATE,Positive,True
Amoxicillin.Clavulanic.Acid,continuous,Carbapenemase,binary,0.7013,2.183468396546602e-10,62,MODERATE,Positive,True
Amoxicillin.Clavulanic.Acid,continuous,Meropenem,continuous,0.7013,2.183468396546602e-10,62,MODERATE,Positive,True
Amoxicillin.Clavulanic.Acid,continuous,Piperacillin.Tazobactam,continuous,0.7013,2.183468396546602e-10,62,MODERATE,Positive,True
Cefepime,continuous,Cefuroxime,continuous,0.7013,2.183468396546602e-10,62,MODERATE,Positive,True
Amoxicillin.Clavulanic.Acid,continuous,Imipenem,continuous,0.7013,2.183468396546602e-10,62,MODERATE,Positive,True
Meropenem,continuous,Cefoperazone.Sulbactam,continuous,0.7013,2.183468396546602e-10,62,MODERATE,Positive,True
Female,binary,Height,continuous,-0.6977,2.9536382240884684e-10,62,MODERATE,Negative,True
Male,binary,Height,continuous,0.6977,2.9536382240884684e-10,62,MODERATE,Positive,True
Ventilation,binary,Overall.organ.support,binary,0.694,4.001999806935134e-10,62,MODERATE,Positive,True
Inotropes,binary,Overall.organ.support,binary,0.6715,2.3213738876515275e-09,62,MODERATE,Positive,True
Ertapenem,continuous,Cefoxitin,continuous,0.6608,5.0631991767441324e-09,62,MODERATE,Positive,True
Ertapenem,continuous,Cefotaxime,continuous,0.6608,5.0631991767441324e-09,62,MODERATE,Positive,True
Cefoxitin,continuous,Cefotaxime,continuous,0.6497,1.106740113719014e-08,62,MODERATE,Positive,True
Mortality.post.28.Day.Discharge,binary,Other.Illness.Leading.to.Hospitalization.post.28.Days.Discharge,binary,0.6456,1.4698437601307188e-08,62,MODERATE,Positive,True
Ciprofloxacin,continuous,Ertapenem,continuous,0.6442,1.6119881555835196e-08,62,MODERATE,Positive,True
GW.Stay.in.28.Days,continuous,Total.Hospital.Stay.in.28.Days,continuous,0.6036,2.0698947674214042e-07,62,MODERATE,Positive,True
Clinical.Improvement,continuous,Overall.Mortality,binary,-0.5986,2.7641629681815637e-07,62,MODERATE,Negative,True
Hospitalization.in.past.6.Months,binary,Urinary.Catheter.in.6.Months,binary,0.5951,3.373587732334459e-07,62,MODERATE,Positive,True
SGPT,binary,SGOT,binary,0.5939,3.6103766239818606e-07,62,MODERATE,Positive,True
Aztreonam,continuous,Meropenem,continuous,0.5869,5.349543498971118e-07,62,MODERATE,Positive,True
Aztreonam,continuous,Cefepime,continuous,0.5869,5.349543498971118e-07,62,MODERATE,Positive,True
Aztreonam,continuous,Imipenem,continuous,0.5869,5.349543498971118e-07,62,MODERATE,Positive,True
Aztreonam,continuous,Carbapenemase,binary,0.5869,5.349543498971118e-07,62,MODERATE,Positive,True
Aztreonam,continuous,Piperacillin.Tazobactam,continuous,0.5869,5.349543498971118e-07,62,MODERATE,Positive,True
Ciprofloxacin,continuous,Imipenem,continuous,0.5868,5.365369908688272e-07,62,MODERATE,Positive,True
Ciprofloxacin,continuous,Meropenem,continuous,0.5868,5.365369908688272e-07,62,MODERATE,Positive,True
Ciprofloxacin,continuous,Carbapenemase,binary,0.5868,5.365369908688272e-07,62,MODERATE,Positive,True
Ciprofloxacin,continuous,Piperacillin.Tazobactam,continuous,0.5868,5.365369908688272e-07,62,MODERATE,Positive,True
Ciprofloxacin,continuous,Cefepime,continuous,0.5868,5.365369908688272e-07,62,MODERATE,Positive,True
Neither.Abx.T,ordinal,Polymyxin.Colistin.Inclusion.T,binary,-0.579,8.213151740592237e-07,62,MODERATE,Negative,True
Ertapenem,continuous,Carbapenemase,binary,0.5773,9.028700964244745e-07,62,MODERATE,Positive,True
Ertapenem,continuous,Meropenem,continuous,0.5773,9.028700964244745e-07,62,MODERATE,Positive,True
Ertapenem,continuous,Cefepime,continuous,0.5773,9.028700964244745e-07,62,MODERATE,Positive,True
Ertapenem,continuous,Piperacillin.Tazobactam,continuous,0.5773,9.028700964244745e-07,62,MODERATE,Positive,True
Ertapenem,continuous,Imipenem,continuous,0.5773,9.028700964244745e-07,62,MODERATE,Positive,True
Mortality.in.ICU,binary,Overall.Mortality,binary,0.5765,9.42893891125337e-07,62,MODERATE,Positive,True
UTI.CRO,binary,Chloramphenicol,continuous,-0.5683,1.4530321732338025e-06,62,MODERATE,Negative,True
Cefepime,continuous,Cefoxitin,continuous,0.5678,1.4869505091995373e-06,62,MODERATE,Positive,True
Cefotaxime,continuous,Piperacillin.Tazobactam,continuous,0.5678,1.4869505091995373e-06,62,MODERATE,Positive,True
Cefotaxime,continuous,Carbapenemase,binary,0.5678,1.4869505091995373e-06,62,MODERATE,Positive,True
Cefepime,continuous,Cefotaxime,continuous,0.5678,1.4869505091995373e-06,62,MODERATE,Positive,True
Cefoxitin,continuous,Imipenem,continuous,0.5678,1.4869505091995373e-06,62,MODERATE,Positive,True
Imipenem,continuous,Cefotaxime,continuous,0.5678,1.4869505091995373e-06,62,MODERATE,Positive,True
Meropenem,continuous,Cefotaxime,continuous,0.5678,1.4869505091995373e-06,62,MODERATE,Positive,True
Cefoxitin,continuous,Meropenem,continuous,0.5678,1.4869505091995373e-06,62,MODERATE,Positive,True
Cefoxitin,continuous,Piperacillin.Tazobactam,continuous,0.5678,1.4869505091995373e-06,62,MODERATE,Positive,True
Cefoxitin,continuous,Carbapenemase,binary,0.5678,1.4869505091995373e-06,62,MODERATE,Positive,True
Bil,binary,ALP,binary,0.5459,4.4527227650728525e-06,62,MODERATE,Positive,True
GW.Stay.in.28.Days,continuous,Mortality.in.ICU,binary,-0.5392,6.126090129857457e-06,62,MODERATE,Negative,True
Neither.Abx.E,ordinal,Ceftazidime.Avibactam.T,binary,-0.5387,6.2860277286206755e-06,62,MODERATE,Negative,True
NDM,binary,Ceftazidime.Avibactam.Aztreonam.Synergy.T,continuous,0.5381,6.44804454107433e-06,62,MODERATE,Positive,True
Neither.Abx.E,ordinal,Polymyxin.Colistin.Inclusion.T,binary,-0.5367,6.904486800139824e-06,62,MODERATE,Negative,True
Ventilation,binary,Total.Protein,binary,0.5258,1.1410483870357714e-05,62,MODERATE,Positive,True
Mortality.in.Hospital,binary,Overall.Mortality,binary,0.516,1.7655170495349643e-05,62,MODERATE,Positive,True
Albumin,binary,Total.Protein,binary,0.5109,2.2079579976399253e-05,62,MODERATE,Positive,True
Levofloxacin,continuous,Ceftazidime,continuous,0.5,3.5069919806475675e-05,62,MODERATE,Positive,True
TLC,binary,ANC,binary,0.4997,3.545864920995978e-05,62,WEAK,Positive,True
Neither.Abx.T,ordinal,Ceftazidime.Avibactam.Aztreonam.T,binary,-0.4958,4.1775873885772806e-05,62,WEAK,Negative,True
Amoxicillin.Clavulanic.Acid,continuous,Levofloxacin,continuous,0.4916,4.9589575379695185e-05,62,WEAK,Positive,True
Amoxicillin.Clavulanic.Acid,continuous,Ceftazidime,continuous,0.4916,4.9589575379695185e-05,62,WEAK,Positive,True
Levofloxacin,continuous,Cefoperazone.Sulbactam,continuous,0.4916,4.9589575379695185e-05,62,WEAK,Positive,True
Cefoperazone.Sulbactam,continuous,Ceftazidime,continuous,0.4916,4.9589575379695185e-05,62,WEAK,Positive,True
Cefuroxime,continuous,Ceftazidime,continuous,0.4916,4.9589575379695185e-05,62,WEAK,Positive,True
Levofloxacin,continuous,Cefuroxime,continuous,0.4916,4.9589575379695185e-05,62,WEAK,Positive,True
Amikacin,continuous,Aztreonam,continuous,0.4913,5.0240068597647216e-05,62,WEAK,Positive,True
Aztreonam,continuous,Gentamicin,continuous,0.4881,5.7155354714539795e-05,62,WEAK,Positive,True
CKD,binary,CAP.CRO,binary,0.4875,5.8419203742374735e-05,62,WEAK,Positive,True
APACHEII,continuous,Clinical.Improvement,continuous,-0.4868,6.02746337691327e-05,62,WEAK,Negative,True
Neither.Abx.T,ordinal,Mortality.post.28.Day.Discharge,binary,0.4864,6.106480886721364e-05,62,WEAK,Positive,True
Minocycline,continuous,Tigecycline,continuous,0.4854,6.368139435542706e-05,62,WEAK,Positive,True
Amoxicillin.Clavulanic.Acid,continuous,Cefoperazone.Sulbactam,continuous,0.4833,6.913391680112424e-05,62,WEAK,Positive,True
Cefuroxime,continuous,Cefoperazone.Sulbactam,continuous,0.4833,6.913391680112424e-05,62,WEAK,Positive,True
Neither.Abx.T,ordinal,Ceftazidime.Avibactam.T,binary,-0.4826,7.129951943514824e-05,62,WEAK,Negative,True
Z.A.only.T,ordinal,Ceftazidime.Avibactam.Aztreonam.T,binary,0.4743,9.828697922754225e-05,62,WEAK,Positive,True
Ceftazidime.Avibactam,binary,Ceftazidime.Avibactam.Aztreonam.Synergy.T,continuous,-0.4739,0.00010009388339491026,62,WEAK,Negative,True
Ventilation,binary,APACHEII,continuous,0.4687,0.0001218051905539084,62,WEAK,Positive,True
Mortality.post.28.Day.Discharge,binary,Relapse.post.28.Day.Discharge,binary,0.4655,0.00013752660146441756,62,WEAK,Positive,True
P.C.only.E,ordinal,Z.A.only.T,ordinal,0.4649,0.0001236980212299587,63,WEAK,Positive,True
Fosfomycin,continuous,Tigecycline,continuous,0.4594,0.00017253004978942262,62,WEAK,Positive,True
P.C.only.E,ordinal,Polymyxin.Colistin.Inclusion.T,binary,0.4587,0.00017714822349551007,62,WEAK,Positive,True
Creatinine,binary,Clinical.Improvement,continuous,-0.4517,0.00022868208489741485,62,WEAK,Negative,True
Hospitalization.in.past.6.Months,binary,CV.Catheter.in.6.Months,binary,0.4497,0.0002458002171841398,62,WEAK,Positive,True
Chloramphenicol,continuous,Nitrofurantoin,continuous,-0.4468,0.0002718160449276169,62,WEAK,Negative,True
Neither.Abx.E,ordinal,Ceftazidime.Avibactam.Aztreonam.T,binary,-0.4455,0.0002851506659705558,62,WEAK,Negative,True
SOFA,continuous,Clinical.Improvement,continuous,-0.4448,0.00029263592974732456,62,WEAK,Negative,True
ICU.Stay.in.28.Days,continuous,Total.Hospital.Stay.in.28.Days,continuous,0.4422,0.0003205027985893588,62,WEAK,Positive,True
IAI.CRO,binary,Sodium,binary,-0.4414,0.0003295779156290071,62,WEAK,Negative,True
P.C.Z.A.E,ordinal,Aztreonam,continuous,-0.4386,0.00036230403184292097,62,WEAK,Negative,True
Ventilation,binary,SOFA,continuous,0.4372,0.00038127354402910546,62,WEAK,Positive,True
Amikacin,continuous,Gentamicin,continuous,0.4334,0.00043397961106569915,62,WEAK,Positive,True
Neutropenia,binary,Piperacillin.Tazobactam,continuous,-0.4323,0.0004501140693468125,62,WEAK,Negative,True
KPC,binary,Z.A.only.E,ordinal,0.4323,0.0004501140693468104,62,WEAK,Positive,True
Neutropenia,binary,Carbapenemase,binary,-0.4323,0.0004501140693468125,62,WEAK,Negative,True
Neutropenia,binary,Imipenem,continuous,-0.4323,0.0004501140693468125,62,WEAK,Negative,True
Neutropenia,binary,Cefepime,continuous,-0.4323,0.0004501140693468125,62,WEAK,Negative,True
Neutropenia,binary,Meropenem,continuous,-0.4323,0.0004501140693468125,62,WEAK,Negative,True
Neutropenia,binary,Hemat.Malignancy,binary,0.4295,0.000494847522451004,62,WEAK,Positive,True
HTN,binary,DM,binary,0.4287,0.0005088237778257586,62,WEAK,Positive,True
Any.Fungal.Infection,binary,SOFA,continuous,0.4265,0.0006091034992159008,61,WEAK,Positive,True
SOFA,continuous,Urea,binary,0.4261,0.0005538324713623338,62,WEAK,Positive,True
Z.A.invitro,binary,Ceftazidime.Avibactam.Aztreonam.Synergy.T,continuous,0.4205,0.0006671230242501269,62,WEAK,Positive,True
Overall.organ.support,binary,APACHEII,continuous,0.4202,0.0006735178713082524,62,WEAK,Positive,True
Inotropes,binary,APACHEII,continuous,0.42,0.0006771553732499585,62,WEAK,Positive,True
APACHEII,continuous,GW.Stay.in.28.Days,continuous,-0.4188,0.0007037481717285444,62,WEAK,Negative,True
NDM,binary,Minocycline,continuous,-0.4164,0.0007627982763511211,62,WEAK,Negative,True
COPD,binary,HAP.CRO,binary,0.4106,0.0009175920812408259,62,WEAK,Positive,True
Clinical.Improvement,continuous,Mortality.in.ICU,binary,-0.4061,0.0010584302327841528,62,WEAK,Negative,True
Age,continuous,TLC,binary,-0.4056,0.0010729272678899524,62,WEAK,Negative,True
Aztreonam,continuous,Ceftazidime,continuous,0.4049,0.001097689443152245,62,WEAK,Positive,True
Aztreonam,continuous,Levofloxacin,continuous,0.4049,0.001097689443152245,62,WEAK,Positive,True
Ciprofloxacin,continuous,Ceftazidime,continuous,0.4049,0.0010989514868975712,62,WEAK,Positive,True
Inotropes,binary,Polymyxin.Colistin.Inclusion.T,binary,0.404,0.0011278027621728268,62,WEAK,Positive,True
Height,continuous,Weight,continuous,0.4012,0.0012299314007219624,62,WEAK,Positive,True
Age,continuous,HTN,binary,0.4009,0.001243360389278642,62,WEAK,Positive,True
Z.A.only.T,ordinal,Ceftazidime.Avibactam.T,binary,0.4005,0.0012566175727711246,62,WEAK,Positive,True
APACHEII,continuous,Mortality.in.ICU,binary,0.3991,0.001313987075256905,62,WEAK,Positive,True
Ertapenem,continuous,Levofloxacin,continuous,0.3979,0.0013608479657179185,62,WEAK,Positive,True
Ertapenem,continuous,Ceftazidime,continuous,0.3979,0.0013608479657179185,62,WEAK,Positive,True
Aztreonam,continuous,Cefuroxime,continuous,0.3979,0.0013632226831048564,62,WEAK,Positive,True
Amoxicillin.Clavulanic.Acid,continuous,Aztreonam,continuous,0.3979,0.0013632226831048564,62,WEAK,Positive,True
Aztreonam,continuous,Cefoperazone.Sulbactam,continuous,0.3979,0.0013632226831048564,62,WEAK,Positive,True
Ciprofloxacin,continuous,Cefoperazone.Sulbactam,continuous,0.3978,0.0013647297985962875,62,WEAK,Positive,True
Amoxicillin.Clavulanic.Acid,continuous,Ciprofloxacin,continuous,0.3978,0.0013647297985962907,62,WEAK,Positive,True
Ciprofloxacin,continuous,Cefuroxime,continuous,0.3978,0.0013647297985962875,62,WEAK,Positive,True
P.C.Z.A.T,ordinal,GW.Stay.in.28.Days,continuous,-0.3966,0.0014175951609573859,62,WEAK,Negative,True
SOFA,continuous,Ceftazidime.Avibactam.Aztreonam.T,binary,0.3964,0.0014265376850730639,62,WEAK,Positive,True
CV.Catheter.in.6.Months,binary,Cefoperazone.Sulbactam,continuous,-0.3931,0.001573551483772173,62,WEAK,Negative,True
IAI.CRO,binary,APACHEII,continuous,-0.3927,0.0015937899286257537,62,WEAK,Negative,True
Dialysis.in.1.week,binary,Mortality.in.ICU,binary,0.392,0.0016282827837078963,62,WEAK,Positive,True
KPC,binary,IAI.CRO,binary,0.3912,0.0016689173719355369,62,WEAK,Positive,True
P.C.Z.A.E,ordinal,Cefepime,continuous,-0.3912,0.0016689173719355369,62,WEAK,Negative,True
P.C.Z.A.E,ordinal,Piperacillin.Tazobactam,continuous,-0.3912,0.0016689173719355369,62,WEAK,Negative,True
P.C.Z.A.E,ordinal,Carbapenemase,binary,-0.3912,0.0016689173719355369,62,WEAK,Negative,True
P.C.Z.A.E,ordinal,Imipenem,continuous,-0.3912,0.0016689173719355369,62,WEAK,Negative,True
Other.NCRO,binary,P.C.Z.A.E,ordinal,0.3912,0.0016689173719355369,62,WEAK,Positive,True
P.C.Z.A.E,ordinal,Meropenem,continuous,-0.3912,0.0016689173719355369,62,WEAK,Negative,True
INR,binary,P.C.only.T,ordinal,-0.3912,0.0016689173719355369,62,WEAK,Negative,True
IAI.CRO,binary,INR,binary,-0.3912,0.0016689173719355369,62,WEAK,Negative,True
Cefotaxime,continuous,Ceftazidime,continuous,0.3911,0.0016740537723773869,62,WEAK,Positive,True
Cefoxitin,continuous,Levofloxacin,continuous,0.3911,0.0016740537723773869,62,WEAK,Positive,True
Cefoxitin,continuous,Ceftazidime,continuous,0.3911,0.0016740537723773869,62,WEAK,Positive,True
Levofloxacin,continuous,Cefotaxime,continuous,0.3911,0.0016740537723773869,62,WEAK,Positive,True
Ertapenem,continuous,Cefoperazone.Sulbactam,continuous,0.391,0.0016767714198641904,62,WEAK,Positive,True
APACHEII,continuous,Ceftazidime.Avibactam.T,binary,0.39,0.001725200967041742,62,WEAK,Positive,True
Clinical.Improvement,continuous,Mortality.in.Hospital,binary,-0.3891,0.0017747932929345796,62,WEAK,Negative,True
Weight,continuous,Sodium,binary,0.3882,0.0018221359272145548,62,WEAK,Positive,True
Minocycline,continuous,Ceftazidime.Avibactam,binary,0.3876,0.0018542583632750003,62,WEAK,Positive,True
HAP.CRO,binary,ICU.Stay.in.28.Days,continuous,0.3873,0.0018710256601918941,62,WEAK,Positive,True
Cefoperazone.Sulbactam,continuous,Trimethoprim.Sulfamethoxazole,continuous,0.387,0.001888978212977494,62,WEAK,Positive,True
ALP,binary,Z.A.only.T,ordinal,-0.3858,0.001958990283010812,62,WEAK,Negative,True
Ventilation,binary,ICU.Stay.in.28.Days,continuous,0.3857,0.001964364523237611,62,WEAK,Positive,True
SOFA,continuous,Mortality.in.ICU,binary,0.3854,0.00197796795255324,62,WEAK,Positive,True
Dialysis.in.1.week,binary,Overall.Mortality,binary,0.3852,0.0019929532377124023,62,WEAK,Positive,True
Cefoperazone.Sulbactam,continuous,Cefotaxime,continuous,0.3842,0.0020472087710016545,62,WEAK,Positive,True
Cefoxitin,continuous,Cefoperazone.Sulbactam,continuous,0.3842,0.0020472087710016545,62,WEAK,Positive,True
Any.Fungal.Infection,binary,Ceftazidime.Avibactam.T,binary,0.3755,0.0028597120110760775,61,WEAK,Positive,True
Chloramphenicol,continuous,Tigecycline,continuous,0.3746,0.0027059820559382623,62,WEAK,Positive,True
Clinical.Improvement,continuous,GW.Stay.in.28.Days,continuous,0.3709,0.0029978720120051095,62,WEAK,Positive,True
Nitrofurantoin,continuous,Mortality.in.Hospital,binary,0.3707,0.003020880308466831,62,WEAK,Positive,True
SOFA,continuous,ANC,binary,0.3696,0.0031111109264283614,62,WEAK,Positive,True
Total.Hospital.Stay.in.28.Days,continuous,Mortality.in.ICU,binary,-0.3681,0.00324568369230198,62,WEAK,Negative,True
Hypothyroidism,binary,Dialysis.in.1.week,binary,0.3675,0.0033030149396283365,62,WEAK,Positive,True
UTI.CRO,binary,Doxycycline,continuous,0.3672,0.003328931324225049,62,WEAK,Positive,True
APACHEII,continuous,Ceftazidime.Avibactam.Aztreonam.T,binary,0.3663,0.003415422877946736,62,WEAK,Positive,True
SOFA,continuous,Ceftazidime.Avibactam.T,binary,0.3653,0.003508952712446599,62,WEAK,Positive,True
Urea,binary,Clinical.Improvement,continuous,-0.3639,0.003648291845934603,62,WEAK,Negative,True
IAI.CRO,binary,Albumin,binary,-0.3622,0.0038159892393316067,62,WEAK,Negative,True
OXA48,binary,IAI.CRO,binary,-0.3622,0.003815989239331607,62,WEAK,Negative,True
SGPT,binary,Other.Illness.Leading.to.Hospitalization.post.28.Days.Discharge,binary,0.3603,0.004019038296652473,62,WEAK,Positive,True
Minocycline,continuous,Trimethoprim.Sulfamethoxazole,continuous,0.3595,0.004105350255140259,62,WEAK,Positive,True
CKD,binary,Other.CRO,binary,0.3589,0.004176253978274273,62,WEAK,Positive,True
Solid.Organ,binary,APACHEII,continuous,-0.3587,0.004196774726887014,62,WEAK,Negative,True
Weight,continuous,Ceftazidime.Avibactam.Aztreonam.Synergy.T,continuous,0.3575,0.004333819132072395,62,WEAK,Positive,True
OXA48,binary,Minocycline,continuous,0.3563,0.0044761945989488915,62,WEAK,Positive,True
OXA48,binary,Ciprofloxacin,continuous,0.3543,0.004727486503791744,62,WEAK,Positive,True
DM,binary,CAP.CRO,binary,0.3541,0.004748546627583041,62,WEAK,Positive,True
CAP.CRO,binary,Magnesium,binary,0.3541,0.004748546627583033,62,WEAK,Positive,True
Chloramphenicol,continuous,GW.Stay.in.28.Days,continuous,-0.3536,0.004818271781181226,62,WEAK,Negative,True
Z.A.only.E,ordinal,Mortality.in.Hospital,binary,0.3533,0.004854572521739028,62,WEAK,Positive,True
Dialysis.in.1.week,binary,Clinical.Improvement,continuous,-0.3514,0.005100935942295852,62,WEAK,Negative,True
Any.Fungal.Infection,binary,ICU.Stay.in.28.Days,continuous,0.3513,0.005502341127425428,61,WEAK,Positive,True
Bil,binary,SGOT,binary,0.3494,0.005380870178396665,62,WEAK,Positive,True
Potassium,binary,P.C.only.E,ordinal,0.3493,0.005392889558650492,62,WEAK,Positive,True
COPD,binary,Hypothyroidism,binary,0.3486,0.005495606114175906,62,WEAK,Positive,True
Female,binary,Weight,continuous,-0.3482,0.005542177474995903,62,WEAK,Negative,True
Male,binary,Weight,continuous,0.3482,0.005542177474995903,62,WEAK,Positive,True
Ertapenem,continuous,Fosfomycin,continuous,0.347,0.005721988063446664,62,WEAK,Positive,True
Fosfomycin,continuous,Cefotaxime,continuous,0.3448,0.006061115793169521,62,WEAK,Positive,True
Total.Protein,binary,Clinical.Improvement,continuous,-0.344,0.006181568418028855,62,WEAK,Negative,True
SOFA,continuous,Lympho,binary,-0.3427,0.006390973910939488,62,WEAK,Negative,True
P.C.Z.A.T,ordinal,Mortality.in.ICU,binary,0.3402,0.0068294390001841085,62,WEAK,Positive,True
Inotropes,binary,Any.Fungal.Infection,binary,0.34,0.00735093109608694,61,WEAK,Positive,True
Creatinine,binary,Overall.Mortality,binary,0.3399,0.0068816467667113,62,WEAK,Positive,True
NDM,binary,P.C.in.vitro,binary,-0.3383,0.0071630463306179845,62,WEAK,Negative,True
ICU.Stay.in.28.Days,continuous,GW.Stay.in.28.Days,continuous,-0.338,0.007210239554273833,62,WEAK,Negative,True
Fosfomycin,continuous,Cefuroxime,continuous,0.3373,0.007349682334471771,62,WEAK,Positive,True
Amoxicillin.Clavulanic.Acid,continuous,Fosfomycin,continuous,0.3373,0.007349682334471771,62,WEAK,Positive,True
Urinary.Catheter.in.6.Months,binary,Past.CREPA.infection,continuous,0.3369,0.007418905784704594,62,WEAK,Positive,True
Surgery.in.last.3.Months,binary,Doxycycline,continuous,0.3351,0.007753585519564688,62,WEAK,Positive,True
APACHEII,continuous,Total.Protein,binary,0.3351,0.007751470363779288,62,WEAK,Positive,True
APACHEII,continuous,Calcium,binary,0.3342,0.007929273120898743,62,WEAK,Positive,True
Overall.organ.support,binary,Calcium,binary,0.333,0.008176511890049937,62,WEAK,Positive,True
Inotropes,binary,Gentamicin,continuous,-0.3327,0.00822996861920822,62,WEAK,Negative,True
OXA48,binary,INR,binary,0.3326,0.008249767336827732,62,WEAK,Positive,True
KPC,binary,OXA48,binary,-0.3326,0.008249767336827732,62,WEAK,Negative,True
Other.NCRO,binary,Albumin,binary,-0.3326,0.008249767336827732,62,WEAK,Negative,True
OXA48,binary,Other.NCRO,binary,-0.3326,0.008249767336827732,62,WEAK,Negative,True
INR,binary,Albumin,binary,0.3326,0.008249767336827732,62,WEAK,Positive,True
BSI.CRO,binary,Hemat.Malignancy,binary,0.3301,0.008795236062516743,62,WEAK,Positive,True
BSI.CRO,binary,Total.Protein,binary,-0.3301,0.008795236062516743,62,WEAK,Negative,True
Hb,binary,ANC,binary,0.3292,0.00897555787504291,62,WEAK,Positive,True
Amikacin,continuous,Piperacillin.Tazobactam,continuous,0.3285,0.009145930401850185,62,WEAK,Positive,True
Amikacin,continuous,Imipenem,continuous,0.3285,0.009145930401850185,62,WEAK,Positive,True
Amikacin,continuous,Cefepime,continuous,0.3285,0.009145930401850185,62,WEAK,Positive,True
Dialysis.in.1.week,binary,APACHEII,continuous,0.3285,0.009135946406622122,62,WEAK,Positive,True
Amikacin,continuous,Carbapenemase,binary,0.3285,0.009145930401850185,62,WEAK,Positive,True
Amikacin,continuous,Meropenem,continuous,0.3285,0.009145930401850185,62,WEAK,Positive,True
Overall.organ.support,binary,Clinical.Improvement,continuous,-0.3282,0.009204591182587837,62,WEAK,Negative,True
Urinary.Catheter.in.6.Months,binary,Surgery.in.last.3.Months,binary,0.328,0.009245147615218371,62,WEAK,Positive,True
Age,continuous,BSI.CRO,binary,-0.3279,0.009276547188367379,62,WEAK,Negative,True
Chloramphenicol,continuous,Cefoxitin,continuous,0.3276,0.009352757382969609,62,WEAK,Positive,True
OXA48,binary,Overall.Mortality,binary,0.3271,0.009459041783405878,62,WEAK,Positive,True
Minocycline,continuous,Cefoperazone.Sulbactam,continuous,0.3245,0.01007466113356766,62,WEAK,Positive,True
Hospitalization.in.past.6.Months,binary,Past.CREPA.infection,continuous,0.3238,0.010256518593650043,62,WEAK,Positive,True
Male,binary,P.C.in.vitro,binary,-0.3224,0.010602721976592528,62,WEAK,Negative,True
Amikacin,continuous,Cefoxitin,continuous,0.3224,0.010590955769940123,62,WEAK,Positive,True
Female,binary,P.C.in.vitro,binary,0.3224,0.010602721976592528,62,WEAK,Positive,True
Aztreonam,continuous,Ciprofloxacin,continuous,0.3222,0.010654912531478884,62,WEAK,Positive,True
Solid.Organ,binary,Mortality.in.ICU,binary,-0.3213,0.010893832920839595,62,WEAK,Negative,True
Neither.Abx.E,ordinal,Relapse.post.28.Day.Discharge,binary,0.3212,0.010907957362839815,62,WEAK,Positive,True
Weight,continuous,Hospitalization.in.past.6.Months,binary,0.3212,0.01092277399528403,62,WEAK,Positive,True
Neither.Abx.E,ordinal,Mortality.post.28.Day.Discharge,binary,0.3212,0.010907957362839815,62,WEAK,Positive,True
Other.CRO,binary,Relapse.post.28.Day.Discharge,binary,0.3212,0.010907957362839815,62,WEAK,Positive,True
Any.Fungal.Infection,binary,Ceftazidime.Avibactam.Aztreonam.T,binary,0.3199,0.011961905468647699,61,WEAK,Positive,True
Past.CREPA.infection,continuous,SOFA,continuous,-0.3195,0.011364899024858707,62,WEAK,Negative,True
SGPT,binary,Relapse.post.28.Day.Discharge,binary,0.3195,0.01136970054167663,62,WEAK,Positive,True
Immunosuppressive.drugs.in.1.week,binary,SOFA,continuous,0.3187,0.011575752496427356,62,WEAK,Positive,True
P.C.in.vitro,binary,Chloramphenicol,continuous,-0.3185,0.011634586927003882,62,WEAK,Negative,True
SGOT,binary,ALP,binary,0.3184,0.011667161200829355,62,WEAK,Positive,True
Gentamicin,continuous,Imipenem,continuous,0.3183,0.011697622785446962,62,WEAK,Positive,True
Gentamicin,continuous,Piperacillin.Tazobactam,continuous,0.3183,0.011697622785446962,62,WEAK,Positive,True
Cefepime,continuous,Gentamicin,continuous,0.3183,0.011697622785446962,62,WEAK,Positive,True
Gentamicin,continuous,Meropenem,continuous,0.3183,0.011697622785446962,62,WEAK,Positive,True
Gentamicin,continuous,Carbapenemase,binary,0.3183,0.011697622785446962,62,WEAK,Positive,True
GW.Stay.in.28.Days,continuous,Overall.Mortality,binary,-0.318,0.01178627287090892,62,WEAK,Negative,True
Albumin,binary,Calcium,binary,0.3179,0.01180948579784172,62,WEAK,Positive,True
Ceftazidime,continuous,Mortality.post.28.Day.Discharge,binary,-0.3176,0.011889672968948186,62,WEAK,Negative,True
Ceftazidime,continuous,Relapse.post.28.Day.Discharge,binary,-0.3176,0.011889672968948186,62,WEAK,Negative,True
Z.A.only.E,ordinal,Polymyxin.Colistin.Inclusion.T,binary,-0.3171,0.012039789090566041,62,WEAK,Negative,True
Meropenem,continuous,Tigecycline,continuous,0.317,0.012065192100868356,62,WEAK,Positive,True
Imipenem,continuous,Tigecycline,continuous,0.317,0.012065192100868356,62,WEAK,Positive,True
Tigecycline,continuous,Carbapenemase,binary,0.317,0.012065192100868356,62,WEAK,Positive,True
Tigecycline,continuous,Piperacillin.Tazobactam,continuous,0.317,0.012065192100868356,62,WEAK,Positive,True
Cefepime,continuous,Tigecycline,continuous,0.317,0.012065192100868356,62,WEAK,Positive,True
Aztreonam,continuous,Ertapenem,continuous,0.3164,0.01223450087933638,62,WEAK,Positive,True
Ceftazidime.Avibactam.Aztreonam.T,binary,Clinical.Improvement,continuous,-0.3164,0.01223269566713771,62,WEAK,Negative,True
Z.A.invitro,binary,Doxycycline,continuous,-0.3159,0.012389449446909439,62,WEAK,Negative,True
Any.Fungal.Infection,binary,Clinical.Improvement,continuous,-0.3147,0.013510097203666681,61,WEAK,Negative,True
Ventilation,binary,Any.Fungal.Infection,binary,0.3138,0.013783894960860129,61,WEAK,Positive,True
Doxycycline,continuous,Nitrofurantoin,continuous,0.3137,0.013034945901891684,62,WEAK,Positive,True
SGOT,binary,Fosfomycin,continuous,-0.3135,0.013086713163627695,62,WEAK,Negative,True
Ceftazidime.Avibactam.Aztreonam.T,binary,Mortality.in.ICU,binary,0.3133,0.01314468931177699,62,WEAK,Positive,True
Ciprofloxacin,continuous,Minocycline,continuous,0.3131,0.013232687448159189,62,WEAK,Positive,True
Urea,binary,Magnesium,binary,0.3125,0.013389432764437017,62,WEAK,Positive,True
Ceftazidime.Avibactam.T,binary,ICU.Stay.in.28.Days,continuous,0.311,0.013874930929281288,62,WEAK,Positive,True
Aztreonam,continuous,Cefoxitin,continuous,0.3106,0.013994320120663836,62,WEAK,Positive,True
Aztreonam,continuous,Cefotaxime,continuous,0.3106,0.013994320120663836,62,WEAK,Positive,True
Ciprofloxacin,continuous,Cefotaxime,continuous,0.3106,0.014003499440500118,62,WEAK,Positive,True
Ciprofloxacin,continuous,Cefoxitin,continuous,0.3106,0.014003499440500118,62,WEAK,Positive,True
Any.Viral.Infection,binary,Solid.Organ,binary,-0.3104,0.014073039167325704,62,WEAK,Negative,True
Total.Hospital.Stay.in.28.Days,continuous,Overall.Mortality,binary,-0.3103,0.014118967025883146,62,WEAK,Negative,True
Mortality.post.28.Day.Discharge,binary,Overall.Mortality,binary,0.309,0.014533042418736208,62,WEAK,Positive,True
Fosfomycin,continuous,Minocycline,continuous,0.309,0.014521922668412028,62,WEAK,Positive,True
CAP.CRO,binary,Platelet,binary,-0.309,0.014533042418736208,62,WEAK,Negative,True
Inotropes,binary,Ventilation,binary,0.3084,0.01475755507433012,62,WEAK,Positive,True
P.C.Z.A.T,ordinal,Clinical.Improvement,continuous,-0.3074,0.015083965792919884,62,WEAK,Negative,True
Z.A.invitro,binary,Overall.Mortality,binary,0.3068,0.015307877604321164,62,WEAK,Positive,True
HTN,binary,Urea,binary,0.3057,0.015697041178397337,62,WEAK,Positive,True
Any.Viral.Infection,binary,APACHEII,continuous,0.3057,0.01567061829840519,62,WEAK,Positive,True
Hypothyroidism,binary,Potassium,binary,0.3051,0.01588780728494699,62,WEAK,Positive,True
APACHEII,continuous,TLC,binary,0.3048,0.015996770430856892,62,WEAK,Positive,True
DM,binary,Globulin,binary,0.3047,0.016043692444799394,62,WEAK,Positive,True
Solid.Organ,binary,SGOT,binary,-0.304,0.016310608990597757,62,WEAK,Negative,True
Overall.organ.support,binary,Hemat.Malignancy,binary,0.3038,0.016382304145289118,62,WEAK,Positive,True
Neutropenia,binary,P.C.Z.A.E,ordinal,0.3038,0.016387221123103285,62,WEAK,Positive,True
SOFA,continuous,Overall.Mortality,binary,0.3031,0.01664515708554208,62,WEAK,Positive,True
Potassium,binary,Overall.Mortality,binary,-0.3025,0.016850232993533956,62,WEAK,Negative,True
APACHEII,continuous,Lympho,binary,-0.3021,0.01702951798384925,62,WEAK,Negative,True
Female,binary,ALP,binary,0.3018,0.017133154716108833,62,WEAK,Positive,True
Male,binary,ALP,binary,-0.3018,0.017133154716108833,62,WEAK,Negative,True
Procalcitonin,binary,Fosfomycin,continuous,0.3017,0.017187016173913758,62,WEAK,Positive,True
VAP.CRO,binary,Tigecycline,continuous,0.3014,0.017288080669336552,62,WEAK,Positive,True
Ciprofloxacin,continuous,Gentamicin,continuous,0.3013,0.017338226684715918,62,WEAK,Positive,True
NDM,binary,SGPT,binary,-0.3009,0.01747360536921277,62,WEAK,Negative,True
Colistin,continuous,Meropenem,continuous,0.3006,0.017586830346295816,62,WEAK,Positive,True
Colistin,continuous,Imipenem,continuous,0.3006,0.017586830346295816,62,WEAK,Positive,True
Colistin,continuous,Piperacillin.Tazobactam,continuous,0.3006,0.017586830346295816,62,WEAK,Positive,True
Colistin,continuous,Carbapenemase,binary,0.3006,0.017586830346295816,62,WEAK,Positive,True
Colistin,continuous,Cefepime,continuous,0.3006,0.017586830346295816,62,WEAK,Positive,True
Weight,continuous,ICU.Stay.in.28.Days,continuous,0.3003,0.017708251775575685,62,WEAK,Positive,True
Cefoxitin,continuous,Gentamicin,continuous,0.3002,0.017762023990945217,62,WEAK,Positive,True
Minocycline,continuous,Mortality.in.ICU,binary,0.2999,0.017866448687026824,62,WEAK,Positive,True
APACHEII,continuous,Albumin,binary,0.2992,0.018175001930527568,62,WEAK,Positive,True
HAP.CRO,binary,P.C.Z.A.T,ordinal,0.2992,0.018166195362369582,62,WEAK,Positive,True
Inotropes,binary,Relapse.post.28.Day.Discharge,binary,-0.299,0.018241433356312925,62,WEAK,Negative,True
Immunosuppressive.drugs.in.1.week,binary,Platelet,binary,-0.2988,0.018334691687433312,62,WEAK,Negative,True
Platelet,binary,Amikacin,continuous,0.2983,0.018525183622153604,62,WEAK,Positive,True
Ertapenem,continuous,Gentamicin,continuous,0.2977,0.018781955778923824,62,WEAK,Positive,True
Urinary.Catheter.in.6.Months,binary,Cefoperazone.Sulbactam,continuous,-0.297,0.019051719662111413,62,WEAK,Negative,True
UTI.CRO,binary,HAP.CRO,binary,-0.297,0.019051719662111458,62,WEAK,Negative,True
Inotropes,binary,P.C.Z.A.T,ordinal,0.2967,0.019189443070653508,62,WEAK,Positive,True
HAP.CRO,binary,BSI.CRO,binary,-0.296,0.019492803441616174,62,WEAK,Negative,True
Any.Fungal.Infection,binary,APACHEII,continuous,0.2951,0.020934814222806658,61,WEAK,Positive,True
Male,binary,Overall.organ.support,binary,-0.295,0.019944676659736343,62,WEAK,Negative,True
Female,binary,Overall.organ.support,binary,0.295,0.019944676659736343,62,WEAK,Positive,True
Urea,binary,Ceftazidime.Avibactam.Aztreonam.T,binary,0.2942,0.020305041537679137,62,WEAK,Positive,True
Any.Viral.Infection,binary,ICU.Stay.in.28.Days,continuous,0.2939,0.020435313629737276,62,WEAK,Positive,True
APACHEII,continuous,ANC,binary,0.2939,0.02042654928177619,62,WEAK,Positive,True
Weight,continuous,Calcium,binary,0.293,0.020809308247781134,62,WEAK,Positive,True
Any.Fungal.Infection,binary,Overall.Mortality,binary,0.2928,0.022012576070633547,61,WEAK,Positive,True
Any.Viral.Infection,binary,SOFA,continuous,0.292,0.021307227097252832,62,WEAK,Positive,True
CKD,binary,Mortality.in.Hospital,binary,0.292,0.021301349662238723,62,WEAK,Positive,True
VAP.CRO,binary,Mortality.in.Hospital,binary,0.292,0.021301349662238723,62,WEAK,Positive,True
Overall.organ.support,binary,ICU.Stay.in.28.Days,continuous,0.292,0.021281672309142387,62,WEAK,Positive,True
P.C.Z.A.T,ordinal,Polymyxin.Colistin.Inclusion.T,binary,0.2915,0.021519438940076508,62,WEAK,Positive,True
Lympho,binary,SGOT,binary,0.2909,0.02179177030763247,62,WEAK,Positive,True
Neither.Abx.T,ordinal,Relapse.post.28.Day.Discharge,binary,0.2906,0.021943410142648657,62,WEAK,Positive,True
P.C.only.E,ordinal,Doxycycline,continuous,0.2895,0.022456205153415915,62,WEAK,Positive,True
APACHEII,continuous,Urea,binary,0.2894,0.02253877070865463,62,WEAK,Positive,True
Inotropes,binary,Chloramphenicol,continuous,0.2893,0.02256488094004405,62,WEAK,Positive,True
Platelet,binary,Total.Hospital.Stay.in.28.Days,continuous,0.2892,0.02261317353623035,62,WEAK,Positive,True
Sodium,binary,Overall.Mortality,binary,0.2887,0.02287476660382686,62,WEAK,Positive,True
P.C.Z.A.T,ordinal,Chloramphenicol,continuous,0.2886,0.02290920230215913,62,WEAK,Positive,True
Overall.organ.support,binary,Gentamicin,continuous,-0.2884,0.02300771524718166,62,WEAK,Negative,True
BSI.CRO,binary,Bil,binary,0.2881,0.023186642778510572,62,WEAK,Positive,True
Overall.organ.support,binary,Bil,binary,-0.2881,0.023186642778510572,62,WEAK,Negative,True
IAI.CRO,binary,TLC,binary,-0.287,0.023719255517172987,62,WEAK,Negative,True
Neutropenia,binary,Levofloxacin,continuous,-0.2866,0.02394698915317333,62,WEAK,Negative,True
Neutropenia,binary,Ceftazidime,continuous,-0.2866,0.02394698915317333,62,WEAK,Negative,True
Weight,continuous,Ceftazidime,continuous,0.2862,0.024152185750523993,62,WEAK,Positive,True
APACHEII,continuous,Ceftazidime.Avibactam,binary,-0.2861,0.02416369041806327,62,WEAK,Negative,True
Polymyxin.Colistin.Inclusion.T,binary,Overall.Mortality,binary,-0.2859,0.024291672331712224,62,WEAK,Negative,True
HAP.CRO,binary,Ceftazidime,continuous,-0.2854,0.02453859437381739,62,WEAK,Negative,True
Male,binary,Ventilation,binary,-0.285,0.024776881702849012,62,WEAK,Negative,True
Female,binary,Ventilation,binary,0.285,0.024776881702849012,62,WEAK,Positive,True
SOFA,continuous,Total.Protein,binary,0.285,0.024755479718789535,62,WEAK,Positive,True
Hemat.Malignancy,binary,Overall.Mortality,binary,0.2849,0.024799726287326844,62,WEAK,Positive,True
BSI.CRO,binary,Fosfomycin,continuous,0.2848,0.024836645894538278,62,WEAK,Positive,True
Urea,binary,Cefoxitin,continuous,0.2837,0.025426976030340824,62,WEAK,Positive,True
Urea,binary,Ceftazidime.Avibactam.T,binary,0.2836,0.025515175947404635,62,WEAK,Positive,True
Bil,binary,Ciprofloxacin,continuous,-0.2836,0.025482806412983474,62,WEAK,Negative,True
ANC,binary,Urea,binary,0.2836,0.025515175947404635,62,WEAK,Positive,True
IAI.CRO,binary,SOFA,continuous,-0.2836,0.02551387313946172,62,WEAK,Negative,True
Height,continuous,Any.Fungal.Infection,binary,0.2833,0.026961348258895124,61,WEAK,Positive,True
NDM,binary,Total.Hospital.Stay.in.28.Days,continuous,0.2828,0.02593335703505309,62,WEAK,Positive,True
OXA48,binary,Albumin,binary,0.2824,0.026154786234255264,62,WEAK,Positive,True
P.C.in.vitro,binary,Bil,binary,0.2817,0.02654244611876856,62,WEAK,Positive,True
Ventilation,binary,Any.Viral.Infection,binary,0.2813,0.02676682133249873,62,WEAK,Positive,True
Neutropenia,binary,Amoxicillin.Clavulanic.Acid,continuous,-0.2812,0.02683837407165271,62,WEAK,Negative,True
Z.A.only.E,ordinal,Cefoperazone.Sulbactam,continuous,-0.2812,0.02683837407165271,62,WEAK,Negative,True
Neutropenia,binary,Cefuroxime,continuous,-0.2812,0.02683837407165271,62,WEAK,Negative,True
Neutropenia,binary,Cefoperazone.Sulbactam,continuous,-0.2812,0.02683837407165271,62,WEAK,Negative,True
UTI.CRO,binary,Colistin,continuous,0.2811,0.02685912945253573,62,WEAK,Positive,True
P.C.Z.A.T,ordinal,Ceftazidime.Avibactam.Aztreonam.T,binary,0.2805,0.02723598491411864,62,WEAK,Positive,True
Endoscopy.in.1.week,binary,Chloramphenicol,continuous,0.2803,0.027355784710397898,62,WEAK,Positive,True
COPD,binary,Chloramphenicol,continuous,0.2803,0.027355784710397898,62,WEAK,Positive,True
Hb,binary,Potassium,binary,-0.2801,0.027458507813676734,62,WEAK,Negative,True
Other.NCRO,binary,Amikacin,continuous,-0.28,0.027506592489690705,62,WEAK,Negative,True
P.C.Z.A.E,ordinal,Amikacin,continuous,-0.2799,0.027561733309868972,62,WEAK,Negative,True
Past.CREPA.infection,continuous,Overall.organ.support,binary,-0.2798,0.027655827619697104,62,WEAK,Negative,True
Ventilation,binary,Clinical.Improvement,continuous,-0.2797,0.027691749449682914,62,WEAK,Negative,True
Height,continuous,Hb,binary,0.279,0.028071029493408787,62,WEAK,Positive,True
Weight,continuous,Endoscopy.in.1.week,binary,-0.2789,0.028132966325555044,62,WEAK,Negative,True
Height,continuous,BSI.CRO,binary,0.2783,0.02851603543103647,62,WEAK,Positive,True
ALP,binary,Total.Hospital.Stay.in.28.Days,continuous,-0.2779,0.02876012163898624,62,WEAK,Negative,True
Weight,continuous,Z.A.invitro,binary,0.2778,0.028835671636399822,62,WEAK,Positive,True
Weight,continuous,Bil,binary,-0.2777,0.02888519342198155,62,WEAK,Negative,True
BSI.CRO,binary,Platelet,binary,0.2771,0.029224035448994986,62,WEAK,Positive,True
Ventilation,binary,Hemat.Malignancy,binary,0.2771,0.029202701892890235,62,WEAK,Positive,True
Z.A.invitro,binary,Immunosuppressive.drugs.in.1.week,binary,0.2768,0.029406992674581404,62,WEAK,Positive,True
Height,continuous,ALP,binary,-0.2766,0.02954076683323966,62,WEAK,Negative,True
Polymyxin.Colistin.Inclusion.T,binary,ICU.Stay.in.28.Days,continuous,0.2762,0.029795205166450043,62,WEAK,Positive,True
Past.CREPA.infection,continuous,Mortality.in.ICU,binary,-0.2761,0.02984357934332649,62,WEAK,Negative,True
CV.Catheter.in.6.Months,binary,Carbapenemase,binary,-0.2757,0.030094586244029085,62,WEAK,Negative,True
Ceftazidime,continuous,Other.Illness.Leading.to.Hospitalization.post.28.Days.Discharge,binary,-0.2757,0.030065022033780357,62,WEAK,Negative,True
CV.Catheter.in.6.Months,binary,Cefepime,continuous,-0.2757,0.030094586244029085,62,WEAK,Negative,True
CV.Catheter.in.6.Months,binary,Piperacillin.Tazobactam,continuous,-0.2757,0.030094586244029085,62,WEAK,Negative,True
ABSSSI.CRO,binary,CV.Catheter.in.6.Months,binary,0.2757,0.030094586244029085,62,WEAK,Positive,True
CV.Catheter.in.6.Months,binary,Meropenem,continuous,-0.2757,0.030094586244029085,62,WEAK,Negative,True
CV.Catheter.in.6.Months,binary,Imipenem,continuous,-0.2757,0.030094586244029085,62,WEAK,Negative,True
Past.CREPA.infection,continuous,Gentamicin,continuous,0.2756,0.030146488493360206,62,WEAK,Positive,True
Colistin,continuous,Nitrofurantoin,continuous,0.2754,0.030272798809850912,62,WEAK,Positive,True
Ciprofloxacin,continuous,Fosfomycin,continuous,0.2753,0.030351051225103547,62,WEAK,Positive,True
Solid.Organ,binary,Ceftazidime.Avibactam,binary,0.2753,0.030327780047930995,62,WEAK,Positive,True
IAI.CRO,binary,Ventilation,binary,-0.2746,0.030774784861680133,62,WEAK,Negative,True
Any.Viral.Infection,binary,Ceftazidime,continuous,-0.2746,0.030764660955233808,62,WEAK,Negative,True
NDM,binary,Dialysis.in.1.week,binary,-0.2746,0.030774784861680147,62,WEAK,Negative,True
OXA48,binary,Total.Protein,binary,0.2745,0.030839823160603366,62,WEAK,Positive,True
ALP,binary,Ceftazidime.Avibactam.T,binary,-0.2743,0.030947779116335988,62,WEAK,Negative,True
UTI.CRO,binary,BSI.CRO,binary,-0.2739,0.031225906917246495,62,WEAK,Negative,True
P.C.Z.A.E,ordinal,Gentamicin,continuous,-0.2735,0.03151051519227713,62,WEAK,Negative,True
HTN,binary,Potassium,binary,0.2731,0.031772079745371475,62,WEAK,Positive,True
Platelet,binary,Creatinine,binary,-0.2728,0.03197060411691988,62,WEAK,Negative,True
Urinary.Catheter.in.6.Months,binary,P.C.only.E,ordinal,0.2719,0.032498797687496965,62,WEAK,Positive,True
P.C.only.E,ordinal,GW.Stay.in.28.Days,continuous,0.2717,0.03268474066610473,62,WEAK,Positive,True
Cefepime,continuous,Trimethoprim.Sulfamethoxazole,continuous,0.2714,0.03287166278724763,62,WEAK,Positive,True
Meropenem,continuous,Trimethoprim.Sulfamethoxazole,continuous,0.2714,0.03287166278724763,62,WEAK,Positive,True
P.C.only.T,ordinal,Ceftazidime.Avibactam.Aztreonam.T,binary,-0.2714,0.03286981312133187,62,WEAK,Negative,True
Imipenem,continuous,Trimethoprim.Sulfamethoxazole,continuous,0.2714,0.03287166278724763,62,WEAK,Positive,True
NDM,binary,Overall.Mortality,binary,-0.2714,0.032885683918223926,62,WEAK,Negative,True
Trimethoprim.Sulfamethoxazole,continuous,Piperacillin.Tazobactam,continuous,0.2714,0.03287166278724763,62,WEAK,Positive,True
Trimethoprim.Sulfamethoxazole,continuous,Carbapenemase,binary,0.2714,0.03287166278724763,62,WEAK,Positive,True
Levofloxacin,continuous,Minocycline,continuous,0.2713,0.03295619105237385,62,WEAK,Positive,True
Hospitalization.in.past.6.Months,binary,Endoscopy.in.1.week,binary,-0.2712,0.032980962442725935,62,WEAK,Negative,True
Trimethoprim.Sulfamethoxazole,continuous,Ceftazidime.Avibactam.Aztreonam.T,binary,0.2711,0.033037227646623424,62,WEAK,Positive,True
Trimethoprim.Sulfamethoxazole,continuous,Tigecycline,continuous,0.271,0.03314574888824986,62,WEAK,Positive,True
APACHEII,continuous,Creatinine,binary,0.2708,0.033254411102672694,62,WEAK,Positive,True
Dialysis.in.1.week,binary,Total.Hospital.Stay.in.28.Days,continuous,-0.2704,0.03355141306276868,62,WEAK,Negative,True
Colistin,continuous,Clinical.Improvement,continuous,-0.2703,0.033574586446208865,62,WEAK,Negative,True
Bil,binary,Colistin,continuous,0.2702,0.033665915896852625,62,WEAK,Positive,True
Cefotaxime,continuous,Mortality.in.ICU,binary,-0.27,0.033787946898710765,62,WEAK,Negative,True
Overall.organ.support,binary,Any.Fungal.Infection,binary,0.2696,0.03564800617927076,61,WEAK,Positive,True
P.C.in.vitro,binary,Globulin,binary,0.2695,0.034131407558846125,62,WEAK,Positive,True
Immunosuppressive.drugs.in.1.week,binary,P.C.Z.A.E,ordinal,0.2691,0.03446069040181175,62,WEAK,Positive,True
TLC,binary,P.C.Z.A.E,ordinal,0.2691,0.03446069040181175,62,WEAK,Positive,True
Dialysis.in.1.week,binary,Immunosuppressive.drugs.in.1.week,binary,0.2691,0.03446069040181175,62,WEAK,Positive,True
Other.CRO,binary,Other.Illness.Leading.to.Hospitalization.post.28.Days.Discharge,binary,0.2687,0.03472599405956738,62,WEAK,Positive,True
Neither.Abx.E,ordinal,Other.Illness.Leading.to.Hospitalization.post.28.Days.Discharge,binary,0.2687,0.03472599405956738,62,WEAK,Positive,True
P.C.Z.A.T,ordinal,ICU.Stay.in.28.Days,continuous,0.2686,0.03480964050347574,62,WEAK,Positive,True
Ceftazidime.Avibactam,binary,Ceftazidime.Avibactam.Aztreonam.T,binary,-0.2685,0.034837551040056224,62,WEAK,Negative,True
Overall.organ.support,binary,SOFA,continuous,0.2682,0.03503196897869127,62,WEAK,Positive,True
Colistin,continuous,Polymyxin.Colistin.Inclusion.T,binary,-0.268,0.035216454875247216,62,WEAK,Negative,True
Other.CRO,binary,Magnesium,binary,0.268,0.0351980941932397,62,WEAK,Positive,True
Globulin,binary,Colistin,continuous,0.2672,0.035775519331071974,62,WEAK,Positive,True
Overall.organ.support,binary,TLC,binary,0.2666,0.03618645095852777,62,WEAK,Positive,True
Hospitalization.in.past.6.Months,binary,Neither.Abx.E,ordinal,-0.2665,0.0363040441272263,62,WEAK,Negative,True
Hospitalization.in.past.6.Months,binary,Polymyxin.Colistin.Inclusion.T,binary,0.2665,0.03629676194531989,62,WEAK,Positive,True
Clinical.Improvement,continuous,Total.Hospital.Stay.in.28.Days,continuous,0.2663,0.03646044753871615,62,WEAK,Positive,True
Height,continuous,Polymyxin.Colistin.Inclusion.T,binary,0.2661,0.03658173539592886,62,WEAK,Positive,True
Ceftazidime,continuous,Tigecycline,continuous,0.2661,0.036601923754705515,62,WEAK,Positive,True
Levofloxacin,continuous,Tigecycline,continuous,0.2661,0.036601923754705515,62,WEAK,Positive,True
Ceftazidime.Avibactam.Aztreonam.T,binary,Relapse.post.28.Day.Discharge,binary,-0.2659,0.036684852843028595,62,WEAK,Negative,True
Ceftazidime.Avibactam.Aztreonam.T,binary,Mortality.post.28.Day.Discharge,binary,-0.2659,0.036684852843028595,62,WEAK,Negative,True
Albumin,binary,Clinical.Improvement,continuous,-0.2659,0.0367534096592334,62,WEAK,Negative,True
Past.CREPA.infection,continuous,Doxycycline,continuous,0.2656,0.03693553672678766,62,WEAK,Positive,True
Inotropes,binary,Procalcitonin,binary,0.2656,0.03693681815671542,62,WEAK,Positive,True
Platelet,binary,Aztreonam,continuous,0.2653,0.037189056591382406,62,WEAK,Positive,True
Amoxicillin.Clavulanic.Acid,continuous,Chloramphenicol,continuous,0.2652,0.03722497220410647,62,WEAK,Positive,True
Chloramphenicol,continuous,Cefoperazone.Sulbactam,continuous,0.2652,0.03722497220410647,62,WEAK,Positive,True
Chloramphenicol,continuous,Cefuroxime,continuous,0.2652,0.03722497220410647,62,WEAK,Positive,True
Neutropenia,binary,Solid.Organ,binary,-0.2651,0.03733856918841477,62,WEAK,Negative,True
Albumin,binary,Trimethoprim.Sulfamethoxazole,continuous,0.2651,0.037276440140256106,62,WEAK,Positive,True
Ceftazidime.Avibactam.T,binary,Mortality.in.ICU,binary,0.2646,0.037703951097965975,62,WEAK,Positive,True
ALP,binary,Neither.Abx.T,ordinal,0.2644,0.03784028621601269,62,WEAK,Positive,True
SOFA,continuous,GW.Stay.in.28.Days,continuous,-0.2644,0.03787281977342999,62,WEAK,Negative,True
NDM,binary,Bil,binary,-0.2641,0.03806822337255254,62,WEAK,Negative,True
Potassium,binary,GW.Stay.in.28.Days,continuous,0.264,0.03810298900556334,62,WEAK,Positive,True
SGPT,binary,Ceftazidime.Avibactam.T,binary,-0.2638,0.03827398247196712,62,WEAK,Negative,True
Cefoperazone.Sulbactam,continuous,Tigecycline,continuous,0.2631,0.03886246957103294,62,WEAK,Positive,True
Cefuroxime,continuous,Tigecycline,continuous,0.2631,0.03886246957103294,62,WEAK,Positive,True
Amoxicillin.Clavulanic.Acid,continuous,Tigecycline,continuous,0.2631,0.03886246957103294,62,WEAK,Positive,True
Immunosuppressive.drugs.in.1.week,binary,Procalcitonin,binary,-0.2631,0.03882948007342484,62,WEAK,Negative,True
Age,continuous,Any.Viral.Infection,binary,0.2623,0.039454285222082386,62,WEAK,Positive,True
ANC,binary,Ceftazidime.Avibactam.T,binary,0.2619,0.03975203962779683,62,WEAK,Positive,True
Minocycline,continuous,Overall.Mortality,binary,0.2614,0.040120788536770605,62,WEAK,Positive,True
CKD,binary,Procalcitonin,binary,0.2614,0.04018555356891332,62,WEAK,Positive,True
VAP.CRO,binary,Procalcitonin,binary,0.2614,0.04018555356891332,62,WEAK,Positive,True
ABSSSI.CRO,binary,Procalcitonin,binary,0.2614,0.04018555356891332,62,WEAK,Positive,True
Any.Fungal.Infection,binary,P.C.Z.A.T,ordinal,0.2613,0.04197838875377202,61,WEAK,Positive,True
Immunosuppressive.drugs.in.1.week,binary,Any.Viral.Infection,binary,0.2611,0.040369303300076875,62,WEAK,Positive,True
BSI.CRO,binary,Any.Fungal.Infection,binary,0.2609,0.04229002477846991,61,WEAK,Positive,True
Age,continuous,Doxycycline,continuous,-0.2609,0.04052421988370502,62,WEAK,Negative,True
Hemat.Malignancy,binary,APACHEII,continuous,0.2608,0.04063307922019668,62,WEAK,Positive,True
Male,binary,Other.Illness.Leading.to.Hospitalization.post.28.Days.Discharge,binary,0.2601,0.041161061703432124,62,WEAK,Positive,True
Female,binary,Other.Illness.Leading.to.Hospitalization.post.28.Days.Discharge,binary,-0.2601,0.041161061703432124,62,WEAK,Negative,True
Dialysis.in.1.week,binary,Creatinine,binary,0.2601,0.041161061703432124,62,WEAK,Positive,True
Dialysis.in.1.week,binary,Urea,binary,0.2601,0.041161061703432124,62,WEAK,Positive,True
Dialysis.in.1.week,binary,GW.Stay.in.28.Days,continuous,-0.2599,0.04134443207566465,62,WEAK,Negative,True
SOFA,continuous,Cefoxitin,continuous,0.2598,0.04145379428837197,62,WEAK,Positive,True
BSI.CRO,binary,TLC,binary,0.2594,0.04178809323722372,62,WEAK,Positive,True
Chloramphenicol,continuous,Polymyxin.Colistin.Inclusion.T,binary,0.2593,0.04184139407725457,62,WEAK,Positive,True
Colistin,continuous,Levofloxacin,continuous,0.2593,0.0418782627590919,62,WEAK,Positive,True
Weight,continuous,Neither.Abx.E,ordinal,-0.2593,0.0418647359216187,62,WEAK,Negative,True
Ventilation,binary,Overall.Mortality,binary,0.2585,0.04245707042294119,62,WEAK,Positive,True
Urea,binary,Mortality.in.Hospital,binary,0.2585,0.042515535114176994,62,WEAK,Positive,True
Creatinine,binary,Mortality.in.Hospital,binary,0.2585,0.042515535114176994,62,WEAK,Positive,True
Chloramphenicol,continuous,Ceftazidime.Avibactam,binary,0.2583,0.04269665569153142,62,WEAK,Positive,True
Female,binary,P.C.only.E,ordinal,-0.2582,0.0427866241688024,62,WEAK,Negative,True
Male,binary,P.C.only.E,ordinal,0.2582,0.0427866241688024,62,WEAK,Positive,True
OXA48,binary,Ventilation,binary,0.2579,0.0429890450806261,62,WEAK,Positive,True
Ventilation,binary,Albumin,binary,0.2579,0.0429890450806261,62,WEAK,Positive,True
Ventilation,binary,Calcium,binary,0.2578,0.04305236378953149,62,WEAK,Positive,True
Hospitalization.in.past.6.Months,binary,Clinical.Improvement,continuous,0.2578,0.043053436791001334,62,WEAK,Positive,True
Z.A.only.T,ordinal,Trimethoprim.Sulfamethoxazole,continuous,0.2572,0.04356076067143491,62,WEAK,Positive,True
Chloramphenicol,continuous,Minocycline,continuous,0.257,0.043746535127882825,62,WEAK,Positive,True
Hospitalization.in.past.6.Months,binary,Lympho,binary,0.2568,0.043916434011873534,62,WEAK,Positive,True
Any.Viral.Infection,binary,Total.Protein,binary,0.2564,0.04422805825255735,62,WEAK,Positive,True
Female,binary,Hospitalization.in.past.6.Months,binary,-0.2562,0.04445722627949881,62,WEAK,Negative,True
Male,binary,Hospitalization.in.past.6.Months,binary,0.2562,0.04445722627949881,62,WEAK,Positive,True
OXA48,binary,Ceftazidime.Avibactam,binary,0.2559,0.04473544095867141,62,WEAK,Positive,True
OXA48,binary,Any.Viral.Infection,binary,0.2559,0.04473544095867141,62,WEAK,Positive,True
Hb,binary,Tigecycline,continuous,-0.2558,0.04478249458658329,62,WEAK,Negative,True
CKD,binary,Gentamicin,continuous,-0.2557,0.044890507877529656,62,WEAK,Negative,True
INR,binary,Gentamicin,continuous,0.2557,0.044890507877529656,62,WEAK,Positive,True
HAP.CRO,binary,Ventilation,binary,0.2555,0.045025413345833536,62,WEAK,Positive,True
UTI.CRO,binary,Mortality.in.Hospital,binary,0.2555,0.04503879520359085,62,WEAK,Positive,True
Past.CREPA.infection,continuous,Mortality.in.Hospital,binary,0.2554,0.04514175387764826,62,WEAK,Positive,True
Immunosuppressive.drugs.in.1.week,binary,Clinical.Improvement,continuous,-0.2554,0.045131993482490515,62,WEAK,Negative,True
SOFA,continuous,TLC,binary,0.255,0.04549270970500038,62,WEAK,Positive,True
Z.A.only.E,ordinal,P.C.only.T,ordinal,0.2549,0.043747536676505924,63,WEAK,Positive,True
HTN,binary,Mortality.post.28.Day.Discharge,binary,-0.2543,0.04611722304153667,62,WEAK,Negative,True
P.C.Z.A.E,ordinal,Levofloxacin,continuous,-0.254,0.0464030894867909,62,WEAK,Negative,True
P.C.Z.A.E,ordinal,Ceftazidime,continuous,-0.254,0.0464030894867909,62,WEAK,Negative,True
Hospitalization.in.past.6.Months,binary,P.C.only.E,ordinal,0.2539,0.04645098581242419,62,WEAK,Positive,True
Z.A.only.T,ordinal,Amikacin,continuous,0.2538,0.04655966463464176,62,WEAK,Positive,True
SGOT,binary,Neither.Abx.E,ordinal,0.2535,0.04676417944497795,62,WEAK,Positive,True
Any.Fungal.Infection,binary,Calcium,binary,0.253,0.049132367337903486,61,WEAK,Positive,True
Hb,binary,Ceftazidime.Avibactam,binary,-0.2527,0.04756458837384316,62,WEAK,Negative,True
Endoscopy.in.1.week,binary,Ceftazidime.Avibactam,binary,0.2527,0.04756458837384316,62,WEAK,Positive,True
Polymyxin.Colistin.Inclusion.T,binary,Mortality.post.28.Day.Discharge,binary,-0.2527,0.04756458837384316,62,WEAK,Negative,True
Ceftazidime.Avibactam,binary,Relapse.post.28.Day.Discharge,binary,0.2527,0.04756458837384316,62,WEAK,Positive,True
Ceftazidime.Avibactam,binary,Mortality.post.28.Day.Discharge,binary,0.2527,0.04756458837384316,62,WEAK,Positive,True
ANC,binary,Albumin,binary,0.2524,0.04778971931669794,62,WEAK,Positive,True
Surgery.in.last.3.Months,binary,Bil,binary,0.2522,0.04799111881161996,62,WEAK,Positive,True
ALP,binary,P.C.only.E,ordinal,-0.2521,0.04810823061675707,62,WEAK,Negative,True
Ceftazidime.Avibactam.T,binary,Clinical.Improvement,continuous,-0.2521,0.048043094706813665,62,WEAK,Negative,True
Ciprofloxacin,continuous,Tigecycline,continuous,0.252,0.048145092793792095,62,WEAK,Positive,True
Urinary.Catheter.in.6.Months,binary,Polymyxin.Colistin.Inclusion.T,binary,0.2517,0.04842906429967895,62,WEAK,Positive,True
Potassium,binary,Polymyxin.Colistin.Inclusion.T,binary,0.2517,0.04842906429967895,62,WEAK,Positive,True
Platelet,binary,Other.Illness.Leading.to.Hospitalization.post.28.Days.Discharge,binary,0.2517,0.04844420880894172,62,WEAK,Positive,True
Fosfomycin,continuous,Levofloxacin,continuous,0.2515,0.048623590475362216,62,WEAK,Positive,True
Fosfomycin,continuous,Ceftazidime,continuous,0.2515,0.048623590475362216,62,WEAK,Positive,True
HAP.CRO,binary,Magnesium,binary,-0.2515,0.048587406347452136,62,WEAK,Negative,True
Ventilation,binary,Mortality.in.ICU,binary,0.2509,0.04921702654512441,62,WEAK,Positive,True
P.C.only.E,ordinal,Mortality.in.ICU,binary,-0.2507,0.049346436068693725,62,WEAK,Negative,True
Z.A.invitro,binary,Mortality.in.ICU,binary,0.2507,0.049346436068693725,62,WEAK,Positive,True
Aztreonam,continuous,Colistin,continuous,0.2504,0.049628244413718846,62,WEAK,Positive,True
Fosfomycin,continuous,Cefoperazone.Sulbactam,continuous,0.2501,0.0499060386068133,62,WEAK,Positive,True
Height,continuous,Z.A.invitro,binary,0.2499,0.05014743487220947,62,WEAK,Positive,False
Ertapenem,continuous,Tigecycline,continuous,0.2495,0.05047094401171741,62,WEAK,Positive,False
ANC,binary,Ceftazidime.Avibactam.Aztreonam.T,binary,0.2495,0.05053384218581264,62,WEAK,Positive,False
P.C.in.vitro,binary,Overall.Mortality,binary,0.2494,0.05059666935411575,62,WEAK,Positive,False
Hemat.Malignancy,binary,Mortality.in.ICU,binary,0.2491,0.050890431184337066,62,WEAK,Positive,False
P.C.Z.A.E,ordinal,Amoxicillin.Clavulanic.Acid,continuous,-0.249,0.05098171271044999,62,WEAK,Negative,False
IAI.CRO,binary,Amoxicillin.Clavulanic.Acid,continuous,-0.249,0.05098171271044999,62,WEAK,Negative,False
P.C.Z.A.E,ordinal,Cefuroxime,continuous,-0.249,0.05098171271044999,62,WEAK,Negative,False
P.C.Z.A.E,ordinal,Cefoperazone.Sulbactam,continuous,-0.249,0.05098171271044999,62,WEAK,Negative,False
IAI.CRO,binary,Cefuroxime,continuous,-0.249,0.05098171271044999,62,WEAK,Negative,False
CV.Catheter.Now,binary,Total.Protein,binary,0.2486,0.05139532481464442,62,WEAK,Positive,False
SGOT,binary,GW.Stay.in.28.Days,continuous,-0.2486,0.05136624076383498,62,WEAK,Negative,False
Hemat.Malignancy,binary,Meropenem,continuous,-0.2486,0.05139532481464445,62,WEAK,Negative,False
Hemat.Malignancy,binary,Carbapenemase,binary,-0.2486,0.05139532481464445,62,WEAK,Negative,False
Hemat.Malignancy,binary,Cefepime,continuous,-0.2486,0.05139532481464445,62,WEAK,Negative,False
Hemat.Malignancy,binary,Piperacillin.Tazobactam,continuous,-0.2486,0.05139532481464445,62,WEAK,Negative,False
CKD,binary,Hemat.Malignancy,binary,0.2486,0.05139532481464442,62,WEAK,Positive,False
Hypothyroidism,binary,VAP.CRO,binary,0.2486,0.05139532481464445,62,WEAK,Positive,False
HTN,binary,Gentamicin,continuous,-0.2486,0.051384267405832774,62,WEAK,Negative,False
ABSSSI.CRO,binary,Hemat.Malignancy,binary,0.2486,0.05139532481464442,62,WEAK,Positive,False
Other.NCRO,binary,Total.Protein,binary,-0.2486,0.05139532481464442,62,WEAK,Negative,False
INR,binary,Total.Protein,binary,0.2486,0.05139532481464442,62,WEAK,Positive,False
Hemat.Malignancy,binary,Imipenem,continuous,-0.2486,0.05139532481464445,62,WEAK,Negative,False
Neutropenia,binary,Colistin,continuous,-0.2485,0.051444380392187836,62,WEAK,Negative,False
NDM,binary,Ceftazidime.Avibactam.Aztreonam.T,binary,0.2485,0.05142202931245972,62,WEAK,Positive,False
Ventilation,binary,Ceftazidime.Avibactam.Aztreonam.T,binary,0.2485,0.05142202931245972,62,WEAK,Positive,False
Bil,binary,Total.Hospital.Stay.in.28.Days,continuous,-0.2485,0.051478795833030534,62,WEAK,Negative,False
Female,binary,Urinary.Catheter.in.6.Months,binary,-0.2482,0.051798322789246516,62,WEAK,Negative,False
Male,binary,Urinary.Catheter.in.6.Months,binary,0.2482,0.051798322789246516,62,WEAK,Positive,False
SGOT,binary,Total.Hospital.Stay.in.28.Days,continuous,-0.2478,0.05219598312131196,62,WEAK,Negative,False
Inotropes,binary,ICU.Stay.in.28.Days,continuous,0.2477,0.05229681144936318,62,WEAK,Positive,False
Ceftazidime.Avibactam.Aztreonam.T,binary,ICU.Stay.in.28.Days,continuous,0.2476,0.05238885071500482,62,WEAK,Positive,False
Cefotaxime,continuous,Tigecycline,continuous,0.2471,0.05284360860308761,62,WEAK,Positive,False
Age,continuous,Calcium,binary,-0.2471,0.05287654649460381,62,WEAK,Negative,False
Cefoxitin,continuous,Tigecycline,continuous,0.2471,0.05284360860308761,62,WEAK,Positive,False
Past.CREPA.infection,continuous,P.C.Z.A.T,ordinal,-0.2471,0.052795820257099314,62,WEAK,Negative,False
P.C.only.T,ordinal,Gentamicin,continuous,-0.2468,0.05316017063274296,62,WEAK,Negative,False
Surgery.in.last.3.Months,binary,Hemat.Malignancy,binary,-0.2467,0.053283429193773005,62,WEAK,Negative,False
Albumin,binary,Minocycline,continuous,0.2466,0.05336654322608353,62,WEAK,Positive,False
Gentamicin,continuous,Trimethoprim.Sulfamethoxazole,continuous,0.2462,0.053757087267052736,62,WEAK,Positive,False
Endoscopy.in.1.week,binary,ALP,binary,0.2462,0.05375614798842102,62,WEAK,Positive,False
Calcium,binary,Ceftazidime,continuous,0.2461,0.05378937549934528,62,WEAK,Positive,False
Calcium,binary,Levofloxacin,continuous,0.2461,0.05378937549934528,62,WEAK,Positive,False
CV.Catheter.in.6.Months,binary,Past.CREPA.infection,continuous,0.2459,0.05406579972244502,62,WEAK,Positive,False
HAP.CRO,binary,Nitrofurantoin,continuous,-0.2457,0.054208693476018456,62,WEAK,Negative,False
NDM,binary,Mortality.in.ICU,binary,-0.2455,0.05441525635972447,62,WEAK,Negative,False
Total.Protein,binary,GW.Stay.in.28.Days,continuous,-0.2453,0.05467051829561325,62,WEAK,Negative,False
Weight,continuous,Ertapenem,continuous,0.2449,0.05502330606298775,62,WEAK,Positive,False
Ventilation,binary,Ceftazidime.Avibactam.T,binary,0.2446,0.055351744028100336,62,WEAK,Positive,False
Solid.Organ,binary,Overall.Mortality,binary,-0.2446,0.055351744028100336,62,WEAK,Negative,False
NDM,binary,ANC,binary,0.2446,0.055351744028100336,62,WEAK,Positive,False
Ventilation,binary,ANC,binary,0.2446,0.055351744028100336,62,WEAK,Positive,False
Inotropes,binary,Neither.Abx.T,ordinal,-0.2442,0.05582342425557654,62,WEAK,Negative,False
IAI.CRO,binary,Levofloxacin,continuous,-0.244,0.05599201388289461,62,WEAK,Negative,False
TLC,binary,Trimethoprim.Sulfamethoxazole,continuous,-0.2439,0.0560643346528317,62,WEAK,Negative,False
Height,continuous,Ceftazidime.Avibactam.Aztreonam.Synergy.T,continuous,0.2438,0.0561964088918031,62,WEAK,Positive,False
Neutropenia,binary,Lympho,binary,0.2435,0.05655390655825686,62,WEAK,Positive,False
Neutropenia,binary,TLC,binary,0.2435,0.05655390655825686,62,WEAK,Positive,False
ALP,binary,Ceftazidime.Avibactam.Aztreonam.T,binary,-0.2435,0.05649492391912871,62,WEAK,Negative,False
Inotropes,binary,Clinical.Improvement,continuous,-0.2434,0.056574287274907716,62,WEAK,Negative,False
Creatinine,binary,Magnesium,binary,0.2433,0.056670693905609165,62,WEAK,Positive,False
Age,continuous,Procalcitonin,binary,-0.2433,0.05676631919983896,62,WEAK,Negative,False
Weight,continuous,GW.Stay.in.28.Days,continuous,-0.2433,0.05669162169516054,62,WEAK,Negative,False
Age,continuous,Z.A.invitro,binary,0.2432,0.05679164847845613,62,WEAK,Positive,False
APACHEII,continuous,Overall.Mortality,binary,0.2426,0.05744633565973366,62,WEAK,Positive,False
COPD,binary,P.C.Z.A.T,ordinal,0.2418,0.058259957998641254,62,WEAK,Positive,False
Endoscopy.in.1.week,binary,P.C.Z.A.T,ordinal,0.2418,0.058259957998641254,62,WEAK,Positive,False
Endoscopy.in.1.week,binary,Aztreonam,continuous,-0.2417,0.05837155768116329,62,WEAK,Negative,False
Z.A.only.E,ordinal,GW.Stay.in.28.Days,continuous,0.2416,0.05846930565647873,62,WEAK,Positive,False
ICU.Stay.in.28.Days,continuous,Other.Illness.Leading.to.Hospitalization.post.28.Days.Discharge,binary,0.2413,0.0588577319851411,62,WEAK,Positive,False
APACHEII,continuous,Relapse.post.28.Day.Discharge,binary,-0.2409,0.05928707441836605,62,WEAK,Negative,False
UTI.CRO,binary,Polymyxin.Colistin.Inclusion.T,binary,-0.2408,0.05942376097166726,62,WEAK,Negative,False
CV.Catheter.in.6.Months,binary,Any.Viral.Infection,binary,0.2408,0.05942376097166726,62,WEAK,Positive,False
Urinary.Catheter.in.6.Months,binary,Tigecycline,continuous,-0.2406,0.059551235943840215,62,WEAK,Negative,False
Overall.organ.support,binary,Chloramphenicol,continuous,0.2404,0.05981432094075082,62,WEAK,Positive,False
Z.A.invitro,binary,Endoscopy.in.1.week,binary,-0.2401,0.06013446348636774,62,WEAK,Negative,False
CAP.CRO,binary,P.C.only.E,ordinal,0.2401,0.06013446348636777,62,WEAK,Positive,False
Lympho,binary,Z.A.only.E,ordinal,-0.2396,0.06075063807570151,62,WEAK,Negative,False
Overall.organ.support,binary,Total.Protein,binary,0.2395,0.06079749310241005,62,WEAK,Positive,False
OXA48,binary,Z.A.only.E,ordinal,-0.2394,0.060932345213003086,62,WEAK,Negative,False
Overall.organ.support,binary,Tigecycline,continuous,0.2394,0.06097087150251744,62,WEAK,Positive,False
Neither.Abx.T,ordinal,Other.Illness.Leading.to.Hospitalization.post.28.Days.Discharge,binary,0.2394,0.060932345213003086,62,WEAK,Positive,False
BSI.CRO,binary,Chloramphenicol,continuous,0.2393,0.061020590697572624,62,WEAK,Positive,False
Solid.Organ,binary,Sodium,binary,-0.2393,0.06106914323150153,62,WEAK,Negative,False
Height,continuous,Endoscopy.in.1.week,binary,-0.2387,0.06175988385345256,62,WEAK,Negative,False
Weight,continuous,Polymyxin.Colistin.Inclusion.T,binary,0.2386,0.061812262157265596,62,WEAK,Positive,False
Gentamicin,continuous,Polymyxin.Colistin.Inclusion.T,binary,-0.2381,0.0623846673995319,62,WEAK,Negative,False
SGPT,binary,Ceftazidime.Avibactam,binary,0.2381,0.062367408344372766,62,WEAK,Positive,False
ANC,binary,Cefoxitin,continuous,0.2378,0.06276921034552801,62,WEAK,Positive,False
ANC,binary,Cefotaxime,continuous,0.2378,0.06276921034552801,62,WEAK,Positive,False
VAP.CRO,binary,ANC,binary,-0.2371,0.06355162234484167,62,WEAK,Negative,False
CV.Catheter.Now,binary,ANC,binary,0.2371,0.06355162234484167,62,WEAK,Positive,False
Solid.Organ,binary,Piperacillin.Tazobactam,continuous,0.2371,0.06355162234484167,62,WEAK,Positive,False
Procalcitonin,binary,Ceftazidime.Avibactam,binary,-0.2371,0.06353294908720536,62,WEAK,Negative,False
CKD,binary,Solid.Organ,binary,-0.2371,0.06355162234484167,62,WEAK,Negative,False
Solid.Organ,binary,Imipenem,continuous,0.2371,0.06355162234484167,62,WEAK,Positive,False
ABSSSI.CRO,binary,Ceftazidime.Avibactam.T,binary,-0.2371,0.06355162234484167,62,WEAK,Negative,False
Solid.Organ,binary,Meropenem,continuous,0.2371,0.06355162234484167,62,WEAK,Positive,False
ABSSSI.CRO,binary,Solid.Organ,binary,-0.2371,0.06355162234484167,62,WEAK,Negative,False
Solid.Organ,binary,Cefepime,continuous,0.2371,0.06355162234484167,62,WEAK,Positive,False
Solid.Organ,binary,Carbapenemase,binary,0.2371,0.06355162234484167,62,WEAK,Positive,False
Surgery.in.last.3.Months,binary,Inotropes,binary,-0.237,0.06366612713467207,62,WEAK,Negative,False
Ceftazidime.Avibactam.Aztreonam.Synergy.T,continuous,Total.Hospital.Stay.in.28.Days,continuous,0.2368,0.06382876931343888,62,WEAK,Positive,False
NDM,binary,Z.A.invitro,binary,-0.2368,0.0638344183474845,62,WEAK,Negative,False
P.C.Z.A.T,ordinal,Ceftazidime.Avibactam.T,binary,0.2368,0.06383441834748457,62,WEAK,Positive,False
P.C.only.E,ordinal,Overall.Mortality,binary,-0.2368,0.06383441834748448,62,WEAK,Negative,False
OXA48,binary,Urinary.Catheter.in.6.Months,binary,0.2366,0.06413399184199951,62,WEAK,Positive,False
Urinary.Catheter.in.6.Months,binary,Neither.Abx.T,ordinal,-0.2366,0.0641339918419996,62,WEAK,Negative,False
Any.Viral.Infection,binary,Doxycycline,continuous,-0.2366,0.06404813381067773,62,WEAK,Negative,False
Cefepime,continuous,Fosfomycin,continuous,0.2365,0.06420103089108604,62,WEAK,Positive,False
Fosfomycin,continuous,Carbapenemase,binary,0.2365,0.06420103089108602,62,WEAK,Positive,False
Fosfomycin,continuous,Imipenem,continuous,0.2365,0.06420103089108602,62,WEAK,Positive,False
Fosfomycin,continuous,Meropenem,continuous,0.2365,0.06420103089108602,62,WEAK,Positive,False
Fosfomycin,continuous,Piperacillin.Tazobactam,continuous,0.2365,0.06420103089108602,62,WEAK,Positive,False
Immunosuppressive.drugs.in.1.week,binary,Mortality.in.ICU,binary,0.2362,0.06451330647790386,62,WEAK,Positive,False
TLC,binary,Procalcitonin,binary,0.2362,0.06451330647790386,62,WEAK,Positive,False
Lympho,binary,Ceftazidime.Avibactam.Aztreonam.T,binary,-0.236,0.06479746024051383,62,WEAK,Negative,False
Weight,continuous,HTN,binary,0.2355,0.0654384266326174,62,WEAK,Positive,False
Urea,binary,Z.A.only.E,ordinal,0.2354,0.06553385562906526,62,WEAK,Positive,False
Surgery.in.last.3.Months,binary,Z.A.only.E,ordinal,-0.2354,0.06553385562906526,62,WEAK,Negative,False
Ceftazidime.Avibactam.Aztreonam.T,binary,Ceftazidime.Avibactam.Aztreonam.Synergy.T,continuous,0.2352,0.06572100453008489,62,WEAK,Positive,False
Weight,continuous,IAI.CRO,binary,-0.2348,0.06617719818611488,62,WEAK,Negative,False
Dialysis.in.1.week,binary,SOFA,continuous,0.2345,0.06653921548255638,62,WEAK,Positive,False
UTI.CRO,binary,Neither.Abx.E,ordinal,0.2345,0.06652607574286185,62,WEAK,Positive,False
Immunosuppressive.drugs.in.1.week,binary,Ventilation,binary,0.2343,0.06682731904075956,62,WEAK,Positive,False
Ventilation,binary,TLC,binary,0.2343,0.06682731904075956,62,WEAK,Positive,False
Hospitalization.in.past.6.Months,binary,Ventilation,binary,-0.2342,0.06693605130796898,62,WEAK,Negative,False
Z.A.invitro,binary,Ceftazidime.Avibactam,binary,0.2342,0.06695439644636603,62,WEAK,Positive,False
Aztreonam,continuous,ICU.Stay.in.28.Days,continuous,-0.2342,0.06691120314950438,62,WEAK,Negative,False
Z.A.only.T,ordinal,Total.Hospital.Stay.in.28.Days,continuous,0.2341,0.06706256325222791,62,WEAK,Positive,False
Weight,continuous,ALP,binary,-0.234,0.06714937168617656,62,WEAK,Negative,False
Procalcitonin,binary,Z.A.only.T,ordinal,0.234,0.06722568480926577,62,WEAK,Positive,False
Amikacin,continuous,Overall.Mortality,binary,0.2337,0.06753814245010545,62,WEAK,Positive,False
Sodium,binary,Mortality.in.Hospital,binary,0.2336,0.06769181532100799,62,WEAK,Positive,False
Calcium,binary,P.C.Z.A.T,ordinal,0.2336,0.06769181532100799,62,WEAK,Positive,False
Hypothyroidism,binary,P.C.only.T,ordinal,0.2334,0.06784133147222922,62,WEAK,Positive,False
IAI.CRO,binary,Total.Protein,binary,-0.2334,0.06784133147222922,62,WEAK,Negative,False
Any.Fungal.Infection,binary,Colistin,continuous,0.2334,0.07028028161052333,61,WEAK,Positive,False
Dialysis.in.1.week,binary,Hemat.Malignancy,binary,0.2334,0.06784133147222922,62,WEAK,Positive,False
Total.Protein,binary,P.C.only.T,ordinal,-0.2334,0.06784133147222922,62,WEAK,Negative,False
Platelet,binary,GW.Stay.in.28.Days,continuous,0.2331,0.06824106543801098,62,WEAK,Positive,False
Inotropes,binary,Calcium,binary,0.2325,0.06902331174936566,62,WEAK,Positive,False
ALP,binary,Neither.Abx.E,ordinal,0.2323,0.06925098842859595,62,WEAK,Positive,False
Platelet,binary,SGPT,binary,0.2321,0.0694407863965226,62,WEAK,Positive,False
Immunosuppressive.drugs.in.1.week,binary,Overall.Mortality,binary,0.2321,0.06944078639652265,62,WEAK,Positive,False
APACHEII,continuous,ICU.Stay.in.28.Days,continuous,0.232,0.06967052535099037,62,WEAK,Positive,False
Solid.Organ,binary,Colistin,continuous,0.2316,0.07006010832076882,62,WEAK,Positive,False
Height,continuous,Urinary.Catheter.in.6.Months,binary,0.2315,0.0702153043649897,62,WEAK,Positive,False
BSI.CRO,binary,Neutropenia,binary,0.2314,0.07030195113397114,62,WEAK,Positive,False
Ceftazidime,continuous,Total.Hospital.Stay.in.28.Days,continuous,-0.2313,0.07048244714776555,62,WEAK,Negative,False
Any.Viral.Infection,binary,Any.Fungal.Infection,binary,0.2313,0.07291437038546941,61,WEAK,Positive,False
Male,binary,Mortality.post.28.Day.Discharge,binary,0.2307,0.07128966155438352,62,WEAK,Positive,False
Male,binary,Relapse.post.28.Day.Discharge,binary,0.2307,0.07128966155438352,62,WEAK,Positive,False
Female,binary,Relapse.post.28.Day.Discharge,binary,-0.2307,0.07128966155438352,62,WEAK,Negative,False
Female,binary,Mortality.post.28.Day.Discharge,binary,-0.2307,0.07128966155438352,62,WEAK,Negative,False
BSI.CRO,binary,Ceftazidime.Avibactam.T,binary,0.2304,0.07167353236207541,62,WEAK,Positive,False
Overall.organ.support,binary,Solid.Organ,binary,-0.2304,0.07167353236207541,62,WEAK,Negative,False
Urea,binary,Levofloxacin,continuous,0.2297,0.07249842269556504,62,WEAK,Positive,False
Urea,binary,Cefuroxime,continuous,0.2297,0.07245897968596145,62,WEAK,Positive,False
Urea,binary,Amoxicillin.Clavulanic.Acid,continuous,0.2297,0.07245897968596145,62,WEAK,Positive,False
Bil,binary,Ceftazidime,continuous,-0.2297,0.07249842269556504,62,WEAK,Negative,False
Bil,binary,Levofloxacin,continuous,-0.2297,0.07249842269556504,62,WEAK,Negative,False
Weight,continuous,Amoxicillin.Clavulanic.Acid,continuous,0.2296,0.07257234510699245,62,WEAK,Positive,False
Weight,continuous,Cefuroxime,continuous,0.2296,0.07257234510699245,62,WEAK,Positive,False
NDM,binary,OXA48,binary,-0.2296,0.07262969846221119,62,WEAK,Negative,False
Past.CREPA.infection,continuous,Ceftazidime.Avibactam.Aztreonam.T,binary,-0.2296,0.07259081669775685,62,WEAK,Negative,False
Ventilation,binary,GW.Stay.in.28.Days,continuous,-0.2294,0.07290481931590412,62,WEAK,Negative,False
Ventilation,binary,Globulin,binary,-0.2293,0.07306339552901257,62,WEAK,Negative,False
Age,continuous,SGPT,binary,-0.229,0.07337164603356738,62,WEAK,Negative,False
HTN,binary,Dialysis.in.1.week,binary,0.2289,0.07353598720564493,62,WEAK,Positive,False
HTN,binary,P.C.only.T,ordinal,0.2289,0.07353598720564493,62,WEAK,Positive,False
HAP.CRO,binary,Other.CRO,binary,-0.2282,0.0744659660262073,62,WEAK,Negative,False
APACHEII,continuous,Ceftazidime.Avibactam.Aztreonam.Synergy.T,continuous,0.2281,0.07454919934463616,62,WEAK,Positive,False
Potassium,binary,Doxycycline,continuous,0.228,0.07468892549935624,62,WEAK,Positive,False
Other.CRO,binary,P.C.Z.A.E,ordinal,0.228,0.07471568521842903,62,WEAK,Positive,False
Urinary.Catheter.in.6.Months,binary,Doxycycline,continuous,0.228,0.07468892549935624,62,WEAK,Positive,False
Hypothyroidism,binary,Chloramphenicol,continuous,0.2279,0.07486421333119013,62,WEAK,Positive,False
Hypothyroidism,binary,Globulin,binary,0.2278,0.07500263914625413,62,WEAK,Positive,False
Nitrofurantoin,continuous,Clinical.Improvement,continuous,-0.2278,0.07502386533768038,62,WEAK,Negative,False
Minocycline,continuous,Carbapenemase,binary,0.2276,0.07525806698233749,62,WEAK,Positive,False
Meropenem,continuous,Minocycline,continuous,0.2276,0.07525806698233749,62,WEAK,Positive,False
Imipenem,continuous,Minocycline,continuous,0.2276,0.07525806698233749,62,WEAK,Positive,False
Cefepime,continuous,Minocycline,continuous,0.2276,0.07525806698233749,62,WEAK,Positive,False
Minocycline,continuous,Piperacillin.Tazobactam,continuous,0.2276,0.07525806698233749,62,WEAK,Positive,False
BSI.CRO,binary,Nitrofurantoin,continuous,-0.2266,0.07656805339689986,62,WEAK,Negative,False
Inotropes,binary,Ceftazidime.Avibactam.Aztreonam.T,binary,0.2266,0.07660882648323492,62,WEAK,Positive,False
Ventilation,binary,Minocycline,continuous,0.2266,0.07658088398631432,62,WEAK,Positive,False
HAP.CRO,binary,Chloramphenicol,continuous,0.2265,0.0767035241897071,62,WEAK,Positive,False
Endoscopy.in.1.week,binary,Amikacin,continuous,-0.2264,0.07679582080633561,62,WEAK,Negative,False
SGPT,binary,Neither.Abx.E,ordinal,0.2262,0.07705885417155721,62,WEAK,Positive,False
Z.A.only.E,ordinal,Trimethoprim.Sulfamethoxazole,continuous,-0.226,0.07735695770952804,62,WEAK,Negative,False
P.C.in.vitro,binary,Minocycline,continuous,0.226,0.07730027655191143,62,WEAK,Positive,False
Z.A.invitro,binary,Dialysis.in.1.week,binary,0.2259,0.07752119630773181,62,WEAK,Positive,False
Immunosuppressive.drugs.in.1.week,binary,Doxycycline,continuous,-0.2257,0.07769462219076988,62,WEAK,Negative,False
Age,continuous,Neutropenia,binary,-0.2254,0.07822709365649966,62,WEAK,Negative,False
ALP,binary,Ceftazidime.Avibactam.Aztreonam.Synergy.T,continuous,-0.225,0.0787726461755321,62,WEAK,Negative,False
Trimethoprim.Sulfamethoxazole,continuous,Mortality.in.ICU,binary,0.225,0.07873058118302886,62,WEAK,Positive,False
Chloramphenicol,continuous,Total.Hospital.Stay.in.28.Days,continuous,-0.2248,0.07894562710569862,62,WEAK,Negative,False
DM,binary,P.C.Z.A.T,ordinal,0.2247,0.07912233412194497,62,WEAK,Positive,False
Surgery.in.last.3.Months,binary,Trimethoprim.Sulfamethoxazole,continuous,0.2246,0.07925828479662253,62,WEAK,Positive,False
Ceftazidime.Avibactam.Aztreonam.Synergy.T,continuous,ICU.Stay.in.28.Days,continuous,0.2246,0.07923859993726814,62,WEAK,Positive,False
Ciprofloxacin,continuous,Trimethoprim.Sulfamethoxazole,continuous,0.2245,0.07938439934146056,62,WEAK,Positive,False
Ceftazidime.Avibactam.T,binary,Overall.Mortality,binary,0.2244,0.07947938257914137,62,WEAK,Positive,False
Ventilation,binary,Solid.Organ,binary,-0.2244,0.07947938257914137,62,WEAK,Negative,False
HTN,binary,Creatinine,binary,-0.2244,0.07948732783006741,62,WEAK,Negative,False
Bil,binary,SGPT,binary,0.2243,0.07969162201343294,62,WEAK,Positive,False
SGOT,binary,Ceftazidime.Avibactam.T,binary,-0.2241,0.07992699355003414,62,WEAK,Negative,False
HTN,binary,Polymyxin.Colistin.Inclusion.T,binary,0.2236,0.08067701500730975,62,WEAK,Positive,False
SOFA,continuous,Calcium,binary,0.2235,0.08073099863717663,62,WEAK,Positive,False
HAP.CRO,binary,Procalcitonin,binary,-0.2234,0.0809178746862812,62,WEAK,Negative,False
Platelet,binary,Relapse.post.28.Day.Discharge,binary,0.2232,0.0812274151680082,62,WEAK,Positive,False
Endoscopy.in.1.week,binary,Overall.Mortality,binary,-0.2232,0.0812274151680082,62,WEAK,Negative,False
Platelet,binary,Mortality.post.28.Day.Discharge,binary,0.2232,0.0812274151680082,62,WEAK,Positive,False
Weight,continuous,Neither.Abx.T,ordinal,-0.2232,0.08114064501881828,62,WEAK,Negative,False
Cefoxitin,continuous,Trimethoprim.Sulfamethoxazole,continuous,0.223,0.08140989214750544,62,WEAK,Positive,False
TLC,binary,SGOT,binary,0.2229,0.08167549120806879,62,WEAK,Positive,False
Immunosuppressive.drugs.in.1.week,binary,Total.Protein,binary,0.2228,0.08180055892326196,62,WEAK,Positive,False
UTI.CRO,binary,Past.CREPA.infection,continuous,0.2221,0.08277342795989674,62,WEAK,Positive,False
Female,binary,Ceftazidime.Avibactam.Aztreonam.Synergy.T,continuous,-0.222,0.08294376206379195,62,WEAK,Negative,False
Male,binary,Ceftazidime.Avibactam.Aztreonam.Synergy.T,continuous,0.222,0.08294376206379195,62,WEAK,Positive,False
Creatinine,binary,Procalcitonin,binary,0.2217,0.08331192899149992,62,WEAK,Positive,False
NDM,binary,Colistin,continuous,-0.2214,0.08369643924134015,62,WEAK,Negative,False
SOFA,continuous,Procalcitonin,binary,0.2214,0.08376174568813681,62,WEAK,Positive,False
Colistin,continuous,Overall.Mortality,binary,0.2214,0.08369643924134015,62,WEAK,Positive,False
Past.CREPA.infection,continuous,P.C.only.T,ordinal,0.2214,0.08378761162368652,62,WEAK,Positive,False
CV.Catheter.in.6.Months,binary,P.C.only.E,ordinal,0.2214,0.083711846980448,62,WEAK,Positive,False
Amikacin,continuous,Colistin,continuous,0.2214,0.08375658905469145,62,WEAK,Positive,False
Ertapenem,continuous,Trimethoprim.Sulfamethoxazole,continuous,0.2212,0.0840481992573692,62,WEAK,Positive,False
Any.Fungal.Infection,binary,Hb,binary,0.2208,0.0873309766739931,61,WEAK,Positive,False
Male,binary,BSI.CRO,binary,0.2206,0.08485483159457731,62,WEAK,Positive,False
Female,binary,BSI.CRO,binary,-0.2206,0.08485483159457731,62,WEAK,Negative,False
Solid.Organ,binary,Clinical.Improvement,continuous,0.2205,0.08509002903971573,62,WEAK,Positive,False
SOFA,continuous,Creatinine,binary,0.2205,0.08503113456802534,62,WEAK,Positive,False
Age,continuous,Endoscopy.in.1.week,binary,-0.2204,0.0852043878461475,62,WEAK,Negative,False
NDM,binary,Z.A.only.T,ordinal,0.2204,0.0852320573415651,62,WEAK,Positive,False
Male,binary,Colistin,continuous,-0.2204,0.08522107474159255,62,WEAK,Negative,False
Female,binary,Colistin,continuous,0.2204,0.08522107474159255,62,WEAK,Positive,False
Trimethoprim.Sulfamethoxazole,continuous,Ceftazidime.Avibactam.Aztreonam.Synergy.T,continuous,0.2197,0.0862220871882613,62,WEAK,Positive,False
Chloramphenicol,continuous,Mortality.in.Hospital,binary,-0.2197,0.08619318223593488,62,WEAK,Negative,False
DM,binary,Z.A.only.E,ordinal,-0.2196,0.08628361401863165,62,WEAK,Negative,False
Z.A.only.T,ordinal,Other.Illness.Leading.to.Hospitalization.post.28.Days.Discharge,binary,-0.2196,0.08628361401863165,62,WEAK,Negative,False
Hemat.Malignancy,binary,Colistin,continuous,-0.2196,0.08633353504360194,62,WEAK,Negative,False
Age,continuous,Bil,binary,-0.2195,0.08645210299426971,62,WEAK,Negative,False
Weight,continuous,P.C.in.vitro,binary,-0.2194,0.08663388401544375,62,WEAK,Negative,False
Urinary.Catheter.in.6.Months,binary,Neither.Abx.E,ordinal,-0.2193,0.08683582420536329,62,WEAK,Negative,False
Other.CRO,binary,Urinary.Catheter.in.6.Months,binary,-0.2193,0.08683582420536323,62,WEAK,Negative,False
SOFA,continuous,Ceftazidime.Avibactam.Aztreonam.Synergy.T,continuous,0.2189,0.08738313781429353,62,WEAK,Positive,False
Overall.organ.support,binary,Trimethoprim.Sulfamethoxazole,continuous,-0.2188,0.08758969905206862,62,WEAK,Negative,False
Neither.Abx.E,ordinal,Ceftazidime,continuous,-0.2186,0.08778191860255499,62,WEAK,Negative,False
P.C.Z.A.E,ordinal,Ceftazidime.Avibactam.Aztreonam.Synergy.T,continuous,0.2185,0.08793882194224806,62,WEAK,Positive,False
Weight,continuous,Meropenem,continuous,0.2183,0.08826741670525115,62,WEAK,Positive,False
TLC,binary,Neither.Abx.T,ordinal,0.2183,0.08827081845304648,62,WEAK,Positive,False
Weight,continuous,Carbapenemase,binary,0.2183,0.08826741670525115,62,WEAK,Positive,False
Weight,continuous,Imipenem,continuous,0.2183,0.08826741670525115,62,WEAK,Positive,False
Weight,continuous,Cefepime,continuous,0.2183,0.08826741670525115,62,WEAK,Positive,False
HTN,binary,Cefotaxime,continuous,0.2183,0.08823034864886534,62,WEAK,Positive,False
Weight,continuous,Piperacillin.Tazobactam,continuous,0.2183,0.08826741670525115,62,WEAK,Positive,False
Neutropenia,binary,Aztreonam,continuous,-0.2181,0.0885698887255007,62,WEAK,Negative,False
Neutropenia,binary,Ciprofloxacin,continuous,-0.2181,0.08859963441322916,62,WEAK,Negative,False
Inotropes,binary,Other.Illness.Leading.to.Hospitalization.post.28.Days.Discharge,binary,-0.2177,0.08911841017707597,62,WEAK,Negative,False
P.C.only.T,ordinal,Polymyxin.Colistin.Inclusion.T,binary,0.2176,0.08935691838958633,62,WEAK,Positive,False
P.C.Z.A.E,ordinal,Polymyxin.Colistin.Inclusion.T,binary,0.2176,0.08935691838958633,62,WEAK,Positive,False
IAI.CRO,binary,Any.Viral.Infection,binary,-0.2176,0.08935691838958633,62,WEAK,Negative,False
Weight,continuous,Fosfomycin,continuous,0.2175,0.0895041934644335,62,WEAK,Positive,False
Doxycycline,continuous,GW.Stay.in.28.Days,continuous,0.2175,0.08952959029425815,62,WEAK,Positive,False
OXA48,binary,Calcium,binary,0.2173,0.08973702742125739,62,WEAK,Positive,False
OXA48,binary,Sodium,binary,0.2173,0.08973702742125739,62,WEAK,Positive,False
UTI.CRO,binary,Ceftazidime.Avibactam,binary,-0.2171,0.09003764162103764,62,WEAK,Negative,False
CV.Catheter.Now,binary,Overall.organ.support,binary,0.2171,0.09009139748358869,62,WEAK,Positive,False
BSI.CRO,binary,Other.NCRO,binary,0.2171,0.09009139748358869,62,WEAK,Positive,False
BSI.CRO,binary,CV.Catheter.Now,binary,-0.2171,0.09009139748358869,62,WEAK,Negative,False
KPC,binary,Overall.organ.support,binary,-0.2171,0.09009139748358869,62,WEAK,Negative,False
Other.NCRO,binary,Overall.organ.support,binary,-0.2171,0.09009139748358869,62,WEAK,Negative,False
Any.Fungal.Infection,binary,ANC,binary,0.217,0.092970315918468,61,WEAK,Positive,False
P.C.Z.A.T,ordinal,Minocycline,continuous,0.2169,0.09031871603250798,62,WEAK,Positive,False
DM,binary,COPD,binary,0.2169,0.09040519226456403,62,WEAK,Positive,False
Procalcitonin,binary,GW.Stay.in.28.Days,continuous,0.2166,0.09081131503420523,62,WEAK,Positive,False
Neither.Abx.E,ordinal,Fosfomycin,continuous,-0.2165,0.09095189942347699,62,WEAK,Negative,False
Hemat.Malignancy,binary,Sodium,binary,0.2164,0.0911948886868396,62,WEAK,Positive,False
Hemat.Malignancy,binary,Globulin,binary,-0.2163,0.09129220494334604,62,WEAK,Negative,False
Neutropenia,binary,Globulin,binary,-0.2163,0.09129853475409551,62,WEAK,Negative,False
Z.A.only.E,ordinal,ICU.Stay.in.28.Days,continuous,-0.2163,0.0912662475125574,62,WEAK,Negative,False
Immunosuppressive.drugs.in.1.week,binary,Relapse.post.28.Day.Discharge,binary,0.2159,0.09197430540550505,62,WEAK,Positive,False
COPD,binary,SGPT,binary,-0.2159,0.0919743054055051,62,WEAK,Negative,False
BSI.CRO,binary,Potassium,binary,0.2159,0.0919281204799579,62,WEAK,Positive,False
Lympho,binary,Relapse.post.28.Day.Discharge,binary,0.2159,0.09197430540550505,62,WEAK,Positive,False
Potassium,binary,Clinical.Improvement,continuous,0.2158,0.09213117332752517,62,WEAK,Positive,False
APACHEII,continuous,P.C.Z.A.E,ordinal,0.2154,0.09262045679714731,62,WEAK,Positive,False
SGOT,binary,Mortality.in.ICU,binary,0.2154,0.0927425169155272,62,WEAK,Positive,False
P.C.only.T,ordinal,Clinical.Improvement,continuous,0.2153,0.09281592835706913,62,WEAK,Positive,False
Past.CREPA.infection,continuous,Immunosuppressive.drugs.in.1.week,binary,-0.215,0.09339205752296004,62,WEAK,Negative,False
Any.Viral.Infection,binary,Overall.Mortality,binary,0.215,0.09334119862297202,62,WEAK,Positive,False
DM,binary,TLC,binary,-0.215,0.09327892928235589,62,WEAK,Negative,False
SOFA,continuous,ICU.Stay.in.28.Days,continuous,0.2149,0.09344961536125788,62,WEAK,Positive,False
Platelet,binary,Cefoperazone.Sulbactam,continuous,0.2148,0.09357689184242705,62,WEAK,Positive,False
Amikacin,continuous,Polymyxin.Colistin.Inclusion.T,binary,-0.2148,0.09359443178340372,62,WEAK,Negative,False
HAP.CRO,binary,Overall.organ.support,binary,0.2148,0.09362453784501461,62,WEAK,Positive,False
Mortality.in.ICU,binary,Mortality.in.Hospital,binary,-0.2148,0.09357689184242705,62,WEAK,Negative,False
Dialysis.in.1.week,binary,Solid.Organ,binary,-0.2147,0.09385401151800167,62,WEAK,Negative,False
IAI.CRO,binary,ANC,binary,-0.2147,0.09385401151800167,62,WEAK,Negative,False
Inotropes,binary,SOFA,continuous,0.2139,0.09507666316791502,62,WEAK,Positive,False
Neutropenia,binary,Ertapenem,continuous,-0.2137,0.09543481724162543,62,WEAK,Negative,False
Past.CREPA.infection,continuous,Ventilation,binary,-0.2137,0.0953859917298773,62,WEAK,Negative,False
DM,binary,GW.Stay.in.28.Days,continuous,-0.2135,0.09569444450470269,62,WEAK,Negative,False
Height,continuous,P.C.in.vitro,binary,-0.2134,0.09590065354912276,62,WEAK,Negative,False
IAI.CRO,binary,Calcium,binary,-0.2133,0.09595606792402896,62,WEAK,Negative,False
Dialysis.in.1.week,binary,Magnesium,binary,0.2133,0.09595606792402896,62,WEAK,Positive,False
OXA48,binary,Overall.organ.support,binary,0.2128,0.09677743622143455,62,WEAK,Positive,False
Inotropes,binary,Hemat.Malignancy,binary,0.2127,0.09701521440475444,62,WEAK,Positive,False
Surgery.in.last.3.Months,binary,Overall.organ.support,binary,-0.2124,0.09747673429459154,62,WEAK,Negative,False
Ceftazidime,continuous,ICU.Stay.in.28.Days,continuous,-0.2124,0.09749534101730516,62,WEAK,Negative,False
Height,continuous,P.C.only.E,ordinal,0.2123,0.09768180789723738,62,WEAK,Positive,False
Ventilation,binary,Chloramphenicol,continuous,0.2122,0.09774601455636923,62,WEAK,Positive,False
P.C.Z.A.T,ordinal,Z.A.only.T,ordinal,-0.2117,0.0957226781031383,63,WEAK,Negative,False
Sodium,binary,Colistin,continuous,-0.2115,0.09890083716865516,62,WEAK,Negative,False
Height,continuous,VAP.CRO,binary,-0.2112,0.09934479261237686,62,WEAK,Negative,False
Immunosuppressive.drugs.in.1.week,binary,GW.Stay.in.28.Days,continuous,-0.211,0.09964457196274584,62,WEAK,Negative,False
Any.Fungal.Infection,binary,Total.Hospital.Stay.in.28.Days,continuous,0.2106,0.10328323273155923,61,WEAK,Positive,False
Overall.organ.support,binary,Ceftazidime.Avibactam.T,binary,0.2104,0.10063889001128654,62,WEAK,Positive,False
Urinary.Catheter.in.6.Months,binary,Ventilation,binary,-0.2104,0.10078872666744376,62,WEAK,Negative,False
BSI.CRO,binary,Neither.Abx.E,ordinal,-0.2104,0.10071059873687965,62,WEAK,Negative,False
BSI.CRO,binary,Other.CRO,binary,-0.2104,0.10071059873687965,62,WEAK,Negative,False
BSI.CRO,binary,Solid.Organ,binary,-0.2104,0.10063889001128654,62,WEAK,Negative,False
Trimethoprim.Sulfamethoxazole,continuous,GW.Stay.in.28.Days,continuous,-0.2104,0.1007622049268104,62,WEAK,Negative,False
Cefoperazone.Sulbactam,continuous,Nitrofurantoin,continuous,-0.2104,0.1006569317186781,62,WEAK,Negative,False
Weight,continuous,Cefotaxime,continuous,0.2101,0.10121605216519648,62,WEAK,Positive,False
Height,continuous,Neither.Abx.E,ordinal,-0.2095,0.10223331968196604,62,WEAK,Negative,False
P.C.Z.A.E,ordinal,Ceftazidime.Avibactam.Aztreonam.T,binary,0.2094,0.10244805493235659,62,WEAK,Positive,False
Magnesium,binary,P.C.only.E,ordinal,0.2094,0.10244805493235659,62,WEAK,Positive,False
Z.A.invitro,binary,Sodium,binary,0.2094,0.10244805493235645,62,WEAK,Positive,False
IAI.CRO,binary,HAP.CRO,binary,-0.2094,0.10244805493235659,62,WEAK,Negative,False
Colistin,continuous,Mortality.in.Hospital,binary,0.2093,0.10253108432791665,62,WEAK,Positive,False
Neutropenia,binary,Cefoxitin,continuous,-0.2093,0.10261207805463483,62,WEAK,Negative,False
Neutropenia,binary,Cefotaxime,continuous,-0.2093,0.10261207805463483,62,WEAK,Negative,False
Age,continuous,CV.Catheter.in.6.Months,binary,-0.209,0.10297332138792008,62,WEAK,Negative,False
COPD,binary,Bil,binary,-0.2087,0.1035521973849744,62,WEAK,Negative,False
COPD,binary,Surgery.in.last.3.Months,binary,-0.2087,0.1035521973849744,62,WEAK,Negative,False
Surgery.in.last.3.Months,binary,Hb,binary,0.2087,0.10355219738497441,62,WEAK,Positive,False
KPC,binary,ICU.Stay.in.28.Days,continuous,-0.2086,0.10369627258588661,62,WEAK,Negative,False
Urinary.Catheter.in.6.Months,binary,Nitrofurantoin,continuous,0.2084,0.10413361810101389,62,WEAK,Positive,False
Urinary.Catheter.in.6.Months,binary,Cefepime,continuous,-0.2083,0.10421409236698347,62,WEAK,Negative,False
Globulin,binary,Piperacillin.Tazobactam,continuous,0.2083,0.10421409236698347,62,WEAK,Positive,False
Other.NCRO,binary,Potassium,binary,0.2083,0.10421409236698347,62,WEAK,Positive,False
CV.Catheter.Now,binary,Globulin,binary,0.2083,0.10421409236698347,62,WEAK,Positive,False
Urinary.Catheter.in.6.Months,binary,Carbapenemase,binary,-0.2083,0.10421409236698347,62,WEAK,Negative,False
CV.Catheter.Now,binary,Potassium,binary,-0.2083,0.10421409236698347,62,WEAK,Negative,False
Urinary.Catheter.in.6.Months,binary,Piperacillin.Tazobactam,continuous,-0.2083,0.10421409236698347,62,WEAK,Negative,False
Urinary.Catheter.in.6.Months,binary,Imipenem,continuous,-0.2083,0.10421409236698347,62,WEAK,Negative,False
Globulin,binary,Carbapenemase,binary,0.2083,0.10421409236698347,62,WEAK,Positive,False
ABSSSI.CRO,binary,Globulin,binary,-0.2083,0.10421409236698347,62,WEAK,Negative,False
ABSSSI.CRO,binary,Urinary.Catheter.in.6.Months,binary,0.2083,0.10421409236698347,62,WEAK,Positive,False
Globulin,binary,Meropenem,continuous,0.2083,0.10421409236698347,62,WEAK,Positive,False
Urinary.Catheter.in.6.Months,binary,Meropenem,continuous,-0.2083,0.10421409236698347,62,WEAK,Negative,False
Other.NCRO,binary,Globulin,binary,-0.2083,0.10421409236698347,62,WEAK,Negative,False
Globulin,binary,Cefepime,continuous,0.2083,0.10421409236698347,62,WEAK,Positive,False
Globulin,binary,Imipenem,continuous,0.2083,0.10421409236698347,62,WEAK,Positive,False
Solid.Organ,binary,TLC,binary,-0.208,0.10472722973810623,62,WEAK,Negative,False
Lympho,binary,Ceftazidime.Avibactam.T,binary,-0.208,0.1047272297381063,62,WEAK,Negative,False
ANC,binary,Lympho,binary,-0.208,0.10472722973810623,62,WEAK,Negative,False
Inotropes,binary,Cefuroxime,continuous,0.2079,0.10496998466967561,62,WEAK,Positive,False
OXA48,binary,Solid.Organ,binary,-0.2079,0.10496998466967561,62,WEAK,Negative,False
Solid.Organ,binary,Albumin,binary,-0.2079,0.10496998466967561,62,WEAK,Negative,False
Inotropes,binary,Amoxicillin.Clavulanic.Acid,continuous,0.2079,0.10496998466967561,62,WEAK,Positive,False
OXA48,binary,ANC,binary,-0.2079,0.10496998466967561,62,WEAK,Negative,False
Doxycycline,continuous,Overall.Mortality,binary,-0.2078,0.10509897910858855,62,WEAK,Negative,False
Total.Protein,binary,Minocycline,continuous,0.2078,0.10517317423950044,62,WEAK,Positive,False
Inotropes,binary,Ceftazidime,continuous,0.2078,0.10501774831850928,62,WEAK,Positive,False
Inotropes,binary,Levofloxacin,continuous,0.2078,0.10501774831850928,62,WEAK,Positive,False
NDM,binary,Doxycycline,continuous,0.2078,0.10509897910858855,62,WEAK,Positive,False
Age,continuous,Imipenem,continuous,0.2077,0.10519710672727231,62,WEAK,Positive,False
Age,continuous,Cefepime,continuous,0.2077,0.10519710672727231,62,WEAK,Positive,False
Age,continuous,Meropenem,continuous,0.2077,0.10519710672727231,62,WEAK,Positive,False
Age,continuous,Piperacillin.Tazobactam,continuous,0.2077,0.10519710672727231,62,WEAK,Positive,False
Age,continuous,Carbapenemase,binary,0.2077,0.10519710672727231,62,WEAK,Positive,False
Z.A.invitro,binary,ANC,binary,-0.2076,0.10537228232241344,62,WEAK,Negative,False
Neither.Abx.E,ordinal,Doxycycline,continuous,0.2074,0.10584733042206905,62,WEAK,Positive,False
Height,continuous,Sodium,binary,0.2074,0.10582260431551462,62,WEAK,Positive,False
NDM,binary,ALP,binary,-0.2071,0.10630726314655929,62,WEAK,Negative,False
Age,continuous,DM,binary,0.2065,0.10730424400212363,62,WEAK,Positive,False
Immunosuppressive.drugs.in.1.week,binary,P.C.only.E,ordinal,-0.2065,0.1073810881103551,62,WEAK,Negative,False
Lympho,binary,SGPT,binary,0.2065,0.10735564949093004,62,WEAK,Positive,False
DM,binary,BSI.CRO,binary,-0.2063,0.10773955844047949,62,WEAK,Negative,False
Minocycline,continuous,Mortality.post.28.Day.Discharge,binary,0.2062,0.10792704235339322,62,WEAK,Positive,False
Hb,binary,SGOT,binary,-0.2061,0.1081045436238514,62,WEAK,Negative,False
Endoscopy.in.1.week,binary,SGOT,binary,0.2061,0.1081045436238514,62,WEAK,Positive,False
Weight,continuous,Ciprofloxacin,continuous,0.2061,0.10804566812885977,62,WEAK,Positive,False
SGOT,binary,Relapse.post.28.Day.Discharge,binary,0.2061,0.1081045436238514,62,WEAK,Positive,False
APACHEII,continuous,Mortality.post.28.Day.Discharge,binary,-0.206,0.10828654722331496,62,WEAK,Negative,False
Age,continuous,Albumin,binary,-0.2059,0.10834287037407377,62,WEAK,Negative,False
Female,binary,Any.Fungal.Infection,binary,-0.2057,0.1116920899065735,61,WEAK,Negative,False
Male,binary,Any.Fungal.Infection,binary,0.2057,0.1116920899065735,61,WEAK,Positive,False
Any.Viral.Infection,binary,Mortality.in.ICU,binary,0.2057,0.1087791536902441,62,WEAK,Positive,False
Urea,binary,Overall.Mortality,binary,0.2056,0.10882707891854074,62,WEAK,Positive,False
Surgery.in.last.3.Months,binary,Overall.Mortality,binary,-0.2056,0.10882707891854074,62,WEAK,Negative,False
Weight,continuous,CAP.CRO,binary,0.2055,0.1090254954016411,62,WEAK,Positive,False
Age,continuous,Ertapenem,continuous,0.2053,0.10951218088879544,62,WEAK,Positive,False
Other.CRO,binary,Trimethoprim.Sulfamethoxazole,continuous,-0.2052,0.1095262742511453,62,WEAK,Negative,False
Chloramphenicol,continuous,Colistin,continuous,-0.2051,0.10987082243222862,62,WEAK,Negative,False
Hospitalization.in.past.6.Months,binary,Neither.Abx.T,ordinal,-0.205,0.11001360660940258,62,WEAK,Negative,False
ANC,binary,P.C.only.E,ordinal,-0.205,0.11001360660940264,62,WEAK,Negative,False
Height,continuous,Bil,binary,-0.2046,0.11062630033004138,62,WEAK,Negative,False
CV.Catheter.Now,binary,GW.Stay.in.28.Days,continuous,-0.2045,0.1107708619646851,62,WEAK,Negative,False
Z.A.invitro,binary,Other.Illness.Leading.to.Hospitalization.post.28.Days.Discharge,binary,0.2044,0.11106887316121143,62,WEAK,Positive,False
P.C.only.E,ordinal,Other.Illness.Leading.to.Hospitalization.post.28.Days.Discharge,binary,-0.2044,0.11106887316121143,62,WEAK,Negative,False
CV.Catheter.in.6.Months,binary,Platelet,binary,-0.2042,0.11131738643775192,62,WEAK,Negative,False
APACHEII,continuous,Cefoxitin,continuous,0.2042,0.11137030691123596,62,WEAK,Positive,False
ALP,binary,Mortality.in.Hospital,binary,-0.2041,0.11151727172688926,62,WEAK,Negative,False
Height,continuous,INR,binary,0.2041,0.11162229197308034,62,WEAK,Positive,False
Weight,continuous,Cefoxitin,continuous,0.2038,0.11211899141822805,62,WEAK,Positive,False
CAP.CRO,binary,Procalcitonin,binary,0.2037,0.11228539834731457,62,WEAK,Positive,False
COPD,binary,Mortality.in.ICU,binary,0.2037,0.11228539834731457,62,WEAK,Positive,False
HAP.CRO,binary,Inotropes,binary,0.2034,0.1127586797812995,62,WEAK,Positive,False
Trimethoprim.Sulfamethoxazole,continuous,ICU.Stay.in.28.Days,continuous,0.203,0.11350028139452548,62,WEAK,Positive,False
Amikacin,continuous,Mortality.in.Hospital,binary,0.2029,0.11377946283016419,62,WEAK,Positive,False
Age,continuous,Female,binary,-0.2029,0.11368641283055715,62,WEAK,Negative,False
Age,continuous,Male,binary,0.2029,0.11368641283055715,62,WEAK,Positive,False
ALP,binary,Ceftazidime.Avibactam,binary,0.2024,0.11458331612493947,62,WEAK,Positive,False
APACHEII,continuous,Procalcitonin,binary,0.2024,0.1146634959319369,62,WEAK,Positive,False
SGOT,binary,Neither.Abx.T,ordinal,0.2024,0.11462900198979617,62,WEAK,Positive,False
Overall.organ.support,binary,Overall.Mortality,binary,0.2024,0.11462900198979628,62,WEAK,Positive,False
Ceftazidime.Avibactam.Aztreonam.T,binary,Other.Illness.Leading.to.Hospitalization.post.28.Days.Discharge,binary,-0.2021,0.11526611574878257,62,WEAK,Negative,False
Height,continuous,CV.Catheter.in.6.Months,binary,0.2019,0.11560942266147622,62,WEAK,Positive,False
Hypothyroidism,binary,Doxycycline,continuous,0.2015,0.11628894738096018,62,WEAK,Positive,False
Past.CREPA.infection,continuous,ICU.Stay.in.28.Days,continuous,-0.2014,0.11646760993194633,62,WEAK,Negative,False
Ceftazidime.Avibactam.T,binary,GW.Stay.in.28.Days,continuous,-0.2014,0.11650876271673963,62,WEAK,Negative,False
IAI.CRO,binary,Globulin,binary,0.2012,0.11688382674351427,62,WEAK,Positive,False
Dialysis.in.1.week,binary,Globulin,binary,0.2012,0.11688382674351427,62,WEAK,Positive,False
Globulin,binary,P.C.only.T,ordinal,0.2012,0.11688382674351429,62,WEAK,Positive,False
IAI.CRO,binary,Potassium,binary,-0.2012,0.11688382674351427,62,WEAK,Negative,False
DM,binary,Total.Hospital.Stay.in.28.Days,continuous,-0.2011,0.1171317483260973,62,WEAK,Negative,False
Minocycline,continuous,Ceftazidime.Avibactam.Aztreonam.Synergy.T,continuous,-0.2011,0.11702877999616552,62,WEAK,Negative,False
ICU.Stay.in.28.Days,continuous,Relapse.post.28.Day.Discharge,binary,0.201,0.11716591999354271,62,WEAK,Positive,False
Male,binary,SGOT,binary,-0.2009,0.11734897756207399,62,WEAK,Negative,False
Female,binary,SGOT,binary,0.2009,0.11734897756207399,62,WEAK,Positive,False
Inotropes,binary,Neither.Abx.E,ordinal,-0.2006,0.11797066367014575,62,WEAK,Negative,False
Male,binary,Neither.Abx.E,ordinal,-0.2006,0.11797066367014575,62,WEAK,Negative,False
Any.Fungal.Infection,binary,Polymyxin.Colistin.Inclusion.T,binary,0.2006,0.12111517180950725,61,WEAK,Positive,False
Female,binary,Neither.Abx.E,ordinal,0.2006,0.11797066367014575,62,WEAK,Positive,False
Z.A.only.T,ordinal,Ceftazidime.Avibactam,binary,-0.2005,0.11818027642071424,62,WEAK,Negative,False
DM,binary,Polymyxin.Colistin.Inclusion.T,binary,0.2005,0.11818027642071424,62,WEAK,Positive,False
Dialysis.in.1.week,binary,SGOT,binary,0.2004,0.11841358210336392,62,WEAK,Positive,False
ABSSSI.CRO,binary,Ceftazidime.Avibactam.Aztreonam.T,binary,-0.2002,0.11876137946698355,62,WEAK,Negative,False
HAP.CRO,binary,Imipenem,continuous,-0.2002,0.11876137946698358,62,WEAK,Negative,False
Age,continuous,COPD,binary,0.2002,0.11875414093680563,62,WEAK,Positive,False
HAP.CRO,binary,Carbapenemase,binary,-0.2002,0.11876137946698358,62,WEAK,Negative,False
HAP.CRO,binary,Cefepime,continuous,-0.2002,0.11876137946698358,62,WEAK,Negative,False
HAP.CRO,binary,Piperacillin.Tazobactam,continuous,-0.2002,0.11876137946698358,62,WEAK,Negative,False
HAP.CRO,binary,Meropenem,continuous,-0.2002,0.11876137946698358,62,WEAK,Negative,False
Other.CRO,binary,Ventilation,binary,0.1999,0.11929237715960464,62,WEAK,Positive,False
CV.Catheter.in.6.Months,binary,Procalcitonin,binary,0.1999,0.11921600602784538,62,WEAK,Positive,False
OXA48,binary,P.C.only.T,ordinal,-0.1995,0.12008438062833891,62,WEAK,Negative,False
Solid.Organ,binary,Ceftazidime.Avibactam.T,binary,-0.1994,0.1202294522093427,62,WEAK,Negative,False
UTI.CRO,binary,Neither.Abx.T,ordinal,0.1991,0.12086861636350173,62,WEAK,Positive,False
Overall.organ.support,binary,GW.Stay.in.28.Days,continuous,-0.1987,0.1214895561388375,62,WEAK,Negative,False
SGPT,binary,Ceftazidime.Avibactam.Aztreonam.T,binary,-0.1986,0.12173219987302644,62,WEAK,Negative,False
Urinary.Catheter.in.6.Months,binary,Cefoxitin,continuous,-0.1984,0.12217931512180537,62,WEAK,Negative,False
Globulin,binary,Cefoxitin,continuous,0.1984,0.12217931512180537,62,WEAK,Positive,False
Endoscopy.in.1.week,binary,Hb,binary,-0.1983,0.12238618238305442,62,WEAK,Negative,False
Globulin,binary,Ciprofloxacin,continuous,0.1983,0.1223182044979875,62,WEAK,Positive,False
OXA48,binary,Hemat.Malignancy,binary,0.1983,0.12242842148790482,62,WEAK,Positive,False
CAP.CRO,binary,Hb,binary,-0.1983,0.12238618238305442,62,WEAK,Negative,False
COPD,binary,Hb,binary,-0.1983,0.12238618238305442,62,WEAK,Negative,False
Hypothyroidism,binary,Albumin,binary,0.1983,0.12242842148790493,62,WEAK,Positive,False
ALP,binary,Minocycline,continuous,0.1982,0.12248780913220449,62,WEAK,Positive,False
SOFA,continuous,SGOT,binary,0.198,0.12301132562458429,62,WEAK,Positive,False
Endoscopy.in.1.week,binary,Gentamicin,continuous,-0.198,0.12293723556154995,62,WEAK,Negative,False
CKD,binary,SOFA,continuous,0.1979,0.1231772418269782,62,WEAK,Positive,False
P.C.Z.A.E,ordinal,GW.Stay.in.28.Days,continuous,-0.1977,0.12358839713801158,62,WEAK,Negative,False
Neither.Abx.T,ordinal,Ceftazidime,continuous,-0.1976,0.12366080295694645,62,WEAK,Negative,False
CV.Catheter.in.6.Months,binary,Fosfomycin,continuous,-0.1976,0.1237364348129178,62,WEAK,Negative,False
Albumin,binary,Levofloxacin,continuous,0.1976,0.12366080295694645,62,WEAK,Positive,False
OXA48,binary,Levofloxacin,continuous,0.1976,0.12366080295694645,62,WEAK,Positive,False
SGPT,binary,Z.A.only.T,ordinal,-0.1973,0.12429122615428313,62,WEAK,Negative,False
ABSSSI.CRO,binary,Total.Hospital.Stay.in.28.Days,continuous,0.1972,0.12450042094787851,62,WEAK,Positive,False
Ventilation,binary,Bil,binary,-0.197,0.1248857504843957,62,WEAK,Negative,False
Hypothyroidism,binary,Platelet,binary,0.1969,0.12515174497546278,62,WEAK,Positive,False
Total.Protein,binary,Overall.Mortality,binary,0.1969,0.12515174497546278,62,WEAK,Positive,False
Hemat.Malignancy,binary,Platelet,binary,0.1969,0.12515174497546278,62,WEAK,Positive,False
HAP.CRO,binary,SGOT,binary,-0.1969,0.12496263364211457,62,WEAK,Negative,False
BSI.CRO,binary,Gentamicin,continuous,0.1968,0.1252833211924057,62,WEAK,Positive,False
Fosfomycin,continuous,Trimethoprim.Sulfamethoxazole,continuous,0.1965,0.12582047742627364,62,WEAK,Positive,False
Amikacin,continuous,Levofloxacin,continuous,0.1964,0.12604344122545055,62,WEAK,Positive,False
Amikacin,continuous,Ceftazidime,continuous,0.1964,0.12604344122545055,62,WEAK,Positive,False
Urea,binary,Colistin,continuous,0.1963,0.12625679943210927,62,WEAK,Positive,False
P.C.only.E,ordinal,Clinical.Improvement,continuous,0.1961,0.1266217924300988,62,WEAK,Positive,False
OXA48,binary,SGOT,binary,0.196,0.12685420262245786,62,WEAK,Positive,False
Solid.Organ,binary,GW.Stay.in.28.Days,continuous,0.1959,0.12704756624131333,62,WEAK,Positive,False
Height,continuous,Hospitalization.in.past.6.Months,binary,0.1958,0.12714639254817958,62,WEAK,Positive,False
Surgery.in.last.3.Months,binary,Relapse.post.28.Day.Discharge,binary,0.1957,0.12749769513995193,62,WEAK,Positive,False
Urea,binary,Mortality.post.28.Day.Discharge,binary,-0.1957,0.12749769513995193,62,WEAK,Negative,False
Endoscopy.in.1.week,binary,Bil,binary,0.1957,0.12749769513995193,62,WEAK,Positive,False
Overall.organ.support,binary,Procalcitonin,binary,0.1956,0.12756231284934247,62,WEAK,Positive,False
Female,binary,Amikacin,continuous,-0.1956,0.12753481427077978,62,WEAK,Negative,False
Overall.organ.support,binary,Mortality.in.ICU,binary,0.1956,0.12756231284934247,62,WEAK,Positive,False
Globulin,binary,Ertapenem,continuous,0.1956,0.12759125354521075,62,WEAK,Positive,False
HAP.CRO,binary,Colistin,continuous,-0.1956,0.12763966734987814,62,WEAK,Negative,False
Male,binary,Amikacin,continuous,0.1956,0.12753481427077978,62,WEAK,Positive,False
Any.Fungal.Infection,binary,Neither.Abx.E,ordinal,-0.1955,0.13116070185645506,61,WEAK,Negative,False
Bil,binary,ICU.Stay.in.28.Days,continuous,-0.1953,0.12811482091462192,62,WEAK,Negative,False
ALP,binary,Procalcitonin,binary,-0.1953,0.12818768628151103,62,WEAK,Negative,False
Female,binary,Fosfomycin,continuous,-0.1953,0.12822141696261727,62,WEAK,Negative,False
Male,binary,Fosfomycin,continuous,0.1953,0.12822141696261727,62,WEAK,Positive,False
Z.A.only.T,ordinal,Gentamicin,continuous,0.1951,0.12866105156015792,62,WEAK,Positive,False
Z.A.only.T,ordinal,Relapse.post.28.Day.Discharge,binary,-0.1948,0.1292942802500421,62,WEAK,Negative,False
Z.A.only.T,ordinal,Mortality.post.28.Day.Discharge,binary,-0.1948,0.1292942802500421,62,WEAK,Negative,False
Other.CRO,binary,Neither.Abx.E,ordinal,0.1948,0.1292014965962849,62,WEAK,Positive,False
CAP.CRO,binary,Sodium,binary,0.1948,0.1292942802500421,62,WEAK,Positive,False
DM,binary,Endoscopy.in.1.week,binary,-0.1948,0.1292942802500421,62,WEAK,Negative,False
Albumin,binary,ICU.Stay.in.28.Days,continuous,0.1946,0.1295526169568893,62,WEAK,Positive,False
Fosfomycin,continuous,Cefoxitin,continuous,0.1944,0.13004243621969844,62,WEAK,Positive,False
Total.Protein,binary,Ceftazidime.Avibactam.Aztreonam.T,binary,0.1943,0.13024050838098847,62,WEAK,Positive,False
Hypothyroidism,binary,HAP.CRO,binary,0.1943,0.13024050838098847,62,WEAK,Positive,False
Neither.Abx.E,ordinal,Colistin,continuous,0.1942,0.13039668020512388,62,WEAK,Positive,False
HAP.CRO,binary,Polymyxin.Colistin.Inclusion.T,binary,0.1939,0.13095922115384095,62,WEAK,Positive,False
APACHEII,continuous,SGOT,binary,0.1936,0.13166754769992095,62,WEAK,Positive,False
ABSSSI.CRO,binary,GW.Stay.in.28.Days,continuous,0.1936,0.131656555734042,62,WEAK,Positive,False
Any.Fungal.Infection,binary,Urea,binary,0.1935,0.13509436482949222,61,WEAK,Positive,False
NDM,binary,APACHEII,continuous,0.1932,0.13251111629396314,62,WEAK,Positive,False
IAI.CRO,binary,BSI.CRO,binary,-0.193,0.13276219427036387,62,WEAK,Negative,False
Hypothyroidism,binary,Tigecycline,continuous,0.193,0.13292603703593375,62,WEAK,Positive,False
Dialysis.in.1.week,binary,Overall.organ.support,binary,0.193,0.13276219427036387,62,WEAK,Positive,False
Calcium,binary,Mortality.in.ICU,binary,0.1927,0.13353759213066627,62,WEAK,Positive,False
Hospitalization.in.past.6.Months,binary,Ceftazidime.Avibactam.Aztreonam.T,binary,-0.1927,0.13353759213066627,62,WEAK,Negative,False
Calcium,binary,Procalcitonin,binary,0.1927,0.13353759213066627,62,WEAK,Positive,False
Other.CRO,binary,ANC,binary,0.1927,0.13353759213066613,62,WEAK,Positive,False
CKD,binary,Any.Viral.Infection,binary,0.1926,0.13364569525328224,62,WEAK,Positive,False
Any.Viral.Infection,binary,Imipenem,continuous,-0.1926,0.13364569525328238,62,WEAK,Negative,False
Any.Viral.Infection,binary,Piperacillin.Tazobactam,continuous,-0.1926,0.13364569525328238,62,WEAK,Negative,False
VAP.CRO,binary,Polymyxin.Colistin.Inclusion.T,binary,-0.1926,0.13364569525328224,62,WEAK,Negative,False
KPC,binary,Polymyxin.Colistin.Inclusion.T,binary,-0.1926,0.13364569525328224,62,WEAK,Negative,False
Any.Viral.Infection,binary,Carbapenemase,binary,-0.1926,0.13364569525328238,62,WEAK,Negative,False
Any.Viral.Infection,binary,Meropenem,continuous,-0.1926,0.13364569525328238,62,WEAK,Negative,False
Any.Viral.Infection,binary,Cefepime,continuous,-0.1926,0.13364569525328238,62,WEAK,Negative,False
ABSSSI.CRO,binary,Any.Viral.Infection,binary,0.1926,0.13364569525328224,62,WEAK,Positive,False
Male,binary,Polymyxin.Colistin.Inclusion.T,binary,0.1923,0.134223219361911,62,WEAK,Positive,False
Urea,binary,Minocycline,continuous,-0.1923,0.13437066290090166,62,WEAK,Negative,False
Female,binary,Polymyxin.Colistin.Inclusion.T,binary,-0.1923,0.134223219361911,62,WEAK,Negative,False
Inotropes,binary,Ceftazidime.Avibactam,binary,-0.1923,0.134223219361911,62,WEAK,Negative,False
P.C.Z.A.T,ordinal,Mortality.in.Hospital,binary,-0.1923,0.13428088430873572,62,WEAK,Negative,False
Solid.Organ,binary,Doxycycline,continuous,0.1923,0.13436622737369244,62,WEAK,Positive,False
Amoxicillin.Clavulanic.Acid,continuous,Amikacin,continuous,0.192,0.13499238461385346,62,WEAK,Positive,False
Amikacin,continuous,Cefoperazone.Sulbactam,continuous,0.192,0.13499238461385346,62,WEAK,Positive,False
Amikacin,continuous,Cefuroxime,continuous,0.192,0.13499238461385346,62,WEAK,Positive,False
Neither.Abx.T,ordinal,ICU.Stay.in.28.Days,continuous,-0.1919,0.13506819184334248,62,WEAK,Negative,False
Minocycline,continuous,GW.Stay.in.28.Days,continuous,-0.1917,0.13545020543115677,62,WEAK,Negative,False
Any.Viral.Infection,binary,Ceftazidime.Avibactam.T,binary,0.1916,0.13565800953320692,62,WEAK,Positive,False
Ventilation,binary,Ertapenem,continuous,-0.1916,0.13578771441614615,62,WEAK,Negative,False
Ventilation,binary,Cefotaxime,continuous,-0.1916,0.1356787792494387,62,WEAK,Negative,False
Ciprofloxacin,continuous,Overall.Mortality,binary,0.1916,0.1358240209139886,62,WEAK,Positive,False
Aztreonam,continuous,Overall.Mortality,binary,0.1916,0.13578771441614623,62,WEAK,Positive,False
Surgery.in.last.3.Months,binary,Solid.Organ,binary,0.1916,0.1357346150897601,62,WEAK,Positive,False
NDM,binary,Aztreonam,continuous,-0.1916,0.13578771441614615,62,WEAK,Negative,False
NDM,binary,Ciprofloxacin,continuous,-0.1916,0.1358240209139886,62,WEAK,Negative,False
Any.Viral.Infection,binary,ANC,binary,0.1916,0.13565800953320692,62,WEAK,Positive,False
Inotropes,binary,Lympho,binary,-0.1915,0.1360495184784645,62,WEAK,Negative,False
BSI.CRO,binary,Lympho,binary,-0.1915,0.13597506533948378,62,WEAK,Negative,False
Overall.organ.support,binary,Ceftazidime.Avibactam.Aztreonam.T,binary,0.1912,0.1365228853162369,62,WEAK,Positive,False
Age,continuous,Overall.Mortality,binary,0.1911,0.13679161142239038,62,WEAK,Positive,False
HTN,binary,TLC,binary,-0.191,0.13696968810270754,62,WEAK,Negative,False
SOFA,continuous,INR,binary,0.1907,0.13769137036248696,62,WEAK,Positive,False
CKD,binary,Trimethoprim.Sulfamethoxazole,continuous,-0.19,0.13916619566373398,62,WEAK,Negative,False
Bil,binary,Ceftazidime.Avibactam,binary,0.19,0.13912356837868342,62,WEAK,Positive,False
INR,binary,Trimethoprim.Sulfamethoxazole,continuous,0.19,0.13916619566373398,62,WEAK,Positive,False
KPC,binary,Trimethoprim.Sulfamethoxazole,continuous,-0.19,0.13916619566373398,62,WEAK,Negative,False
IAI.CRO,binary,ICU.Stay.in.28.Days,continuous,-0.19,0.1390251017411598,62,WEAK,Negative,False
APACHEII,continuous,Magnesium,binary,0.1898,0.13957472949229446,62,WEAK,Positive,False
Height,continuous,CKD,binary,0.1897,0.13963778904649535,62,WEAK,Positive,False
Weight,continuous,ABSSSI.CRO,binary,0.1897,0.1397903200135032,62,WEAK,Positive,False
Hospitalization.in.past.6.Months,binary,P.C.Z.A.T,ordinal,-0.1897,0.1398362124214603,62,WEAK,Negative,False
Ceftazidime.Avibactam.Aztreonam.T,binary,GW.Stay.in.28.Days,continuous,-0.1896,0.14003957185588167,62,WEAK,Negative,False
HAP.CRO,binary,Aztreonam,continuous,-0.1896,0.14000075843848953,62,WEAK,Negative,False
Platelet,binary,Calcium,binary,0.1895,0.14013206482244422,62,WEAK,Positive,False
Any.Fungal.Infection,binary,Ciprofloxacin,continuous,0.1895,0.1436466994402928,61,WEAK,Positive,False
Other.CRO,binary,Lympho,binary,0.1894,0.14047809948183107,62,WEAK,Positive,False
Z.A.only.E,ordinal,Ceftazidime.Avibactam.Aztreonam.T,binary,0.1894,0.1403103517932411,62,WEAK,Positive,False
TLC,binary,Neither.Abx.E,ordinal,0.1894,0.14047809948183107,62,WEAK,Positive,False
APACHEII,continuous,Other.Illness.Leading.to.Hospitalization.post.28.Days.Discharge,binary,-0.1891,0.14094417563255635,62,WEAK,Negative,False
Age,continuous,Cefoperazone.Sulbactam,continuous,0.189,0.14130285426131853,62,WEAK,Positive,False
ALP,binary,Clinical.Improvement,continuous,0.1888,0.14160788173315136,62,WEAK,Positive,False
P.C.only.E,ordinal,P.C.Z.A.T,ordinal,-0.1888,0.13832723912417713,63,WEAK,Negative,False
OXA48,binary,Mortality.in.ICU,binary,0.1886,0.1421793660265547,62,WEAK,Positive,False
P.C.Z.A.E,ordinal,Ciprofloxacin,continuous,-0.1886,0.14218910780165642,62,WEAK,Negative,False
Ceftazidime.Avibactam,binary,Other.Illness.Leading.to.Hospitalization.post.28.Days.Discharge,binary,0.1886,0.14212868093878334,62,WEAK,Positive,False
Albumin,binary,Procalcitonin,binary,0.1886,0.1421793660265547,62,WEAK,Positive,False
Inotropes,binary,P.C.only.E,ordinal,0.1886,0.14217936602655493,62,WEAK,Positive,False
UTI.CRO,binary,Tigecycline,continuous,-0.1885,0.1423397389345684,62,WEAK,Negative,False
Amikacin,continuous,Trimethoprim.Sulfamethoxazole,continuous,0.1884,0.1426270411649108,62,WEAK,Positive,False
Urea,binary,Neither.Abx.T,ordinal,-0.188,0.14340756161643922,62,WEAK,Negative,False
Albumin,binary,Creatinine,binary,0.188,0.14340756161643922,62,WEAK,Positive,False
OXA48,binary,Bil,binary,-0.188,0.14340756161643922,62,WEAK,Negative,False
Albumin,binary,Urea,binary,0.188,0.14340756161643922,62,WEAK,Positive,False
Creatinine,binary,P.C.only.T,ordinal,-0.1879,0.14366706564957132,62,WEAK,Negative,False
IAI.CRO,binary,Urea,binary,-0.1879,0.14366706564957127,62,WEAK,Negative,False
Bil,binary,P.C.Z.A.E,ordinal,0.1879,0.14366706564957132,62,WEAK,Positive,False
Dialysis.in.1.week,binary,Bil,binary,0.1879,0.14366706564957127,62,WEAK,Positive,False
UTI.CRO,binary,Urinary.Catheter.in.6.Months,binary,0.1878,0.14392382765783057,62,WEAK,Positive,False
Hospitalization.in.past.6.Months,binary,Z.A.only.E,ordinal,-0.1874,0.14479407435042319,62,WEAK,Negative,False
Hypothyroidism,binary,Relapse.post.28.Day.Discharge,binary,0.1873,0.14493468500989665,62,WEAK,Positive,False
COPD,binary,Hemat.Malignancy,binary,0.1873,0.14493468500989665,62,WEAK,Positive,False
CAP.CRO,binary,Ceftazidime.Avibactam.Aztreonam.Synergy.T,continuous,-0.1872,0.1451108138914671,62,WEAK,Negative,False
Endoscopy.in.1.week,binary,Ceftazidime.Avibactam.Aztreonam.Synergy.T,continuous,-0.1872,0.1451108138914671,62,WEAK,Negative,False
HAP.CRO,binary,Cefotaxime,continuous,-0.187,0.14566097902864278,62,WEAK,Negative,False
BSI.CRO,binary,Tigecycline,continuous,0.187,0.1455728702687253,62,WEAK,Positive,False
Sodium,binary,Fosfomycin,continuous,0.1868,0.14598580769737765,62,WEAK,Positive,False
Gentamicin,continuous,Levofloxacin,continuous,0.1866,0.14635491480301746,62,WEAK,Positive,False
Gentamicin,continuous,Ceftazidime,continuous,0.1866,0.14635491480301746,62,WEAK,Positive,False
Hypothyroidism,binary,Past.CREPA.infection,continuous,0.1861,0.14759574170646997,62,WEAK,Positive,False
CV.Catheter.Now,binary,Chloramphenicol,continuous,0.186,0.14779320501560683,62,WEAK,Positive,False
Chloramphenicol,continuous,Meropenem,continuous,0.186,0.14779320501560683,62,WEAK,Positive,False
Chloramphenicol,continuous,Piperacillin.Tazobactam,continuous,0.186,0.14779320501560683,62,WEAK,Positive,False
Chloramphenicol,continuous,Carbapenemase,binary,0.186,0.14779320501560683,62,WEAK,Positive,False
Chloramphenicol,continuous,Cefepime,continuous,0.186,0.14779320501560683,62,WEAK,Positive,False
Chloramphenicol,continuous,Imipenem,continuous,0.186,0.14779320501560683,62,WEAK,Positive,False
P.C.Z.A.T,ordinal,Trimethoprim.Sulfamethoxazole,continuous,0.1859,0.14799488571997005,62,WEAK,Positive,False
Procalcitonin,binary,P.C.only.E,ordinal,0.1859,0.14792455307376046,62,WEAK,Positive,False
SGPT,binary,Mortality.post.28.Day.Discharge,binary,0.1856,0.1485663192260066,62,WEAK,Positive,False
Hb,binary,TLC,binary,0.1856,0.1485663192260066,62,WEAK,Positive,False
CAP.CRO,binary,TLC,binary,-0.1856,0.1485663192260066,62,WEAK,Negative,False
COPD,binary,Immunosuppressive.drugs.in.1.week,binary,-0.1856,0.1485663192260066,62,WEAK,Negative,False
CAP.CRO,binary,Immunosuppressive.drugs.in.1.week,binary,-0.1856,0.1485663192260066,62,WEAK,Negative,False
CKD,binary,P.C.only.E,ordinal,0.1855,0.14879365376742226,62,WEAK,Positive,False
CV.Catheter.Now,binary,P.C.only.E,ordinal,-0.1855,0.14879365376742226,62,WEAK,Negative,False
ABSSSI.CRO,binary,P.C.only.E,ordinal,0.1855,0.14879365376742226,62,WEAK,Positive,False
Z.A.invitro,binary,INR,binary,0.1855,0.14879365376742226,62,WEAK,Positive,False
KPC,binary,Z.A.invitro,binary,-0.1855,0.14879365376742226,62,WEAK,Negative,False
Z.A.invitro,binary,Carbapenemase,binary,0.1855,0.14879365376742226,62,WEAK,Positive,False
Z.A.invitro,binary,VAP.CRO,binary,-0.1855,0.14879365376742226,62,WEAK,Negative,False
Z.A.invitro,binary,Meropenem,continuous,0.1855,0.14879365376742226,62,WEAK,Positive,False
Z.A.invitro,binary,Cefepime,continuous,0.1855,0.14879365376742226,62,WEAK,Positive,False
Z.A.invitro,binary,Imipenem,continuous,0.1855,0.14879365376742226,62,WEAK,Positive,False
Z.A.invitro,binary,Piperacillin.Tazobactam,continuous,0.1855,0.14879365376742226,62,WEAK,Positive,False
Lympho,binary,Cefoxitin,continuous,-0.1854,0.14921368854045294,62,WEAK,Negative,False
SGPT,binary,Cefotaxime,continuous,0.1854,0.14921368854045294,62,WEAK,Positive,False
Immunosuppressive.drugs.in.1.week,binary,Ciprofloxacin,continuous,-0.1853,0.1493645297909689,62,WEAK,Negative,False
SGPT,binary,Aztreonam,continuous,0.1853,0.14932682430767125,62,WEAK,Positive,False
Lympho,binary,Ciprofloxacin,continuous,-0.1853,0.1493645297909689,62,WEAK,Negative,False
Lympho,binary,Ertapenem,continuous,-0.1853,0.14932682430767125,62,WEAK,Negative,False
Doxycycline,continuous,Total.Hospital.Stay.in.28.Days,continuous,0.1851,0.1497658669774426,62,WEAK,Positive,False
Hemat.Malignancy,binary,Tigecycline,continuous,0.1849,0.1501722981189966,62,WEAK,Positive,False
DM,binary,Albumin,binary,0.1849,0.1502463662449632,62,WEAK,Positive,False
Past.CREPA.infection,continuous,P.C.Z.A.E,ordinal,-0.1845,0.15118784913971448,62,WEAK,Negative,False
IAI.CRO,binary,Ertapenem,continuous,-0.1845,0.15118784913971448,62,WEAK,Negative,False
P.C.Z.A.E,ordinal,Ertapenem,continuous,-0.1845,0.15118784913971448,62,WEAK,Negative,False
Weight,continuous,Doxycycline,continuous,-0.1843,0.15148048206250952,62,WEAK,Negative,False
Overall.organ.support,binary,Lympho,binary,-0.1842,0.15176654789954996,62,WEAK,Negative,False
Creatinine,binary,Urea,binary,0.1842,0.15178512945031652,62,WEAK,Positive,False
Z.A.invitro,binary,SOFA,continuous,0.1842,0.1518119607555562,62,WEAK,Positive,False
Polymyxin.Colistin.Inclusion.T,binary,Mortality.in.Hospital,binary,-0.1841,0.15202108010951326,62,WEAK,Negative,False
P.C.in.vitro,binary,Ceftazidime.Avibactam,binary,0.1841,0.15202108010951326,62,WEAK,Positive,False
P.C.in.vitro,binary,Polymyxin.Colistin.Inclusion.T,binary,-0.1841,0.15202108010951326,62,WEAK,Negative,False
Any.Viral.Infection,binary,P.C.Z.A.T,ordinal,0.1841,0.15202108010951326,62,WEAK,Positive,False
Any.Viral.Infection,binary,Ceftazidime.Avibactam.Aztreonam.Synergy.T,continuous,-0.1841,0.1520702661513525,62,WEAK,Negative,False
Past.CREPA.infection,continuous,GW.Stay.in.28.Days,continuous,0.184,0.15215493613826864,62,WEAK,Positive,False
UTI.CRO,binary,Clinical.Improvement,continuous,-0.184,0.1523296460717502,62,WEAK,Negative,False
ANC,binary,Minocycline,continuous,-0.184,0.15229716886177933,62,WEAK,Negative,False
Hypothyroidism,binary,Clinical.Improvement,continuous,-0.1839,0.1524737921711613,62,WEAK,Negative,False
HAP.CRO,binary,Mortality.in.Hospital,binary,-0.1839,0.1525501024495004,62,WEAK,Negative,False
Age,continuous,Aztreonam,continuous,0.1838,0.15280434768404447,62,WEAK,Positive,False
Hypothyroidism,binary,Other.CRO,binary,-0.1838,0.15281586612026204,62,WEAK,Negative,False
Other.CRO,binary,Total.Protein,binary,0.1838,0.15281586612026204,62,WEAK,Positive,False
Hemat.Malignancy,binary,Neither.Abx.E,ordinal,-0.1838,0.15281586612026204,62,WEAK,Negative,False
Overall.organ.support,binary,ALP,binary,-0.1835,0.1534082009212205,62,WEAK,Negative,False
Inotropes,binary,Tigecycline,continuous,0.1835,0.15336574080171572,62,WEAK,Positive,False
Ceftazidime.Avibactam.Aztreonam.T,binary,Overall.Mortality,binary,0.1835,0.15337860838904574,62,WEAK,Positive,False
Platelet,binary,Ceftazidime.Avibactam.Aztreonam.T,binary,-0.1835,0.15337860838904582,62,WEAK,Negative,False
Hemat.Malignancy,binary,Ceftazidime.Avibactam.T,binary,0.1834,0.1535998585237427,62,WEAK,Positive,False
Hemat.Malignancy,binary,Doxycycline,continuous,-0.1834,0.15368985507993044,62,WEAK,Negative,False
Solid.Organ,binary,Total.Protein,binary,-0.1834,0.1535998585237427,62,WEAK,Negative,False
Weight,continuous,Urea,binary,0.1833,0.1539402933637613,62,WEAK,Positive,False
Immunosuppressive.drugs.in.1.week,binary,APACHEII,continuous,0.1833,0.1539375573771569,62,WEAK,Positive,False
Any.Fungal.Infection,binary,Mortality.post.28.Day.Discharge,binary,0.1832,0.15752613589525832,61,WEAK,Positive,False
Weight,continuous,Levofloxacin,continuous,0.1832,0.15399406343366012,62,WEAK,Positive,False
DM,binary,ALP,binary,-0.1831,0.15438583182933946,62,WEAK,Negative,False
Weight,continuous,P.C.only.T,ordinal,0.183,0.15457355692787303,62,WEAK,Positive,False
CKD,binary,APACHEII,continuous,0.1829,0.1547841150730291,62,WEAK,Positive,False
Urinary.Catheter.in.6.Months,binary,SOFA,continuous,-0.1829,0.15486656421054046,62,WEAK,Negative,False
Ventilation,binary,P.C.only.E,ordinal,-0.1827,0.1552309612063625,62,WEAK,Negative,False
Platelet,binary,P.C.only.E,ordinal,-0.1827,0.1552309612063625,62,WEAK,Negative,False
Hospitalization.in.past.6.Months,binary,SOFA,continuous,-0.1823,0.15620378974779953,62,WEAK,Negative,False
Gentamicin,continuous,Cefoperazone.Sulbactam,continuous,0.1823,0.1561769168065998,62,WEAK,Positive,False
Gentamicin,continuous,Cefuroxime,continuous,0.1823,0.1561769168065998,62,WEAK,Positive,False
Amoxicillin.Clavulanic.Acid,continuous,Gentamicin,continuous,0.1823,0.1561769168065998,62,WEAK,Positive,False
Globulin,binary,Other.Illness.Leading.to.Hospitalization.post.28.Days.Discharge,binary,0.182,0.1567540800718162,62,WEAK,Positive,False
Potassium,binary,Other.Illness.Leading.to.Hospitalization.post.28.Days.Discharge,binary,-0.182,0.1567540800718162,62,WEAK,Negative,False
Neutropenia,binary,Potassium,binary,-0.182,0.1567540800718162,62,WEAK,Negative,False
Calcium,binary,Clinical.Improvement,continuous,-0.182,0.15681376278851883,62,WEAK,Negative,False
CV.Catheter.in.6.Months,binary,GW.Stay.in.28.Days,continuous,0.1819,0.15714318178286943,62,WEAK,Positive,False
SGPT,binary,Mortality.in.Hospital,binary,-0.1817,0.15759738659651282,62,WEAK,Negative,False
SGPT,binary,Tigecycline,continuous,-0.1815,0.15804404453161772,62,WEAK,Negative,False
P.C.only.E,ordinal,Mortality.post.28.Day.Discharge,binary,-0.1812,0.15866061111388483,62,WEAK,Negative,False
P.C.only.E,ordinal,Relapse.post.28.Day.Discharge,binary,-0.1812,0.15866061111388483,62,WEAK,Negative,False
Z.A.invitro,binary,Relapse.post.28.Day.Discharge,binary,0.1812,0.15866061111388483,62,WEAK,Positive,False
Z.A.invitro,binary,Mortality.post.28.Day.Discharge,binary,0.1812,0.15866061111388483,62,WEAK,Positive,False
Z.A.invitro,binary,Hb,binary,-0.1812,0.15866061111388483,62,WEAK,Negative,False
Lympho,binary,Total.Protein,binary,-0.1811,0.15898461052046867,62,WEAK,Negative,False
Hemat.Malignancy,binary,TLC,binary,0.1811,0.1589846105204686,62,WEAK,Positive,False
BSI.CRO,binary,Dialysis.in.1.week,binary,0.181,0.15921912985818668,62,WEAK,Positive,False
Inotropes,binary,GW.Stay.in.28.Days,continuous,-0.181,0.15926365231404924,62,WEAK,Negative,False
Surgery.in.last.3.Months,binary,Lympho,binary,0.1807,0.15979964527382642,62,WEAK,Positive,False
SGPT,binary,Urea,binary,0.1807,0.15979964527382642,62,WEAK,Positive,False
Surgery.in.last.3.Months,binary,Immunosuppressive.drugs.in.1.week,binary,0.1807,0.15979964527382642,62,WEAK,Positive,False
Past.CREPA.infection,continuous,Globulin,binary,0.1807,0.15995042860462239,62,WEAK,Positive,False
IAI.CRO,binary,Cefoxitin,continuous,-0.1804,0.16052704250967137,62,WEAK,Negative,False
P.C.Z.A.E,ordinal,Cefotaxime,continuous,-0.1804,0.16052704250967137,62,WEAK,Negative,False
IAI.CRO,binary,Cefotaxime,continuous,-0.1804,0.16052704250967137,62,WEAK,Negative,False
IAI.CRO,binary,Ciprofloxacin,continuous,-0.1804,0.16068203162225622,62,WEAK,Negative,False
P.C.Z.A.E,ordinal,Cefoxitin,continuous,-0.1804,0.16052704250967137,62,WEAK,Negative,False
Weight,continuous,P.C.only.E,ordinal,0.1803,0.1607116551473588,62,WEAK,Positive,False
ANC,binary,Clinical.Improvement,continuous,-0.1803,0.16088931753726685,62,WEAK,Negative,False
HTN,binary,Neither.Abx.T,ordinal,-0.1801,0.16122865984066698,62,WEAK,Negative,False
Chloramphenicol,continuous,Levofloxacin,continuous,0.18,0.16155903452460565,62,WEAK,Positive,False
Chloramphenicol,continuous,Ceftazidime,continuous,0.18,0.16155903452460565,62,WEAK,Positive,False
SOFA,continuous,Albumin,binary,0.1798,0.16201223443395973,62,WEAK,Positive,False
Urinary.Catheter.in.6.Months,binary,Bil,binary,0.1796,0.16252259858187335,62,WEAK,Positive,False
SOFA,continuous,Cefuroxime,continuous,0.1795,0.16260443150510845,62,WEAK,Positive,False
Urinary.Catheter.in.6.Months,binary,GW.Stay.in.28.Days,continuous,0.1795,0.1627931026296763,62,WEAK,Positive,False
SOFA,continuous,Amoxicillin.Clavulanic.Acid,continuous,0.1795,0.16260443150510845,62,WEAK,Positive,False
Potassium,binary,Amikacin,continuous,-0.1794,0.16288902884260012,62,WEAK,Negative,False
Surgery.in.last.3.Months,binary,Cefotaxime,continuous,0.1792,0.16342316208557434,62,WEAK,Positive,False
Creatinine,binary,Aztreonam,continuous,-0.1792,0.1635401515460628,62,WEAK,Negative,False
Height,continuous,CV.Catheter.Now,binary,-0.179,0.16388970292755697,62,WEAK,Negative,False
Ventilation,binary,SGOT,binary,0.179,0.16395441259118382,62,WEAK,Positive,False
Neither.Abx.E,ordinal,ICU.Stay.in.28.Days,continuous,-0.179,0.16399434895414827,62,WEAK,Negative,False
Other.CRO,binary,Bil,binary,-0.1789,0.16418299913960746,62,WEAK,Negative,False
Creatinine,binary,Neither.Abx.E,ordinal,0.1789,0.16418299913960727,62,WEAK,Positive,False
OXA48,binary,CV.Catheter.in.6.Months,binary,0.1788,0.1644977200161515,62,WEAK,Positive,False
CV.Catheter.in.6.Months,binary,Neither.Abx.T,ordinal,-0.1788,0.1644977200161515,62,WEAK,Negative,False
Neither.Abx.T,ordinal,Doxycycline,continuous,0.1786,0.1648105175218123,62,WEAK,Positive,False
Colistin,continuous,Minocycline,continuous,0.1786,0.1648717259073375,62,WEAK,Positive,False
Hemat.Malignancy,binary,SGOT,binary,0.1786,0.164884641897128,62,WEAK,Positive,False
Height,continuous,IAI.CRO,binary,-0.1785,0.16516292430304144,62,WEAK,Negative,False
DM,binary,Hospitalization.in.past.6.Months,binary,0.1784,0.16528118045032306,62,WEAK,Positive,False
CV.Catheter.in.6.Months,binary,Tigecycline,continuous,-0.1782,0.16581969571495034,62,WEAK,Negative,False
APACHEII,continuous,Tigecycline,continuous,0.1781,0.16602422764428051,62,WEAK,Positive,False
P.C.in.vitro,binary,Tigecycline,continuous,-0.178,0.16636837105766186,62,WEAK,Negative,False
P.C.Z.A.T,ordinal,Total.Hospital.Stay.in.28.Days,continuous,-0.178,0.16619935120916132,62,WEAK,Negative,False
Albumin,binary,Ceftazidime.Avibactam.Aztreonam.T,binary,0.1778,0.16680540719277664,62,WEAK,Positive,False
BSI.CRO,binary,Procalcitonin,binary,0.1776,0.1673629788982518,62,WEAK,Positive,False
Dialysis.in.1.week,binary,Inotropes,binary,0.1775,0.16761448094976314,62,WEAK,Positive,False
HAP.CRO,binary,Z.A.only.T,ordinal,-0.1773,0.16806874208252753,62,WEAK,Negative,False
Potassium,binary,Total.Hospital.Stay.in.28.Days,continuous,0.1772,0.16834444651048566,62,WEAK,Positive,False
Hb,binary,Chloramphenicol,continuous,-0.1771,0.16846158609617698,62,WEAK,Negative,False
Chloramphenicol,continuous,Mortality.post.28.Day.Discharge,binary,0.1771,0.16846158609617698,62,WEAK,Positive,False
COPD,binary,SOFA,continuous,-0.1771,0.16852478300608958,62,WEAK,Negative,False
HTN,binary,Cefoperazone.Sulbactam,continuous,0.1768,0.16929712120066046,62,WEAK,Positive,False
Solid.Organ,binary,P.C.only.T,ordinal,0.1768,0.1692971212006604,62,WEAK,Positive,False
ANC,binary,P.C.Z.A.E,ordinal,0.1768,0.1692971212006604,62,WEAK,Positive,False
Hospitalization.in.past.6.Months,binary,Cefoperazone.Sulbactam,continuous,-0.1768,0.16929712120066046,62,WEAK,Negative,False
HTN,binary,Cefuroxime,continuous,0.1768,0.16929712120066046,62,WEAK,Positive,False
P.C.Z.A.E,ordinal,Ceftazidime.Avibactam.T,binary,0.1768,0.16929712120066046,62,WEAK,Positive,False
Hospitalization.in.past.6.Months,binary,Levofloxacin,continuous,-0.1768,0.16935535365316795,62,WEAK,Negative,False
HTN,binary,Amoxicillin.Clavulanic.Acid,continuous,0.1768,0.16929712120066046,62,WEAK,Positive,False
HTN,binary,Ceftazidime,continuous,0.1768,0.16935535365316795,62,WEAK,Positive,False
IAI.CRO,binary,Solid.Organ,binary,0.1768,0.16929712120066046,62,WEAK,Positive,False
Dialysis.in.1.week,binary,Ceftazidime.Avibactam.T,binary,0.1768,0.16929712120066046,62,WEAK,Positive,False
Bil,binary,Fosfomycin,continuous,-0.1764,0.17029834411731096,62,WEAK,Negative,False
IAI.CRO,binary,Aztreonam,continuous,-0.1763,0.17052728244296325,62,WEAK,Negative,False
Cefoxitin,continuous,Ceftazidime.Avibactam,binary,-0.1762,0.17074370526725838,62,WEAK,Negative,False
Any.Viral.Infection,binary,Cefotaxime,continuous,-0.1762,0.17074370526725838,62,WEAK,Negative,False
NDM,binary,Relapse.post.28.Day.Discharge,binary,-0.176,0.17128950371483379,62,WEAK,Negative,False
Hb,binary,Platelet,binary,0.176,0.17128950371483379,62,WEAK,Positive,False
Endoscopy.in.1.week,binary,Platelet,binary,-0.176,0.17128950371483379,62,WEAK,Negative,False
NDM,binary,Mortality.post.28.Day.Discharge,binary,-0.176,0.17128950371483379,62,WEAK,Negative,False
NDM,binary,Hb,binary,0.176,0.17128950371483379,62,WEAK,Positive,False
TLC,binary,Mortality.in.Hospital,binary,-0.1759,0.17143440235371274,62,WEAK,Negative,False
TLC,binary,P.C.Z.A.T,ordinal,-0.1759,0.17143440235371274,62,WEAK,Negative,False
P.C.in.vitro,binary,SGPT,binary,0.1759,0.17143440235371274,62,WEAK,Positive,False
Z.A.invitro,binary,Neutropenia,binary,-0.1758,0.17178610744866232,62,WEAK,Negative,False
Dialysis.in.1.week,binary,SGPT,binary,0.1758,0.17173678960851443,62,WEAK,Positive,False
Solid.Organ,binary,Ceftazidime.Avibactam.Aztreonam.T,binary,-0.1755,0.17256233832597412,62,WEAK,Negative,False
Inotropes,binary,Sodium,binary,-0.1755,0.17256233832597412,62,WEAK,Negative,False
Other.CRO,binary,Chloramphenicol,continuous,0.1753,0.1730337947949091,62,WEAK,Positive,False
Overall.organ.support,binary,Amikacin,continuous,-0.1752,0.17324936507051455,62,WEAK,Negative,False
BSI.CRO,binary,Amikacin,continuous,0.1752,0.17324936507051455,62,WEAK,Positive,False
Male,binary,Globulin,binary,-0.1752,0.17308784954599996,62,WEAK,Negative,False
Inotropes,binary,Globulin,binary,-0.1752,0.17308784954599996,62,WEAK,Negative,False
Female,binary,Globulin,binary,0.1752,0.17308784954599996,62,WEAK,Positive,False
Neither.Abx.T,ordinal,Ceftazidime.Avibactam.Aztreonam.Synergy.T,continuous,-0.1748,0.1742965069442153,62,WEAK,Negative,False
Urea,binary,Tigecycline,continuous,-0.1747,0.1744189942670055,62,WEAK,Negative,False
Endoscopy.in.1.week,binary,Any.Viral.Infection,binary,-0.1746,0.17478026693788737,62,WEAK,Negative,False
COPD,binary,Polymyxin.Colistin.Inclusion.T,binary,0.1746,0.17478026693788737,62,WEAK,Positive,False
Any.Fungal.Infection,binary,Procalcitonin,binary,0.1746,0.17841115918471498,61,WEAK,Positive,False
Any.Fungal.Infection,binary,Mortality.in.ICU,binary,0.1746,0.17841115918471498,61,WEAK,Positive,False
Endoscopy.in.1.week,binary,Polymyxin.Colistin.Inclusion.T,binary,0.1746,0.17478026693788737,62,WEAK,Positive,False
CAP.CRO,binary,Polymyxin.Colistin.Inclusion.T,binary,0.1746,0.17478026693788737,62,WEAK,Positive,False
Doxycycline,continuous,Mortality.in.ICU,binary,-0.1744,0.17517678393566322,62,WEAK,Negative,False
Total.Protein,binary,Fosfomycin,continuous,-0.1744,0.17510150666160218,62,WEAK,Negative,False
Albumin,binary,GW.Stay.in.28.Days,continuous,-0.1743,0.17541294909274963,62,WEAK,Negative,False
Weight,continuous,Magnesium,binary,0.1743,0.1754080574223092,62,WEAK,Positive,False
SGPT,binary,Trimethoprim.Sulfamethoxazole,continuous,-0.1742,0.17562102202113003,62,WEAK,Negative,False
OXA48,binary,Lympho,binary,0.174,0.1761722285312023,62,WEAK,Positive,False
SGPT,binary,Neither.Abx.T,ordinal,0.174,0.1761722285312023,62,WEAK,Positive,False
Other.NCRO,binary,Ceftazidime.Avibactam.Aztreonam.Synergy.T,continuous,0.1739,0.17656487027244244,62,WEAK,Positive,False
CV.Catheter.Now,binary,Ceftazidime.Avibactam.Aztreonam.Synergy.T,continuous,-0.1739,0.17656487027244244,62,WEAK,Negative,False
ABSSSI.CRO,binary,Ceftazidime.Avibactam.Aztreonam.Synergy.T,continuous,0.1739,0.17656487027244244,62,WEAK,Positive,False
Ertapenem,continuous,Polymyxin.Colistin.Inclusion.T,binary,0.1735,0.17743981780039148,62,WEAK,Positive,False
HAP.CRO,binary,Amikacin,continuous,-0.1734,0.1778379377247568,62,WEAK,Negative,False
Any.Viral.Infection,binary,Potassium,binary,-0.1733,0.17799617491983755,62,WEAK,Negative,False
Any.Viral.Infection,binary,Hemat.Malignancy,binary,0.1733,0.17804644120479332,62,WEAK,Positive,False
SGOT,binary,Cefoxitin,continuous,0.1732,0.1783133376576322,62,WEAK,Positive,False
P.C.Z.A.E,ordinal,ICU.Stay.in.28.Days,continuous,0.1732,0.17828071052817618,62,WEAK,Positive,False
SGOT,binary,Cefotaxime,continuous,0.1732,0.1783133376576322,62,WEAK,Positive,False
SGOT,binary,Aztreonam,continuous,0.1731,0.17843381535727784,62,WEAK,Positive,False
Hospitalization.in.past.6.Months,binary,Surgery.in.last.3.Months,binary,0.1731,0.1783988596888608,62,WEAK,Positive,False
Hospitalization.in.past.6.Months,binary,Creatinine,binary,-0.1731,0.1783988596888608,62,WEAK,Negative,False
Hospitalization.in.past.6.Months,binary,Urea,binary,-0.1731,0.1783988596888608,62,WEAK,Negative,False
Height,continuous,Hemat.Malignancy,binary,0.1728,0.1791677024586532,62,WEAK,Positive,False
Age,continuous,Weight,continuous,0.1727,0.17950270975722818,62,WEAK,Positive,False
KPC,binary,Magnesium,binary,0.1726,0.17964702654141965,62,WEAK,Positive,False
INR,binary,Magnesium,binary,-0.1726,0.17964702654141965,62,WEAK,Negative,False
KPC,binary,Calcium,binary,-0.1726,0.17964702654141965,62,WEAK,Negative,False
CKD,binary,DM,binary,0.1726,0.17964702654141965,62,WEAK,Positive,False
Calcium,binary,Imipenem,continuous,0.1726,0.17964702654141965,62,WEAK,Positive,False
Calcium,binary,Piperacillin.Tazobactam,continuous,0.1726,0.17964702654141965,62,WEAK,Positive,False
Calcium,binary,Carbapenemase,binary,0.1726,0.17964702654141965,62,WEAK,Positive,False
ABSSSI.CRO,binary,Magnesium,binary,0.1726,0.17964702654141965,62,WEAK,Positive,False
CKD,binary,Magnesium,binary,0.1726,0.17964702654141965,62,WEAK,Positive,False
Calcium,binary,Meropenem,continuous,0.1726,0.17964702654141965,62,WEAK,Positive,False
Calcium,binary,Cefepime,continuous,0.1726,0.17964702654141965,62,WEAK,Positive,False
KPC,binary,Sodium,binary,-0.1726,0.17964702654141965,62,WEAK,Negative,False
Doxycycline,continuous,Ceftazidime.Avibactam.T,binary,-0.1726,0.17964079467650218,62,WEAK,Negative,False
Other.NCRO,binary,Calcium,binary,-0.1726,0.17964702654141965,62,WEAK,Negative,False
INR,binary,Sodium,binary,0.1726,0.17964702654141965,62,WEAK,Positive,False
INR,binary,Z.A.only.T,ordinal,-0.1726,0.17964702654141965,62,WEAK,Negative,False
VAP.CRO,binary,Calcium,binary,-0.1726,0.17964702654141965,62,WEAK,Negative,False
VAP.CRO,binary,Z.A.only.T,ordinal,0.1726,0.17964702654141965,62,WEAK,Positive,False
INR,binary,Calcium,binary,0.1726,0.17964702654141965,62,WEAK,Positive,False
CV.Catheter.Now,binary,Magnesium,binary,-0.1726,0.17964702654141965,62,WEAK,Negative,False
CKD,binary,Z.A.only.T,ordinal,0.1726,0.17964702654141965,62,WEAK,Positive,False
CV.Catheter.Now,binary,Z.A.only.T,ordinal,-0.1726,0.17964702654141965,62,WEAK,Negative,False
Dialysis.in.1.week,binary,Any.Fungal.Infection,binary,0.1725,0.1837610410322871,61,WEAK,Positive,False
ALP,binary,GW.Stay.in.28.Days,continuous,-0.1724,0.18015434296743604,62,WEAK,Negative,False
Endoscopy.in.1.week,binary,GW.Stay.in.28.Days,continuous,-0.1723,0.18050249439805477,62,WEAK,Negative,False
ANC,binary,Tigecycline,continuous,-0.1722,0.18074137978748506,62,WEAK,Negative,False
Ceftazidime.Avibactam.T,binary,Mortality.post.28.Day.Discharge,binary,-0.1722,0.18074015892870612,62,WEAK,Negative,False
Endoscopy.in.1.week,binary,ANC,binary,-0.1722,0.18074015892870612,62,WEAK,Negative,False
COPD,binary,Solid.Organ,binary,-0.1722,0.18074015892870612,62,WEAK,Negative,False
Ceftazidime.Avibactam.T,binary,Relapse.post.28.Day.Discharge,binary,-0.1722,0.18074015892870612,62,WEAK,Negative,False
Past.CREPA.infection,continuous,Ceftazidime.Avibactam.Aztreonam.Synergy.T,continuous,-0.1721,0.1809857533014833,62,WEAK,Negative,False
Calcium,binary,Chloramphenicol,continuous,0.1719,0.1815841223675447,62,WEAK,Positive,False
Creatinine,binary,Sodium,binary,0.1719,0.18155446801030486,62,WEAK,Positive,False
Z.A.only.T,ordinal,Chloramphenicol,continuous,-0.1719,0.1815841223675447,62,WEAK,Negative,False
DM,binary,Creatinine,binary,-0.1719,0.18155446801030486,62,WEAK,Negative,False
Surgery.in.last.3.Months,binary,Calcium,binary,-0.1719,0.18155446801030486,62,WEAK,Negative,False
Age,continuous,ALP,binary,-0.1718,0.18179267535730098,62,WEAK,Negative,False
Gentamicin,continuous,Overall.Mortality,binary,0.1718,0.18173308977138714,62,WEAK,Positive,False
SOFA,continuous,P.C.only.T,ordinal,-0.1717,0.18212745961227483,62,WEAK,Negative,False
Minocycline,continuous,Nitrofurantoin,continuous,-0.1716,0.18241402157468461,62,WEAK,Negative,False
Magnesium,binary,Trimethoprim.Sulfamethoxazole,continuous,-0.1715,0.18263313506061146,62,WEAK,Negative,False
Weight,continuous,Colistin,continuous,-0.1715,0.18263131206521713,62,WEAK,Negative,False
Platelet,binary,Minocycline,continuous,0.1714,0.18288998054262107,62,WEAK,Positive,False
CV.Catheter.in.6.Months,binary,Minocycline,continuous,-0.1713,0.18298841565895518,62,WEAK,Negative,False
HTN,binary,GW.Stay.in.28.Days,continuous,-0.1713,0.18322576873065824,62,WEAK,Negative,False
Globulin,binary,Mortality.in.Hospital,binary,0.1712,0.18328270957938098,62,WEAK,Positive,False
Potassium,binary,Mortality.in.Hospital,binary,-0.1712,0.18328270957938098,62,WEAK,Negative,False
SOFA,continuous,Bil,binary,0.1712,0.1833835048768025,62,WEAK,Positive,False
P.C.in.vitro,binary,Any.Fungal.Infection,binary,0.1712,0.18704745913445206,61,WEAK,Positive,False
P.C.in.vitro,binary,Urinary.Catheter.in.6.Months,binary,-0.1712,0.18328270957938106,62,WEAK,Negative,False
P.C.in.vitro,binary,Potassium,binary,-0.1712,0.18328270957938106,62,WEAK,Negative,False
BSI.CRO,binary,Ventilation,binary,-0.1711,0.18367172038574622,62,WEAK,Negative,False
Weight,continuous,CV.Catheter.in.6.Months,binary,0.1711,0.18358872661474995,62,WEAK,Positive,False
ALP,binary,Ceftazidime,continuous,-0.1711,0.18355748154827672,62,WEAK,Negative,False
Height,continuous,Ventilation,binary,-0.1709,0.18412021276529317,62,WEAK,Negative,False
Ciprofloxacin,continuous,Polymyxin.Colistin.Inclusion.T,binary,0.1709,0.1842395939066275,62,WEAK,Positive,False
OXA48,binary,Gentamicin,continuous,0.1706,0.18498333861905505,62,WEAK,Positive,False
Age,continuous,ANC,binary,-0.1705,0.1851980864868774,62,WEAK,Negative,False
Hemat.Malignancy,binary,Ceftazidime.Avibactam,binary,-0.1705,0.18519716235217437,62,WEAK,Negative,False
Male,binary,APACHEII,continuous,-0.1704,0.18550978142152733,62,WEAK,Negative,False
Female,binary,APACHEII,continuous,0.1704,0.18550978142152733,62,WEAK,Positive,False
Chloramphenicol,continuous,Other.Illness.Leading.to.Hospitalization.post.28.Days.Discharge,binary,0.1703,0.18561763833616718,62,WEAK,Positive,False
Inotropes,binary,Urea,binary,0.1702,0.18599941265562323,62,WEAK,Positive,False
Inotropes,binary,Bil,binary,-0.1702,0.18599941265562323,62,WEAK,Negative,False
Inotropes,binary,Creatinine,binary,0.1702,0.18599941265562323,62,WEAK,Positive,False
P.C.in.vitro,binary,Fosfomycin,continuous,-0.1701,0.18620628094948494,62,WEAK,Negative,False
Sodium,binary,Doxycycline,continuous,-0.1697,0.18722245573794888,62,WEAK,Negative,False
Tigecycline,continuous,ICU.Stay.in.28.Days,continuous,-0.1693,0.1883732801693096,62,WEAK,Negative,False
Platelet,binary,Gentamicin,continuous,0.1692,0.18870256589047768,62,WEAK,Positive,False
Hb,binary,Total.Hospital.Stay.in.28.Days,continuous,0.1691,0.1888096639467331,62,WEAK,Positive,False
Height,continuous,SGOT,binary,-0.169,0.18918661064498238,62,WEAK,Negative,False
Age,continuous,UTI.CRO,binary,0.1689,0.18944191108435865,62,WEAK,Positive,False
HTN,binary,Overall.Mortality,binary,-0.1688,0.1897099838124895,62,WEAK,Negative,False
Albumin,binary,Mortality.in.Hospital,binary,0.1688,0.1897099838124895,62,WEAK,Positive,False
OXA48,binary,P.C.Z.A.T,ordinal,0.1688,0.1897099838124895,62,WEAK,Positive,False
HTN,binary,Platelet,binary,0.1688,0.1897099838124895,62,WEAK,Positive,False
Neither.Abx.T,ordinal,Mortality.in.Hospital,binary,-0.1688,0.1897099838124895,62,WEAK,Negative,False
OXA48,binary,Mortality.in.Hospital,binary,0.1688,0.1897099838124895,62,WEAK,Positive,False
Calcium,binary,Colistin,continuous,0.1687,0.1899951155244233,62,WEAK,Positive,False
Hypothyroidism,binary,P.C.Z.A.E,ordinal,-0.1686,0.19021833492052234,62,WEAK,Negative,False
Dialysis.in.1.week,binary,Total.Protein,binary,0.1686,0.19021833492052234,62,WEAK,Positive,False
Hypothyroidism,binary,IAI.CRO,binary,-0.1686,0.19021833492052234,62,WEAK,Negative,False
IAI.CRO,binary,Hemat.Malignancy,binary,-0.1686,0.19021833492052234,62,WEAK,Negative,False
Hemat.Malignancy,binary,P.C.only.T,ordinal,-0.1686,0.19021833492052234,62,WEAK,Negative,False
Z.A.invitro,binary,Aztreonam,continuous,0.1685,0.19041182671665566,62,WEAK,Positive,False
P.C.Z.A.T,ordinal,Nitrofurantoin,continuous,-0.1685,0.1905309546033001,62,WEAK,Negative,False
Ceftazidime,continuous,GW.Stay.in.28.Days,continuous,-0.1684,0.19082969009432577,62,WEAK,Negative,False
Bil,binary,Mortality.in.Hospital,binary,-0.1684,0.1906288211236557,62,WEAK,Negative,False
P.C.in.vitro,binary,Urea,binary,0.1684,0.1906288211236557,62,WEAK,Positive,False
HTN,binary,Z.A.only.E,ordinal,-0.1682,0.19118256089396296,62,WEAK,Negative,False
Hospitalization.in.past.6.Months,binary,Neutropenia,binary,0.1682,0.19118256089396296,62,WEAK,Positive,False
HTN,binary,Other.Illness.Leading.to.Hospitalization.post.28.Days.Discharge,binary,-0.1682,0.19118256089396296,62,WEAK,Negative,False
HTN,binary,Neutropenia,binary,-0.1682,0.19118256089396296,62,WEAK,Negative,False
NDM,binary,Procalcitonin,binary,0.1681,0.1914601193221208,62,WEAK,Positive,False
P.C.in.vitro,binary,Cefuroxime,continuous,-0.1681,0.1914601193221208,62,WEAK,Negative,False
P.C.in.vitro,binary,Amoxicillin.Clavulanic.Acid,continuous,-0.1681,0.1914601193221208,62,WEAK,Negative,False
Cefoperazone.Sulbactam,continuous,Mortality.in.Hospital,binary,-0.1681,0.1914601193221208,62,WEAK,Negative,False
HAP.CRO,binary,CAP.CRO,binary,-0.168,0.19190744078931235,62,WEAK,Negative,False
CV.Catheter.in.6.Months,binary,Calcium,binary,0.1679,0.1919766521249811,62,WEAK,Positive,False
UTI.CRO,binary,Magnesium,binary,-0.1679,0.1919766521249811,62,WEAK,Negative,False
UTI.CRO,binary,Sodium,binary,0.1679,0.1919766521249811,62,WEAK,Positive,False
UTI.CRO,binary,SGOT,binary,0.1678,0.19248546141026285,62,WEAK,Positive,False
COPD,binary,ICU.Stay.in.28.Days,continuous,0.1678,0.19225935605150485,62,WEAK,Positive,False
Immunosuppressive.drugs.in.1.week,binary,Chloramphenicol,continuous,0.1677,0.1927410092100651,62,WEAK,Positive,False
NDM,binary,TLC,binary,0.1677,0.19274888418597624,62,WEAK,Positive,False
TLC,binary,Platelet,binary,0.1677,0.19274888418597624,62,WEAK,Positive,False
Platelet,binary,P.C.only.T,ordinal,0.1676,0.19284816650122355,62,WEAK,Positive,False
Ventilation,binary,P.C.Z.A.E,ordinal,0.1676,0.19284816650122355,62,WEAK,Positive,False
NDM,binary,P.C.Z.A.E,ordinal,0.1676,0.19284816650122355,62,WEAK,Positive,False
Dialysis.in.1.week,binary,Platelet,binary,0.1676,0.19284816650122358,62,WEAK,Positive,False
IAI.CRO,binary,Overall.Mortality,binary,-0.1676,0.19284816650122358,62,WEAK,Negative,False
Dialysis.in.1.week,binary,Ventilation,binary,0.1676,0.19284816650122358,62,WEAK,Positive,False
P.C.only.T,ordinal,Overall.Mortality,binary,-0.1676,0.19284816650122358,62,WEAK,Negative,False
Ciprofloxacin,continuous,Doxycycline,continuous,-0.1675,0.19310348957779885,62,WEAK,Negative,False
Doxycycline,continuous,Ertapenem,continuous,-0.1675,0.19306236341464725,62,WEAK,Negative,False
Age,continuous,Lympho,binary,-0.1674,0.19343964401355743,62,WEAK,Negative,False
Magnesium,binary,Aztreonam,continuous,0.1672,0.19401655591415878,62,WEAK,Positive,False
Magnesium,binary,Ciprofloxacin,continuous,0.1672,0.1940577404058362,62,WEAK,Positive,False
DM,binary,Aztreonam,continuous,0.1672,0.19401655591415878,62,WEAK,Positive,False
Magnesium,binary,Ertapenem,continuous,0.1672,0.19401655591415878,62,WEAK,Positive,False
Magnesium,binary,Cefotaxime,continuous,0.1672,0.19389297245368714,62,WEAK,Positive,False
Z.A.only.T,ordinal,Aztreonam,continuous,0.1672,0.19401655591415878,62,WEAK,Positive,False
APACHEII,continuous,P.C.Z.A.T,ordinal,0.167,0.19439744638848638,62,WEAK,Positive,False
Procalcitonin,binary,Total.Hospital.Stay.in.28.Days,continuous,0.1669,0.19479438241094618,62,WEAK,Positive,False
Any.Viral.Infection,binary,Lympho,binary,-0.1668,0.1950703047139189,62,WEAK,Negative,False
CKD,binary,SGOT,binary,0.1667,0.1952608088594041,62,WEAK,Positive,False
SOFA,continuous,P.C.only.E,ordinal,-0.1667,0.19520046035613406,62,WEAK,Negative,False
ABSSSI.CRO,binary,SGOT,binary,0.1667,0.1952608088594041,62,WEAK,Positive,False
Other.CRO,binary,Neither.Abx.T,ordinal,0.1667,0.1952261684982348,62,WEAK,Positive,False
Polymyxin.Colistin.Inclusion.T,binary,GW.Stay.in.28.Days,continuous,-0.1667,0.19539473325875095,62,WEAK,Negative,False
Inotropes,binary,Mortality.post.28.Day.Discharge,binary,-0.1666,0.19564561060593186,62,WEAK,Negative,False
Male,binary,Endoscopy.in.1.week,binary,-0.1666,0.19564561060593186,62,WEAK,Negative,False
Male,binary,Hb,binary,0.1666,0.19564561060593186,62,WEAK,Positive,False
Female,binary,Hb,binary,-0.1666,0.19564561060593186,62,WEAK,Negative,False
Female,binary,Endoscopy.in.1.week,binary,0.1666,0.19564561060593186,62,WEAK,Positive,False
Dialysis.in.1.week,binary,Minocycline,continuous,0.1665,0.19598738728657839,62,WEAK,Positive,False
Z.A.invitro,binary,Ciprofloxacin,continuous,0.1659,0.197463385413542,62,WEAK,Positive,False
P.C.only.E,ordinal,Gentamicin,continuous,0.1659,0.19746116219592008,62,WEAK,Positive,False
Globulin,binary,P.C.Z.A.E,ordinal,-0.1657,0.19810887467991872,62,WEAK,Negative,False
Dialysis.in.1.week,binary,Potassium,binary,0.1657,0.19810887467991886,62,WEAK,Positive,False
UTI.CRO,binary,Other.CRO,binary,-0.1657,0.19810887467991872,62,WEAK,Negative,False
CV.Catheter.in.6.Months,binary,Neither.Abx.E,ordinal,-0.1657,0.19810887467991872,62,WEAK,Negative,False
Other.CRO,binary,CV.Catheter.in.6.Months,binary,-0.1657,0.19810887467991872,62,WEAK,Negative,False
Ventilation,binary,Lympho,binary,-0.1655,0.19859820195406408,62,WEAK,Negative,False
NDM,binary,Immunosuppressive.drugs.in.1.week,binary,-0.1655,0.19859820195406408,62,WEAK,Negative,False
P.C.in.vitro,binary,Mortality.in.Hospital,binary,0.1654,0.19893036188838747,62,WEAK,Positive,False
Z.A.only.T,ordinal,Neither.Abx.T,ordinal,-0.1654,0.19517217198093623,63,WEAK,Negative,False
Chloramphenicol,continuous,Fosfomycin,continuous,0.1653,0.1991465644677161,62,WEAK,Positive,False
Magnesium,binary,Ceftazidime.Avibactam,binary,0.1651,0.19968519337862198,62,WEAK,Positive,False
APACHEII,continuous,Fosfomycin,continuous,0.165,0.19988980466101977,62,WEAK,Positive,False
Other.CRO,binary,Amikacin,continuous,0.165,0.19986983275362233,62,WEAK,Positive,False
Any.Viral.Infection,binary,Tigecycline,continuous,-0.1647,0.20079632148111493,62,WEAK,Negative,False
Past.CREPA.infection,continuous,P.C.only.E,ordinal,0.1646,0.2009953040631819,62,WEAK,Positive,False
HAP.CRO,binary,Globulin,binary,-0.1644,0.20153402737717654,62,WEAK,Negative,False
P.C.in.vitro,binary,Ceftazidime,continuous,-0.1641,0.20246434266007796,62,WEAK,Negative,False
Ventilation,binary,P.C.only.T,ordinal,-0.1641,0.20262550201562235,62,WEAK,Negative,False
Urinary.Catheter.in.6.Months,binary,Minocycline,continuous,-0.1639,0.20313132336629833,62,WEAK,Negative,False
Calcium,binary,Ceftazidime.Avibactam.T,binary,0.1638,0.20319028071594186,62,WEAK,Positive,False
Female,binary,Urea,binary,0.1637,0.20352184978918636,62,WEAK,Positive,False
Male,binary,Urea,binary,-0.1637,0.20352184978918636,62,WEAK,Negative,False
HAP.CRO,binary,SGPT,binary,-0.1636,0.2039816998288174,62,WEAK,Negative,False
HAP.CRO,binary,Immunosuppressive.drugs.in.1.week,binary,0.1636,0.2039816998288174,62,WEAK,Positive,False
Weight,continuous,Cefoperazone.Sulbactam,continuous,0.1633,0.20472032260222797,62,WEAK,Positive,False
Neutropenia,binary,Mortality.post.28.Day.Discharge,binary,0.1633,0.20462779969207023,62,WEAK,Positive,False
IAI.CRO,binary,Any.Fungal.Infection,binary,-0.1633,0.20854938171326548,61,WEAK,Negative,False
Z.A.invitro,binary,Ertapenem,continuous,0.1633,0.20461436633685612,62,WEAK,Positive,False
COPD,binary,Neutropenia,binary,0.1633,0.20462779969207023,62,WEAK,Positive,False
Dialysis.in.1.week,binary,Chloramphenicol,continuous,0.1633,0.2045911650036463,62,WEAK,Positive,False
Hb,binary,Z.A.only.E,ordinal,-0.1633,0.20462779969207023,62,WEAK,Negative,False
Any.Fungal.Infection,binary,Trimethoprim.Sulfamethoxazole,continuous,0.1632,0.20899140622171877,61,WEAK,Positive,False
OXA48,binary,Trimethoprim.Sulfamethoxazole,continuous,0.1632,0.20510180965109598,62,WEAK,Positive,False
Neither.Abx.T,ordinal,Trimethoprim.Sulfamethoxazole,continuous,-0.1632,0.20510180965109598,62,WEAK,Negative,False
Inotropes,binary,Solid.Organ,binary,-0.1631,0.20519866355170982,62,WEAK,Negative,False
Height,continuous,Ceftazidime,continuous,0.1629,0.20576723252953133,62,WEAK,Positive,False
Z.A.invitro,binary,ALP,binary,-0.1628,0.20602978567034932,62,WEAK,Negative,False
Weight,continuous,Urinary.Catheter.in.6.Months,binary,0.1627,0.2064068499110152,62,WEAK,Positive,False
Z.A.invitro,binary,Albumin,binary,-0.1627,0.20646675148297863,62,WEAK,Negative,False
APACHEII,continuous,Levofloxacin,continuous,0.162,0.20826751312818645,62,WEAK,Positive,False
Age,continuous,Chloramphenicol,continuous,-0.1619,0.20876014253352998,62,WEAK,Negative,False
Past.CREPA.infection,continuous,Lympho,binary,0.1618,0.20888460352531973,62,WEAK,Positive,False
Nitrofurantoin,continuous,Overall.Mortality,binary,0.1617,0.2093104284299221,62,WEAK,Positive,False
Weight,continuous,Ceftazidime.Avibactam.T,binary,0.1617,0.20915290279892987,62,WEAK,Positive,False
Neither.Abx.T,ordinal,Ceftazidime.Avibactam,binary,0.1616,0.20957195501408668,62,WEAK,Positive,False
DM,binary,Other.CRO,binary,0.1615,0.20985074313964233,62,WEAK,Positive,False
Fosfomycin,continuous,Gentamicin,continuous,0.1615,0.2099256092473423,62,WEAK,Positive,False
Weight,continuous,SGOT,binary,-0.1615,0.20995743346001344,62,WEAK,Negative,False
Globulin,binary,Relapse.post.28.Day.Discharge,binary,0.1614,0.21008682699133316,62,WEAK,Positive,False
Urinary.Catheter.in.6.Months,binary,Mortality.post.28.Day.Discharge,binary,-0.1614,0.21008682699133316,62,WEAK,Negative,False
CAP.CRO,binary,Globulin,binary,0.1614,0.21008682699133316,62,WEAK,Positive,False
Urinary.Catheter.in.6.Months,binary,Endoscopy.in.1.week,binary,-0.1614,0.21008682699133316,62,WEAK,Negative,False
Potassium,binary,Mortality.post.28.Day.Discharge,binary,-0.1614,0.21008682699133316,62,WEAK,Negative,False
COPD,binary,Urinary.Catheter.in.6.Months,binary,-0.1614,0.21008682699133316,62,WEAK,Negative,False
Potassium,binary,Relapse.post.28.Day.Discharge,binary,-0.1614,0.21008682699133316,62,WEAK,Negative,False
Z.A.invitro,binary,Total.Hospital.Stay.in.28.Days,continuous,-0.1613,0.21028246281572843,62,WEAK,Negative,False
Bil,binary,Tigecycline,continuous,-0.1613,0.21049047564444845,62,WEAK,Negative,False
Z.A.only.T,ordinal,Doxycycline,continuous,0.1612,0.21081677957609055,62,WEAK,Positive,False
VAP.CRO,binary,Urea,binary,-0.1611,0.2109521048261904,62,WEAK,Negative,False
VAP.CRO,binary,Surgery.in.last.3.Months,binary,0.1611,0.2109521048261904,62,WEAK,Positive,False
Bil,binary,Imipenem,continuous,-0.1611,0.21095210482619028,62,WEAK,Negative,False
Bil,binary,Meropenem,continuous,-0.1611,0.21095210482619028,62,WEAK,Negative,False
Bil,binary,Cefepime,continuous,-0.1611,0.21095210482619028,62,WEAK,Negative,False
Bil,binary,Carbapenemase,binary,-0.1611,0.21095210482619028,62,WEAK,Negative,False
Bil,binary,Piperacillin.Tazobactam,continuous,-0.1611,0.21095210482619028,62,WEAK,Negative,False
Urea,binary,Piperacillin.Tazobactam,continuous,0.1611,0.21095210482619028,62,WEAK,Positive,False
Urea,binary,Meropenem,continuous,0.1611,0.21095210482619028,62,WEAK,Positive,False
Urea,binary,Imipenem,continuous,0.1611,0.21095210482619028,62,WEAK,Positive,False
Other.NCRO,binary,Bil,binary,0.1611,0.2109521048261904,62,WEAK,Positive,False
KPC,binary,Bil,binary,0.1611,0.2109521048261904,62,WEAK,Positive,False
Urea,binary,Cefepime,continuous,0.1611,0.21095210482619028,62,WEAK,Positive,False
Other.NCRO,binary,Surgery.in.last.3.Months,binary,0.1611,0.2109521048261904,62,WEAK,Positive,False
Urea,binary,Carbapenemase,binary,0.1611,0.21095210482619028,62,WEAK,Positive,False
Neither.Abx.T,ordinal,Colistin,continuous,0.1611,0.21092549425323753,62,WEAK,Positive,False
HTN,binary,Globulin,binary,0.161,0.2111741784498413,62,WEAK,Positive,False
Cefotaxime,continuous,Ceftazidime.Avibactam.Aztreonam.Synergy.T,continuous,0.1607,0.21198646290187867,62,WEAK,Positive,False
Ertapenem,continuous,Ceftazidime.Avibactam.Aztreonam.Synergy.T,continuous,0.1607,0.2121130234047869,62,WEAK,Positive,False
SGPT,binary,Colistin,continuous,0.1607,0.2120385244752921,62,WEAK,Positive,False
Cefoxitin,continuous,Ceftazidime.Avibactam.Aztreonam.Synergy.T,continuous,0.1607,0.21198646290187867,62,WEAK,Positive,False
Platelet,binary,Mortality.in.Hospital,binary,-0.1605,0.21259668582372848,62,WEAK,Negative,False
Weight,continuous,UTI.CRO,binary,-0.1605,0.21271938336451118,62,WEAK,Negative,False
P.C.Z.A.T,ordinal,Overall.Mortality,binary,0.1605,0.21259668582372848,62,WEAK,Positive,False
NDM,binary,GW.Stay.in.28.Days,continuous,0.1604,0.2130430534486147,62,WEAK,Positive,False
NDM,binary,Albumin,binary,0.1604,0.21297880027293886,62,WEAK,Positive,False
P.C.only.T,ordinal,Mortality.in.ICU,binary,-0.1604,0.2131209319015861,62,WEAK,Negative,False
OXA48,binary,Platelet,binary,0.1604,0.212978800272939,62,WEAK,Positive,False
Z.A.invitro,binary,Hospitalization.in.past.6.Months,binary,0.1604,0.21312093190158612,62,WEAK,Positive,False
Procalcitonin,binary,P.C.only.T,ordinal,-0.1604,0.2131209319015861,62,WEAK,Negative,False
Procalcitonin,binary,P.C.Z.A.E,ordinal,-0.1604,0.2131209319015861,62,WEAK,Negative,False
IAI.CRO,binary,Procalcitonin,binary,-0.1604,0.2131209319015861,62,WEAK,Negative,False
Total.Protein,binary,Creatinine,binary,0.1601,0.21396959866801246,62,WEAK,Positive,False
Total.Protein,binary,Urea,binary,0.1601,0.21396959866801246,62,WEAK,Positive,False
Neutropenia,binary,Ceftazidime.Avibactam.T,binary,0.16,0.21429209009056577,62,WEAK,Positive,False
ANC,binary,Z.A.only.E,ordinal,0.16,0.21429209009056563,62,WEAK,Positive,False
Solid.Organ,binary,Other.Illness.Leading.to.Hospitalization.post.28.Days.Discharge,binary,0.16,0.21429209009056563,62,WEAK,Positive,False
Ventilation,binary,Fosfomycin,continuous,-0.16,0.21414030422315217,62,WEAK,Negative,False
Z.A.only.E,ordinal,Ceftazidime.Avibactam.T,binary,0.16,0.21429209009056577,62,WEAK,Positive,False
Solid.Organ,binary,Z.A.only.E,ordinal,0.16,0.21429209009056563,62,WEAK,Positive,False
Neutropenia,binary,ANC,binary,0.16,0.21429209009056577,62,WEAK,Positive,False
Height,continuous,Solid.Organ,binary,-0.1596,0.21519447754000087,62,WEAK,Negative,False
Height,continuous,Hypothyroidism,binary,-0.1595,0.2154987647486127,62,WEAK,Negative,False
BSI.CRO,binary,SOFA,continuous,0.1595,0.21561508020792783,62,WEAK,Positive,False
Female,binary,Z.A.invitro,binary,-0.1594,0.21595938154801236,62,WEAK,Negative,False
Male,binary,Z.A.invitro,binary,0.1594,0.21595938154801236,62,WEAK,Positive,False
Height,continuous,Calcium,binary,0.1593,0.21619206190159707,62,WEAK,Positive,False
SGOT,binary,Overall.Mortality,binary,0.1593,0.21608157910350795,62,WEAK,Positive,False
Age,continuous,Nitrofurantoin,continuous,0.1592,0.2164933045759861,62,WEAK,Positive,False
ANC,binary,Amikacin,continuous,0.159,0.21708669522554225,62,WEAK,Positive,False
ALP,binary,Z.A.only.E,ordinal,0.1589,0.217281010980143,62,WEAK,Positive,False
HTN,binary,Z.A.only.T,ordinal,0.1588,0.21752107077977656,62,WEAK,Positive,False
Globulin,binary,Clinical.Improvement,continuous,-0.1587,0.21799569422329226,62,WEAK,Negative,False
Solid.Organ,binary,Calcium,binary,-0.1586,0.21810277915719345,62,WEAK,Negative,False
Overall.organ.support,binary,P.C.Z.A.T,ordinal,0.1584,0.21879905764571153,62,WEAK,Positive,False
SOFA,continuous,Fosfomycin,continuous,0.1584,0.2187797315255844,62,WEAK,Positive,False
CV.Catheter.Now,binary,ICU.Stay.in.28.Days,continuous,0.1583,0.21923764424629993,62,WEAK,Positive,False
INR,binary,ICU.Stay.in.28.Days,continuous,0.1583,0.21923764424629993,62,WEAK,Positive,False
HTN,binary,Surgery.in.last.3.Months,binary,0.1582,0.21950493929601742,62,WEAK,Positive,False
HAP.CRO,binary,Trimethoprim.Sulfamethoxazole,continuous,0.1582,0.2195217907827272,62,WEAK,Positive,False
Hospitalization.in.past.6.Months,binary,Overall.Mortality,binary,-0.1582,0.21930172590009314,62,WEAK,Negative,False
Urinary.Catheter.in.6.Months,binary,Immunosuppressive.drugs.in.1.week,binary,-0.1581,0.21969699559964206,62,WEAK,Negative,False
Immunosuppressive.drugs.in.1.week,binary,Potassium,binary,-0.1581,0.21969699559964206,62,WEAK,Negative,False
Lympho,binary,Potassium,binary,-0.1581,0.21969699559964206,62,WEAK,Negative,False
Past.CREPA.infection,continuous,TLC,binary,-0.1581,0.21963922576531278,62,WEAK,Negative,False
Urinary.Catheter.in.6.Months,binary,TLC,binary,-0.1581,0.21969699559964206,62,WEAK,Negative,False
CV.Catheter.in.6.Months,binary,Levofloxacin,continuous,-0.158,0.22001600729581208,62,WEAK,Negative,False
CV.Catheter.in.6.Months,binary,Ceftazidime,continuous,-0.158,0.22001600729581208,62,WEAK,Negative,False
Height,continuous,COPD,binary,-0.1579,0.22036972559401777,62,WEAK,Negative,False
SGPT,binary,P.C.only.T,ordinal,-0.1578,0.2204585010615832,62,WEAK,Negative,False
Lympho,binary,P.C.Z.A.E,ordinal,0.1578,0.2204585010615832,62,WEAK,Positive,False
CV.Catheter.Now,binary,Total.Hospital.Stay.in.28.Days,continuous,-0.1577,0.2207608530860446,62,WEAK,Negative,False
SOFA,continuous,Colistin,continuous,0.1576,0.22117367526669227,62,WEAK,Positive,False
SOFA,continuous,Magnesium,binary,0.1572,0.22229281899417694,62,WEAK,Positive,False
KPC,binary,GW.Stay.in.28.Days,continuous,0.1571,0.22279545048730748,62,WEAK,Positive,False
VAP.CRO,binary,GW.Stay.in.28.Days,continuous,0.1571,0.22279545048730748,62,WEAK,Positive,False
Procalcitonin,binary,Colistin,continuous,0.1571,0.2225581107552606,62,WEAK,Positive,False
Doxycycline,continuous,Ceftazidime.Avibactam.Aztreonam.Synergy.T,continuous,-0.157,0.22307421906609082,62,WEAK,Negative,False
Height,continuous,Ciprofloxacin,continuous,0.1569,0.22329023605058163,62,WEAK,Positive,False
Immunosuppressive.drugs.in.1.week,binary,Creatinine,binary,0.1568,0.2236361126068265,62,WEAK,Positive,False
IAI.CRO,binary,Clinical.Improvement,continuous,0.1568,0.22371484066478847,62,WEAK,Positive,False
Immunosuppressive.drugs.in.1.week,binary,Urea,binary,0.1568,0.2236361126068265,62,WEAK,Positive,False
Surgery.in.last.3.Months,binary,SGPT,binary,0.1568,0.2236361126068265,62,WEAK,Positive,False
TLC,binary,Creatinine,binary,0.1568,0.2236361126068265,62,WEAK,Positive,False
Urinary.Catheter.in.6.Months,binary,Procalcitonin,binary,0.1565,0.22460248528754373,62,WEAK,Positive,False
Neither.Abx.E,ordinal,Mortality.in.Hospital,binary,-0.1564,0.22463870783193707,62,WEAK,Negative,False
Other.CRO,binary,P.C.Z.A.T,ordinal,-0.1564,0.22463870783193707,62,WEAK,Negative,False
CAP.CRO,binary,Total.Hospital.Stay.in.28.Days,continuous,-0.1563,0.22519818572911784,62,WEAK,Negative,False
OXA48,binary,Tigecycline,continuous,0.1562,0.22533798096213803,62,WEAK,Positive,False
ANC,binary,ICU.Stay.in.28.Days,continuous,0.1561,0.22582658273603928,62,WEAK,Positive,False
P.C.Z.A.T,ordinal,Doxycycline,continuous,-0.1561,0.2256202168598677,62,WEAK,Negative,False
Height,continuous,Neither.Abx.T,ordinal,-0.1561,0.2258061504560119,62,WEAK,Negative,False
P.C.in.vitro,binary,Doxycycline,continuous,-0.1561,0.2256202168598677,62,WEAK,Negative,False
Urinary.Catheter.in.6.Months,binary,Overall.Mortality,binary,-0.156,0.22600202412717418,62,WEAK,Negative,False
Globulin,binary,Overall.Mortality,binary,0.156,0.22600202412717418,62,WEAK,Positive,False
Tigecycline,continuous,Nitrofurantoin,continuous,-0.1559,0.22619596167835174,62,WEAK,Negative,False
CKD,binary,Immunosuppressive.drugs.in.1.week,binary,-0.1558,0.22669408388400691,62,WEAK,Negative,False
KPC,binary,Lympho,binary,-0.1558,0.22669408388400691,62,WEAK,Negative,False
Age,continuous,Urinary.Catheter.in.6.Months,binary,-0.1558,0.22672106770700728,62,WEAK,Negative,False
KPC,binary,TLC,binary,-0.1558,0.22669408388400691,62,WEAK,Negative,False
KPC,binary,SGPT,binary,0.1558,0.22669408388400691,62,WEAK,Positive,False
CKD,binary,SGPT,binary,0.1558,0.22669408388400691,62,WEAK,Positive,False
ABSSSI.CRO,binary,Immunosuppressive.drugs.in.1.week,binary,-0.1558,0.22669408388400691,62,WEAK,Negative,False
Immunosuppressive.drugs.in.1.week,binary,INR,binary,0.1558,0.2266940838840068,62,WEAK,Positive,False
Lympho,binary,INR,binary,0.1558,0.2266940838840068,62,WEAK,Positive,False
ABSSSI.CRO,binary,SGPT,binary,0.1558,0.22669408388400691,62,WEAK,Positive,False
VAP.CRO,binary,TLC,binary,-0.1558,0.22669408388400691,62,WEAK,Negative,False
CV.Catheter.Now,binary,SGPT,binary,-0.1558,0.22669408388400691,62,WEAK,Negative,False
CV.Catheter.Now,binary,Lympho,binary,0.1558,0.22669408388400691,62,WEAK,Positive,False
CV.Catheter.Now,binary,Immunosuppressive.drugs.in.1.week,binary,0.1558,0.22669408388400691,62,WEAK,Positive,False
CV.Catheter.Now,binary,TLC,binary,0.1558,0.22669408388400691,62,WEAK,Positive,False
Bil,binary,Urea,binary,0.1557,0.226880811571431,62,WEAK,Positive,False
P.C.only.E,ordinal,Aztreonam,continuous,0.1556,0.2273002527132366,62,WEAK,Positive,False
P.C.only.E,ordinal,Ertapenem,continuous,0.1556,0.2273002527132366,62,WEAK,Positive,False
P.C.only.E,ordinal,Cefotaxime,continuous,0.1556,0.2271716679009806,62,WEAK,Positive,False
COPD,binary,Clinical.Improvement,continuous,0.1555,0.22755973704426904,62,WEAK,Positive,False
P.C.only.E,ordinal,Ciprofloxacin,continuous,0.1555,0.22734310212693928,62,WEAK,Positive,False
NDM,binary,Cefoperazone.Sulbactam,continuous,-0.1552,0.22852681470535757,62,WEAK,Negative,False
Ventilation,binary,Cefuroxime,continuous,-0.1552,0.22852681470535757,62,WEAK,Negative,False
Ventilation,binary,Amoxicillin.Clavulanic.Acid,continuous,-0.1552,0.22852681470535757,62,WEAK,Negative,False
Levofloxacin,continuous,Overall.Mortality,binary,0.1551,0.228590121609646,62,WEAK,Positive,False
UTI.CRO,binary,Minocycline,continuous,-0.1551,0.22873810127112143,62,WEAK,Negative,False
Height,continuous,Total.Protein,binary,-0.1551,0.22868547880131415,62,WEAK,Negative,False
Male,binary,Clinical.Improvement,continuous,0.1551,0.22870494842224426,62,WEAK,Positive,False
NDM,binary,Levofloxacin,continuous,-0.1551,0.228590121609646,62,WEAK,Negative,False
Female,binary,Clinical.Improvement,continuous,-0.1551,0.22870494842224426,62,WEAK,Negative,False
Bil,binary,Ceftazidime.Avibactam.Aztreonam.Synergy.T,continuous,-0.1551,0.22863148129043165,62,WEAK,Negative,False
Hemat.Malignancy,binary,Chloramphenicol,continuous,0.155,0.22885743804406014,62,WEAK,Positive,False
HAP.CRO,binary,Total.Protein,binary,0.1549,0.22941052020328523,62,WEAK,Positive,False
COPD,binary,Overall.organ.support,binary,0.1549,0.22937068683343542,62,WEAK,Positive,False
Other.NCRO,binary,Any.Fungal.Infection,binary,0.1549,0.23320615447029627,61,WEAK,Positive,False
CKD,binary,Any.Fungal.Infection,binary,0.1549,0.23320615447029627,61,WEAK,Positive,False
CAP.CRO,binary,BSI.CRO,binary,-0.1549,0.22937068683343542,62,WEAK,Negative,False
Neutropenia,binary,Mortality.in.ICU,binary,0.1548,0.22971283199375497,62,WEAK,Positive,False
Endoscopy.in.1.week,binary,APACHEII,continuous,-0.1545,0.230638610995192,62,WEAK,Negative,False
Sodium,binary,Z.A.only.T,ordinal,-0.1545,0.23039240840825842,62,WEAK,Negative,False
DM,binary,Sodium,binary,-0.1545,0.23039240840825842,62,WEAK,Negative,False
APACHEII,continuous,Ceftazidime,continuous,0.1545,0.23052155543219313,62,WEAK,Positive,False
Chloramphenicol,continuous,Trimethoprim.Sulfamethoxazole,continuous,0.1545,0.23065411735785873,62,WEAK,Positive,False
CV.Catheter.in.6.Months,binary,Amoxicillin.Clavulanic.Acid,continuous,-0.1542,0.23155367278237002,62,WEAK,Negative,False
UTI.CRO,binary,Cefoperazone.Sulbactam,continuous,-0.1542,0.23155367278237002,62,WEAK,Negative,False
CV.Catheter.in.6.Months,binary,Cefuroxime,continuous,-0.1542,0.23155367278237002,62,WEAK,Negative,False
SGPT,binary,Ceftazidime.Avibactam.Aztreonam.Synergy.T,continuous,-0.154,0.23197038038021678,62,WEAK,Negative,False
Neither.Abx.T,ordinal,GW.Stay.in.28.Days,continuous,0.1537,0.23290537372495793,62,WEAK,Positive,False
Cefoperazone.Sulbactam,continuous,GW.Stay.in.28.Days,continuous,-0.1536,0.233139238338838,62,WEAK,Negative,False
Urea,binary,ICU.Stay.in.28.Days,continuous,0.1535,0.23363480536964165,62,WEAK,Positive,False
Any.Fungal.Infection,binary,Aztreonam,continuous,0.1534,0.23785375508219,61,WEAK,Positive,False
Any.Fungal.Infection,binary,Levofloxacin,continuous,0.1534,0.23785375508219,61,WEAK,Positive,False
CV.Catheter.in.6.Months,binary,Solid.Organ,binary,-0.1531,0.2348494960681484,62,WEAK,Negative,False
UTI.CRO,binary,Ceftazidime.Avibactam.T,binary,-0.1531,0.2348494960681484,62,WEAK,Negative,False
Dialysis.in.1.week,binary,P.C.Z.A.T,ordinal,0.1531,0.2347983717818678,62,WEAK,Positive,False
P.C.in.vitro,binary,Dialysis.in.1.week,binary,0.1531,0.2347983717818678,62,WEAK,Positive,False
Dialysis.in.1.week,binary,Mortality.in.Hospital,binary,0.1531,0.2347983717818678,62,WEAK,Positive,False
P.C.in.vitro,binary,IAI.CRO,binary,0.1531,0.2347983717818678,62,WEAK,Positive,False
Past.CREPA.infection,continuous,Hb,binary,-0.1529,0.23533973449414425,62,WEAK,Negative,False
Calcium,binary,Doxycycline,continuous,-0.1526,0.23643333950353126,62,WEAK,Negative,False
Hemat.Malignancy,binary,Z.A.only.E,ordinal,-0.1526,0.23653084919911746,62,WEAK,Negative,False
Hemat.Malignancy,binary,Other.Illness.Leading.to.Hospitalization.post.28.Days.Discharge,binary,-0.1526,0.23653084919911746,62,WEAK,Negative,False
Male,binary,Gentamicin,continuous,0.1525,0.23684111512525077,62,WEAK,Positive,False
Female,binary,Gentamicin,continuous,-0.1525,0.23684111512525077,62,WEAK,Negative,False
Male,binary,CV.Catheter.in.6.Months,binary,0.1524,0.2368536869024948,62,WEAK,Positive,False
Female,binary,CV.Catheter.in.6.Months,binary,-0.1524,0.2368536869024948,62,WEAK,Negative,False
NDM,binary,Trimethoprim.Sulfamethoxazole,continuous,0.1524,0.23694609270663003,62,WEAK,Positive,False
CV.Catheter.in.6.Months,binary,Inotropes,binary,0.1524,0.2368536869024948,62,WEAK,Positive,False
Height,continuous,Trimethoprim.Sulfamethoxazole,continuous,0.1523,0.237372744922168,62,WEAK,Positive,False
BSI.CRO,binary,Polymyxin.Colistin.Inclusion.T,binary,0.1522,0.2377208917043778,62,WEAK,Positive,False
BSI.CRO,binary,Any.Viral.Infection,binary,-0.1522,0.2377208917043778,62,WEAK,Negative,False
Immunosuppressive.drugs.in.1.week,binary,Any.Fungal.Infection,binary,0.1522,0.2415433860229849,61,WEAK,Positive,False
Any.Fungal.Infection,binary,Platelet,binary,0.1522,0.2415433860229849,61,WEAK,Positive,False
Amikacin,continuous,GW.Stay.in.28.Days,continuous,0.1522,0.23762899440578084,62,WEAK,Positive,False
Age,continuous,Mortality.in.Hospital,binary,0.1521,0.23789694872838055,62,WEAK,Positive,False
Calcium,binary,Ciprofloxacin,continuous,0.152,0.23834090162366647,62,WEAK,Positive,False
UTI.CRO,binary,IAI.CRO,binary,-0.152,0.23820110566693484,62,WEAK,Negative,False
Total.Protein,binary,Mortality.in.ICU,binary,0.152,0.2381030747409884,62,WEAK,Positive,False
UTI.CRO,binary,P.C.Z.A.E,ordinal,-0.152,0.23820110566693484,62,WEAK,Negative,False
Past.CREPA.infection,continuous,Any.Fungal.Infection,binary,-0.1519,0.2425562714929018,61,WEAK,Negative,False
Other.NCRO,binary,Minocycline,continuous,-0.1517,0.2391397702805925,62,WEAK,Negative,False
INR,binary,Minocycline,continuous,0.1517,0.2391397702805925,62,WEAK,Positive,False
CV.Catheter.Now,binary,Minocycline,continuous,0.1517,0.2391397702805925,62,WEAK,Positive,False
CKD,binary,Minocycline,continuous,-0.1517,0.2391397702805925,62,WEAK,Negative,False
Any.Viral.Infection,binary,Albumin,binary,0.1515,0.23984608202512753,62,WEAK,Positive,False
HTN,binary,ICU.Stay.in.28.Days,continuous,0.1514,0.24008609197318356,62,WEAK,Positive,False
HAP.CRO,binary,P.C.only.T,ordinal,0.1512,0.24075218714004035,62,WEAK,Positive,False
Z.A.invitro,binary,Magnesium,binary,0.1512,0.24075218714004035,62,WEAK,Positive,False
P.C.only.T,ordinal,Colistin,continuous,-0.1512,0.24078576698079437,62,WEAK,Negative,False
HAP.CRO,binary,Any.Fungal.Infection,binary,0.1511,0.244978229620385,61,WEAK,Positive,False
Neither.Abx.T,ordinal,Fosfomycin,continuous,-0.1511,0.24111415655278648,62,WEAK,Negative,False
Albumin,binary,Fosfomycin,continuous,0.1511,0.24111415655278648,62,WEAK,Positive,False
CV.Catheter.in.6.Months,binary,Surgery.in.last.3.Months,binary,0.151,0.2414289277771721,62,WEAK,Positive,False
CV.Catheter.in.6.Months,binary,Urea,binary,-0.151,0.2414289277771721,62,WEAK,Negative,False
UTI.CRO,binary,Surgery.in.last.3.Months,binary,0.151,0.2414289277771721,62,WEAK,Positive,False
SGOT,binary,Sodium,binary,0.1508,0.2419526789572587,62,WEAK,Positive,False
SGOT,binary,Z.A.only.T,ordinal,-0.1508,0.2419526789572587,62,WEAK,Negative,False
Platelet,binary,Imipenem,continuous,0.1507,0.2424655696157856,62,WEAK,Positive,False
Other.NCRO,binary,Platelet,binary,-0.1507,0.2424655696157856,62,WEAK,Negative,False
Platelet,binary,Meropenem,continuous,0.1507,0.2424655696157856,62,WEAK,Positive,False
KPC,binary,NDM,binary,-0.1507,0.2424655696157856,62,WEAK,Negative,False
CV.Catheter.Now,binary,Ventilation,binary,0.1507,0.2424655696157856,62,WEAK,Positive,False
Platelet,binary,Carbapenemase,binary,0.1507,0.2424655696157856,62,WEAK,Positive,False
Other.NCRO,binary,Ventilation,binary,-0.1507,0.2424655696157856,62,WEAK,Negative,False
Platelet,binary,Piperacillin.Tazobactam,continuous,0.1507,0.2424655696157856,62,WEAK,Positive,False
Ventilation,binary,INR,binary,0.1507,0.2424655696157856,62,WEAK,Positive,False
CKD,binary,Platelet,binary,-0.1507,0.2424655696157856,62,WEAK,Negative,False
VAP.CRO,binary,Overall.Mortality,binary,0.1507,0.2424655696157856,62,WEAK,Positive,False
KPC,binary,Ventilation,binary,-0.1507,0.2424655696157856,62,WEAK,Negative,False
KPC,binary,Platelet,binary,-0.1507,0.2424655696157856,62,WEAK,Negative,False
CKD,binary,Overall.Mortality,binary,0.1507,0.2424655696157856,62,WEAK,Positive,False
VAP.CRO,binary,Platelet,binary,-0.1507,0.2424655696157856,62,WEAK,Negative,False
Platelet,binary,Cefepime,continuous,0.1507,0.2424655696157856,62,WEAK,Positive,False
KPC,binary,APACHEII,continuous,-0.1506,0.24259824623946233,62,WEAK,Negative,False
Immunosuppressive.drugs.in.1.week,binary,Levofloxacin,continuous,-0.1501,0.24438629427218425,62,WEAK,Negative,False
Immunosuppressive.drugs.in.1.week,binary,Ceftazidime,continuous,-0.1501,0.24438629427218425,62,WEAK,Negative,False
Lympho,binary,Cefuroxime,continuous,-0.1501,0.24432217490030997,62,WEAK,Negative,False
Lympho,binary,Ceftazidime,continuous,-0.1501,0.24438629427218425,62,WEAK,Negative,False
SGPT,binary,Amoxicillin.Clavulanic.Acid,continuous,0.1501,0.24432217490030997,62,WEAK,Positive,False
SGPT,binary,Cefuroxime,continuous,0.1501,0.24432217490030997,62,WEAK,Positive,False
SGPT,binary,Levofloxacin,continuous,0.1501,0.24438629427218425,62,WEAK,Positive,False
Lympho,binary,Levofloxacin,continuous,-0.1501,0.24438629427218425,62,WEAK,Negative,False
TLC,binary,Cefoperazone.Sulbactam,continuous,-0.1501,0.24432217490030997,62,WEAK,Negative,False
SGPT,binary,Cefoperazone.Sulbactam,continuous,0.1501,0.24432217490030997,62,WEAK,Positive,False
Chloramphenicol,continuous,Mortality.in.ICU,binary,0.1501,0.24431849576590692,62,WEAK,Positive,False
Lympho,binary,Amoxicillin.Clavulanic.Acid,continuous,-0.1501,0.24432217490030997,62,WEAK,Negative,False
Immunosuppressive.drugs.in.1.week,binary,Cefoperazone.Sulbactam,continuous,-0.1501,0.24432217490030997,62,WEAK,Negative,False
Globulin,binary,Minocycline,continuous,0.1499,0.2447302798006594,62,WEAK,Positive,False
Aztreonam,continuous,Polymyxin.Colistin.Inclusion.T,binary,-0.1499,0.24503643644745599,62,WEAK,Negative,False
Aztreonam,continuous,Ceftazidime.Avibactam,binary,0.1499,0.24503643644745599,62,WEAK,Positive,False
Ciprofloxacin,continuous,Ceftazidime.Avibactam,binary,0.1498,0.24507990676036362,62,WEAK,Positive,False
UTI.CRO,binary,ANC,binary,0.1498,0.245076820656586,62,WEAK,Positive,False
Weight,continuous,SGPT,binary,-0.1498,0.24518570829013012,62,WEAK,Negative,False
Height,continuous,Ceftazidime.Avibactam,binary,-0.1497,0.2455947804025207,62,WEAK,Negative,False
SGOT,binary,Total.Protein,binary,0.1495,0.2461865655593027,62,WEAK,Positive,False
Calcium,binary,Aztreonam,continuous,0.1495,0.24630444009681568,62,WEAK,Positive,False
Gentamicin,continuous,GW.Stay.in.28.Days,continuous,0.1495,0.24625972783763395,62,WEAK,Positive,False
Neither.Abx.E,ordinal,Ertapenem,continuous,-0.1494,0.24660856923452334,62,WEAK,Negative,False
Hb,binary,ICU.Stay.in.28.Days,continuous,0.1494,0.2464966850391878,62,WEAK,Positive,False
Neither.Abx.E,ordinal,Ciprofloxacin,continuous,-0.1493,0.24665208646711526,62,WEAK,Negative,False
UTI.CRO,binary,Any.Viral.Infection,binary,0.1492,0.24715882531501746,62,WEAK,Positive,False
Z.A.only.T,ordinal,GW.Stay.in.28.Days,continuous,0.1491,0.24756492508950967,62,WEAK,Positive,False
Hypothyroidism,binary,BSI.CRO,binary,0.149,0.2478605459053582,62,WEAK,Positive,False
Total.Hospital.Stay.in.28.Days,continuous,Relapse.post.28.Day.Discharge,binary,0.1489,0.2480555013607474,62,WEAK,Positive,False
Hypothyroidism,binary,Procalcitonin,binary,0.1488,0.24835514552237475,62,WEAK,Positive,False
Neither.Abx.E,ordinal,Ceftazidime.Avibactam.Aztreonam.Synergy.T,continuous,-0.1488,0.24844081241151517,62,WEAK,Negative,False
Hemat.Malignancy,binary,Procalcitonin,binary,0.1488,0.24835514552237475,62,WEAK,Positive,False
Potassium,binary,Magnesium,binary,0.1487,0.24874593718229912,62,WEAK,Positive,False
Potassium,binary,Z.A.only.T,ordinal,0.1487,0.24874593718229912,62,WEAK,Positive,False
COPD,binary,ALP,binary,-0.1486,0.24917539205574674,62,WEAK,Negative,False
Creatinine,binary,Ceftazidime.Avibactam.Aztreonam.T,binary,0.1483,0.25015392460767283,62,WEAK,Positive,False
HAP.CRO,binary,Creatinine,binary,-0.1483,0.25015392460767305,62,WEAK,Negative,False
IAI.CRO,binary,Surgery.in.last.3.Months,binary,-0.1481,0.25055513111451466,62,WEAK,Negative,False
Creatinine,binary,P.C.Z.A.E,ordinal,0.1481,0.25055513111451466,62,WEAK,Positive,False
Surgery.in.last.3.Months,binary,P.C.only.T,ordinal,-0.1481,0.25055513111451466,62,WEAK,Negative,False
Inotropes,binary,Ceftazidime.Avibactam.T,binary,0.1481,0.25073752167380975,62,WEAK,Positive,False
Urea,binary,P.C.Z.A.E,ordinal,0.1481,0.25055513111451466,62,WEAK,Positive,False
Bil,binary,P.C.only.T,ordinal,-0.1481,0.25055513111451466,62,WEAK,Negative,False
Age,continuous,Amoxicillin.Clavulanic.Acid,continuous,0.1481,0.2506195638021348,62,WEAK,Positive,False
Age,continuous,Cefuroxime,continuous,0.1481,0.2506195638021348,62,WEAK,Positive,False
Past.CREPA.infection,continuous,Mortality.post.28.Day.Discharge,binary,-0.148,0.25096870552541234,62,WEAK,Negative,False
Other.CRO,binary,Minocycline,continuous,-0.148,0.25111929104720904,62,WEAK,Negative,False
Past.CREPA.infection,continuous,Endoscopy.in.1.week,binary,-0.148,0.25096870552541234,62,WEAK,Negative,False
Other.CRO,binary,SGOT,binary,0.148,0.2508354950260328,62,WEAK,Positive,False
Ceftazidime.Avibactam,binary,Nitrofurantoin,continuous,-0.1479,0.2514490291480088,62,WEAK,Negative,False
Nitrofurantoin,continuous,Polymyxin.Colistin.Inclusion.T,binary,-0.1479,0.2514490291480088,62,WEAK,Negative,False
ALP,binary,Urea,binary,-0.1477,0.2519027384114946,62,WEAK,Negative,False
Surgery.in.last.3.Months,binary,ALP,binary,0.1477,0.2519027384114946,62,WEAK,Positive,False
Any.Fungal.Infection,binary,Lympho,binary,-0.1477,0.25612513604094433,61,WEAK,Negative,False
Amikacin,continuous,ICU.Stay.in.28.Days,continuous,-0.1475,0.25274164416037365,62,WEAK,Negative,False
P.C.in.vitro,binary,ALP,binary,0.1474,0.252841461032814,62,WEAK,Positive,False
HTN,binary,APACHEII,continuous,0.1473,0.25309484420524514,62,WEAK,Positive,False
Trimethoprim.Sulfamethoxazole,continuous,Ceftazidime.Avibactam.T,binary,0.1472,0.25364977136223826,62,WEAK,Positive,False
Female,binary,Neither.Abx.T,ordinal,0.1471,0.2538421958569031,62,WEAK,Positive,False
Male,binary,Neither.Abx.T,ordinal,-0.1471,0.2538421958569031,62,WEAK,Negative,False
Sodium,binary,Cefotaxime,continuous,0.147,0.25436184790837635,62,WEAK,Positive,False
Calcium,binary,Cefoxitin,continuous,0.147,0.25436184790837635,62,WEAK,Positive,False
APACHEII,continuous,P.C.only.E,ordinal,-0.1469,0.2545849030362248,62,WEAK,Negative,False
Total.Protein,binary,ICU.Stay.in.28.Days,continuous,0.1469,0.25447930935596924,62,WEAK,Positive,False
ICU.Stay.in.28.Days,continuous,Mortality.in.ICU,binary,0.1468,0.25488834795699733,62,WEAK,Positive,False
Height,continuous,Other.NCRO,binary,0.1468,0.2549268159276113,62,WEAK,Positive,False
P.C.in.vitro,binary,Past.CREPA.infection,continuous,-0.1466,0.25540926529856084,62,WEAK,Negative,False
TLC,binary,Sodium,binary,0.1463,0.25650632340521684,62,WEAK,Positive,False
Lympho,binary,Z.A.only.T,ordinal,-0.1463,0.25650632340521684,62,WEAK,Negative,False
Lympho,binary,Calcium,binary,0.1463,0.25650632340521684,62,WEAK,Positive,False
TLC,binary,Calcium,binary,0.1463,0.25650632340521684,62,WEAK,Positive,False
SGPT,binary,Magnesium,binary,0.1463,0.25650632340521684,62,WEAK,Positive,False
Immunosuppressive.drugs.in.1.week,binary,Magnesium,binary,-0.1463,0.25650632340521684,62,WEAK,Negative,False
Immunosuppressive.drugs.in.1.week,binary,Z.A.only.T,ordinal,-0.1463,0.25650632340521684,62,WEAK,Negative,False
HAP.CRO,binary,Gentamicin,continuous,-0.1463,0.25666987415669057,62,WEAK,Negative,False
NDM,binary,Solid.Organ,binary,-0.1463,0.25664614909558836,62,WEAK,Negative,False
DM,binary,Immunosuppressive.drugs.in.1.week,binary,-0.1463,0.2565063234052169,62,WEAK,Negative,False
OXA48,binary,Z.A.invitro,binary,0.1461,0.25723775606683924,62,WEAK,Positive,False
Female,binary,Mortality.in.ICU,binary,0.1461,0.25723775606683935,62,WEAK,Positive,False
Male,binary,Mortality.in.ICU,binary,-0.1461,0.25723775606683935,62,WEAK,Negative,False
Other.NCRO,binary,Inotropes,binary,-0.1458,0.25825021154523714,62,WEAK,Negative,False
Female,binary,Meropenem,continuous,-0.1458,0.25825021154523714,62,WEAK,Negative,False
Female,binary,Imipenem,continuous,-0.1458,0.25825021154523714,62,WEAK,Negative,False
Female,binary,Piperacillin.Tazobactam,continuous,-0.1458,0.25825021154523714,62,WEAK,Negative,False
Female,binary,Cefepime,continuous,-0.1458,0.25825021154523714,62,WEAK,Negative,False
CV.Catheter.Now,binary,Inotropes,binary,0.1458,0.25825021154523714,62,WEAK,Positive,False
VAP.CRO,binary,Inotropes,binary,-0.1458,0.25825021154523714,62,WEAK,Negative,False
Male,binary,VAP.CRO,binary,-0.1458,0.25825021154523714,62,WEAK,Negative,False
Inotropes,binary,Piperacillin.Tazobactam,continuous,0.1458,0.25825021154523714,62,WEAK,Positive,False
Female,binary,Carbapenemase,binary,-0.1458,0.25825021154523714,62,WEAK,Negative,False
Male,binary,INR,binary,0.1458,0.25825021154523714,62,WEAK,Positive,False
Female,binary,VAP.CRO,binary,0.1458,0.25825021154523714,62,WEAK,Positive,False
Inotropes,binary,Carbapenemase,binary,0.1458,0.25825021154523714,62,WEAK,Positive,False
Male,binary,Cefepime,continuous,0.1458,0.25825021154523714,62,WEAK,Positive,False
Male,binary,Imipenem,continuous,0.1458,0.25825021154523714,62,WEAK,Positive,False
Inotropes,binary,Meropenem,continuous,0.1458,0.25825021154523714,62,WEAK,Positive,False
Inotropes,binary,Imipenem,continuous,0.1458,0.25825021154523714,62,WEAK,Positive,False
Inotropes,binary,Cefepime,continuous,0.1458,0.25825021154523714,62,WEAK,Positive,False
Female,binary,INR,binary,-0.1458,0.25825021154523714,62,WEAK,Negative,False
Male,binary,Meropenem,continuous,0.1458,0.25825021154523714,62,WEAK,Positive,False
Male,binary,Piperacillin.Tazobactam,continuous,0.1458,0.25825021154523714,62,WEAK,Positive,False
KPC,binary,Inotropes,binary,-0.1458,0.25825021154523714,62,WEAK,Negative,False
Male,binary,Carbapenemase,binary,0.1458,0.25825021154523714,62,WEAK,Positive,False
Procalcitonin,binary,Clinical.Improvement,continuous,-0.1457,0.25862132049677733,62,WEAK,Negative,False
Potassium,binary,Trimethoprim.Sulfamethoxazole,continuous,-0.1456,0.25881325557694473,62,WEAK,Negative,False
Male,binary,P.C.Z.A.T,ordinal,-0.1455,0.25914203536394753,62,WEAK,Negative,False
Female,binary,P.C.Z.A.T,ordinal,0.1455,0.25914203536394753,62,WEAK,Positive,False
ANC,binary,Ceftazidime.Avibactam.Aztreonam.Synergy.T,continuous,0.1454,0.25963834488533766,62,WEAK,Positive,False
Ceftazidime.Avibactam.T,binary,Ceftazidime.Avibactam.Aztreonam.Synergy.T,continuous,0.1454,0.25963834488533766,62,WEAK,Positive,False
Overall.organ.support,binary,Relapse.post.28.Day.Discharge,binary,-0.1452,0.26015586658042666,62,WEAK,Negative,False
Z.A.invitro,binary,TLC,binary,-0.1452,0.26012135962345617,62,WEAK,Negative,False
CAP.CRO,binary,Overall.organ.support,binary,-0.1452,0.26015586658042666,62,WEAK,Negative,False
BSI.CRO,binary,Endoscopy.in.1.week,binary,0.1452,0.26015586658042666,62,WEAK,Positive,False
Z.A.invitro,binary,SGPT,binary,0.1452,0.26012135962345617,62,WEAK,Positive,False
Surgery.in.last.3.Months,binary,Cefoperazone.Sulbactam,continuous,0.1451,0.26050547508180155,62,WEAK,Positive,False
Surgery.in.last.3.Months,binary,Cefuroxime,continuous,0.1451,0.26050547508180155,62,WEAK,Positive,False
Creatinine,binary,Ceftazidime,continuous,-0.1451,0.2605702275417469,62,WEAK,Negative,False
Creatinine,binary,Cefoperazone.Sulbactam,continuous,-0.1451,0.26050547508180155,62,WEAK,Negative,False
Surgery.in.last.3.Months,binary,Amoxicillin.Clavulanic.Acid,continuous,0.1451,0.26050547508180155,62,WEAK,Positive,False
Surgery.in.last.3.Months,binary,Levofloxacin,continuous,0.1451,0.2605702275417469,62,WEAK,Positive,False
Mortality.in.ICU,binary,Other.Illness.Leading.to.Hospitalization.post.28.Days.Discharge,binary,-0.1451,0.2605054750818017,62,WEAK,Negative,False
Z.A.only.E,ordinal,Mortality.in.ICU,binary,-0.1451,0.26050547508180155,62,WEAK,Negative,False
Procalcitonin,binary,Other.Illness.Leading.to.Hospitalization.post.28.Days.Discharge,binary,-0.1451,0.2605054750818017,62,WEAK,Negative,False
P.C.only.E,ordinal,Neither.Abx.T,ordinal,-0.1451,0.25656865365168124,63,WEAK,Negative,False
Height,continuous,Cefotaxime,continuous,-0.145,0.26075015424087655,62,WEAK,Negative,False
BSI.CRO,binary,P.C.only.E,ordinal,0.145,0.2608681715979622,62,WEAK,Positive,False
Neither.Abx.E,ordinal,Tigecycline,continuous,-0.1448,0.2615202827572686,62,WEAK,Negative,False
Gentamicin,continuous,Other.Illness.Leading.to.Hospitalization.post.28.Days.Discharge,binary,0.1448,0.2613589809400529,62,WEAK,Positive,False
Fosfomycin,continuous,Nitrofurantoin,continuous,-0.1446,0.26211131072735033,62,WEAK,Negative,False
Cefoxitin,continuous,Nitrofurantoin,continuous,-0.1444,0.26285304506757584,62,WEAK,Negative,False
Sodium,binary,Ertapenem,continuous,0.1444,0.262864396947028,62,WEAK,Positive,False
DM,binary,Ertapenem,continuous,-0.1444,0.262864396947028,62,WEAK,Negative,False
Age,continuous,Magnesium,binary,0.1443,0.2632277295354085,62,WEAK,Positive,False
Aztreonam,continuous,Ceftazidime.Avibactam.Aztreonam.T,binary,-0.1442,0.26353355407350393,62,WEAK,Negative,False
Chloramphenicol,continuous,Ertapenem,continuous,0.1442,0.26339987921504115,62,WEAK,Positive,False
Cefotaxime,continuous,Ceftazidime.Avibactam.Aztreonam.T,binary,-0.1442,0.26340168073752984,62,WEAK,Negative,False
Ceftazidime,continuous,Clinical.Improvement,continuous,-0.1441,0.2638172276546963,62,WEAK,Negative,False
Ceftazidime.Avibactam,binary,Overall.Mortality,binary,0.1441,0.2638716315951586,62,WEAK,Positive,False
Levofloxacin,continuous,Clinical.Improvement,continuous,-0.1441,0.2638172276546963,62,WEAK,Negative,False
NDM,binary,Any.Viral.Infection,binary,-0.1441,0.2638716315951586,62,WEAK,Negative,False
Any.Viral.Infection,binary,Platelet,binary,-0.1441,0.2638716315951586,62,WEAK,Negative,False
P.C.in.vitro,binary,Clinical.Improvement,continuous,-0.144,0.2641387880317704,62,WEAK,Negative,False
Ceftazidime.Avibactam,binary,Clinical.Improvement,continuous,0.1436,0.2654721653944896,62,WEAK,Positive,False
Globulin,binary,Fosfomycin,continuous,-0.1436,0.2655267641825609,62,WEAK,Negative,False
HAP.CRO,binary,Bil,binary,-0.1435,0.26567461781288704,62,WEAK,Negative,False
P.C.in.vitro,binary,P.C.only.T,ordinal,-0.1435,0.26569672944717876,62,WEAK,Negative,False
P.C.Z.A.E,ordinal,Mortality.in.Hospital,binary,-0.1435,0.26569672944717876,62,WEAK,Negative,False
IAI.CRO,binary,Mortality.in.Hospital,binary,-0.1435,0.26569672944717876,62,WEAK,Negative,False
Surgery.in.last.3.Months,binary,ICU.Stay.in.28.Days,continuous,0.1433,0.26666129462758065,62,WEAK,Positive,False
Past.CREPA.infection,continuous,SGPT,binary,-0.1433,0.2665067229866061,62,WEAK,Negative,False
Ceftazidime.Avibactam,binary,Ceftazidime.Avibactam.T,binary,-0.1431,0.2673319950596302,62,WEAK,Negative,False
Ceftazidime.Avibactam.T,binary,Polymyxin.Colistin.Inclusion.T,binary,0.1431,0.2673319950596302,62,WEAK,Positive,False
ANC,binary,Ceftazidime.Avibactam,binary,-0.1431,0.2673319950596302,62,WEAK,Negative,False
Procalcitonin,binary,Chloramphenicol,continuous,-0.1428,0.2681535717293983,62,WEAK,Negative,False
Height,continuous,Potassium,binary,-0.1425,0.26905961294923575,62,WEAK,Negative,False
Weight,continuous,P.C.Z.A.T,ordinal,-0.1422,0.27028106282533815,62,WEAK,Negative,False
KPC,binary,Fosfomycin,continuous,0.1419,0.2712295262325304,62,WEAK,Positive,False
Magnesium,binary,P.C.Z.A.T,ordinal,-0.1419,0.2712107170775221,62,WEAK,Negative,False
VAP.CRO,binary,Fosfomycin,continuous,0.1419,0.2712295262325304,62,WEAK,Positive,False
CV.Catheter.Now,binary,Fosfomycin,continuous,-0.1419,0.2712295262325304,62,WEAK,Negative,False
COPD,binary,Ceftazidime.Avibactam.T,binary,0.1418,0.27151043146624393,62,WEAK,Positive,False
Solid.Organ,binary,Mortality.post.28.Day.Discharge,binary,0.1418,0.27151043146624393,62,WEAK,Positive,False
Sodium,binary,Ciprofloxacin,continuous,0.1418,0.2714631374774497,62,WEAK,Positive,False
Solid.Organ,binary,Relapse.post.28.Day.Discharge,binary,0.1418,0.27151043146624393,62,WEAK,Positive,False
DM,binary,Ciprofloxacin,continuous,-0.1418,0.2714631374774497,62,WEAK,Negative,False
Endoscopy.in.1.week,binary,Solid.Organ,binary,0.1418,0.27151043146624393,62,WEAK,Positive,False
Height,continuous,Overall.Mortality,binary,0.1417,0.27206286552076714,62,WEAK,Positive,False
HTN,binary,UTI.CRO,binary,0.1417,0.27189301032656576,62,WEAK,Positive,False
Creatinine,binary,Gentamicin,continuous,-0.1417,0.27197017406591373,62,WEAK,Negative,False
Cefuroxime,continuous,Mortality.in.ICU,binary,-0.1416,0.2722263928927348,62,WEAK,Negative,False
Amoxicillin.Clavulanic.Acid,continuous,Mortality.in.ICU,binary,-0.1416,0.2722263928927348,62,WEAK,Negative,False
Procalcitonin,binary,Cefoperazone.Sulbactam,continuous,-0.1416,0.2722263928927348,62,WEAK,Negative,False
HTN,binary,Neither.Abx.E,ordinal,-0.1415,0.27276722122835767,62,WEAK,Negative,False
Sodium,binary,GW.Stay.in.28.Days,continuous,-0.1414,0.27308718031361473,62,WEAK,Negative,False
Z.A.only.E,ordinal,Colistin,continuous,0.1414,0.27309558059624,62,WEAK,Positive,False
Hemat.Malignancy,binary,Clinical.Improvement,continuous,-0.1414,0.273073120641711,62,WEAK,Negative,False
SGOT,binary,Polymyxin.Colistin.Inclusion.T,binary,-0.1413,0.2731625293811456,62,WEAK,Negative,False
SGOT,binary,Ceftazidime.Avibactam,binary,0.1413,0.2731625293811456,62,WEAK,Positive,False
Hospitalization.in.past.6.Months,binary,Any.Fungal.Infection,binary,-0.1412,0.27788274619190056,61,WEAK,Negative,False
HAP.CRO,binary,Fosfomycin,continuous,-0.1411,0.2739182034106628,62,WEAK,Negative,False
Female,binary,Neutropenia,binary,-0.1407,0.2754992990238812,62,WEAK,Negative,False
Male,binary,Neutropenia,binary,0.1407,0.2754992990238812,62,WEAK,Positive,False
P.C.in.vitro,binary,UTI.CRO,binary,0.1407,0.275336317158689,62,WEAK,Positive,False
BSI.CRO,binary,Trimethoprim.Sulfamethoxazole,continuous,0.1406,0.27560496286164776,62,WEAK,Positive,False
APACHEII,continuous,Cefuroxime,continuous,0.1406,0.2756311760661671,62,WEAK,Positive,False
APACHEII,continuous,Amoxicillin.Clavulanic.Acid,continuous,0.1406,0.2756311760661671,62,WEAK,Positive,False
SGOT,binary,Other.Illness.Leading.to.Hospitalization.post.28.Days.Discharge,binary,0.1404,0.27633111176618536,62,WEAK,Positive,False
Any.Viral.Infection,binary,Globulin,binary,-0.1404,0.2763964138462584,62,WEAK,Negative,False
Urinary.Catheter.in.6.Months,binary,Any.Viral.Infection,binary,0.1404,0.2763964138462584,62,WEAK,Positive,False
VAP.CRO,binary,Minocycline,continuous,0.1403,0.2766250271444257,62,WEAK,Positive,False
Cefoxitin,continuous,Minocycline,continuous,0.1403,0.27682933316667746,62,WEAK,Positive,False
Colistin,continuous,ICU.Stay.in.28.Days,continuous,-0.1403,0.2765980031486386,62,WEAK,Negative,False
SGOT,binary,Levofloxacin,continuous,0.1402,0.2771433270826703,62,WEAK,Positive,False
SGOT,binary,Clinical.Improvement,continuous,-0.1402,0.2770401719305579,62,WEAK,Negative,False
OXA48,binary,HAP.CRO,binary,0.1402,0.2771469401518143,62,WEAK,Positive,False
SGOT,binary,Cefoperazone.Sulbactam,continuous,0.1402,0.2770781192480843,62,WEAK,Positive,False
HAP.CRO,binary,Albumin,binary,0.1402,0.2771469401518143,62,WEAK,Positive,False
SGOT,binary,Cefuroxime,continuous,0.1402,0.2770781192480843,62,WEAK,Positive,False
SGOT,binary,Amoxicillin.Clavulanic.Acid,continuous,0.1402,0.2770781192480843,62,WEAK,Positive,False
Inotropes,binary,TLC,binary,0.1401,0.2773981800352404,62,WEAK,Positive,False
Neither.Abx.E,ordinal,Z.A.only.T,ordinal,-0.14,0.27377480060639214,63,WEAK,Negative,False
Any.Fungal.Infection,binary,Magnesium,binary,-0.14,0.2819697853276885,61,WEAK,Negative,False
Hospitalization.in.past.6.Months,binary,Mortality.post.28.Day.Discharge,binary,-0.1399,0.2783147656765006,62,WEAK,Negative,False
HTN,binary,COPD,binary,0.1399,0.2783147656765006,62,WEAK,Positive,False
HTN,binary,CAP.CRO,binary,0.1399,0.2783147656765006,62,WEAK,Positive,False
SOFA,continuous,Chloramphenicol,continuous,0.1398,0.2783711116888148,62,WEAK,Positive,False
SOFA,continuous,P.C.Z.A.E,ordinal,0.1395,0.27956688603964835,62,WEAK,Positive,False
TLC,binary,SGPT,binary,0.1395,0.2796745544692386,62,WEAK,Positive,False
Platelet,binary,Ceftazidime.Avibactam,binary,0.1395,0.2794924099346662,62,WEAK,Positive,False
Levofloxacin,continuous,Trimethoprim.Sulfamethoxazole,continuous,0.1395,0.27959050359708987,62,WEAK,Positive,False
TLC,binary,Lympho,binary,-0.1395,0.2796745544692386,62,WEAK,Negative,False
Trimethoprim.Sulfamethoxazole,continuous,Ceftazidime,continuous,0.1395,0.27959050359708987,62,WEAK,Positive,False
Weight,continuous,Chloramphenicol,continuous,0.1393,0.2802525116097398,62,WEAK,Positive,False
IAI.CRO,binary,Trimethoprim.Sulfamethoxazole,continuous,-0.1388,0.2821131283897055,62,WEAK,Negative,False
P.C.only.T,ordinal,Trimethoprim.Sulfamethoxazole,continuous,-0.1388,0.2821131283897055,62,WEAK,Negative,False
Potassium,binary,Cefotaxime,continuous,0.1386,0.28268954215887937,62,WEAK,Positive,False
Potassium,binary,Ertapenem,continuous,0.1386,0.2828223800192955,62,WEAK,Positive,False
Potassium,binary,Aztreonam,continuous,0.1386,0.2828223800192955,62,WEAK,Positive,False
Potassium,binary,Ciprofloxacin,continuous,0.1385,0.2828666442679989,62,WEAK,Positive,False
Hypothyroidism,binary,Other.Illness.Leading.to.Hospitalization.post.28.Days.Discharge,binary,0.1385,0.28312935375814596,62,WEAK,Positive,False
Neutropenia,binary,Total.Protein,binary,-0.1385,0.28312935375814596,62,WEAK,Negative,False
Other.CRO,binary,Total.Hospital.Stay.in.28.Days,continuous,-0.1384,0.2832916525720859,62,WEAK,Negative,False
SGOT,binary,P.C.only.T,ordinal,-0.1384,0.2832548663858791,62,WEAK,Negative,False
IAI.CRO,binary,SGOT,binary,-0.1384,0.2832548663858789,62,WEAK,Negative,False
Doxycycline,continuous,Minocycline,continuous,-0.1383,0.2837577580155253,62,WEAK,Negative,False
Ertapenem,continuous,Minocycline,continuous,0.1382,0.28410238300518115,62,WEAK,Positive,False
Chloramphenicol,continuous,Cefotaxime,continuous,0.1382,0.28423650968280945,62,WEAK,Positive,False
Procalcitonin,binary,Gentamicin,continuous,0.1381,0.28447519661643744,62,WEAK,Positive,False
CV.Catheter.in.6.Months,binary,Overall.Mortality,binary,-0.138,0.28478540924351464,62,WEAK,Negative,False
NDM,binary,UTI.CRO,binary,0.138,0.28478540924351464,62,WEAK,Positive,False
Hospitalization.in.past.6.Months,binary,Immunosuppressive.drugs.in.1.week,binary,-0.138,0.28494641124750575,62,WEAK,Negative,False
Hospitalization.in.past.6.Months,binary,TLC,binary,-0.138,0.28494641124750575,62,WEAK,Negative,False
Urea,binary,Mortality.in.ICU,binary,0.1379,0.28518129538255504,62,WEAK,Positive,False
Surgery.in.last.3.Months,binary,Mortality.in.ICU,binary,-0.1379,0.28518129538255504,62,WEAK,Negative,False
Creatinine,binary,Mortality.in.ICU,binary,0.1379,0.28518129538255504,62,WEAK,Positive,False
Surgery.in.last.3.Months,binary,Procalcitonin,binary,-0.1379,0.28518129538255504,62,WEAK,Negative,False
Age,continuous,Mortality.post.28.Day.Discharge,binary,0.1377,0.2856951858583997,62,WEAK,Positive,False
P.C.only.T,ordinal,Amikacin,continuous,-0.1377,0.2859721087157891,62,WEAK,Negative,False
NDM,binary,Chloramphenicol,continuous,-0.1376,0.28620155204069175,62,WEAK,Negative,False
Doxycycline,continuous,Cefoxitin,continuous,-0.1376,0.28613269300999905,62,WEAK,Negative,False
VAP.CRO,binary,Clinical.Improvement,continuous,-0.1375,0.2867086838953343,62,WEAK,Negative,False
CKD,binary,Clinical.Improvement,continuous,-0.1375,0.2867086838953343,62,WEAK,Negative,False
UTI.CRO,binary,Other.Illness.Leading.to.Hospitalization.post.28.Days.Discharge,binary,-0.1375,0.28637786853647323,62,WEAK,Negative,False
IAI.CRO,binary,Polymyxin.Colistin.Inclusion.T,binary,-0.1374,0.28683383054018735,62,WEAK,Negative,False
Trimethoprim.Sulfamethoxazole,continuous,Clinical.Improvement,continuous,-0.1374,0.28684422783057795,62,WEAK,Negative,False
Albumin,binary,Cefotaxime,continuous,0.1374,0.2868301775332021,62,WEAK,Positive,False
Albumin,binary,Ciprofloxacin,continuous,0.1374,0.28700746932294885,62,WEAK,Positive,False
Albumin,binary,Cefoxitin,continuous,0.1374,0.2868301775332021,62,WEAK,Positive,False
HAP.CRO,binary,P.C.only.E,ordinal,-0.1373,0.2872103348578346,62,WEAK,Negative,False
OXA48,binary,Other.CRO,binary,0.1373,0.2872103348578344,62,WEAK,Positive,False
Other.CRO,binary,Albumin,binary,0.1373,0.2872103348578344,62,WEAK,Positive,False
Z.A.invitro,binary,Ceftazidime.Avibactam.Aztreonam.T,binary,-0.1373,0.28721033485783487,62,WEAK,Negative,False
Albumin,binary,Neither.Abx.E,ordinal,0.1373,0.2872103348578344,62,WEAK,Positive,False
Albumin,binary,Ceftazidime.Avibactam.T,binary,0.1373,0.2871101431703949,62,WEAK,Positive,False
Lympho,binary,Total.Hospital.Stay.in.28.Days,continuous,-0.1372,0.2876886743241135,62,WEAK,Negative,False
Z.A.invitro,binary,Calcium,binary,0.1372,0.28745097301835504,62,WEAK,Positive,False
Z.A.invitro,binary,APACHEII,continuous,0.1372,0.28751592852260305,62,WEAK,Positive,False
Z.A.invitro,binary,Other.CRO,binary,0.1372,0.2877607349178798,62,WEAK,Positive,False
Z.A.invitro,binary,Z.A.only.T,ordinal,-0.1372,0.28745097301835504,62,WEAK,Negative,False
Calcium,binary,P.C.only.E,ordinal,-0.1372,0.28745097301835504,62,WEAK,Negative,False
Neither.Abx.E,ordinal,Nitrofurantoin,continuous,0.1371,0.2880990326061282,62,WEAK,Positive,False
Other.CRO,binary,Nitrofurantoin,continuous,-0.1371,0.2880990326061282,62,WEAK,Negative,False
ALP,binary,Gentamicin,continuous,-0.137,0.28831211745590735,62,WEAK,Negative,False
Amikacin,continuous,Other.Illness.Leading.to.Hospitalization.post.28.Days.Discharge,binary,0.137,0.2882593124748961,62,WEAK,Positive,False
Z.A.only.E,ordinal,Amikacin,continuous,0.137,0.28825931247489595,62,WEAK,Positive,False
Fosfomycin,continuous,Polymyxin.Colistin.Inclusion.T,binary,0.1368,0.28905873583239045,62,WEAK,Positive,False
Overall.organ.support,binary,Creatinine,binary,0.1367,0.2893779509553367,62,WEAK,Positive,False
TLC,binary,Globulin,binary,-0.1367,0.2893616290007392,62,WEAK,Negative,False
HTN,binary,Minocycline,continuous,-0.1367,0.28931238773326423,62,WEAK,Negative,False
CAP.CRO,binary,GW.Stay.in.28.Days,continuous,-0.1367,0.28930303323114526,62,WEAK,Negative,False
Urinary.Catheter.in.6.Months,binary,Lympho,binary,0.1367,0.2893616290007392,62,WEAK,Positive,False
VAP.CRO,binary,ALP,binary,-0.1366,0.2898136437052747,62,WEAK,Negative,False
ALP,binary,Nitrofurantoin,continuous,-0.1366,0.2897029841709783,62,WEAK,Negative,False
ABSSSI.CRO,binary,Chloramphenicol,continuous,0.1366,0.2895778414688716,62,WEAK,Positive,False
CKD,binary,ALP,binary,-0.1366,0.2898136437052747,62,WEAK,Negative,False
Other.NCRO,binary,ALP,binary,-0.1366,0.2898136437052747,62,WEAK,Negative,False
INR,binary,ALP,binary,0.1366,0.2898136437052747,62,WEAK,Positive,False
CV.Catheter.Now,binary,ALP,binary,0.1366,0.2898136437052747,62,WEAK,Positive,False
ABSSSI.CRO,binary,ALP,binary,-0.1366,0.2898136437052747,62,WEAK,Negative,False
SOFA,continuous,Aztreonam,continuous,0.1365,0.2900171260001185,62,WEAK,Positive,False
P.C.only.E,ordinal,Amikacin,continuous,0.1364,0.2904475629982596,62,WEAK,Positive,False
P.C.in.vitro,binary,APACHEII,continuous,-0.1363,0.290685263042386,62,WEAK,Negative,False
BSI.CRO,binary,APACHEII,continuous,0.1363,0.29089414939261116,62,WEAK,Positive,False
P.C.only.T,ordinal,Relapse.post.28.Day.Discharge,binary,0.1361,0.2915214979004989,62,WEAK,Positive,False
IAI.CRO,binary,Endoscopy.in.1.week,binary,0.1361,0.2915214979004989,62,WEAK,Positive,False
Any.Fungal.Infection,binary,Hemat.Malignancy,binary,0.1361,0.29559351497992586,61,WEAK,Positive,False
Hypothyroidism,binary,Any.Fungal.Infection,binary,0.1361,0.29559351497992586,61,WEAK,Positive,False
P.C.Z.A.E,ordinal,Relapse.post.28.Day.Discharge,binary,0.1361,0.2915214979004989,62,WEAK,Positive,False
COPD,binary,P.C.only.T,ordinal,0.1361,0.2915214979004989,62,WEAK,Positive,False
Lympho,binary,P.C.only.E,ordinal,-0.1361,0.2914084841183077,62,WEAK,Negative,False
Weight,continuous,VAP.CRO,binary,-0.136,0.2919087960293128,62,WEAK,Negative,False
HTN,binary,Hypothyroidism,binary,0.1356,0.29350629025363306,62,WEAK,Positive,False
UTI.CRO,binary,Hemat.Malignancy,binary,-0.1355,0.29369327198632034,62,WEAK,Negative,False
Z.A.only.T,ordinal,Ceftazidime,continuous,0.1354,0.2941101136869987,62,WEAK,Positive,False
Sodium,binary,Cefoperazone.Sulbactam,continuous,-0.1354,0.29404462665042796,62,WEAK,Negative,False
Z.A.only.T,ordinal,Cefoperazone.Sulbactam,continuous,0.1354,0.29404462665042796,62,WEAK,Positive,False
DM,binary,Ceftazidime,continuous,0.1354,0.2941101136869987,62,WEAK,Positive,False
Magnesium,binary,Cefuroxime,continuous,0.1354,0.29404462665042796,62,WEAK,Positive,False
DM,binary,Cefoperazone.Sulbactam,continuous,0.1354,0.29404462665042796,62,WEAK,Positive,False
Amoxicillin.Clavulanic.Acid,continuous,Trimethoprim.Sulfamethoxazole,continuous,0.1354,0.29388417895875435,62,WEAK,Positive,False
Magnesium,binary,Cefoperazone.Sulbactam,continuous,0.1354,0.29404462665042796,62,WEAK,Positive,False
Cefuroxime,continuous,Trimethoprim.Sulfamethoxazole,continuous,0.1354,0.29388417895875435,62,WEAK,Positive,False
Magnesium,binary,Amoxicillin.Clavulanic.Acid,continuous,0.1354,0.29404462665042796,62,WEAK,Positive,False
Magnesium,binary,Levofloxacin,continuous,0.1354,0.2941101136869987,62,WEAK,Positive,False
Endoscopy.in.1.week,binary,Total.Protein,binary,0.1353,0.2945283287086679,62,WEAK,Positive,False
Endoscopy.in.1.week,binary,Hemat.Malignancy,binary,-0.1353,0.2945283287086679,62,WEAK,Negative,False
Hemat.Malignancy,binary,Relapse.post.28.Day.Discharge,binary,-0.1353,0.2945283287086679,62,WEAK,Negative,False
P.C.only.E,ordinal,Total.Hospital.Stay.in.28.Days,continuous,0.1353,0.29455946059234217,62,WEAK,Positive,False
Hypothyroidism,binary,CAP.CRO,binary,-0.1353,0.2945283287086679,62,WEAK,Negative,False
Hypothyroidism,binary,Endoscopy.in.1.week,binary,-0.1353,0.2945283287086679,62,WEAK,Negative,False
Hb,binary,Total.Protein,binary,-0.1353,0.2945283287086679,62,WEAK,Negative,False
CAP.CRO,binary,Total.Protein,binary,0.1353,0.2945283287086679,62,WEAK,Positive,False
Nitrofurantoin,continuous,Ceftazidime.Avibactam.T,binary,-0.1352,0.2946252293305189,62,WEAK,Negative,False
Cefoxitin,continuous,ICU.Stay.in.28.Days,continuous,-0.1351,0.29498472467033793,62,WEAK,Negative,False
INR,binary,GW.Stay.in.28.Days,continuous,-0.1351,0.2949583012406825,62,WEAK,Negative,False
P.C.Z.A.T,ordinal,Fosfomycin,continuous,0.135,0.29544576322751226,62,WEAK,Positive,False
Surgery.in.last.3.Months,binary,Neither.Abx.E,ordinal,0.135,0.29545686849008523,62,WEAK,Positive,False
Urea,binary,Neither.Abx.E,ordinal,-0.135,0.29545686849008523,62,WEAK,Negative,False
Urea,binary,Ciprofloxacin,continuous,0.1344,0.2978261251592545,62,WEAK,Positive,False
Urea,binary,Ertapenem,continuous,0.1344,0.29778172417261345,62,WEAK,Positive,False
Hypothyroidism,binary,Colistin,continuous,0.1342,0.29835339420402784,62,WEAK,Positive,False
Hemat.Malignancy,binary,Levofloxacin,continuous,-0.1338,0.2998117593198604,62,WEAK,Negative,False
Hemat.Malignancy,binary,Ceftazidime,continuous,-0.1338,0.2998117593198604,62,WEAK,Negative,False
Hemat.Malignancy,binary,Calcium,binary,0.1336,0.3007035090332877,62,WEAK,Positive,False
Fosfomycin,continuous,Ceftazidime.Avibactam,binary,-0.1336,0.3007085860491591,62,WEAK,Negative,False
CV.Catheter.in.6.Months,binary,Dialysis.in.1.week,binary,0.1336,0.30060470627800256,62,WEAK,Positive,False
Hypothyroidism,binary,Calcium,binary,0.1336,0.3007035090332877,62,WEAK,Positive,False
DM,binary,Total.Protein,binary,0.1336,0.3007035090332877,62,WEAK,Positive,False
Procalcitonin,binary,Ceftazidime.Avibactam.Aztreonam.T,binary,0.1335,0.3010846136793352,62,WEAK,Positive,False
Urinary.Catheter.in.6.Months,binary,Overall.organ.support,binary,-0.1333,0.3017801097380199,62,WEAK,Negative,False
BSI.CRO,binary,Globulin,binary,-0.1333,0.3017801097380199,62,WEAK,Negative,False
BSI.CRO,binary,Ertapenem,continuous,0.133,0.30294084752761696,62,WEAK,Positive,False
BSI.CRO,binary,Cefotaxime,continuous,0.133,0.3028075196780301,62,WEAK,Positive,False
Overall.organ.support,binary,Aztreonam,continuous,-0.133,0.30294084752761696,62,WEAK,Negative,False
Overall.organ.support,binary,Cefotaxime,continuous,-0.133,0.3028075196780301,62,WEAK,Negative,False
Overall.organ.support,binary,Cefoxitin,continuous,-0.133,0.3028075196780301,62,WEAK,Negative,False
BSI.CRO,binary,Cefoxitin,continuous,0.133,0.3028075196780301,62,WEAK,Positive,False
BSI.CRO,binary,Aztreonam,continuous,0.133,0.30294084752761696,62,WEAK,Positive,False
COPD,binary,GW.Stay.in.28.Days,continuous,-0.133,0.30284310703937867,62,WEAK,Negative,False
Sodium,binary,P.C.Z.A.T,ordinal,-0.133,0.3026010537271694,62,WEAK,Negative,False
Overall.organ.support,binary,Ertapenem,continuous,-0.133,0.30294084752761696,62,WEAK,Negative,False
Hospitalization.in.past.6.Months,binary,Doxycycline,continuous,0.133,0.3029248681669623,62,WEAK,Positive,False
P.C.in.vitro,binary,Sodium,binary,-0.133,0.3026010537271694,62,WEAK,Negative,False
Z.A.only.T,ordinal,Mortality.in.Hospital,binary,0.133,0.3026010537271694,62,WEAK,Positive,False
CAP.CRO,binary,Urinary.Catheter.in.6.Months,binary,0.1329,0.3030348558138524,62,WEAK,Positive,False
CAP.CRO,binary,Potassium,binary,0.1329,0.3030348558138524,62,WEAK,Positive,False
BSI.CRO,binary,Ciprofloxacin,continuous,0.1329,0.30298527430882954,62,WEAK,Positive,False
COPD,binary,Potassium,binary,0.1329,0.3030348558138524,62,WEAK,Positive,False
Endoscopy.in.1.week,binary,Potassium,binary,0.1329,0.3030348558138524,62,WEAK,Positive,False
UTI.CRO,binary,ICU.Stay.in.28.Days,continuous,-0.1328,0.30335741815814943,62,WEAK,Negative,False
Lympho,binary,Amikacin,continuous,-0.1328,0.3036791083314363,62,WEAK,Negative,False
APACHEII,continuous,INR,binary,0.1327,0.3039134993619371,62,WEAK,Positive,False
Hospitalization.in.past.6.Months,binary,Ceftazidime.Avibactam.Aztreonam.Synergy.T,continuous,0.1326,0.30434576797695495,62,WEAK,Positive,False
GW.Stay.in.28.Days,continuous,Mortality.in.Hospital,binary,0.1326,0.3042025689672094,62,WEAK,Positive,False
Neither.Abx.T,ordinal,Minocycline,continuous,0.1326,0.3044194119771398,62,WEAK,Positive,False
OXA48,binary,ICU.Stay.in.28.Days,continuous,0.1325,0.304764378567519,62,WEAK,Positive,False
DM,binary,Colistin,continuous,0.1324,0.30515319461220897,62,WEAK,Positive,False
ALP,binary,Polymyxin.Colistin.Inclusion.T,binary,-0.1323,0.30527547883953815,62,WEAK,Negative,False
HTN,binary,INR,binary,-0.1322,0.30557818173948975,62,WEAK,Negative,False
Hospitalization.in.past.6.Months,binary,INR,binary,0.1322,0.30557818173948975,62,WEAK,Positive,False
Other.NCRO,binary,Hospitalization.in.past.6.Months,binary,-0.1322,0.30557818173948986,62,WEAK,Negative,False
HTN,binary,CV.Catheter.Now,binary,-0.1322,0.30557818173948975,62,WEAK,Negative,False
Age,continuous,GW.Stay.in.28.Days,continuous,-0.1322,0.30574672983405127,62,WEAK,Negative,False
VAP.CRO,binary,Hospitalization.in.past.6.Months,binary,-0.1322,0.30557818173948986,62,WEAK,Negative,False
KPC,binary,Hospitalization.in.past.6.Months,binary,-0.1322,0.30557818173948986,62,WEAK,Negative,False
CKD,binary,Hospitalization.in.past.6.Months,binary,-0.1322,0.30557818173948986,62,WEAK,Negative,False
CKD,binary,HTN,binary,0.1322,0.30557818173948986,62,WEAK,Positive,False
Hospitalization.in.past.6.Months,binary,CV.Catheter.Now,binary,0.1322,0.30557818173948975,62,WEAK,Positive,False
Platelet,binary,Neither.Abx.T,ordinal,0.1321,0.3060837360597031,62,WEAK,Positive,False
Albumin,binary,Overall.Mortality,binary,0.1321,0.3060837360597031,62,WEAK,Positive,False
Ventilation,binary,Neither.Abx.T,ordinal,0.1321,0.3060837360597031,62,WEAK,Positive,False
Z.A.invitro,binary,Chloramphenicol,continuous,0.132,0.3066271282017806,62,WEAK,Positive,False
DM,binary,Clinical.Improvement,continuous,-0.132,0.3064990235226399,62,WEAK,Negative,False
P.C.in.vitro,binary,Solid.Organ,binary,0.1319,0.3066356417788855,62,WEAK,Positive,False
Ceftazidime.Avibactam.T,binary,Mortality.in.Hospital,binary,0.1319,0.3066356417788855,62,WEAK,Positive,False
Urea,binary,Aztreonam,continuous,0.1319,0.3068998842268356,62,WEAK,Positive,False
Male,binary,Ceftazidime.Avibactam.Aztreonam.T,binary,-0.1318,0.30728952990205466,62,WEAK,Negative,False
Female,binary,Ceftazidime.Avibactam.Aztreonam.T,binary,0.1318,0.30728952990205466,62,WEAK,Positive,False
NDM,binary,Neutropenia,binary,0.1317,0.3077140501439451,62,WEAK,Positive,False
Surgery.in.last.3.Months,binary,Total.Hospital.Stay.in.28.Days,continuous,0.1317,0.30769622264321966,62,WEAK,Positive,False
Neutropenia,binary,Platelet,binary,0.1317,0.3077140501439451,62,WEAK,Positive,False
Urea,binary,Ceftazidime.Avibactam.Aztreonam.Synergy.T,continuous,0.1315,0.3082348615241901,62,WEAK,Positive,False
Ceftazidime.Avibactam,binary,Total.Hospital.Stay.in.28.Days,continuous,-0.1313,0.3091538567344174,62,WEAK,Negative,False
HAP.CRO,binary,Total.Hospital.Stay.in.28.Days,continuous,0.1313,0.3089093635800901,62,WEAK,Positive,False
Age,continuous,P.C.only.T,ordinal,0.1312,0.30925211646948164,62,WEAK,Positive,False
Z.A.invitro,binary,UTI.CRO,binary,-0.1311,0.3097672413776062,62,WEAK,Negative,False
IAI.CRO,binary,Chloramphenicol,continuous,-0.131,0.31014960804574127,62,WEAK,Negative,False
P.C.in.vitro,binary,Ceftazidime.Avibactam.Aztreonam.Synergy.T,continuous,-0.131,0.31015359655233704,62,WEAK,Negative,False
Cefoxitin,continuous,GW.Stay.in.28.Days,continuous,-0.1308,0.3109006638169686,62,WEAK,Negative,False
P.C.only.E,ordinal,Minocycline,continuous,-0.1308,0.3107914004476973,62,WEAK,Negative,False
Amikacin,continuous,Ciprofloxacin,continuous,0.1306,0.3117220082617118,62,WEAK,Positive,False
CAP.CRO,binary,APACHEII,continuous,0.1306,0.3118043721313633,62,WEAK,Positive,False
SOFA,continuous,P.C.Z.A.T,ordinal,0.1306,0.31161557727302575,62,WEAK,Positive,False
SGOT,binary,Urea,binary,0.1305,0.31216438573824656,62,WEAK,Positive,False
TLC,binary,Minocycline,continuous,-0.1305,0.3119561114044526,62,WEAK,Negative,False
SGOT,binary,Creatinine,binary,0.1305,0.31216438573824656,62,WEAK,Positive,False
Height,continuous,OXA48,binary,0.1305,0.31203885626779043,62,WEAK,Positive,False
Urea,binary,GW.Stay.in.28.Days,continuous,-0.1304,0.312543158725168,62,WEAK,Negative,False
Hemat.Malignancy,binary,Amoxicillin.Clavulanic.Acid,continuous,-0.1302,0.31311537206470735,62,WEAK,Negative,False
Neither.Abx.T,ordinal,Ertapenem,continuous,-0.1302,0.31332536979378134,62,WEAK,Negative,False
Cefuroxime,continuous,Ceftazidime.Avibactam.Aztreonam.Synergy.T,continuous,0.1302,0.31332536979378134,62,WEAK,Positive,False
Hemat.Malignancy,binary,Cefoperazone.Sulbactam,continuous,-0.1302,0.31311537206470735,62,WEAK,Negative,False
OXA48,binary,Ertapenem,continuous,0.1302,0.31332536979378134,62,WEAK,Positive,False
Age,continuous,Total.Hospital.Stay.in.28.Days,continuous,-0.1302,0.3130895913244432,62,WEAK,Negative,False
Hemat.Malignancy,binary,Cefuroxime,continuous,-0.1302,0.31311537206470735,62,WEAK,Negative,False
Amoxicillin.Clavulanic.Acid,continuous,Ceftazidime.Avibactam.Aztreonam.Synergy.T,continuous,0.1302,0.31332536979378134,62,WEAK,Positive,False
Weight,continuous,Aztreonam,continuous,0.1302,0.3131859838348454,62,WEAK,Positive,False
UTI.CRO,binary,APACHEII,continuous,0.1301,0.3136059768582855,62,WEAK,Positive,False
Neither.Abx.T,ordinal,Ciprofloxacin,continuous,-0.1301,0.31336981672125247,62,WEAK,Negative,False
Ceftazidime,continuous,Ceftazidime.Avibactam.Aztreonam.Synergy.T,continuous,0.1301,0.313390962013195,62,WEAK,Positive,False
Magnesium,binary,Tigecycline,continuous,-0.13,0.31400190765569813,62,WEAK,Negative,False
Tigecycline,continuous,Ceftazidime.Avibactam.T,binary,0.1299,0.3141017181763072,62,WEAK,Positive,False
Neutropenia,binary,Mortality.in.Hospital,binary,-0.1299,0.3143473751392218,62,WEAK,Negative,False
Ventilation,binary,Urea,binary,0.1299,0.3143473751392216,62,WEAK,Positive,False
Mortality.in.Hospital,binary,Other.Illness.Leading.to.Hospitalization.post.28.Days.Discharge,binary,-0.1299,0.3143473751392218,62,WEAK,Negative,False
P.C.in.vitro,binary,Neutropenia,binary,-0.1299,0.3143473751392218,62,WEAK,Negative,False
Calcium,binary,GW.Stay.in.28.Days,continuous,-0.1298,0.31455394471061565,62,WEAK,Negative,False
Age,continuous,P.C.Z.A.E,ordinal,-0.1297,0.31496052790183215,62,WEAK,Negative,False
Cefepime,continuous,ICU.Stay.in.28.Days,continuous,-0.1295,0.3158293866029257,62,WEAK,Negative,False
Carbapenemase,binary,ICU.Stay.in.28.Days,continuous,-0.1295,0.3158293866029257,62,WEAK,Negative,False
Surgery.in.last.3.Months,binary,Other.Illness.Leading.to.Hospitalization.post.28.Days.Discharge,binary,0.1295,0.31594522273560005,62,WEAK,Positive,False
Urea,binary,Other.Illness.Leading.to.Hospitalization.post.28.Days.Discharge,binary,-0.1295,0.31594522273560005,62,WEAK,Negative,False
Piperacillin.Tazobactam,continuous,ICU.Stay.in.28.Days,continuous,-0.1295,0.3158293866029257,62,WEAK,Negative,False
Calcium,binary,Nitrofurantoin,continuous,-0.1295,0.31573212803265827,62,WEAK,Negative,False
Past.CREPA.infection,continuous,Chloramphenicol,continuous,-0.1295,0.3158674235198996,62,WEAK,Negative,False
Imipenem,continuous,ICU.Stay.in.28.Days,continuous,-0.1295,0.3158293866029257,62,WEAK,Negative,False
Meropenem,continuous,ICU.Stay.in.28.Days,continuous,-0.1295,0.3158293866029257,62,WEAK,Negative,False
Creatinine,binary,Cefoxitin,continuous,0.1294,0.3160629902929428,62,WEAK,Positive,False
Urea,binary,Cefotaxime,continuous,0.1294,0.3160629902929428,62,WEAK,Positive,False
Height,continuous,Nitrofurantoin,continuous,0.1294,0.31602380497881033,62,WEAK,Positive,False
Creatinine,binary,Cefotaxime,continuous,0.1294,0.3160629902929428,62,WEAK,Positive,False
CV.Catheter.in.6.Months,binary,Any.Fungal.Infection,binary,0.1293,0.32047911693369924,61,WEAK,Positive,False
BSI.CRO,binary,Calcium,binary,0.1292,0.3168116446580627,62,WEAK,Positive,False
BSI.CRO,binary,Sodium,binary,0.1292,0.3168116446580627,62,WEAK,Positive,False
Procalcitonin,binary,Relapse.post.28.Day.Discharge,binary,-0.1287,0.31898208202835976,62,WEAK,Negative,False
Procalcitonin,binary,Mortality.post.28.Day.Discharge,binary,-0.1287,0.31898208202835976,62,WEAK,Negative,False
Mortality.in.ICU,binary,Mortality.post.28.Day.Discharge,binary,-0.1287,0.31898208202835976,62,WEAK,Negative,False
Mortality.in.ICU,binary,Relapse.post.28.Day.Discharge,binary,-0.1287,0.31898208202835976,62,WEAK,Negative,False
Endoscopy.in.1.week,binary,Mortality.in.ICU,binary,-0.1287,0.31898208202835954,62,WEAK,Negative,False
Dialysis.in.1.week,binary,Calcium,binary,0.1287,0.31868380749050396,62,WEAK,Positive,False
Sodium,binary,P.C.Z.A.E,ordinal,0.1287,0.31868380749050396,62,WEAK,Positive,False
Endoscopy.in.1.week,binary,Procalcitonin,binary,-0.1287,0.31898208202835954,62,WEAK,Negative,False
Hb,binary,Mortality.in.ICU,binary,0.1287,0.31898208202835954,62,WEAK,Positive,False
Potassium,binary,Neither.Abx.T,ordinal,-0.1287,0.3187151992386645,62,WEAK,Negative,False
SGPT,binary,Sodium,binary,0.1286,0.31929202407823054,62,WEAK,Positive,False
Hospitalization.in.past.6.Months,binary,Overall.organ.support,binary,-0.1285,0.3196252450919772,62,WEAK,Negative,False
HTN,binary,BSI.CRO,binary,-0.1285,0.3196252450919772,62,WEAK,Negative,False
Gentamicin,continuous,Relapse.post.28.Day.Discharge,binary,0.1284,0.3198463411963567,62,WEAK,Positive,False
Gentamicin,continuous,Mortality.post.28.Day.Discharge,binary,0.1284,0.3198463411963567,62,WEAK,Positive,False
COPD,binary,Gentamicin,continuous,0.1284,0.31984634119635663,62,WEAK,Positive,False
Hb,binary,Gentamicin,continuous,-0.1284,0.31984634119635663,62,WEAK,Negative,False
Past.CREPA.infection,continuous,APACHEII,continuous,-0.1283,0.32051281679318766,62,WEAK,Negative,False
SGOT,binary,Magnesium,binary,0.1283,0.32027911613442045,62,WEAK,Positive,False
Z.A.only.E,ordinal,Minocycline,continuous,-0.1281,0.3210960585951682,62,WEAK,Negative,False
Colistin,continuous,Gentamicin,continuous,0.1281,0.3210959106522117,62,WEAK,Positive,False
Weight,continuous,BSI.CRO,binary,0.1278,0.32238969277549245,62,WEAK,Positive,False
Any.Viral.Infection,binary,Minocycline,continuous,0.1275,0.32346239893297146,62,WEAK,Positive,False
Age,continuous,Hemat.Malignancy,binary,-0.1275,0.3235238491338891,62,WEAK,Negative,False
TLC,binary,Fosfomycin,continuous,-0.1275,0.32319324190676463,62,WEAK,Negative,False
Immunosuppressive.drugs.in.1.week,binary,ICU.Stay.in.28.Days,continuous,0.1275,0.32350288983746084,62,WEAK,Positive,False
Any.Viral.Infection,binary,Calcium,binary,0.1274,0.3238695460131484,62,WEAK,Positive,False
Any.Viral.Infection,binary,Sodium,binary,0.1274,0.3238695460131484,62,WEAK,Positive,False
Sodium,binary,Ceftazidime.Avibactam,binary,0.1274,0.3238695460131484,62,WEAK,Positive,False
Magnesium,binary,Polymyxin.Colistin.Inclusion.T,binary,0.1274,0.3238695460131484,62,WEAK,Positive,False
SOFA,continuous,Hb,binary,0.1273,0.3241995372752248,62,WEAK,Positive,False
P.C.Z.A.T,ordinal,Amikacin,continuous,-0.1273,0.3243014742755126,62,WEAK,Negative,False
Any.Fungal.Infection,binary,Minocycline,continuous,0.1273,0.3282756721951986,61,WEAK,Positive,False
Past.CREPA.infection,continuous,Cefoxitin,continuous,0.1271,0.3249712460655588,62,WEAK,Positive,False
Surgery.in.last.3.Months,binary,APACHEII,continuous,-0.1271,0.32505329690548873,62,WEAK,Negative,False
Past.CREPA.infection,continuous,Cefotaxime,continuous,0.1271,0.3249712460655588,62,WEAK,Positive,False
Past.CREPA.infection,continuous,Aztreonam,continuous,0.127,0.32510455683526557,62,WEAK,Positive,False
Other.CRO,binary,Doxycycline,continuous,-0.127,0.3252666545817844,62,WEAK,Negative,False
SOFA,continuous,Globulin,binary,-0.127,0.32535171151848247,62,WEAK,Negative,False
Past.CREPA.infection,continuous,Ertapenem,continuous,0.127,0.32510455683526557,62,WEAK,Positive,False
Height,continuous,Surgery.in.last.3.Months,binary,-0.1269,0.32586660618628494,62,WEAK,Negative,False
Bil,binary,Ertapenem,continuous,-0.1269,0.3256711013198313,62,WEAK,Negative,False
Amikacin,continuous,Ertapenem,continuous,0.1269,0.32558760589195457,62,WEAK,Positive,False
Weight,continuous,Creatinine,binary,-0.1268,0.32605106200435996,62,WEAK,Negative,False
Tigecycline,continuous,Ceftazidime.Avibactam.Aztreonam.Synergy.T,continuous,0.1268,0.32598957862809835,62,WEAK,Positive,False
BSI.CRO,binary,Minocycline,continuous,0.1267,0.3265791763487762,62,WEAK,Positive,False
Past.CREPA.infection,continuous,SGOT,binary,-0.1267,0.3264320783811146,62,WEAK,Negative,False
Hypothyroidism,binary,Ceftazidime,continuous,-0.1266,0.3269267367635932,62,WEAK,Negative,False
Total.Protein,binary,Levofloxacin,continuous,0.1266,0.3269267367635932,62,WEAK,Positive,False
Neutropenia,binary,SOFA,continuous,-0.1265,0.3272475117701573,62,WEAK,Negative,False
Any.Fungal.Infection,binary,Neither.Abx.T,ordinal,-0.1263,0.3322138460130937,61,WEAK,Negative,False
OXA48,binary,Any.Fungal.Infection,binary,0.1263,0.3322138460130937,61,WEAK,Positive,False
Gentamicin,continuous,ICU.Stay.in.28.Days,continuous,-0.1262,0.32819629744902623,62,WEAK,Negative,False
Immunosuppressive.drugs.in.1.week,binary,Ceftazidime.Avibactam.Aztreonam.T,binary,0.1262,0.32845271967158235,62,WEAK,Positive,False
HAP.CRO,binary,Lympho,binary,-0.1262,0.32845271967158235,62,WEAK,Negative,False
Solid.Organ,binary,Procalcitonin,binary,-0.126,0.32919433129297104,62,WEAK,Negative,False
IAI.CRO,binary,Neither.Abx.T,ordinal,-0.126,0.3291943312929708,62,WEAK,Negative,False
IAI.CRO,binary,Fosfomycin,continuous,-0.126,0.32926654985115394,62,WEAK,Negative,False
P.C.only.E,ordinal,Levofloxacin,continuous,0.126,0.3292598530914239,62,WEAK,Positive,False
P.C.Z.A.E,ordinal,Colistin,continuous,-0.126,0.3291710302717789,62,WEAK,Negative,False
P.C.only.E,ordinal,Cefuroxime,continuous,0.126,0.32919433129297104,62,WEAK,Positive,False
Dialysis.in.1.week,binary,Albumin,binary,0.126,0.3291943312929708,62,WEAK,Positive,False
P.C.only.E,ordinal,Amoxicillin.Clavulanic.Acid,continuous,0.126,0.32919433129297104,62,WEAK,Positive,False
P.C.only.E,ordinal,Ceftazidime,continuous,0.126,0.3292598530914239,62,WEAK,Positive,False
OXA48,binary,Dialysis.in.1.week,binary,0.126,0.3291943312929708,62,WEAK,Positive,False
P.C.only.E,ordinal,Cefoperazone.Sulbactam,continuous,0.126,0.32919433129297104,62,WEAK,Positive,False
Dialysis.in.1.week,binary,Neither.Abx.T,ordinal,-0.126,0.3291943312929708,62,WEAK,Negative,False
SOFA,continuous,Carbapenemase,binary,0.1259,0.32947956538150924,62,WEAK,Positive,False
SOFA,continuous,Piperacillin.Tazobactam,continuous,0.1259,0.32947956538150924,62,WEAK,Positive,False
Any.Fungal.Infection,binary,Chloramphenicol,continuous,0.1259,0.3334936171355803,61,WEAK,Positive,False
SOFA,continuous,Imipenem,continuous,0.1259,0.32947956538150924,62,WEAK,Positive,False
SOFA,continuous,Meropenem,continuous,0.1259,0.32947956538150924,62,WEAK,Positive,False
SOFA,continuous,Cefepime,continuous,0.1259,0.32947956538150924,62,WEAK,Positive,False
IAI.CRO,binary,Nitrofurantoin,continuous,-0.1258,0.3300845983180324,62,WEAK,Negative,False
P.C.Z.A.E,ordinal,Nitrofurantoin,continuous,-0.1258,0.3300845983180324,62,WEAK,Negative,False
Dialysis.in.1.week,binary,Nitrofurantoin,continuous,-0.1258,0.3300845983180324,62,WEAK,Negative,False
SGPT,binary,ICU.Stay.in.28.Days,continuous,-0.1256,0.3306222881962075,62,WEAK,Negative,False
CV.Catheter.in.6.Months,binary,Polymyxin.Colistin.Inclusion.T,binary,0.1256,0.33088173190788317,62,WEAK,Positive,False
NDM,binary,Nitrofurantoin,continuous,0.1256,0.33077998664390695,62,WEAK,Positive,False
CV.Catheter.in.6.Months,binary,Total.Hospital.Stay.in.28.Days,continuous,0.1253,0.33181158225700036,62,WEAK,Positive,False
Bil,binary,Ceftazidime.Avibactam.T,binary,-0.1252,0.3323209458865016,62,WEAK,Negative,False
Surgery.in.last.3.Months,binary,Ceftazidime.Avibactam.T,binary,-0.1252,0.3323209458865016,62,WEAK,Negative,False
Hospitalization.in.past.6.Months,binary,SGPT,binary,-0.1252,0.33217338086914955,62,WEAK,Negative,False
HTN,binary,Immunosuppressive.drugs.in.1.week,binary,-0.1252,0.33217338086914955,62,WEAK,Negative,False
ANC,binary,Creatinine,binary,0.1252,0.3323209458865016,62,WEAK,Positive,False
Neither.Abx.E,ordinal,GW.Stay.in.28.Days,continuous,0.125,0.33288901853487673,62,WEAK,Positive,False
Potassium,binary,Nitrofurantoin,continuous,-0.125,0.33296858126542034,62,WEAK,Negative,False
HAP.CRO,binary,Doxycycline,continuous,-0.1247,0.3342234170020965,62,WEAK,Negative,False
OXA48,binary,Clinical.Improvement,continuous,-0.1246,0.33470218351058556,62,WEAK,Negative,False
Hb,binary,Minocycline,continuous,-0.1245,0.3350900097497514,62,WEAK,Negative,False
Female,binary,SOFA,continuous,0.1243,0.3357407466103891,62,WEAK,Positive,False
Male,binary,SOFA,continuous,-0.1243,0.3357407466103891,62,WEAK,Negative,False
Past.CREPA.infection,continuous,Nitrofurantoin,continuous,0.1243,0.33565801573349474,62,WEAK,Positive,False
Aztreonam,continuous,GW.Stay.in.28.Days,continuous,0.1243,0.33590313428252544,62,WEAK,Positive,False
Hypothyroidism,binary,Overall.Mortality,binary,0.1243,0.33566440526335706,62,WEAK,Positive,False
Z.A.invitro,binary,IAI.CRO,binary,-0.1242,0.3360332900423835,62,WEAK,Negative,False
OXA48,binary,Ceftazidime.Avibactam.Aztreonam.Synergy.T,continuous,-0.1241,0.3364440436880005,62,WEAK,Negative,False
HTN,binary,ABSSSI.CRO,binary,-0.124,0.337058076195019,62,WEAK,Negative,False
KPC,binary,HTN,binary,-0.124,0.337058076195019,62,WEAK,Negative,False
HTN,binary,Other.NCRO,binary,-0.124,0.337058076195019,62,WEAK,Negative,False
HTN,binary,VAP.CRO,binary,-0.124,0.337058076195019,62,WEAK,Negative,False
Hospitalization.in.past.6.Months,binary,Cefepime,continuous,-0.124,0.337058076195019,62,WEAK,Negative,False
Hospitalization.in.past.6.Months,binary,Piperacillin.Tazobactam,continuous,-0.124,0.337058076195019,62,WEAK,Negative,False
ABSSSI.CRO,binary,Hospitalization.in.past.6.Months,binary,0.124,0.337058076195019,62,WEAK,Positive,False
Hospitalization.in.past.6.Months,binary,Carbapenemase,binary,-0.124,0.337058076195019,62,WEAK,Negative,False
Hospitalization.in.past.6.Months,binary,Meropenem,continuous,-0.124,0.337058076195019,62,WEAK,Negative,False
HTN,binary,Cefepime,continuous,0.124,0.337058076195019,62,WEAK,Positive,False
Hospitalization.in.past.6.Months,binary,Imipenem,continuous,-0.124,0.337058076195019,62,WEAK,Negative,False
HTN,binary,Carbapenemase,binary,0.124,0.337058076195019,62,WEAK,Positive,False
HTN,binary,Imipenem,continuous,0.124,0.337058076195019,62,WEAK,Positive,False
HTN,binary,Meropenem,continuous,0.124,0.337058076195019,62,WEAK,Positive,False
HTN,binary,Piperacillin.Tazobactam,continuous,0.124,0.337058076195019,62,WEAK,Positive,False
Hypothyroidism,binary,Hemat.Malignancy,binary,0.124,0.3368709046100756,62,WEAK,Positive,False
Z.A.only.T,ordinal,Minocycline,continuous,-0.1238,0.3376193202433493,62,WEAK,Negative,False
Height,continuous,DM,binary,0.1235,0.33898676231492814,62,WEAK,Positive,False
UTI.CRO,binary,Lympho,binary,0.1235,0.33872052688673976,62,WEAK,Positive,False
Ceftazidime.Avibactam.T,binary,Other.Illness.Leading.to.Hospitalization.post.28.Days.Discharge,binary,-0.1234,0.33933807036346364,62,WEAK,Negative,False
Bil,binary,P.C.only.E,ordinal,-0.1234,0.33933807036346364,62,WEAK,Negative,False
Total.Protein,binary,Chloramphenicol,continuous,0.1233,0.33956366144735556,62,WEAK,Positive,False
Amikacin,continuous,Cefotaxime,continuous,0.1233,0.3397518860753112,62,WEAK,Positive,False
Solid.Organ,binary,Ceftazidime,continuous,0.1232,0.339956941654236,62,WEAK,Positive,False
Solid.Organ,binary,Levofloxacin,continuous,0.1232,0.339956941654236,62,WEAK,Positive,False
Aztreonam,continuous,Total.Hospital.Stay.in.28.Days,continuous,-0.1231,0.340394658112974,62,WEAK,Negative,False
Aztreonam,continuous,Tigecycline,continuous,-0.123,0.34079355858304133,62,WEAK,Negative,False
CAP.CRO,binary,Hospitalization.in.past.6.Months,binary,0.1229,0.34128571561422577,62,WEAK,Positive,False
HTN,binary,Relapse.post.28.Day.Discharge,binary,-0.1229,0.34128571561422577,62,WEAK,Negative,False
Past.CREPA.infection,continuous,Z.A.only.T,ordinal,0.1229,0.34145744458079347,62,WEAK,Positive,False
HTN,binary,Endoscopy.in.1.week,binary,-0.1229,0.34128571561422577,62,WEAK,Negative,False
DM,binary,Past.CREPA.infection,continuous,0.1229,0.34145744458079347,62,WEAK,Positive,False
COPD,binary,Hospitalization.in.past.6.Months,binary,0.1229,0.34128571561422577,62,WEAK,Positive,False
Immunosuppressive.drugs.in.1.week,binary,Z.A.only.E,ordinal,0.1227,0.3420710405585381,62,WEAK,Positive,False
Lympho,binary,Other.Illness.Leading.to.Hospitalization.post.28.Days.Discharge,binary,0.1227,0.3420710405585381,62,WEAK,Positive,False
Immunosuppressive.drugs.in.1.week,binary,Other.Illness.Leading.to.Hospitalization.post.28.Days.Discharge,binary,0.1227,0.3420710405585381,62,WEAK,Positive,False
Hypothyroidism,binary,Overall.organ.support,binary,0.1227,0.3421568194057885,62,WEAK,Positive,False
Z.A.invitro,binary,Minocycline,continuous,0.1227,0.3422568283114265,62,WEAK,Positive,False
P.C.only.E,ordinal,Ceftazidime.Avibactam.T,binary,-0.1225,0.34306065784129625,62,WEAK,Negative,False
APACHEII,continuous,Globulin,binary,-0.1225,0.34274100700706767,62,WEAK,Negative,False
Nitrofurantoin,continuous,Ceftazidime.Avibactam.Aztreonam.Synergy.T,continuous,0.1223,0.3436733295140281,62,WEAK,Positive,False
Other.CRO,binary,SGPT,binary,0.1223,0.34355545258599196,62,WEAK,Positive,False
SGPT,binary,Doxycycline,continuous,0.1221,0.3445716912229946,62,WEAK,Positive,False
UTI.CRO,binary,Endoscopy.in.1.week,binary,-0.122,0.34500435346536257,62,WEAK,Negative,False
COPD,binary,CV.Catheter.in.6.Months,binary,-0.122,0.34500435346536257,62,WEAK,Negative,False
CV.Catheter.in.6.Months,binary,Mortality.post.28.Day.Discharge,binary,-0.122,0.34500435346536257,62,WEAK,Negative,False
UTI.CRO,binary,CAP.CRO,binary,-0.122,0.34500435346536257,62,WEAK,Negative,False
UTI.CRO,binary,Hb,binary,0.122,0.34500435346536257,62,WEAK,Positive,False
COPD,binary,UTI.CRO,binary,-0.122,0.34500435346536257,62,WEAK,Negative,False
CV.Catheter.in.6.Months,binary,Endoscopy.in.1.week,binary,-0.122,0.34500435346536257,62,WEAK,Negative,False
UTI.CRO,binary,Mortality.post.28.Day.Discharge,binary,-0.122,0.34500435346536257,62,WEAK,Negative,False
UTI.CRO,binary,Relapse.post.28.Day.Discharge,binary,-0.122,0.34500435346536257,62,WEAK,Negative,False
Age,continuous,Inotropes,binary,-0.1219,0.34510210405337866,62,WEAK,Negative,False
Cefotaxime,continuous,Ceftazidime.Avibactam.T,binary,-0.1218,0.34573089240452043,62,WEAK,Negative,False
ANC,binary,Ciprofloxacin,continuous,-0.1217,0.3459079557364155,62,WEAK,Negative,False
Aztreonam,continuous,Ceftazidime.Avibactam.T,binary,-0.1217,0.34586370276822587,62,WEAK,Negative,False
Lympho,binary,Fosfomycin,continuous,-0.1215,0.3469547007955747,62,WEAK,Negative,False
Amikacin,continuous,Mortality.post.28.Day.Discharge,binary,0.1215,0.3468831347088188,62,WEAK,Positive,False
Amikacin,continuous,Relapse.post.28.Day.Discharge,binary,0.1215,0.3468831347088188,62,WEAK,Positive,False
Cefoperazone.Sulbactam,continuous,Ceftazidime.Avibactam,binary,0.1214,0.3474045809181384,62,WEAK,Positive,False
Hb,binary,Colistin,continuous,0.1213,0.34764597280341275,62,WEAK,Positive,False
COPD,binary,Colistin,continuous,-0.1213,0.34764597280341275,62,WEAK,Negative,False
Endoscopy.in.1.week,binary,Colistin,continuous,-0.1213,0.34764597280341275,62,WEAK,Negative,False
HAP.CRO,binary,Mortality.post.28.Day.Discharge,binary,0.1213,0.3476116982885395,62,WEAK,Positive,False
CAP.CRO,binary,Colistin,continuous,-0.1213,0.34764597280341275,62,WEAK,Negative,False
Albumin,binary,ALP,binary,0.1213,0.3476116982885395,62,WEAK,Positive,False
Levofloxacin,continuous,Ceftazidime.Avibactam,binary,0.1213,0.3474698597445889,62,WEAK,Positive,False
Immunosuppressive.drugs.in.1.week,binary,Cefoxitin,continuous,0.1211,0.34845954964204934,62,WEAK,Positive,False
TLC,binary,Cefotaxime,continuous,0.1211,0.34845954964204934,62,WEAK,Positive,False
P.C.only.E,ordinal,Neither.Abx.E,ordinal,-0.1211,0.3445873306323174,63,WEAK,Negative,False
Total.Hospital.Stay.in.28.Days,continuous,Other.Illness.Leading.to.Hospitalization.post.28.Days.Discharge,binary,0.1211,0.3485318388374325,62,WEAK,Positive,False
Hypothyroidism,binary,Ceftazidime.Avibactam.Aztreonam.Synergy.T,continuous,-0.1211,0.3486486807131356,62,WEAK,Negative,False
TLC,binary,Cefoxitin,continuous,0.1211,0.34845954964204934,62,WEAK,Positive,False
Potassium,binary,Gentamicin,continuous,0.1208,0.34957776784714095,62,WEAK,Positive,False
Other.CRO,binary,Mortality.in.Hospital,binary,0.1207,0.35011049243660003,62,WEAK,Positive,False
CV.Catheter.in.6.Months,binary,Mortality.in.ICU,binary,-0.1207,0.35024542871696007,62,WEAK,Negative,False
Chloramphenicol,continuous,ICU.Stay.in.28.Days,continuous,0.1207,0.35003406421299094,62,WEAK,Positive,False
P.C.in.vitro,binary,Neither.Abx.E,ordinal,0.1207,0.3501104924366,62,WEAK,Positive,False
ALP,binary,Overall.Mortality,binary,-0.1205,0.3510611806117624,62,WEAK,Negative,False
Dialysis.in.1.week,binary,Ceftazidime.Avibactam.Aztreonam.Synergy.T,continuous,-0.1204,0.3513635121391418,62,WEAK,Negative,False
IAI.CRO,binary,Ceftazidime.Avibactam.Aztreonam.Synergy.T,continuous,-0.1204,0.3513635121391418,62,WEAK,Negative,False
Minocycline,continuous,Total.Hospital.Stay.in.28.Days,continuous,-0.1204,0.35144097195566976,62,WEAK,Negative,False
P.C.only.E,ordinal,Tigecycline,continuous,-0.1204,0.351151805720776,62,WEAK,Negative,False
Hospitalization.in.past.6.Months,binary,Fosfomycin,continuous,0.1202,0.35194085711124184,62,WEAK,Positive,False
OXA48,binary,SGPT,binary,0.1202,0.3519661808905771,62,WEAK,Positive,False
Lympho,binary,Neither.Abx.T,ordinal,0.1202,0.3519661808905771,62,WEAK,Positive,False
Height,continuous,Clinical.Improvement,continuous,-0.1202,0.35188193607641727,62,WEAK,Negative,False
Tigecycline,continuous,Other.Illness.Leading.to.Hospitalization.post.28.Days.Discharge,binary,-0.1202,0.3520580412660685,62,WEAK,Negative,False
ALP,binary,Cefepime,continuous,-0.12,0.3527744869206971,62,WEAK,Negative,False
ALP,binary,Meropenem,continuous,-0.12,0.3527744869206971,62,WEAK,Negative,False
ALP,binary,Carbapenemase,binary,-0.12,0.3527744869206971,62,WEAK,Negative,False
ALP,binary,Piperacillin.Tazobactam,continuous,-0.12,0.3527744869206971,62,WEAK,Negative,False
ALP,binary,Imipenem,continuous,-0.12,0.3527744869206971,62,WEAK,Negative,False
KPC,binary,ALP,binary,0.12,0.3527744869206971,62,WEAK,Positive,False
Past.CREPA.infection,continuous,Inotropes,binary,-0.1198,0.353781884503616,62,WEAK,Negative,False
Solid.Organ,binary,Cefoperazone.Sulbactam,continuous,0.1197,0.3539729892788031,62,WEAK,Positive,False
IAI.CRO,binary,Hospitalization.in.past.6.Months,binary,-0.1197,0.3539729892788031,62,WEAK,Negative,False
Solid.Organ,binary,Amoxicillin.Clavulanic.Acid,continuous,0.1197,0.3539729892788031,62,WEAK,Positive,False
ANC,binary,Amoxicillin.Clavulanic.Acid,continuous,0.1197,0.3539729892788031,62,WEAK,Positive,False
ANC,binary,Cefuroxime,continuous,0.1197,0.3539729892788031,62,WEAK,Positive,False
Solid.Organ,binary,Cefuroxime,continuous,0.1197,0.3539729892788031,62,WEAK,Positive,False
Creatinine,binary,Total.Hospital.Stay.in.28.Days,continuous,-0.1196,0.35446173282116383,62,WEAK,Negative,False
Solid.Organ,binary,Total.Hospital.Stay.in.28.Days,continuous,0.1188,0.3576791070772905,62,WEAK,Positive,False
Immunosuppressive.drugs.in.1.week,binary,Neutropenia,binary,-0.1188,0.3577292858846717,62,WEAK,Negative,False
Ceftazidime.Avibactam.T,binary,Total.Hospital.Stay.in.28.Days,continuous,0.1188,0.3576791070772905,62,WEAK,Positive,False
Any.Fungal.Infection,binary,Cefotaxime,continuous,-0.1188,0.3619502059766541,61,WEAK,Negative,False
APACHEII,continuous,Chloramphenicol,continuous,0.1188,0.35794261570777647,62,WEAK,Positive,False
APACHEII,continuous,Total.Hospital.Stay.in.28.Days,continuous,-0.1188,0.3576802857975044,62,WEAK,Negative,False
UTI.CRO,binary,Overall.Mortality,binary,0.1187,0.35823922774600064,62,WEAK,Positive,False
UTI.CRO,binary,Ventilation,binary,-0.1187,0.35823922774600064,62,WEAK,Negative,False
Chloramphenicol,continuous,Relapse.post.28.Day.Discharge,binary,0.1187,0.3580468850300371,62,WEAK,Positive,False
Lympho,binary,Polymyxin.Colistin.Inclusion.T,binary,-0.1185,0.35904587026767626,62,WEAK,Negative,False
Any.Viral.Infection,binary,SGPT,binary,-0.1185,0.35904587026767626,62,WEAK,Negative,False
Immunosuppressive.drugs.in.1.week,binary,Polymyxin.Colistin.Inclusion.T,binary,-0.1185,0.35904587026767626,62,WEAK,Negative,False
OXA48,binary,Chloramphenicol,continuous,0.1184,0.3594395487072609,62,WEAK,Positive,False
Hemat.Malignancy,binary,Amikacin,continuous,0.1183,0.35974476034715963,62,WEAK,Positive,False
Age,continuous,Globulin,binary,0.1183,0.35965776710241815,62,WEAK,Positive,False
Total.Protein,binary,P.C.Z.A.T,ordinal,0.1182,0.36040259264739083,62,WEAK,Positive,False
Procalcitonin,binary,Mortality.in.Hospital,binary,0.1182,0.3603701656447332,62,WEAK,Positive,False
Creatinine,binary,Ceftazidime.Avibactam,binary,-0.1182,0.360342224736314,62,WEAK,Negative,False
DM,binary,Nitrofurantoin,continuous,0.1182,0.3602811242691532,62,WEAK,Positive,False
P.C.in.vitro,binary,Hemat.Malignancy,binary,-0.1182,0.36040259264739083,62,WEAK,Negative,False
Urea,binary,Polymyxin.Colistin.Inclusion.T,binary,0.1182,0.360342224736314,62,WEAK,Positive,False
Total.Protein,binary,Mortality.in.Hospital,binary,0.1182,0.36040259264739083,62,WEAK,Positive,False
P.C.in.vitro,binary,Mortality.in.ICU,binary,0.1182,0.360370165644733,62,WEAK,Positive,False
Surgery.in.last.3.Months,binary,Ceftazidime.Avibactam,binary,0.1182,0.360342224736314,62,WEAK,Positive,False
Potassium,binary,Mortality.in.ICU,binary,-0.1181,0.3606853485839491,62,WEAK,Negative,False
Procalcitonin,binary,ICU.Stay.in.28.Days,continuous,-0.1181,0.3604987626137871,62,WEAK,Negative,False
Ventilation,binary,Tigecycline,continuous,0.1181,0.3607527526214618,62,WEAK,Positive,False
Urinary.Catheter.in.6.Months,binary,Mortality.in.ICU,binary,-0.1181,0.3606853485839491,62,WEAK,Negative,False
Hemat.Malignancy,binary,ICU.Stay.in.28.Days,continuous,0.118,0.3610839219805057,62,WEAK,Positive,False
Amikacin,continuous,Clinical.Improvement,continuous,-0.1179,0.361473640408901,62,WEAK,Negative,False
Urinary.Catheter.in.6.Months,binary,Chloramphenicol,continuous,-0.1179,0.3614156797928061,62,WEAK,Negative,False
HAP.CRO,binary,GW.Stay.in.28.Days,continuous,-0.1176,0.36270989537880655,62,WEAK,Negative,False
Globulin,binary,P.C.only.E,ordinal,-0.1173,0.3640533503313267,62,WEAK,Negative,False
SOFA,continuous,SGPT,binary,0.1173,0.3637776365448708,62,WEAK,Positive,False
P.C.in.vitro,binary,SGOT,binary,0.1171,0.36457093212584657,62,WEAK,Positive,False
Ceftazidime.Avibactam,binary,Mortality.in.ICU,binary,0.1171,0.36464309462528716,62,WEAK,Positive,False
BSI.CRO,binary,Neither.Abx.T,ordinal,-0.117,0.36493668820470204,62,WEAK,Negative,False
Any.Viral.Infection,binary,Ceftazidime.Avibactam.Aztreonam.T,binary,0.1169,0.3657247730720613,62,WEAK,Positive,False
IAI.CRO,binary,Neither.Abx.E,ordinal,-0.1168,0.36606369610566836,62,WEAK,Negative,False
Amoxicillin.Clavulanic.Acid,continuous,Ceftazidime.Avibactam.Aztreonam.T,binary,-0.1168,0.36606369610566836,62,WEAK,Negative,False
Dialysis.in.1.week,binary,Neither.Abx.E,ordinal,-0.1168,0.36606369610566836,62,WEAK,Negative,False
Cefoperazone.Sulbactam,continuous,Ceftazidime.Avibactam.Aztreonam.T,binary,-0.1168,0.36606369610566836,62,WEAK,Negative,False
Other.CRO,binary,P.C.only.T,ordinal,-0.1168,0.36606369610566836,62,WEAK,Negative,False
Albumin,binary,Sodium,binary,0.1168,0.36606369610566836,62,WEAK,Positive,False
Cefuroxime,continuous,Ceftazidime.Avibactam.Aztreonam.T,binary,-0.1168,0.36606369610566836,62,WEAK,Negative,False
IAI.CRO,binary,Other.CRO,binary,-0.1168,0.36606369610566836,62,WEAK,Negative,False
Levofloxacin,continuous,Ceftazidime.Avibactam.Aztreonam.T,binary,-0.1168,0.366128558495797,62,WEAK,Negative,False
OXA48,binary,Magnesium,binary,-0.1168,0.36606369610566836,62,WEAK,Negative,False
ANC,binary,Total.Hospital.Stay.in.28.Days,continuous,0.1167,0.36654893466804706,62,WEAK,Positive,False
OXA48,binary,GW.Stay.in.28.Days,continuous,-0.1167,0.36651105122133987,62,WEAK,Negative,False
Platelet,binary,Total.Protein,binary,-0.1166,0.36696861990395135,62,WEAK,Negative,False
IAI.CRO,binary,Doxycycline,continuous,-0.1165,0.3670723659607776,62,WEAK,Negative,False
P.C.Z.A.E,ordinal,Doxycycline,continuous,-0.1165,0.3670723659607776,62,WEAK,Negative,False
P.C.only.T,ordinal,Doxycycline,continuous,-0.1165,0.3670723659607776,62,WEAK,Negative,False
Colistin,continuous,Fosfomycin,continuous,-0.1164,0.3677564383221864,62,WEAK,Negative,False
Neither.Abx.E,ordinal,Chloramphenicol,continuous,-0.1163,0.36786685741821656,62,WEAK,Negative,False
Immunosuppressive.drugs.in.1.week,binary,Overall.organ.support,binary,0.1163,0.3678276618571937,62,WEAK,Positive,False
BSI.CRO,binary,Immunosuppressive.drugs.in.1.week,binary,-0.1163,0.3678276618571937,62,WEAK,Negative,False
CV.Catheter.in.6.Months,binary,Trimethoprim.Sulfamethoxazole,continuous,-0.1163,0.3678756761155784,62,WEAK,Negative,False
Overall.organ.support,binary,SGPT,binary,-0.1163,0.3678276618571937,62,WEAK,Negative,False
ANC,binary,Ceftazidime,continuous,0.1162,0.36847294572943196,62,WEAK,Positive,False
HAP.CRO,binary,Past.CREPA.infection,continuous,-0.1162,0.3686494348552667,62,WEAK,Negative,False
DM,binary,Fosfomycin,continuous,-0.1162,0.36828404441110835,62,WEAK,Negative,False
Surgery.in.last.3.Months,binary,Creatinine,binary,-0.1162,0.3683278231420429,62,WEAK,Negative,False
Ceftazidime,continuous,Ceftazidime.Avibactam.T,binary,0.1162,0.36847294572943196,62,WEAK,Positive,False
Hypothyroidism,binary,Aztreonam,continuous,0.1161,0.3687957181380142,62,WEAK,Positive,False
Urea,binary,Nitrofurantoin,continuous,0.1161,0.36890568735560336,62,WEAK,Positive,False
Total.Protein,binary,Ertapenem,continuous,-0.1161,0.3687957181380142,62,WEAK,Negative,False
Total.Protein,binary,Aztreonam,continuous,-0.1161,0.3687957181380142,62,WEAK,Negative,False
Hypothyroidism,binary,Cefotaxime,continuous,0.1161,0.36866395885006614,62,WEAK,Positive,False
Total.Protein,binary,Cefotaxime,continuous,-0.1161,0.36866395885006614,62,WEAK,Negative,False
Hypothyroidism,binary,Cefoxitin,continuous,0.1161,0.36866395885006614,62,WEAK,Positive,False
Calcium,binary,Minocycline,continuous,0.1158,0.3699422944865487,62,WEAK,Positive,False
P.C.Z.A.E,ordinal,Mortality.in.ICU,binary,0.1158,0.37005139552380034,62,WEAK,Positive,False
Minocycline,continuous,Other.Illness.Leading.to.Hospitalization.post.28.Days.Discharge,binary,0.1158,0.37004785918941185,62,WEAK,Positive,False
SGOT,binary,Colistin,continuous,0.1157,0.3706536642326729,62,WEAK,Positive,False
Any.Fungal.Infection,binary,Other.Illness.Leading.to.Hospitalization.post.28.Days.Discharge,binary,0.1155,0.37524433682199193,61,WEAK,Positive,False
Neutropenia,binary,Any.Fungal.Infection,binary,0.1155,0.37524433682199193,61,WEAK,Positive,False
Any.Fungal.Infection,binary,P.C.Z.A.E,ordinal,0.1155,0.37524433682199193,61,WEAK,Positive,False
Male,binary,Inotropes,binary,-0.1153,0.37200695122951877,62,WEAK,Negative,False
Female,binary,Inotropes,binary,0.1153,0.37200695122951877,62,WEAK,Positive,False
P.C.in.vitro,binary,Endoscopy.in.1.week,binary,-0.1152,0.3727609963202173,62,WEAK,Negative,False
Mortality.in.Hospital,binary,Relapse.post.28.Day.Discharge,binary,-0.1152,0.3727609963202173,62,WEAK,Negative,False
Endoscopy.in.1.week,binary,Mortality.in.Hospital,binary,-0.1152,0.3727609963202173,62,WEAK,Negative,False
Bil,binary,GW.Stay.in.28.Days,continuous,-0.1152,0.37240887288618235,62,WEAK,Negative,False
P.C.in.vitro,binary,COPD,binary,-0.1152,0.3727609963202173,62,WEAK,Negative,False
P.C.in.vitro,binary,CAP.CRO,binary,-0.1152,0.3727609963202173,62,WEAK,Negative,False
Mortality.in.Hospital,binary,Mortality.post.28.Day.Discharge,binary,-0.1152,0.3727609963202173,62,WEAK,Negative,False
P.C.in.vitro,binary,Hb,binary,0.1152,0.3727609963202173,62,WEAK,Positive,False
COPD,binary,Mortality.in.Hospital,binary,-0.1152,0.3727609963202173,62,WEAK,Negative,False
P.C.Z.A.T,ordinal,Relapse.post.28.Day.Discharge,binary,-0.1152,0.3727609963202173,62,WEAK,Negative,False
CV.Catheter.in.6.Months,binary,SOFA,continuous,-0.1151,0.3731504701417838,62,WEAK,Negative,False
P.C.in.vitro,binary,Z.A.invitro,binary,0.115,0.37347234072022756,62,WEAK,Positive,False
Total.Protein,binary,Calcium,binary,0.1149,0.37400939572637154,62,WEAK,Positive,False
Sodium,binary,Chloramphenicol,continuous,-0.1149,0.37374922517726905,62,WEAK,Negative,False
Hypothyroidism,binary,Sodium,binary,-0.1149,0.37400939572637154,62,WEAK,Negative,False
ABSSSI.CRO,binary,APACHEII,continuous,-0.1148,0.37446117282512803,62,WEAK,Negative,False
VAP.CRO,binary,APACHEII,continuous,-0.1148,0.37446117282512803,62,WEAK,Negative,False
Z.A.invitro,binary,Potassium,binary,0.1148,0.3744190450199883,62,WEAK,Positive,False
Height,continuous,Colistin,continuous,-0.1147,0.3747133063158255,62,WEAK,Negative,False
Hb,binary,ALP,binary,-0.1146,0.3751094935024998,62,WEAK,Negative,False
Overall.organ.support,binary,Globulin,binary,-0.1146,0.375070720789437,62,WEAK,Negative,False
Levofloxacin,continuous,GW.Stay.in.28.Days,continuous,-0.1146,0.3752428152530669,62,WEAK,Negative,False
Ceftazidime.Avibactam.Aztreonam.T,binary,Polymyxin.Colistin.Inclusion.T,binary,0.1144,0.37608288231235754,62,WEAK,Positive,False
HAP.CRO,binary,Any.Viral.Infection,binary,0.1144,0.37608288231235754,62,WEAK,Positive,False
INR,binary,Fosfomycin,continuous,0.1143,0.37631228626358604,62,WEAK,Positive,False
Weight,continuous,Albumin,binary,0.1143,0.3763386569750072,62,WEAK,Positive,False
CKD,binary,Fosfomycin,continuous,-0.1143,0.37631228626358604,62,WEAK,Negative,False
Other.NCRO,binary,Fosfomycin,continuous,-0.1143,0.37631228626358604,62,WEAK,Negative,False
DM,binary,Trimethoprim.Sulfamethoxazole,continuous,0.1143,0.37628120286958006,62,WEAK,Positive,False
Weight,continuous,HAP.CRO,binary,0.1142,0.3767167398131964,62,WEAK,Positive,False
Potassium,binary,Colistin,continuous,-0.1141,0.3771471726003301,62,WEAK,Negative,False
OXA48,binary,Neutropenia,binary,0.114,0.3776517093652362,62,WEAK,Positive,False
Albumin,binary,Other.Illness.Leading.to.Hospitalization.post.28.Days.Discharge,binary,0.114,0.3776517093652362,62,WEAK,Positive,False
Albumin,binary,Z.A.only.E,ordinal,0.114,0.3776517093652362,62,WEAK,Positive,False
OXA48,binary,Other.Illness.Leading.to.Hospitalization.post.28.Days.Discharge,binary,0.114,0.3776517093652362,62,WEAK,Positive,False
Nitrofurantoin,continuous,Other.Illness.Leading.to.Hospitalization.post.28.Days.Discharge,binary,-0.1138,0.37852828745321127,62,WEAK,Negative,False
Surgery.in.last.3.Months,binary,Neutropenia,binary,-0.1138,0.3786326830743766,62,WEAK,Negative,False
CAP.CRO,binary,Other.CRO,binary,0.1138,0.37863664399679725,62,WEAK,Positive,False
Bil,binary,Other.Illness.Leading.to.Hospitalization.post.28.Days.Discharge,binary,-0.1138,0.3786326830743766,62,WEAK,Negative,False
Other.CRO,binary,Hb,binary,-0.1138,0.37863664399679725,62,WEAK,Negative,False
Other.CRO,binary,Mortality.post.28.Day.Discharge,binary,0.1138,0.37863664399679725,62,WEAK,Positive,False
Cefoxitin,continuous,Total.Hospital.Stay.in.28.Days,continuous,-0.1137,0.37910503575836235,62,WEAK,Negative,False
Bil,binary,Mortality.in.ICU,binary,0.1136,0.379518588084188,62,WEAK,Positive,False
Endoscopy.in.1.week,binary,Doxycycline,continuous,0.1135,0.37963951623420944,62,WEAK,Positive,False
Age,continuous,ICU.Stay.in.28.Days,continuous,0.1135,0.3799446369170575,62,WEAK,Positive,False
Height,continuous,NDM,binary,0.1133,0.38045970903423565,62,WEAK,Positive,False
Gentamicin,continuous,Cefotaxime,continuous,0.1133,0.38044166806034946,62,WEAK,Positive,False
TLC,binary,Bil,binary,0.1132,0.38088901208838416,62,WEAK,Positive,False
SGPT,binary,Creatinine,binary,0.1132,0.38088901208838416,62,WEAK,Positive,False
Lympho,binary,Urea,binary,-0.1132,0.38088901208838416,62,WEAK,Negative,False
Immunosuppressive.drugs.in.1.week,binary,Bil,binary,0.1132,0.38088901208838416,62,WEAK,Positive,False
HTN,binary,Nitrofurantoin,continuous,0.1131,0.38123417899309625,62,WEAK,Positive,False
Weight,continuous,APACHEII,continuous,0.1131,0.38138051652435123,62,WEAK,Positive,False
NDM,binary,Cefoxitin,continuous,0.113,0.38180685947399523,62,WEAK,Positive,False
NDM,binary,Cefotaxime,continuous,0.113,0.38180685947399523,62,WEAK,Positive,False
Platelet,binary,Ciprofloxacin,continuous,0.113,0.3819814256529392,62,WEAK,Positive,False
Cefotaxime,continuous,Overall.Mortality,binary,-0.113,0.38180685947399523,62,WEAK,Negative,False
Platelet,binary,Cefotaxime,continuous,0.113,0.38180685947399523,62,WEAK,Positive,False
Bil,binary,Nitrofurantoin,continuous,-0.1129,0.3822561318116227,62,WEAK,Negative,False
Colistin,continuous,Ceftazidime.Avibactam.T,binary,-0.1128,0.3825077657067749,62,WEAK,Negative,False
Z.A.invitro,binary,Ventilation,binary,0.1128,0.3828114462030658,62,WEAK,Positive,False
Z.A.invitro,binary,Platelet,binary,0.1128,0.3828114462030658,62,WEAK,Positive,False
P.C.Z.A.T,ordinal,Gentamicin,continuous,-0.1126,0.38361436389466047,62,WEAK,Negative,False
Female,binary,KPC,binary,-0.1125,0.38417765002024085,62,WEAK,Negative,False
Endoscopy.in.1.week,binary,ICU.Stay.in.28.Days,continuous,0.1125,0.38396555868455107,62,WEAK,Positive,False
CKD,binary,Inotropes,binary,0.1125,0.38417765002024085,62,WEAK,Positive,False
Male,binary,CV.Catheter.Now,binary,-0.1125,0.38417765002024085,62,WEAK,Negative,False
Globulin,binary,Amikacin,continuous,0.1125,0.3838939043272382,62,WEAK,Positive,False
P.C.Z.A.E,ordinal,Z.A.only.T,ordinal,-0.1125,0.3800748964685665,63,WEAK,Negative,False
Female,binary,ABSSSI.CRO,binary,-0.1125,0.38417765002024085,62,WEAK,Negative,False
Female,binary,CKD,binary,-0.1125,0.38417765002024085,62,WEAK,Negative,False
Female,binary,CV.Catheter.Now,binary,0.1125,0.38417765002024085,62,WEAK,Positive,False
Female,binary,Other.NCRO,binary,-0.1125,0.38417765002024085,62,WEAK,Negative,False
Male,binary,CKD,binary,0.1125,0.38417765002024085,62,WEAK,Positive,False
ABSSSI.CRO,binary,Inotropes,binary,0.1125,0.38417765002024085,62,WEAK,Positive,False
Male,binary,Other.NCRO,binary,0.1125,0.38417765002024085,62,WEAK,Positive,False
Male,binary,KPC,binary,0.1125,0.38417765002024085,62,WEAK,Positive,False
Ertapenem,continuous,Nitrofurantoin,continuous,-0.1125,0.38418622085319454,62,WEAK,Negative,False
Male,binary,ABSSSI.CRO,binary,0.1125,0.38417765002024085,62,WEAK,Positive,False
Inotropes,binary,INR,binary,-0.1125,0.38417765002024085,62,WEAK,Negative,False
ANC,binary,Bil,binary,0.1124,0.3843785310528133,62,WEAK,Positive,False
Ciprofloxacin,continuous,Nitrofurantoin,continuous,-0.1124,0.38422979704404603,62,WEAK,Negative,False
Solid.Organ,binary,Creatinine,binary,-0.1124,0.3843785310528133,62,WEAK,Negative,False
Z.A.only.E,ordinal,Chloramphenicol,continuous,-0.1124,0.3844636564894235,62,WEAK,Negative,False
Ceftazidime.Avibactam.Aztreonam.T,binary,Total.Hospital.Stay.in.28.Days,continuous,0.1124,0.38428076873962375,62,WEAK,Positive,False
Potassium,binary,Amoxicillin.Clavulanic.Acid,continuous,0.1122,0.38519696403705317,62,WEAK,Positive,False
Potassium,binary,Ceftazidime,continuous,0.1122,0.3852612357585733,62,WEAK,Positive,False
Potassium,binary,Cefoperazone.Sulbactam,continuous,0.1122,0.38519696403705317,62,WEAK,Positive,False
Potassium,binary,Levofloxacin,continuous,0.1122,0.3852612357585733,62,WEAK,Positive,False
Potassium,binary,Cefuroxime,continuous,0.1122,0.38519696403705317,62,WEAK,Positive,False
UTI.CRO,binary,Overall.organ.support,binary,-0.1121,0.3859075738865323,62,WEAK,Negative,False
Any.Fungal.Infection,binary,Amikacin,continuous,0.1119,0.39062376159216494,61,WEAK,Positive,False
HTN,binary,Ceftazidime.Avibactam.Aztreonam.Synergy.T,continuous,0.1118,0.3871741097002754,62,WEAK,Positive,False
HTN,binary,CV.Catheter.in.6.Months,binary,-0.1117,0.3872449328656016,62,WEAK,Negative,False
UTI.CRO,binary,Hospitalization.in.past.6.Months,binary,0.1117,0.3872449328656016,62,WEAK,Positive,False
Ceftazidime.Avibactam.Aztreonam.Synergy.T,continuous,Polymyxin.Colistin.Inclusion.T,binary,0.1116,0.38766655464280186,62,WEAK,Positive,False
SGPT,binary,ALP,binary,0.1116,0.38783260027530037,62,WEAK,Positive,False
Trimethoprim.Sulfamethoxazole,continuous,Relapse.post.28.Day.Discharge,binary,-0.1113,0.38899799428436677,62,WEAK,Negative,False
CAP.CRO,binary,Trimethoprim.Sulfamethoxazole,continuous,-0.1113,0.38899799428436677,62,WEAK,Negative,False
Trimethoprim.Sulfamethoxazole,continuous,Mortality.post.28.Day.Discharge,binary,-0.1113,0.38899799428436677,62,WEAK,Negative,False
Hb,binary,Trimethoprim.Sulfamethoxazole,continuous,0.1113,0.38899799428436677,62,WEAK,Positive,False
Platelet,binary,SGOT,binary,0.1113,0.3890378508507835,62,WEAK,Positive,False
Dialysis.in.1.week,binary,Gentamicin,continuous,-0.1112,0.3897085183620254,62,WEAK,Negative,False
IAI.CRO,binary,Gentamicin,continuous,-0.1112,0.3897085183620254,62,WEAK,Negative,False
Hospitalization.in.past.6.Months,binary,Magnesium,binary,0.111,0.39051279102065406,62,WEAK,Positive,False
Age,continuous,INR,binary,-0.111,0.3902662061170632,62,WEAK,Negative,False
Age,continuous,VAP.CRO,binary,0.111,0.3902662061170632,62,WEAK,Positive,False
Neither.Abx.T,ordinal,Nitrofurantoin,continuous,0.1109,0.39079691148021745,62,WEAK,Positive,False
Hospitalization.in.past.6.Months,binary,Minocycline,continuous,-0.1109,0.3907994209120646,62,WEAK,Negative,False
Male,binary,Platelet,binary,0.1106,0.39220684162745667,62,WEAK,Positive,False
Female,binary,NDM,binary,-0.1106,0.39220684162745667,62,WEAK,Negative,False
Female,binary,Platelet,binary,-0.1106,0.39220684162745667,62,WEAK,Negative,False
Male,binary,NDM,binary,0.1106,0.39220684162745667,62,WEAK,Positive,False
NDM,binary,Inotropes,binary,0.1106,0.39220684162745667,62,WEAK,Positive,False
Procalcitonin,binary,Cefotaxime,continuous,0.1105,0.3926885814505189,62,WEAK,Positive,False
Platelet,binary,Ertapenem,continuous,0.1105,0.392437433507766,62,WEAK,Positive,False
Procalcitonin,binary,Cefoxitin,continuous,0.1105,0.3926885814505189,62,WEAK,Positive,False
Sodium,binary,Total.Hospital.Stay.in.28.Days,continuous,-0.1104,0.3928225921934676,62,WEAK,Negative,False
Procalcitonin,binary,Aztreonam,continuous,0.1104,0.3928187258956397,62,WEAK,Positive,False
Procalcitonin,binary,Ciprofloxacin,continuous,0.1104,0.39286208933215966,62,WEAK,Positive,False
Aztreonam,continuous,Mortality.in.ICU,binary,0.1104,0.3928187258956397,62,WEAK,Positive,False
Ciprofloxacin,continuous,Mortality.in.ICU,binary,0.1104,0.39286208933215966,62,WEAK,Positive,False
Procalcitonin,binary,Ertapenem,continuous,0.1104,0.3928187258956397,62,WEAK,Positive,False
Polymyxin.Colistin.Inclusion.T,binary,Relapse.post.28.Day.Discharge,binary,-0.1103,0.39362478453636407,62,WEAK,Negative,False
CAP.CRO,binary,Any.Viral.Infection,binary,0.1103,0.39362478453636407,62,WEAK,Positive,False
CAP.CRO,binary,Ceftazidime.Avibactam,binary,0.1103,0.39362478453636407,62,WEAK,Positive,False
COPD,binary,Any.Viral.Infection,binary,0.1103,0.39362478453636407,62,WEAK,Positive,False
Any.Viral.Infection,binary,Relapse.post.28.Day.Discharge,binary,0.1103,0.39362478453636407,62,WEAK,Positive,False
COPD,binary,Ceftazidime.Avibactam,binary,0.1103,0.39362478453636407,62,WEAK,Positive,False
Inotropes,binary,Ertapenem,continuous,0.11,0.394714788013794,62,WEAK,Positive,False
Inotropes,binary,Ciprofloxacin,continuous,0.11,0.39475810192968636,62,WEAK,Positive,False
Other.CRO,binary,Overall.Mortality,binary,0.1099,0.3949509360758599,62,WEAK,Positive,False
Height,continuous,P.C.Z.A.E,ordinal,0.1098,0.3954355096161937,62,WEAK,Positive,False
Other.CRO,binary,Fosfomycin,continuous,-0.1098,0.39542633247882264,62,WEAK,Negative,False
Ventilation,binary,Doxycycline,continuous,-0.1097,0.39594471498455236,62,WEAK,Negative,False
BSI.CRO,binary,ALP,binary,0.1096,0.39635492791722443,62,WEAK,Positive,False
Height,continuous,Other.Illness.Leading.to.Hospitalization.post.28.Days.Discharge,binary,0.1093,0.3976686564641497,62,WEAK,Positive,False
IAI.CRO,binary,P.C.only.E,ordinal,-0.1092,0.3982949306864648,62,WEAK,Negative,False
Z.A.invitro,binary,P.C.Z.A.E,ordinal,0.1092,0.3982949306864648,62,WEAK,Positive,False
Age,continuous,P.C.Z.A.T,ordinal,0.1092,0.39827237617457933,62,WEAK,Positive,False
Z.A.invitro,binary,P.C.only.T,ordinal,0.1092,0.3982949306864648,62,WEAK,Positive,False
Minocycline,continuous,Mortality.in.Hospital,binary,-0.1091,0.39851492749812767,62,WEAK,Negative,False
Gentamicin,continuous,Minocycline,continuous,0.109,0.3988711439335698,62,WEAK,Positive,False
CV.Catheter.in.6.Months,binary,Creatinine,binary,0.109,0.39884444904824223,62,WEAK,Positive,False
UTI.CRO,binary,Creatinine,binary,0.109,0.39884444904824223,62,WEAK,Positive,False
Ventilation,binary,Cefepime,continuous,-0.1088,0.3998766776138277,62,WEAK,Negative,False
INR,binary,Overall.Mortality,binary,0.1088,0.3998766776138277,62,WEAK,Positive,False
Meropenem,continuous,Overall.Mortality,binary,0.1088,0.3998766776138277,62,WEAK,Positive,False
CV.Catheter.Now,binary,Overall.Mortality,binary,0.1088,0.3998766776138277,62,WEAK,Positive,False
CKD,binary,Ventilation,binary,0.1088,0.3998766776138277,62,WEAK,Positive,False
Ventilation,binary,Imipenem,continuous,-0.1088,0.3998766776138277,62,WEAK,Negative,False
Piperacillin.Tazobactam,continuous,Overall.Mortality,binary,0.1088,0.3998766776138277,62,WEAK,Positive,False
Carbapenemase,binary,Overall.Mortality,binary,0.1088,0.3998766776138277,62,WEAK,Positive,False
NDM,binary,VAP.CRO,binary,0.1088,0.3998766776138277,62,WEAK,Positive,False
Other.NCRO,binary,Overall.Mortality,binary,-0.1088,0.3998766776138277,62,WEAK,Negative,False
NDM,binary,Piperacillin.Tazobactam,continuous,-0.1088,0.3998766776138277,62,WEAK,Negative,False
ABSSSI.CRO,binary,Platelet,binary,0.1088,0.3998766776138277,62,WEAK,Positive,False
ABSSSI.CRO,binary,Ventilation,binary,0.1088,0.3998766776138277,62,WEAK,Positive,False
ABSSSI.CRO,binary,Overall.Mortality,binary,-0.1088,0.3998766776138277,62,WEAK,Negative,False
Platelet,binary,INR,binary,-0.1088,0.3998766776138277,62,WEAK,Negative,False
NDM,binary,INR,binary,-0.1088,0.3998766776138277,62,WEAK,Negative,False
Cefepime,continuous,Overall.Mortality,binary,0.1088,0.3998766776138277,62,WEAK,Positive,False
SOFA,continuous,Relapse.post.28.Day.Discharge,binary,-0.1088,0.3997565589560016,62,WEAK,Negative,False
VAP.CRO,binary,Ventilation,binary,0.1088,0.3998766776138277,62,WEAK,Positive,False
Ventilation,binary,Piperacillin.Tazobactam,continuous,-0.1088,0.3998766776138277,62,WEAK,Negative,False
NDM,binary,Imipenem,continuous,-0.1088,0.3998766776138277,62,WEAK,Negative,False
Ventilation,binary,Carbapenemase,binary,-0.1088,0.3998766776138277,62,WEAK,Negative,False
Ventilation,binary,Meropenem,continuous,-0.1088,0.3998766776138277,62,WEAK,Negative,False
NDM,binary,Meropenem,continuous,-0.1088,0.3998766776138277,62,WEAK,Negative,False
NDM,binary,Carbapenemase,binary,-0.1088,0.3998766776138277,62,WEAK,Negative,False
CV.Catheter.Now,binary,Platelet,binary,-0.1088,0.3998766776138277,62,WEAK,Negative,False
NDM,binary,Cefepime,continuous,-0.1088,0.3998766776138277,62,WEAK,Negative,False
NDM,binary,CKD,binary,0.1088,0.3998766776138277,62,WEAK,Positive,False
KPC,binary,Overall.Mortality,binary,-0.1088,0.3998766776138277,62,WEAK,Negative,False
NDM,binary,CV.Catheter.Now,binary,-0.1088,0.3998766776138277,62,WEAK,Negative,False
NDM,binary,Other.NCRO,binary,0.1088,0.3998766776138277,62,WEAK,Positive,False
Imipenem,continuous,Overall.Mortality,binary,0.1088,0.3998766776138277,62,WEAK,Positive,False
NDM,binary,ABSSSI.CRO,binary,0.1088,0.3998766776138277,62,WEAK,Positive,False
Past.CREPA.infection,continuous,Hemat.Malignancy,binary,-0.1087,0.4004799017090249,62,WEAK,Negative,False
P.C.in.vitro,binary,Ertapenem,continuous,-0.1087,0.40016437221913054,62,WEAK,Negative,False
OXA48,binary,Hospitalization.in.past.6.Months,binary,0.1087,0.40036779834174174,62,WEAK,Positive,False
OXA48,binary,HTN,binary,-0.1087,0.40036779834174174,62,WEAK,Negative,False
Urinary.Catheter.in.6.Months,binary,Globulin,binary,-0.1085,0.40124484758671747,62,WEAK,Negative,False
Platelet,binary,Z.A.only.E,ordinal,-0.1084,0.401560008153266,62,WEAK,Negative,False
Z.A.only.E,ordinal,Overall.Mortality,binary,0.1084,0.401560008153266,62,WEAK,Positive,False
Neutropenia,binary,Overall.Mortality,binary,0.1084,0.401560008153266,62,WEAK,Positive,False
Solid.Organ,binary,ICU.Stay.in.28.Days,continuous,-0.1084,0.4018028684022082,62,WEAK,Negative,False
Overall.Mortality,binary,Other.Illness.Leading.to.Hospitalization.post.28.Days.Discharge,binary,0.1084,0.401560008153266,62,WEAK,Positive,False
NDM,binary,Z.A.only.E,ordinal,-0.1084,0.401560008153266,62,WEAK,Negative,False
Doxycycline,continuous,Ceftazidime.Avibactam.Aztreonam.T,binary,-0.1084,0.40153512929137464,62,WEAK,Negative,False
Ventilation,binary,Z.A.only.E,ordinal,-0.1084,0.401560008153266,62,WEAK,Negative,False
NDM,binary,Other.Illness.Leading.to.Hospitalization.post.28.Days.Discharge,binary,-0.1084,0.401560008153266,62,WEAK,Negative,False
Globulin,binary,Total.Hospital.Stay.in.28.Days,continuous,-0.1083,0.4019973470875421,62,WEAK,Negative,False
Z.A.invitro,binary,Gentamicin,continuous,0.1083,0.40223744560558633,62,WEAK,Positive,False
OXA48,binary,Surgery.in.last.3.Months,binary,0.1083,0.4019504025423073,62,WEAK,Positive,False
Creatinine,binary,Neither.Abx.T,ordinal,0.1083,0.40195040254230735,62,WEAK,Positive,False
OXA48,binary,Urea,binary,-0.1083,0.4019504025423073,62,WEAK,Negative,False
Weight,continuous,Trimethoprim.Sulfamethoxazole,continuous,0.1082,0.402661714964486,62,WEAK,Positive,False
Any.Fungal.Infection,binary,Total.Protein,binary,0.1081,0.4070187832878411,61,WEAK,Positive,False
ANC,binary,Polymyxin.Colistin.Inclusion.T,binary,-0.108,0.4035578998409466,62,WEAK,Negative,False
Urinary.Catheter.in.6.Months,binary,Fosfomycin,continuous,-0.108,0.40353561309424857,62,WEAK,Negative,False
Overall.organ.support,binary,Amoxicillin.Clavulanic.Acid,continuous,-0.1077,0.4048357325133431,62,WEAK,Negative,False
Overall.organ.support,binary,Cefoperazone.Sulbactam,continuous,-0.1077,0.4048357325133431,62,WEAK,Negative,False
Overall.organ.support,binary,Cefuroxime,continuous,-0.1077,0.4048357325133431,62,WEAK,Negative,False
BSI.CRO,binary,Ceftazidime,continuous,0.1077,0.40489923770923836,62,WEAK,Positive,False
BSI.CRO,binary,Cefuroxime,continuous,0.1077,0.4048357325133431,62,WEAK,Positive,False
BSI.CRO,binary,Levofloxacin,continuous,0.1077,0.40489923770923836,62,WEAK,Positive,False
BSI.CRO,binary,Cefoperazone.Sulbactam,continuous,0.1077,0.4048357325133431,62,WEAK,Positive,False
BSI.CRO,binary,Amoxicillin.Clavulanic.Acid,continuous,0.1077,0.4048357325133431,62,WEAK,Positive,False
Meropenem,continuous,Total.Hospital.Stay.in.28.Days,continuous,-0.1076,0.4053694675125216,62,WEAK,Negative,False
Any.Fungal.Infection,binary,Carbapenemase,binary,0.1076,0.40922104252886626,61,WEAK,Positive,False
Any.Fungal.Infection,binary,INR,binary,0.1076,0.40922104252886626,61,WEAK,Positive,False
ABSSSI.CRO,binary,Any.Fungal.Infection,binary,-0.1076,0.40922104252886626,61,WEAK,Negative,False
Female,binary,Aztreonam,continuous,-0.1076,0.4053677148720044,62,WEAK,Negative,False
CV.Catheter.Now,binary,Any.Fungal.Infection,binary,0.1076,0.40922104252886626,61,WEAK,Positive,False
Male,binary,Aztreonam,continuous,0.1076,0.4053677148720044,62,WEAK,Positive,False
KPC,binary,Any.Fungal.Infection,binary,-0.1076,0.40922104252886626,61,WEAK,Negative,False
VAP.CRO,binary,Any.Fungal.Infection,binary,-0.1076,0.40922104252886626,61,WEAK,Negative,False
Imipenem,continuous,Total.Hospital.Stay.in.28.Days,continuous,-0.1076,0.4053694675125216,62,WEAK,Negative,False
Cefepime,continuous,Total.Hospital.Stay.in.28.Days,continuous,-0.1076,0.4053694675125216,62,WEAK,Negative,False
Any.Fungal.Infection,binary,Piperacillin.Tazobactam,continuous,0.1076,0.40922104252886626,61,WEAK,Positive,False
Piperacillin.Tazobactam,continuous,Total.Hospital.Stay.in.28.Days,continuous,-0.1076,0.4053694675125216,62,WEAK,Negative,False
Any.Fungal.Infection,binary,Imipenem,continuous,0.1076,0.40922104252886626,61,WEAK,Positive,False
Any.Fungal.Infection,binary,Meropenem,continuous,0.1076,0.40922104252886626,61,WEAK,Positive,False
Any.Fungal.Infection,binary,Cefepime,continuous,0.1076,0.40922104252886626,61,WEAK,Positive,False
Carbapenemase,binary,Total.Hospital.Stay.in.28.Days,continuous,-0.1076,0.4053694675125216,62,WEAK,Negative,False
Inotropes,binary,Doxycycline,continuous,0.1075,0.4054462085660435,62,WEAK,Positive,False
Female,binary,DM,binary,-0.1075,0.40576207430823935,62,WEAK,Negative,False
Inotropes,binary,Magnesium,binary,0.1075,0.40576207430823935,62,WEAK,Positive,False
Male,binary,DM,binary,0.1075,0.40576207430823935,62,WEAK,Positive,False
Weight,continuous,Total.Protein,binary,-0.1074,0.4059369808075417,62,WEAK,Negative,False
Sodium,binary,Mortality.in.ICU,binary,0.1073,0.40629610464029314,62,WEAK,Positive,False
IAI.CRO,binary,Dialysis.in.1.week,binary,-0.1071,0.4071811156203557,62,WEAK,Negative,False
IAI.CRO,binary,P.C.Z.A.E,ordinal,-0.1071,0.4071811156203557,62,WEAK,Negative,False
Dialysis.in.1.week,binary,P.C.only.T,ordinal,-0.1071,0.4071811156203557,62,WEAK,Negative,False
Solid.Organ,binary,ANC,binary,-0.1071,0.40718111562035586,62,WEAK,Negative,False
Hypothyroidism,binary,Ceftazidime.Avibactam.Aztreonam.T,binary,-0.107,0.4078131639346908,62,WEAK,Negative,False
Creatinine,binary,Fosfomycin,continuous,0.107,0.40761295366415595,62,WEAK,Positive,False
Inotropes,binary,Total.Protein,binary,0.107,0.40790960053973735,62,WEAK,Positive,False
Male,binary,Hypothyroidism,binary,-0.107,0.40790960053973735,62,WEAK,Negative,False
SOFA,continuous,Minocycline,continuous,0.107,0.40769741340986004,62,WEAK,Positive,False
Female,binary,Hypothyroidism,binary,0.107,0.40790960053973735,62,WEAK,Positive,False
DM,binary,Minocycline,continuous,0.1069,0.40846354211804226,62,WEAK,Positive,False
Past.CREPA.infection,continuous,Albumin,binary,0.1067,0.4093395914315288,62,WEAK,Positive,False
OXA48,binary,Past.CREPA.infection,continuous,0.1067,0.4093395914315289,62,WEAK,Positive,False
CAP.CRO,binary,Tigecycline,continuous,-0.1066,0.4096517157424457,62,WEAK,Negative,False
Tigecycline,continuous,Relapse.post.28.Day.Discharge,binary,-0.1066,0.4096517157424457,62,WEAK,Negative,False
Immunosuppressive.drugs.in.1.week,binary,Ceftazidime.Avibactam.T,binary,0.1065,0.40982874770273153,62,WEAK,Positive,False
TLC,binary,Ceftazidime.Avibactam.T,binary,0.1065,0.40982874770273153,62,WEAK,Positive,False
Immunosuppressive.drugs.in.1.week,binary,ANC,binary,0.1065,0.40982874770273153,62,WEAK,Positive,False
Weight,continuous,Inotropes,binary,0.1064,0.4105310746160658,62,WEAK,Positive,False
Inotropes,binary,ALP,binary,-0.1062,0.41131813806467565,62,WEAK,Negative,False
P.C.in.vitro,binary,Platelet,binary,0.1061,0.41192174702251516,62,WEAK,Positive,False
Ventilation,binary,P.C.Z.A.T,ordinal,0.1061,0.41192174702251516,62,WEAK,Positive,False
Height,continuous,Neutropenia,binary,0.106,0.41220795869932514,62,WEAK,Positive,False
Neutropenia,binary,Neither.Abx.E,ordinal,-0.1057,0.413736117096672,62,WEAK,Negative,False
Other.CRO,binary,Neutropenia,binary,-0.1057,0.413736117096672,62,WEAK,Negative,False
ANC,binary,GW.Stay.in.28.Days,continuous,-0.1056,0.4137999037900586,62,WEAK,Negative,False
Levofloxacin,continuous,Total.Hospital.Stay.in.28.Days,continuous,-0.1056,0.4141392122546272,62,WEAK,Negative,False
P.C.only.T,ordinal,Ceftazidime.Avibactam.Aztreonam.Synergy.T,continuous,0.1056,0.41418304177346166,62,WEAK,Positive,False
P.C.in.vitro,binary,Cefotaxime,continuous,-0.1055,0.41455069821564333,62,WEAK,Negative,False
P.C.Z.A.T,ordinal,Cefotaxime,continuous,-0.1055,0.41455069821564333,62,WEAK,Negative,False
P.C.in.vitro,binary,Cefoxitin,continuous,-0.1055,0.41455069821564333,62,WEAK,Negative,False
P.C.in.vitro,binary,Gentamicin,continuous,0.1054,0.4147193925353542,62,WEAK,Positive,False
Urinary.Catheter.in.6.Months,binary,Urea,binary,-0.1054,0.41509861466262865,62,WEAK,Negative,False
Doxycycline,continuous,Other.Illness.Leading.to.Hospitalization.post.28.Days.Discharge,binary,-0.1054,0.41471735463357584,62,WEAK,Negative,False
Creatinine,binary,Potassium,binary,-0.1054,0.41509861466262865,62,WEAK,Negative,False
Z.A.only.E,ordinal,Doxycycline,continuous,-0.1054,0.41471735463357584,62,WEAK,Negative,False
Gentamicin,continuous,Mortality.in.Hospital,binary,0.1054,0.4147193925353542,62,WEAK,Positive,False
Urinary.Catheter.in.6.Months,binary,APACHEII,continuous,-0.1053,0.4152687932792568,62,WEAK,Negative,False
Lympho,binary,Meropenem,continuous,-0.1052,0.4155849472766479,62,WEAK,Negative,False
Lympho,binary,Cefepime,continuous,-0.1052,0.4155849472766479,62,WEAK,Negative,False
Other.NCRO,binary,TLC,binary,0.1052,0.4155849472766479,62,WEAK,Positive,False
Other.NCRO,binary,SGPT,binary,-0.1052,0.4155849472766479,62,WEAK,Negative,False
Other.NCRO,binary,Lympho,binary,0.1052,0.4155849472766479,62,WEAK,Positive,False
Immunosuppressive.drugs.in.1.week,binary,Imipenem,continuous,-0.1052,0.4155849472766479,62,WEAK,Negative,False
Immunosuppressive.drugs.in.1.week,binary,Cefepime,continuous,-0.1052,0.4155849472766479,62,WEAK,Negative,False
Immunosuppressive.drugs.in.1.week,binary,Carbapenemase,binary,-0.1052,0.4155849472766479,62,WEAK,Negative,False
Immunosuppressive.drugs.in.1.week,binary,Piperacillin.Tazobactam,continuous,-0.1052,0.4155849472766479,62,WEAK,Negative,False
Immunosuppressive.drugs.in.1.week,binary,Meropenem,continuous,-0.1052,0.4155849472766479,62,WEAK,Negative,False
Lympho,binary,Piperacillin.Tazobactam,continuous,-0.1052,0.4155849472766479,62,WEAK,Negative,False
ABSSSI.CRO,binary,Lympho,binary,0.1052,0.4155849472766479,62,WEAK,Positive,False
ABSSSI.CRO,binary,TLC,binary,0.1052,0.4155849472766479,62,WEAK,Positive,False
Lympho,binary,Imipenem,continuous,-0.1052,0.4155849472766479,62,WEAK,Negative,False
TLC,binary,Imipenem,continuous,-0.1052,0.4155849472766479,62,WEAK,Negative,False
TLC,binary,Carbapenemase,binary,-0.1052,0.4155849472766479,62,WEAK,Negative,False
Age,continuous,Height,continuous,0.1052,0.4156460319273569,62,WEAK,Positive,False
TLC,binary,Piperacillin.Tazobactam,continuous,-0.1052,0.4155849472766479,62,WEAK,Negative,False
TLC,binary,Meropenem,continuous,-0.1052,0.4155849472766479,62,WEAK,Negative,False
TLC,binary,Cefepime,continuous,-0.1052,0.4155849472766479,62,WEAK,Negative,False
KPC,binary,Immunosuppressive.drugs.in.1.week,binary,0.1052,0.4155849472766479,62,WEAK,Positive,False
CKD,binary,Lympho,binary,0.1052,0.4155849472766479,62,WEAK,Positive,False
SGPT,binary,Piperacillin.Tazobactam,continuous,0.1052,0.4155849472766479,62,WEAK,Positive,False
TLC,binary,INR,binary,-0.1052,0.4155849472766479,62,WEAK,Negative,False
SGPT,binary,Imipenem,continuous,0.1052,0.4155849472766479,62,WEAK,Positive,False
CKD,binary,TLC,binary,0.1052,0.4155849472766479,62,WEAK,Positive,False
SGPT,binary,Cefepime,continuous,0.1052,0.4155849472766479,62,WEAK,Positive,False
SGPT,binary,Meropenem,continuous,0.1052,0.4155849472766479,62,WEAK,Positive,False
Other.NCRO,binary,Immunosuppressive.drugs.in.1.week,binary,0.1052,0.4155849472766479,62,WEAK,Positive,False
SGPT,binary,Carbapenemase,binary,0.1052,0.4155849472766479,62,WEAK,Positive,False
VAP.CRO,binary,SGPT,binary,-0.1052,0.4155849472766479,62,WEAK,Negative,False
VAP.CRO,binary,Lympho,binary,0.1052,0.4155849472766479,62,WEAK,Positive,False
Lympho,binary,Carbapenemase,binary,-0.1052,0.4155849472766479,62,WEAK,Negative,False
INR,binary,SGPT,binary,0.1052,0.4155849472766479,62,WEAK,Positive,False
VAP.CRO,binary,Immunosuppressive.drugs.in.1.week,binary,0.1052,0.4155849472766479,62,WEAK,Positive,False
Male,binary,Ciprofloxacin,continuous,0.1051,0.41622894368071756,62,WEAK,Positive,False
Female,binary,Ciprofloxacin,continuous,-0.1051,0.41622894368071756,62,WEAK,Negative,False
Inotropes,binary,Cefotaxime,continuous,0.1051,0.4160581460543573,62,WEAK,Positive,False
Creatinine,binary,ICU.Stay.in.28.Days,continuous,-0.1051,0.41616102610316313,62,WEAK,Negative,False
Inotropes,binary,Cefoxitin,continuous,0.1051,0.4160581460543573,62,WEAK,Positive,False
Male,binary,Cefotaxime,continuous,0.1051,0.4160581460543573,62,WEAK,Positive,False
P.C.in.vitro,binary,Amikacin,continuous,0.1051,0.41611566798866056,62,WEAK,Positive,False
Female,binary,Cefotaxime,continuous,-0.1051,0.4160581460543573,62,WEAK,Negative,False
Magnesium,binary,Colistin,continuous,-0.1051,0.4162236813249263,62,WEAK,Negative,False
Other.CRO,binary,Globulin,binary,0.105,0.4165461086243985,62,WEAK,Positive,False
IAI.CRO,binary,Colistin,continuous,0.105,0.41670205909905567,62,WEAK,Positive,False
Potassium,binary,Neither.Abx.E,ordinal,-0.105,0.41654610862439856,62,WEAK,Negative,False
Dialysis.in.1.week,binary,Colistin,continuous,0.105,0.41670205909905567,62,WEAK,Positive,False
Globulin,binary,Neither.Abx.E,ordinal,0.105,0.41654610862439856,62,WEAK,Positive,False
Creatinine,binary,Calcium,binary,-0.1049,0.41700426198432,62,WEAK,Negative,False
DM,binary,Surgery.in.last.3.Months,binary,-0.1049,0.41700426198432,62,WEAK,Negative,False
DM,binary,Urea,binary,0.1049,0.41700426198432,62,WEAK,Positive,False
Surgery.in.last.3.Months,binary,Magnesium,binary,-0.1049,0.41700426198432,62,WEAK,Negative,False
Bil,binary,Z.A.only.T,ordinal,-0.1049,0.41700426198432,62,WEAK,Negative,False
Neutropenia,binary,SGOT,binary,-0.1048,0.41747002588772614,62,WEAK,Negative,False
SGOT,binary,Z.A.only.E,ordinal,-0.1048,0.41747002588772614,62,WEAK,Negative,False
Cefoperazone.Sulbactam,continuous,Total.Hospital.Stay.in.28.Days,continuous,-0.1048,0.4175675902103611,62,WEAK,Negative,False
UTI.CRO,binary,Aztreonam,continuous,0.1047,0.41804141926253857,62,WEAK,Positive,False
UTI.CRO,binary,Cefotaxime,continuous,0.1047,0.4179134870421461,62,WEAK,Positive,False
Weight,continuous,Solid.Organ,binary,-0.1046,0.41850923500260495,62,WEAK,Negative,False
Hypothyroidism,binary,Minocycline,continuous,0.1045,0.41908337509634047,62,WEAK,Positive,False
Height,continuous,Minocycline,continuous,-0.1045,0.4189535865169531,62,WEAK,Negative,False
Past.CREPA.infection,continuous,Overall.Mortality,binary,-0.1044,0.4194218892588882,62,WEAK,Negative,False
Past.CREPA.infection,continuous,Platelet,binary,0.1044,0.4194218892588882,62,WEAK,Positive,False
Creatinine,binary,Amikacin,continuous,-0.1044,0.41914450558203153,62,WEAK,Negative,False
Trimethoprim.Sulfamethoxazole,continuous,Overall.Mortality,binary,0.1039,0.4215046557053678,62,WEAK,Positive,False
DM,binary,Chloramphenicol,continuous,0.1039,0.42145287516942664,62,WEAK,Positive,False
Levofloxacin,continuous,ICU.Stay.in.28.Days,continuous,-0.1039,0.42165631594210734,62,WEAK,Negative,False
Any.Viral.Infection,binary,Trimethoprim.Sulfamethoxazole,continuous,0.1038,0.4219735817260512,62,WEAK,Positive,False
Height,continuous,ABSSSI.CRO,binary,0.1038,0.42194137170609086,62,WEAK,Positive,False
SOFA,continuous,Levofloxacin,continuous,0.1038,0.4219389274254305,62,WEAK,Positive,False
Colistin,continuous,Ceftazidime.Avibactam,binary,0.1037,0.422537299131219,62,WEAK,Positive,False
Nitrofurantoin,continuous,GW.Stay.in.28.Days,continuous,0.1036,0.42298609760481837,62,WEAK,Positive,False
NDM,binary,Tigecycline,continuous,0.1035,0.42352593606760836,62,WEAK,Positive,False
IAI.CRO,binary,Z.A.only.E,ordinal,0.1034,0.42381545575881246,62,WEAK,Positive,False
Female,binary,Bil,binary,0.1034,0.42381545575881246,62,WEAK,Positive,False
P.C.only.T,ordinal,Other.Illness.Leading.to.Hospitalization.post.28.Days.Discharge,binary,0.1034,0.42381545575881246,62,WEAK,Positive,False
NDM,binary,HTN,binary,0.1034,0.4239285116672813,62,WEAK,Positive,False
Male,binary,Bil,binary,-0.1034,0.42381545575881246,62,WEAK,Negative,False
P.C.Z.A.E,ordinal,Other.Illness.Leading.to.Hospitalization.post.28.Days.Discharge,binary,0.1034,0.42381545575881246,62,WEAK,Positive,False
HTN,binary,Ventilation,binary,0.1034,0.4239285116672813,62,WEAK,Positive,False
CAP.CRO,binary,SOFA,continuous,0.1033,0.4242889186206123,62,WEAK,Positive,False
Hypothyroidism,binary,APACHEII,continuous,0.1032,0.42472746420687096,62,WEAK,Positive,False
Weight,continuous,Potassium,binary,-0.1031,0.42529790860746547,62,WEAK,Negative,False
Endoscopy.in.1.week,binary,Fosfomycin,continuous,-0.1031,0.42527161053469303,62,WEAK,Negative,False
Height,continuous,Cefoxitin,continuous,-0.103,0.4257219596936277,62,WEAK,Negative,False
UTI.CRO,binary,Amikacin,continuous,-0.103,0.42571515187173065,62,WEAK,Negative,False
Sodium,binary,Ceftazidime.Avibactam.Aztreonam.T,binary,-0.103,0.42559889100303155,62,WEAK,Negative,False
UTI.CRO,binary,Inotropes,binary,-0.103,0.4256316709647704,62,WEAK,Negative,False
Male,binary,UTI.CRO,binary,-0.103,0.4256316709647704,62,WEAK,Negative,False
HAP.CRO,binary,Calcium,binary,0.103,0.42559889100303155,62,WEAK,Positive,False
Female,binary,UTI.CRO,binary,0.103,0.4256316709647704,62,WEAK,Positive,False
Past.CREPA.infection,continuous,Amoxicillin.Clavulanic.Acid,continuous,0.1029,0.4261336320185435,62,WEAK,Positive,False
Past.CREPA.infection,continuous,Ceftazidime,continuous,0.1029,0.42619613552879276,62,WEAK,Positive,False
Overall.organ.support,binary,Albumin,binary,0.1029,0.4262922245724838,62,WEAK,Positive,False
BSI.CRO,binary,Albumin,binary,-0.1029,0.4262922245724838,62,WEAK,Negative,False
Past.CREPA.infection,continuous,Cefuroxime,continuous,0.1029,0.4261336320185435,62,WEAK,Positive,False
Past.CREPA.infection,continuous,Cefoperazone.Sulbactam,continuous,0.1029,0.4261336320185435,62,WEAK,Positive,False
Past.CREPA.infection,continuous,Levofloxacin,continuous,-0.1029,0.42594613596944053,62,WEAK,Negative,False
Ertapenem,continuous,Total.Hospital.Stay.in.28.Days,continuous,0.1028,0.4264293866769645,62,WEAK,Positive,False
Age,continuous,Hb,binary,-0.1028,0.4263480777119844,62,WEAK,Negative,False
Bil,binary,Calcium,binary,-0.1027,0.42703956164660956,62,WEAK,Negative,False
Procalcitonin,binary,Tigecycline,continuous,0.1027,0.4268918417850234,62,WEAK,Positive,False
Female,binary,Ertapenem,continuous,-0.1027,0.42716905370226266,62,WEAK,Negative,False
Male,binary,Ertapenem,continuous,0.1027,0.42716905370226266,62,WEAK,Positive,False
Surgery.in.last.3.Months,binary,Z.A.only.T,ordinal,0.1027,0.42703956164660956,62,WEAK,Positive,False
P.C.only.E,ordinal,ICU.Stay.in.28.Days,continuous,-0.1027,0.4268183122806322,62,WEAK,Negative,False
Urea,binary,Calcium,binary,0.1027,0.42703956164660956,62,WEAK,Positive,False
Bil,binary,Sodium,binary,-0.1027,0.42703956164660956,62,WEAK,Negative,False
Amoxicillin.Clavulanic.Acid,continuous,ICU.Stay.in.28.Days,continuous,-0.1026,0.42756395019715604,62,WEAK,Negative,False
Cefuroxime,continuous,ICU.Stay.in.28.Days,continuous,-0.1026,0.42756395019715604,62,WEAK,Negative,False
Ventilation,binary,Total.Hospital.Stay.in.28.Days,continuous,0.1025,0.42789053317238646,62,WEAK,Positive,False
APACHEII,continuous,Neither.Abx.T,ordinal,-0.1024,0.428304871020414,62,WEAK,Negative,False
Hospitalization.in.past.6.Months,binary,Total.Protein,binary,-0.1023,0.42881941303199067,62,WEAK,Negative,False
P.C.Z.A.T,ordinal,Aztreonam,continuous,-0.1022,0.4294923747163363,62,WEAK,Negative,False
Cefotaxime,continuous,Clinical.Improvement,continuous,0.1021,0.4299444020920425,62,WEAK,Positive,False
Past.CREPA.infection,continuous,Urea,binary,-0.102,0.4301047853519196,62,WEAK,Negative,False
Any.Fungal.Infection,binary,ALP,binary,-0.102,0.4341716393599504,61,WEAK,Negative,False
TLC,binary,Doxycycline,continuous,0.102,0.4301691657285717,62,WEAK,Positive,False
BSI.CRO,binary,Z.A.only.T,ordinal,0.1019,0.43068905501926696,62,WEAK,Positive,False
Colistin,continuous,Ertapenem,continuous,-0.1019,0.4306987855753176,62,WEAK,Negative,False
P.C.in.vitro,binary,Hospitalization.in.past.6.Months,binary,-0.1019,0.43062333387761653,62,WEAK,Negative,False
Other.NCRO,binary,Creatinine,binary,0.1018,0.43131270543238864,62,WEAK,Positive,False
Surgery.in.last.3.Months,binary,Meropenem,continuous,0.1018,0.43131270543238864,62,WEAK,Positive,False
KPC,binary,Creatinine,binary,0.1018,0.43131270543238864,62,WEAK,Positive,False
CV.Catheter.Now,binary,Urea,binary,-0.1018,0.43131270543238864,62,WEAK,Negative,False
KPC,binary,Urea,binary,0.1018,0.43131270543238864,62,WEAK,Positive,False
INR,binary,Urea,binary,-0.1018,0.43131270543238864,62,WEAK,Negative,False
Surgery.in.last.3.Months,binary,Piperacillin.Tazobactam,continuous,0.1018,0.43131270543238864,62,WEAK,Positive,False
Surgery.in.last.3.Months,binary,Carbapenemase,binary,0.1018,0.43131270543238864,62,WEAK,Positive,False
INR,binary,Creatinine,binary,-0.1018,0.43131270543238864,62,WEAK,Negative,False
VAP.CRO,binary,Creatinine,binary,0.1018,0.43131270543238864,62,WEAK,Positive,False
Creatinine,binary,Nitrofurantoin,continuous,0.1018,0.43120744772997976,62,WEAK,Positive,False
Creatinine,binary,Imipenem,continuous,-0.1018,0.43131270543238864,62,WEAK,Negative,False
ABSSSI.CRO,binary,Creatinine,binary,0.1018,0.43131270543238864,62,WEAK,Positive,False
KPC,binary,Surgery.in.last.3.Months,binary,-0.1018,0.43131270543238864,62,WEAK,Negative,False
Surgery.in.last.3.Months,binary,Cefepime,continuous,0.1018,0.43131270543238864,62,WEAK,Positive,False
Surgery.in.last.3.Months,binary,Imipenem,continuous,0.1018,0.43131270543238864,62,WEAK,Positive,False
Creatinine,binary,Cefepime,continuous,-0.1018,0.43131270543238864,62,WEAK,Negative,False
Creatinine,binary,Meropenem,continuous,-0.1018,0.43131270543238864,62,WEAK,Negative,False
ABSSSI.CRO,binary,Bil,binary,-0.1018,0.43131270543238864,62,WEAK,Negative,False
ABSSSI.CRO,binary,Urea,binary,0.1018,0.43131270543238864,62,WEAK,Positive,False
CKD,binary,Urea,binary,0.1018,0.43131270543238864,62,WEAK,Positive,False
ABSSSI.CRO,binary,Surgery.in.last.3.Months,binary,-0.1018,0.43131270543238864,62,WEAK,Negative,False
CV.Catheter.Now,binary,Surgery.in.last.3.Months,binary,0.1018,0.43131270543238864,62,WEAK,Positive,False
Creatinine,binary,Piperacillin.Tazobactam,continuous,-0.1018,0.43131270543238864,62,WEAK,Negative,False
Other.NCRO,binary,Urea,binary,0.1018,0.43131270543238864,62,WEAK,Positive,False
Creatinine,binary,Carbapenemase,binary,-0.1018,0.43131270543238864,62,WEAK,Negative,False
CKD,binary,Creatinine,binary,0.1018,0.43131270543238864,62,WEAK,Positive,False
CKD,binary,Bil,binary,-0.1018,0.43131270543238864,62,WEAK,Negative,False
Surgery.in.last.3.Months,binary,INR,binary,0.1018,0.43131270543238864,62,WEAK,Positive,False
CKD,binary,Surgery.in.last.3.Months,binary,-0.1018,0.43131270543238864,62,WEAK,Negative,False
CV.Catheter.Now,binary,Bil,binary,0.1018,0.43131270543238864,62,WEAK,Positive,False
CV.Catheter.Now,binary,Creatinine,binary,-0.1018,0.43131270543238864,62,WEAK,Negative,False
INR,binary,Bil,binary,0.1018,0.43131270543238864,62,WEAK,Positive,False
VAP.CRO,binary,Bil,binary,-0.1018,0.43131270543238864,62,WEAK,Negative,False
Amikacin,continuous,Chloramphenicol,continuous,0.1016,0.43212068066496057,62,WEAK,Positive,False
SGOT,binary,P.C.only.E,ordinal,-0.1014,0.4330198215729914,62,WEAK,Negative,False
Z.A.invitro,binary,SGOT,binary,0.1014,0.4330198215729914,62,WEAK,Positive,False
Ceftazidime.Avibactam,binary,Mortality.in.Hospital,binary,-0.1013,0.4335686587456374,62,WEAK,Negative,False
Potassium,binary,Tigecycline,continuous,0.1012,0.4336131708512764,62,WEAK,Positive,False
Z.A.invitro,binary,Hemat.Malignancy,binary,0.1012,0.43400372971423534,62,WEAK,Positive,False
Hypothyroidism,binary,P.C.only.E,ordinal,-0.1012,0.43400372971423534,62,WEAK,Negative,False
Carbapenemase,binary,Clinical.Improvement,continuous,-0.1011,0.4344267906804155,62,WEAK,Negative,False
OXA48,binary,Relapse.post.28.Day.Discharge,binary,0.1011,0.4343847955035186,62,WEAK,Positive,False
Other.NCRO,binary,Clinical.Improvement,continuous,0.1011,0.4344267906804155,62,WEAK,Positive,False
OXA48,binary,COPD,binary,0.1011,0.4343847955035186,62,WEAK,Positive,False
ABSSSI.CRO,binary,Clinical.Improvement,continuous,0.1011,0.4344267906804155,62,WEAK,Positive,False
Endoscopy.in.1.week,binary,Neither.Abx.T,ordinal,-0.1011,0.4343847955035186,62,WEAK,Negative,False
CV.Catheter.Now,binary,Clinical.Improvement,continuous,-0.1011,0.4344267906804155,62,WEAK,Negative,False
KPC,binary,Clinical.Improvement,continuous,0.1011,0.4344267906804155,62,WEAK,Positive,False
P.C.in.vitro,binary,Nitrofurantoin,continuous,0.1011,0.434341712211185,62,WEAK,Positive,False
Hb,binary,Neither.Abx.T,ordinal,0.1011,0.4343847955035186,62,WEAK,Positive,False
Cefepime,continuous,Clinical.Improvement,continuous,-0.1011,0.4344267906804155,62,WEAK,Negative,False
OXA48,binary,Endoscopy.in.1.week,binary,0.1011,0.4343847955035186,62,WEAK,Positive,False
Imipenem,continuous,Clinical.Improvement,continuous,-0.1011,0.4344267906804155,62,WEAK,Negative,False
COPD,binary,Albumin,binary,0.1011,0.4343847955035186,62,WEAK,Positive,False
CAP.CRO,binary,Neither.Abx.T,ordinal,-0.1011,0.4343847955035186,62,WEAK,Negative,False
Piperacillin.Tazobactam,continuous,Clinical.Improvement,continuous,-0.1011,0.4344267906804155,62,WEAK,Negative,False
OXA48,binary,Mortality.post.28.Day.Discharge,binary,0.1011,0.4343847955035186,62,WEAK,Positive,False
Albumin,binary,Relapse.post.28.Day.Discharge,binary,0.1011,0.4343847955035186,62,WEAK,Positive,False
COPD,binary,Neither.Abx.T,ordinal,-0.1011,0.4343847955035186,62,WEAK,Negative,False
OXA48,binary,Hb,binary,-0.1011,0.4343847955035186,62,WEAK,Negative,False
CAP.CRO,binary,Albumin,binary,0.1011,0.4343847955035186,62,WEAK,Positive,False
Meropenem,continuous,Clinical.Improvement,continuous,-0.1011,0.4344267906804155,62,WEAK,Negative,False
Doxycycline,continuous,ICU.Stay.in.28.Days,continuous,-0.1011,0.4344228343651881,62,WEAK,Negative,False
INR,binary,Clinical.Improvement,continuous,-0.1011,0.4344267906804155,62,WEAK,Negative,False
Lympho,binary,Platelet,binary,0.101,0.4346453803143593,62,WEAK,Positive,False
ICU.Stay.in.28.Days,continuous,Mortality.in.Hospital,binary,-0.101,0.434663778081993,62,WEAK,Negative,False
Weight,continuous,Neutropenia,binary,-0.101,0.4347577603729861,62,WEAK,Negative,False
APACHEII,continuous,Sodium,binary,0.101,0.4346265205350215,62,WEAK,Positive,False
Endoscopy.in.1.week,binary,Nitrofurantoin,continuous,-0.1009,0.435227929342591,62,WEAK,Negative,False
Nitrofurantoin,continuous,Mortality.post.28.Day.Discharge,binary,-0.1009,0.435227929342591,62,WEAK,Negative,False
Nitrofurantoin,continuous,Relapse.post.28.Day.Discharge,binary,-0.1009,0.435227929342591,62,WEAK,Negative,False
Total.Protein,binary,Ceftazidime.Avibactam.T,binary,0.1009,0.4353144958538575,62,WEAK,Positive,False
CAP.CRO,binary,Nitrofurantoin,continuous,-0.1009,0.435227929342591,62,WEAK,Negative,False
Inotropes,binary,Mortality.in.ICU,binary,0.1009,0.43506742315601654,62,WEAK,Positive,False
ANC,binary,Total.Protein,binary,0.1009,0.4353144958538575,62,WEAK,Positive,False
CV.Catheter.in.6.Months,binary,Doxycycline,continuous,0.1009,0.4351139848337677,62,WEAK,Positive,False
COPD,binary,Nitrofurantoin,continuous,-0.1009,0.435227929342591,62,WEAK,Negative,False
Hb,binary,Nitrofurantoin,continuous,0.1009,0.435227929342591,62,WEAK,Positive,False
Weight,continuous,Mortality.post.28.Day.Discharge,binary,-0.1009,0.4350646654056338,62,WEAK,Negative,False
Hypothyroidism,binary,Solid.Organ,binary,-0.1009,0.4353144958538575,62,WEAK,Negative,False
Hypothyroidism,binary,ANC,binary,-0.1009,0.4353144958538575,62,WEAK,Negative,False
HTN,binary,Chloramphenicol,continuous,-0.1005,0.43719394449665283,62,WEAK,Negative,False
Urinary.Catheter.in.6.Months,binary,Ceftazidime.Avibactam.T,binary,-0.1004,0.43740859049092573,62,WEAK,Negative,False
Solid.Organ,binary,Globulin,binary,0.1004,0.4374085904909258,62,WEAK,Positive,False
Neutropenia,binary,Trimethoprim.Sulfamethoxazole,continuous,-0.1004,0.4372953914366098,62,WEAK,Negative,False
ANC,binary,Potassium,binary,-0.1004,0.4374085904909258,62,WEAK,Negative,False
Hemat.Malignancy,binary,Lympho,binary,0.1003,0.4379038257314717,62,WEAK,Positive,False
Hypothyroidism,binary,Immunosuppressive.drugs.in.1.week,binary,0.1003,0.4379038257314717,62,WEAK,Positive,False
Hypothyroidism,binary,Lympho,binary,0.1003,0.4379038257314717,62,WEAK,Positive,False
Male,binary,Minocycline,continuous,-0.1002,0.4383203605325386,62,WEAK,Negative,False
Female,binary,Minocycline,continuous,0.1002,0.4383203605325386,62,WEAK,Positive,False
Ertapenem,continuous,Clinical.Improvement,continuous,0.0998,0.4403995561593618,62,WEAK,Positive,False
Hb,binary,P.C.only.E,ordinal,-0.0997,0.44084853154220804,62,WEAK,Negative,False
P.C.Z.A.T,ordinal,Ceftazidime.Avibactam.Aztreonam.Synergy.T,continuous,-0.0997,0.44053049366870917,62,WEAK,Negative,False
Endoscopy.in.1.week,binary,P.C.only.E,ordinal,0.0997,0.44084853154220804,62,WEAK,Positive,False
IAI.CRO,binary,GW.Stay.in.28.Days,continuous,0.0996,0.44115413171039947,62,WEAK,Positive,False
P.C.Z.A.T,ordinal,Colistin,continuous,-0.0996,0.44121838803236635,62,WEAK,Negative,False
Z.A.only.T,ordinal,Ceftazidime.Avibactam.Aztreonam.Synergy.T,continuous,0.0996,0.44137128992398855,62,WEAK,Positive,False
Gentamicin,continuous,Ceftazidime.Avibactam.Aztreonam.Synergy.T,continuous,0.0995,0.4414581296284189,62,WEAK,Positive,False
Age,continuous,P.C.only.E,ordinal,-0.0994,0.442032668672769,62,WEAK,Negative,False
Hemat.Malignancy,binary,P.C.Z.A.E,ordinal,0.0994,0.4419588553981753,62,WEAK,Positive,False
DM,binary,P.C.only.T,ordinal,0.0993,0.4425245846073555,62,WEAK,Positive,False
Magnesium,binary,P.C.Z.A.E,ordinal,0.0993,0.4425245846073555,62,WEAK,Positive,False
Calcium,binary,P.C.Z.A.E,ordinal,-0.0993,0.4425245846073555,62,WEAK,Negative,False
IAI.CRO,binary,Z.A.only.T,ordinal,0.0993,0.4425245846073555,62,WEAK,Positive,False
Overall.organ.support,binary,Colistin,continuous,0.0993,0.4424768433678077,62,WEAK,Positive,False
APACHEII,continuous,Gentamicin,continuous,-0.0993,0.44245431987843475,62,WEAK,Negative,False
IAI.CRO,binary,Ceftazidime.Avibactam,binary,-0.0992,0.44279917164604804,62,WEAK,Negative,False
Hospitalization.in.past.6.Months,binary,Nitrofurantoin,continuous,0.0992,0.4430242536469815,62,WEAK,Positive,False
Any.Viral.Infection,binary,P.C.Z.A.E,ordinal,-0.0992,0.44279917164604815,62,WEAK,Negative,False
Dialysis.in.1.week,binary,Polymyxin.Colistin.Inclusion.T,binary,0.0992,0.44279917164604804,62,WEAK,Positive,False
P.C.Z.A.E,ordinal,Ceftazidime.Avibactam,binary,-0.0992,0.44279917164604804,62,WEAK,Negative,False
Height,continuous,Globulin,binary,-0.0991,0.44359803334371245,62,WEAK,Negative,False
APACHEII,continuous,Polymyxin.Colistin.Inclusion.T,binary,0.099,0.4440840144324854,62,WEAK,Positive,False
Cefoxitin,continuous,Mortality.in.Hospital,binary,0.0989,0.4444758738225927,62,WEAK,Positive,False
P.C.Z.A.T,ordinal,Ertapenem,continuous,0.0989,0.44460095484211704,62,WEAK,Positive,False
P.C.Z.A.T,ordinal,Cefoxitin,continuous,0.0989,0.4444758738225928,62,WEAK,Positive,False
Lympho,binary,Overall.Mortality,binary,0.0989,0.4445326907525566,62,WEAK,Positive,False
P.C.in.vitro,binary,Aztreonam,continuous,0.0989,0.44460095484211704,62,WEAK,Positive,False
Aztreonam,continuous,Mortality.in.Hospital,binary,0.0989,0.44460095484211704,62,WEAK,Positive,False
Ertapenem,continuous,Mortality.in.Hospital,binary,0.0989,0.44460095484211704,62,WEAK,Positive,False
Cefotaxime,continuous,Mortality.in.Hospital,binary,0.0989,0.4444758738225927,62,WEAK,Positive,False
P.C.Z.A.T,ordinal,Ciprofloxacin,continuous,0.0988,0.4446426300808541,62,WEAK,Positive,False
Other.CRO,binary,ICU.Stay.in.28.Days,continuous,-0.0988,0.44492330842711525,62,WEAK,Negative,False
P.C.in.vitro,binary,Ciprofloxacin,continuous,0.0988,0.4446426300808541,62,WEAK,Positive,False
Ciprofloxacin,continuous,Mortality.in.Hospital,binary,0.0988,0.4446426300808541,62,WEAK,Positive,False
Cefoperazone.Sulbactam,continuous,Ceftazidime.Avibactam.T,binary,-0.0986,0.44579261055797864,62,WEAK,Negative,False
Hospitalization.in.past.6.Months,binary,Dialysis.in.1.week,binary,0.0986,0.44579261055797875,62,WEAK,Positive,False
ANC,binary,Levofloxacin,continuous,-0.0986,0.4458540431843127,62,WEAK,Negative,False
ANC,binary,Cefoperazone.Sulbactam,continuous,-0.0986,0.44579261055797875,62,WEAK,Negative,False
Cefuroxime,continuous,Ceftazidime.Avibactam.T,binary,-0.0986,0.44579261055797864,62,WEAK,Negative,False
Hospitalization.in.past.6.Months,binary,P.C.only.T,ordinal,0.0986,0.44579261055797875,62,WEAK,Positive,False
Amoxicillin.Clavulanic.Acid,continuous,Ceftazidime.Avibactam.T,binary,-0.0986,0.44579261055797864,62,WEAK,Negative,False
Levofloxacin,continuous,Ceftazidime.Avibactam.T,binary,-0.0986,0.4458540431843125,62,WEAK,Negative,False
Z.A.invitro,binary,Procalcitonin,binary,-0.0986,0.44579261055797875,62,WEAK,Negative,False
HTN,binary,IAI.CRO,binary,-0.0986,0.44579261055797875,62,WEAK,Negative,False
Hospitalization.in.past.6.Months,binary,P.C.Z.A.E,ordinal,0.0986,0.44579261055797875,62,WEAK,Positive,False
CV.Catheter.in.6.Months,binary,Aztreonam,continuous,-0.0984,0.44695806222086604,62,WEAK,Negative,False
SGOT,binary,Carbapenemase,binary,0.0983,0.44707186371734947,62,WEAK,Positive,False
Male,binary,Z.A.only.E,ordinal,-0.0983,0.44731874161048546,62,WEAK,Negative,False
SGOT,binary,Cefepime,continuous,0.0983,0.44707186371734947,62,WEAK,Positive,False
VAP.CRO,binary,SGOT,binary,-0.0983,0.44707186371734947,62,WEAK,Negative,False
INR,binary,SGOT,binary,0.0983,0.44707186371734947,62,WEAK,Positive,False
SGOT,binary,Meropenem,continuous,0.0983,0.44707186371734947,62,WEAK,Positive,False
SGOT,binary,Imipenem,continuous,0.0983,0.44707186371734947,62,WEAK,Positive,False
SGOT,binary,Piperacillin.Tazobactam,continuous,0.0983,0.44707186371734947,62,WEAK,Positive,False
Other.NCRO,binary,SGOT,binary,-0.0983,0.44707186371734947,62,WEAK,Negative,False
CV.Catheter.Now,binary,SGOT,binary,0.0983,0.44707186371734947,62,WEAK,Positive,False
Female,binary,Z.A.only.E,ordinal,0.0983,0.44731874161048546,62,WEAK,Positive,False
CV.Catheter.in.6.Months,binary,Ciprofloxacin,continuous,-0.0983,0.44699964503335826,62,WEAK,Negative,False
Inotropes,binary,Neutropenia,binary,-0.0983,0.44731874161048546,62,WEAK,Negative,False
KPC,binary,SGOT,binary,-0.0983,0.44707186371734947,62,WEAK,Negative,False
Other.CRO,binary,Clinical.Improvement,continuous,-0.0982,0.4478261149920138,62,WEAK,Negative,False
Hospitalization.in.past.6.Months,binary,Tigecycline,continuous,-0.0982,0.4474607919308974,62,WEAK,Negative,False
Endoscopy.in.1.week,binary,Inotropes,binary,0.0982,0.44745947749616904,62,WEAK,Positive,False
COPD,binary,Inotropes,binary,0.0982,0.44745947749616904,62,WEAK,Positive,False
Inotropes,binary,Hb,binary,-0.0982,0.44745947749616904,62,WEAK,Negative,False
Any.Fungal.Infection,binary,SGOT,binary,-0.0981,0.451987793844338,61,WEAK,Negative,False
HTN,binary,Hospitalization.in.past.6.Months,binary,0.0979,0.4489730996748009,62,WEAK,Positive,False
Age,continuous,NDM,binary,-0.0978,0.4493505553918951,62,WEAK,Negative,False
Weight,continuous,Platelet,binary,-0.0978,0.4497124648127501,62,WEAK,Negative,False
SGOT,binary,Globulin,binary,0.0978,0.44960102202818736,62,WEAK,Positive,False
Overall.organ.support,binary,Levofloxacin,continuous,0.0976,0.45059475462376725,62,WEAK,Positive,False
Height,continuous,Levofloxacin,continuous,0.0976,0.4502446286117067,62,WEAK,Positive,False
Overall.organ.support,binary,Ceftazidime,continuous,0.0976,0.45059475462376725,62,WEAK,Positive,False
Hospitalization.in.past.6.Months,binary,Mortality.in.ICU,binary,-0.0975,0.45089816723357456,62,WEAK,Negative,False
Urinary.Catheter.in.6.Months,binary,Colistin,continuous,-0.0974,0.45130060945024275,62,WEAK,Negative,False
Hypothyroidism,binary,P.C.Z.A.T,ordinal,0.0973,0.4518444575444648,62,WEAK,Positive,False
P.C.in.vitro,binary,Total.Protein,binary,-0.0973,0.4518444575444648,62,WEAK,Negative,False
Any.Viral.Infection,binary,Creatinine,binary,0.0973,0.4517877369857861,62,WEAK,Positive,False
Hemat.Malignancy,binary,P.C.Z.A.T,ordinal,0.0973,0.4518444575444648,62,WEAK,Positive,False
Age,continuous,Creatinine,binary,-0.0973,0.45202625976139327,62,WEAK,Negative,False
Weight,continuous,Hb,binary,0.0973,0.45203155313234655,62,WEAK,Positive,False
Any.Viral.Infection,binary,Bil,binary,-0.0973,0.4517877369857861,62,WEAK,Negative,False
Hypothyroidism,binary,Mortality.in.Hospital,binary,0.0973,0.4518444575444648,62,WEAK,Positive,False
Hemat.Malignancy,binary,Mortality.in.Hospital,binary,0.0973,0.4518444575444648,62,WEAK,Positive,False
SGOT,binary,Ceftazidime.Avibactam.Aztreonam.T,binary,-0.0973,0.4519089177776192,62,WEAK,Negative,False
Neither.Abx.E,ordinal,Trimethoprim.Sulfamethoxazole,continuous,-0.0972,0.45220877031658635,62,WEAK,Negative,False
VAP.CRO,binary,ICU.Stay.in.28.Days,continuous,-0.0971,0.4527107998964782,62,WEAK,Negative,False
Other.NCRO,binary,ICU.Stay.in.28.Days,continuous,-0.0971,0.4527107998964782,62,WEAK,Negative,False
CAP.CRO,binary,Fosfomycin,continuous,0.097,0.4531471473370268,62,WEAK,Positive,False
IAI.CRO,binary,Other.Illness.Leading.to.Hospitalization.post.28.Days.Discharge,binary,-0.0969,0.4535043440281291,62,WEAK,Negative,False
Male,binary,Creatinine,binary,-0.0969,0.45350434402812906,62,WEAK,Negative,False
IAI.CRO,binary,Neutropenia,binary,-0.0969,0.4535043440281291,62,WEAK,Negative,False
Female,binary,Creatinine,binary,0.0969,0.45350434402812906,62,WEAK,Positive,False
Dialysis.in.1.week,binary,Neutropenia,binary,-0.0969,0.4535043440281291,62,WEAK,Negative,False
Dialysis.in.1.week,binary,Other.Illness.Leading.to.Hospitalization.post.28.Days.Discharge,binary,-0.0969,0.4535043440281291,62,WEAK,Negative,False
Dialysis.in.1.week,binary,Z.A.only.E,ordinal,-0.0969,0.4535043440281291,62,WEAK,Negative,False
Neutropenia,binary,P.C.only.T,ordinal,-0.0969,0.4535043440281291,62,WEAK,Negative,False
UTI.CRO,binary,Calcium,binary,-0.0968,0.4542803525500936,62,WEAK,Negative,False
CV.Catheter.in.6.Months,binary,Z.A.only.T,ordinal,0.0968,0.4542803525500936,62,WEAK,Positive,False
Height,continuous,Imipenem,continuous,0.0967,0.45482003713049973,62,WEAK,Positive,False
Height,continuous,Cefepime,continuous,0.0967,0.45482003713049973,62,WEAK,Positive,False
Height,continuous,Piperacillin.Tazobactam,continuous,0.0967,0.45482003713049973,62,WEAK,Positive,False
Height,continuous,Meropenem,continuous,0.0967,0.45482003713049973,62,WEAK,Positive,False
Height,continuous,Carbapenemase,binary,0.0967,0.45482003713049973,62,WEAK,Positive,False
Z.A.invitro,binary,Tigecycline,continuous,0.0966,0.4550167686130235,62,WEAK,Positive,False
SGPT,binary,Mortality.in.ICU,binary,0.0966,0.4549066843467612,62,WEAK,Positive,False
Ventilation,binary,Neither.Abx.E,ordinal,0.0966,0.45503844673111554,62,WEAK,Positive,False
Weight,continuous,CV.Catheter.Now,binary,-0.0966,0.45499139564356167,62,WEAK,Negative,False
Platelet,binary,Neither.Abx.E,ordinal,0.0966,0.45503844673111554,62,WEAK,Positive,False
Female,binary,Sodium,binary,-0.0965,0.45559563203320547,62,WEAK,Negative,False
Height,continuous,Lympho,binary,-0.0965,0.45542546042258947,62,WEAK,Negative,False
Male,binary,Sodium,binary,0.0965,0.45559563203320547,62,WEAK,Positive,False
NDM,binary,BSI.CRO,binary,-0.0964,0.4561295850805828,62,WEAK,Negative,False
SGOT,binary,Albumin,binary,0.0964,0.45612958508058277,62,WEAK,Positive,False
Platelet,binary,Doxycycline,continuous,0.0964,0.45598500117312096,62,WEAK,Positive,False
GW.Stay.in.28.Days,continuous,Other.Illness.Leading.to.Hospitalization.post.28.Days.Discharge,binary,-0.0963,0.45643284365741177,62,WEAK,Negative,False
UTI.CRO,binary,Globulin,binary,0.0962,0.45715520135060433,62,WEAK,Positive,False
UTI.CRO,binary,Potassium,binary,-0.0962,0.45715520135060433,62,WEAK,Negative,False
Overall.organ.support,binary,Other.Illness.Leading.to.Hospitalization.post.28.Days.Discharge,binary,-0.0961,0.45761005777471186,62,WEAK,Negative,False
Overall.organ.support,binary,Z.A.only.E,ordinal,-0.0961,0.45761005777471186,62,WEAK,Negative,False
Neutropenia,binary,Magnesium,binary,-0.0958,0.4586643935542915,62,WEAK,Negative,False
Sodium,binary,Z.A.only.E,ordinal,0.0958,0.4586643935542915,62,WEAK,Positive,False
Neutropenia,binary,Sodium,binary,0.0958,0.4586643935542915,62,WEAK,Positive,False
Neutropenia,binary,Z.A.only.T,ordinal,-0.0958,0.4586643935542915,62,WEAK,Negative,False
Sodium,binary,Other.Illness.Leading.to.Hospitalization.post.28.Days.Discharge,binary,0.0958,0.4586643935542915,62,WEAK,Positive,False
Urinary.Catheter.in.6.Months,binary,Levofloxacin,continuous,-0.0957,0.4593492735689822,62,WEAK,Negative,False
Globulin,binary,Ceftazidime,continuous,0.0957,0.4593492735689822,62,WEAK,Positive,False
Globulin,binary,Levofloxacin,continuous,0.0957,0.4593492735689822,62,WEAK,Positive,False
Urinary.Catheter.in.6.Months,binary,Ceftazidime,continuous,-0.0957,0.4593492735689822,62,WEAK,Negative,False
Ceftazidime.Avibactam.Aztreonam.Synergy.T,continuous,Mortality.in.ICU,binary,-0.0956,0.4597108468697674,62,WEAK,Negative,False
Height,continuous,Mortality.in.Hospital,binary,0.0956,0.4596142494123481,62,WEAK,Positive,False
SGPT,binary,Polymyxin.Colistin.Inclusion.T,binary,-0.0955,0.46041026514476213,62,WEAK,Negative,False
TLC,binary,Ceftazidime.Avibactam,binary,-0.0955,0.46041026514476213,62,WEAK,Negative,False
Any.Viral.Infection,binary,TLC,binary,-0.0955,0.46041026514476213,62,WEAK,Negative,False
Age,continuous,HAP.CRO,binary,0.0954,0.4606556399534401,62,WEAK,Positive,False
CV.Catheter.in.6.Months,binary,Ertapenem,continuous,-0.0952,0.4618219759896037,62,WEAK,Negative,False
Tigecycline,continuous,Ceftazidime.Avibactam.Aztreonam.T,binary,0.0952,0.4618034492828879,62,WEAK,Positive,False
Hypothyroidism,binary,Fosfomycin,continuous,0.0951,0.4619626934260106,62,WEAK,Positive,False
Sodium,binary,Piperacillin.Tazobactam,continuous,-0.095,0.4628760819529737,62,WEAK,Negative,False
ABSSSI.CRO,binary,Calcium,binary,0.095,0.4628760819529737,62,WEAK,Positive,False
Magnesium,binary,Meropenem,continuous,0.095,0.4628760819529737,62,WEAK,Positive,False
Magnesium,binary,Imipenem,continuous,0.095,0.4628760819529737,62,WEAK,Positive,False
Magnesium,binary,Piperacillin.Tazobactam,continuous,0.095,0.4628760819529737,62,WEAK,Positive,False
Magnesium,binary,Cefepime,continuous,0.095,0.4628760819529737,62,WEAK,Positive,False
Sodium,binary,Imipenem,continuous,-0.095,0.4628760819529737,62,WEAK,Negative,False
Sodium,binary,Cefepime,continuous,-0.095,0.4628760819529737,62,WEAK,Negative,False
DM,binary,Meropenem,continuous,0.095,0.4628760819529737,62,WEAK,Positive,False
DM,binary,Carbapenemase,binary,0.095,0.4628760819529737,62,WEAK,Positive,False
DM,binary,Cefepime,continuous,0.095,0.4628760819529737,62,WEAK,Positive,False
DM,binary,Imipenem,continuous,0.095,0.4628760819529737,62,WEAK,Positive,False
ABSSSI.CRO,binary,Sodium,binary,0.095,0.4628760819529737,62,WEAK,Positive,False
CKD,binary,Calcium,binary,0.095,0.4628760819529737,62,WEAK,Positive,False
CKD,binary,Sodium,binary,0.095,0.4628760819529737,62,WEAK,Positive,False
ABSSSI.CRO,binary,Z.A.only.T,ordinal,-0.095,0.4628760819529737,62,WEAK,Negative,False
Z.A.only.T,ordinal,Meropenem,continuous,0.095,0.4628760819529737,62,WEAK,Positive,False
DM,binary,INR,binary,0.095,0.4628760819529737,62,WEAK,Positive,False
KPC,binary,DM,binary,-0.095,0.4628760819529737,62,WEAK,Negative,False
VAP.CRO,binary,Sodium,binary,0.095,0.4628760819529737,62,WEAK,Positive,False
DM,binary,ABSSSI.CRO,binary,-0.095,0.4628760819529737,62,WEAK,Negative,False
Magnesium,binary,Carbapenemase,binary,0.095,0.4628760819529737,62,WEAK,Positive,False
Sodium,binary,Carbapenemase,binary,-0.095,0.4628760819529737,62,WEAK,Negative,False
CV.Catheter.Now,binary,Sodium,binary,-0.095,0.4628760819529737,62,WEAK,Negative,False
KPC,binary,Z.A.only.T,ordinal,-0.095,0.4628760819529737,62,WEAK,Negative,False
Sodium,binary,Meropenem,continuous,-0.095,0.4628760819529737,62,WEAK,Negative,False
CV.Catheter.Now,binary,Calcium,binary,-0.095,0.4628760819529737,62,WEAK,Negative,False
DM,binary,Other.NCRO,binary,-0.095,0.4628760819529737,62,WEAK,Negative,False
Z.A.only.T,ordinal,Piperacillin.Tazobactam,continuous,0.095,0.4628760819529737,62,WEAK,Positive,False
Other.NCRO,binary,Sodium,binary,0.095,0.4628760819529737,62,WEAK,Positive,False
Other.NCRO,binary,Z.A.only.T,ordinal,-0.095,0.4628760819529737,62,WEAK,Negative,False
Other.NCRO,binary,Magnesium,binary,-0.095,0.4628760819529737,62,WEAK,Negative,False
DM,binary,Piperacillin.Tazobactam,continuous,0.095,0.4628760819529737,62,WEAK,Positive,False
Z.A.only.T,ordinal,Cefepime,continuous,0.095,0.4628760819529737,62,WEAK,Positive,False
Z.A.only.T,ordinal,Imipenem,continuous,0.095,0.4628760819529737,62,WEAK,Positive,False
Z.A.only.T,ordinal,Carbapenemase,binary,0.095,0.4628760819529737,62,WEAK,Positive,False
VAP.CRO,binary,Magnesium,binary,-0.095,0.4628760819529737,62,WEAK,Negative,False
DM,binary,VAP.CRO,binary,-0.095,0.4628760819529737,62,WEAK,Negative,False
P.C.Z.A.E,ordinal,P.C.only.E,ordinal,-0.095,0.4591117687257946,63,WEAK,Negative,False
DM,binary,CV.Catheter.Now,binary,0.095,0.4628760819529737,62,WEAK,Positive,False
P.C.only.E,ordinal,P.C.only.T,ordinal,-0.095,0.45911176872579457,63,WEAK,Negative,False
Weight,continuous,ANC,binary,0.0949,0.46319933795996954,62,WEAK,Positive,False
Globulin,binary,Polymyxin.Colistin.Inclusion.T,binary,-0.0949,0.46328672443575974,62,WEAK,Negative,False
Hb,binary,Albumin,binary,0.0948,0.4637873631997849,62,WEAK,Positive,False
Z.A.invitro,binary,Clinical.Improvement,continuous,-0.0948,0.4636904323715481,62,WEAK,Negative,False
OXA48,binary,CAP.CRO,binary,-0.0948,0.4637873631997849,62,WEAK,Negative,False
Immunosuppressive.drugs.in.1.week,binary,Total.Hospital.Stay.in.28.Days,continuous,-0.0948,0.46347254303998237,62,WEAK,Negative,False
Albumin,binary,Mortality.post.28.Day.Discharge,binary,-0.0948,0.4637873631997849,62,WEAK,Negative,False
Endoscopy.in.1.week,binary,Albumin,binary,-0.0948,0.4637873631997849,62,WEAK,Negative,False
Other.CRO,binary,Ceftazidime.Avibactam,binary,0.0945,0.46502808597039624,62,WEAK,Positive,False
Neither.Abx.E,ordinal,Ceftazidime.Avibactam,binary,0.0945,0.46502808597039624,62,WEAK,Positive,False
Other.CRO,binary,Polymyxin.Colistin.Inclusion.T,binary,-0.0945,0.46502808597039624,62,WEAK,Negative,False
Solid.Organ,binary,Ceftazidime.Avibactam.Aztreonam.Synergy.T,continuous,-0.0943,0.46604965567473067,62,WEAK,Negative,False
OXA48,binary,APACHEII,continuous,0.0943,0.46583714308980134,62,WEAK,Positive,False
Total.Protein,binary,Ceftazidime,continuous,-0.094,0.46727599362165634,62,WEAK,Negative,False
Colistin,continuous,Ceftazidime.Avibactam.Aztreonam.Synergy.T,continuous,-0.094,0.46732605563093077,62,WEAK,Negative,False
Hypothyroidism,binary,Amoxicillin.Clavulanic.Acid,continuous,0.094,0.4672158765069345,62,WEAK,Positive,False
Total.Protein,binary,Cefoperazone.Sulbactam,continuous,-0.094,0.4672158765069345,62,WEAK,Negative,False
Total.Protein,binary,Cefuroxime,continuous,-0.094,0.4672158765069345,62,WEAK,Negative,False
Hypothyroidism,binary,Cefuroxime,continuous,0.094,0.4672158765069345,62,WEAK,Positive,False
Total.Protein,binary,Amoxicillin.Clavulanic.Acid,continuous,-0.094,0.4672158765069345,62,WEAK,Negative,False
Hypothyroidism,binary,Cefoperazone.Sulbactam,continuous,0.094,0.4672158765069345,62,WEAK,Positive,False
Hypothyroidism,binary,Levofloxacin,continuous,0.094,0.46727599362165634,62,WEAK,Positive,False
Other.CRO,binary,Overall.organ.support,binary,0.0939,0.467743397607724,62,WEAK,Positive,False
CAP.CRO,binary,Neither.Abx.E,ordinal,-0.0937,0.46889265391345547,62,WEAK,Negative,False
Hb,binary,Neither.Abx.E,ordinal,0.0937,0.46889265391345547,62,WEAK,Positive,False
Age,continuous,Ciprofloxacin,continuous,0.0937,0.46882189490033693,62,WEAK,Positive,False
COPD,binary,Neither.Abx.E,ordinal,-0.0937,0.46889265391345547,62,WEAK,Negative,False
Endoscopy.in.1.week,binary,Neither.Abx.E,ordinal,-0.0937,0.46889265391345547,62,WEAK,Negative,False
Other.CRO,binary,Endoscopy.in.1.week,binary,-0.0937,0.46889265391345547,62,WEAK,Negative,False
COPD,binary,Other.CRO,binary,-0.0937,0.46889265391345547,62,WEAK,Negative,False
Colistin,continuous,Doxycycline,continuous,0.0937,0.4690710464817507,62,WEAK,Positive,False
Z.A.invitro,binary,GW.Stay.in.28.Days,continuous,-0.0935,0.46974570119560194,62,WEAK,Negative,False
Doxycycline,continuous,Relapse.post.28.Day.Discharge,binary,-0.0935,0.46982556993501384,62,WEAK,Negative,False
Doxycycline,continuous,Mortality.post.28.Day.Discharge,binary,-0.0935,0.46982556993501384,62,WEAK,Negative,False
CAP.CRO,binary,Doxycycline,continuous,-0.0935,0.46982556993501373,62,WEAK,Negative,False
COPD,binary,Doxycycline,continuous,-0.0935,0.46982556993501373,62,WEAK,Negative,False
Hb,binary,Doxycycline,continuous,0.0935,0.46982556993501373,62,WEAK,Positive,False
Procalcitonin,binary,Doxycycline,continuous,0.0934,0.47011019619667954,62,WEAK,Positive,False
UTI.CRO,binary,Procalcitonin,binary,0.0931,0.47181517307909215,62,WEAK,Positive,False
Inotropes,binary,Fosfomycin,continuous,0.0931,0.47150344077634004,62,WEAK,Positive,False
P.C.in.vitro,binary,Trimethoprim.Sulfamethoxazole,continuous,0.093,0.472411535438155,62,WEAK,Positive,False
Fosfomycin,continuous,Ceftazidime.Avibactam.Aztreonam.Synergy.T,continuous,0.0929,0.4724209095509875,62,WEAK,Positive,False
Cefotaxime,continuous,ICU.Stay.in.28.Days,continuous,-0.0929,0.47261533702257885,62,WEAK,Negative,False
ANC,binary,Neither.Abx.T,ordinal,0.0928,0.4731395905521691,62,WEAK,Positive,False
Solid.Organ,binary,Neither.Abx.T,ordinal,0.0928,0.4731395905521691,62,WEAK,Positive,False
P.C.in.vitro,binary,Neither.Abx.T,ordinal,0.0928,0.47297006552165827,62,WEAK,Positive,False
Weight,continuous,Tigecycline,continuous,-0.0927,0.47381935529407726,62,WEAK,Negative,False
Solid.Organ,binary,Fosfomycin,continuous,0.0926,0.473916771904441,62,WEAK,Positive,False
Fosfomycin,continuous,Ceftazidime.Avibactam.T,binary,0.0926,0.473916771904441,62,WEAK,Positive,False
SOFA,continuous,Trimethoprim.Sulfamethoxazole,continuous,0.0925,0.4745508171728595,62,WEAK,Positive,False
Urinary.Catheter.in.6.Months,binary,Amoxicillin.Clavulanic.Acid,continuous,-0.0924,0.4749867197542989,62,WEAK,Negative,False
Globulin,binary,Cefoperazone.Sulbactam,continuous,0.0924,0.4749867197542989,62,WEAK,Positive,False
Globulin,binary,Cefuroxime,continuous,0.0924,0.4749867197542989,62,WEAK,Positive,False
Urinary.Catheter.in.6.Months,binary,Cefuroxime,continuous,-0.0924,0.4749867197542989,62,WEAK,Negative,False
Globulin,binary,Amoxicillin.Clavulanic.Acid,continuous,0.0924,0.4749867197542989,62,WEAK,Positive,False
Hypothyroidism,binary,Trimethoprim.Sulfamethoxazole,continuous,-0.0924,0.4751474718019385,62,WEAK,Negative,False
Tigecycline,continuous,Ceftazidime.Avibactam,binary,-0.0923,0.4755618330456229,62,WEAK,Negative,False
P.C.in.vitro,binary,Immunosuppressive.drugs.in.1.week,binary,0.0923,0.47562911822319354,62,WEAK,Positive,False
Lympho,binary,Mortality.in.Hospital,binary,0.0923,0.47562911822319354,62,WEAK,Positive,False
P.C.in.vitro,binary,Lympho,binary,0.0923,0.47562911822319354,62,WEAK,Positive,False
Magnesium,binary,Nitrofurantoin,continuous,-0.0923,0.47563815978021906,62,WEAK,Negative,False
Immunosuppressive.drugs.in.1.week,binary,Mortality.in.Hospital,binary,0.0923,0.47562911822319354,62,WEAK,Positive,False
CV.Catheter.in.6.Months,binary,Cefotaxime,continuous,-0.092,0.47682995971402087,62,WEAK,Negative,False
Any.Viral.Infection,binary,Magnesium,binary,0.092,0.4770212243261955,62,WEAK,Positive,False
UTI.CRO,binary,Cefoxitin,continuous,-0.092,0.47682995971402087,62,WEAK,Negative,False
CV.Catheter.in.6.Months,binary,Cefoxitin,continuous,-0.092,0.47682995971402087,62,WEAK,Negative,False
APACHEII,continuous,P.C.only.T,ordinal,-0.0917,0.4785139335451758,62,WEAK,Negative,False
NDM,binary,SGOT,binary,-0.0917,0.47854529212300795,62,WEAK,Negative,False
HTN,binary,HAP.CRO,binary,0.0917,0.47819264499287323,62,WEAK,Positive,False
HAP.CRO,binary,Hospitalization.in.past.6.Months,binary,-0.0917,0.47819264499287323,62,WEAK,Negative,False
Age,continuous,Z.A.only.T,ordinal,-0.0915,0.4795249673036851,62,WEAK,Negative,False
Hospitalization.in.past.6.Months,binary,Calcium,binary,0.0914,0.4799100189073216,62,WEAK,Positive,False
HTN,binary,Magnesium,binary,0.0914,0.4799100189073216,62,WEAK,Positive,False
CKD,binary,Ceftazidime.Avibactam.Aztreonam.Synergy.T,continuous,-0.0913,0.4804697163337886,62,WEAK,Negative,False
Meropenem,continuous,Ceftazidime.Avibactam.Aztreonam.Synergy.T,continuous,0.0913,0.4804697163337886,62,WEAK,Positive,False
VAP.CRO,binary,Ceftazidime.Avibactam.Aztreonam.Synergy.T,continuous,-0.0913,0.4804697163337886,62,WEAK,Negative,False
INR,binary,Ceftazidime.Avibactam.Aztreonam.Synergy.T,continuous,0.0913,0.4804697163337886,62,WEAK,Positive,False
Cefepime,continuous,Ceftazidime.Avibactam.Aztreonam.Synergy.T,continuous,0.0913,0.4804697163337886,62,WEAK,Positive,False
KPC,binary,Ceftazidime.Avibactam.Aztreonam.Synergy.T,continuous,-0.0913,0.4804697163337886,62,WEAK,Negative,False
Piperacillin.Tazobactam,continuous,Ceftazidime.Avibactam.Aztreonam.Synergy.T,continuous,0.0913,0.4804697163337886,62,WEAK,Positive,False
Carbapenemase,binary,Ceftazidime.Avibactam.Aztreonam.Synergy.T,continuous,0.0913,0.4804697163337886,62,WEAK,Positive,False
Imipenem,continuous,Ceftazidime.Avibactam.Aztreonam.Synergy.T,continuous,0.0913,0.4804697163337886,62,WEAK,Positive,False
ALP,binary,Chloramphenicol,continuous,0.091,0.4816031483261522,62,WEAK,Positive,False
Trimethoprim.Sulfamethoxazole,continuous,Nitrofurantoin,continuous,-0.091,0.48200238950461155,62,WEAK,Negative,False
Other.CRO,binary,Any.Fungal.Infection,binary,-0.0909,0.4861415384055197,61,WEAK,Negative,False
TLC,binary,Tigecycline,continuous,-0.0907,0.48304554185768744,62,WEAK,Negative,False
P.C.only.E,ordinal,Ceftazidime.Avibactam.Aztreonam.T,binary,-0.0907,0.48312607542197217,62,WEAK,Negative,False
Ventilation,binary,Gentamicin,continuous,-0.0906,0.48383729186278956,62,WEAK,Negative,False
NDM,binary,Gentamicin,continuous,-0.0906,0.48383729186278956,62,WEAK,Negative,False
Surgery.in.last.3.Months,binary,Nitrofurantoin,continuous,0.0906,0.48351750887143574,62,WEAK,Positive,False
BSI.CRO,binary,Urea,binary,0.0903,0.48508054812301526,62,WEAK,Positive,False
COPD,binary,Ventilation,binary,0.0901,0.48601673436842846,62,WEAK,Positive,False
Hb,binary,Overall.Mortality,binary,0.0901,0.48601673436842846,62,WEAK,Positive,False
COPD,binary,Platelet,binary,0.0901,0.48601673436842846,62,WEAK,Positive,False
Ventilation,binary,Mortality.post.28.Day.Discharge,binary,0.0901,0.4860167343684284,62,WEAK,Positive,False
Ventilation,binary,Hb,binary,-0.0901,0.4860167343684284,62,WEAK,Negative,False
Fosfomycin,continuous,GW.Stay.in.28.Days,continuous,-0.09,0.4865896408759361,62,WEAK,Negative,False
ALP,binary,Cefoxitin,continuous,0.0899,0.48713336293930054,62,WEAK,Positive,False
ALP,binary,Cefotaxime,continuous,0.0899,0.48713336293930054,62,WEAK,Positive,False
Any.Viral.Infection,binary,GW.Stay.in.28.Days,continuous,-0.0898,0.48749372921057466,62,WEAK,Negative,False
SGPT,binary,Minocycline,continuous,0.0896,0.48854420936513887,62,WEAK,Positive,False
UTI.CRO,binary,Trimethoprim.Sulfamethoxazole,continuous,-0.0895,0.48912885752494034,62,WEAK,Negative,False
Polymyxin.Colistin.Inclusion.T,binary,Clinical.Improvement,continuous,0.0895,0.48918043113893034,62,WEAK,Positive,False
Any.Viral.Infection,binary,Clinical.Improvement,continuous,-0.0895,0.48918043113893034,62,WEAK,Negative,False
Hypothyroidism,binary,Nitrofurantoin,continuous,-0.0894,0.48941173453106307,62,WEAK,Negative,False
Cefoperazone.Sulbactam,continuous,Mortality.in.ICU,binary,0.0894,0.4893597250603743,62,WEAK,Positive,False
Ceftazidime,continuous,Mortality.in.ICU,binary,0.0894,0.489418331165577,62,WEAK,Positive,False
Procalcitonin,binary,Cefuroxime,continuous,0.0894,0.48935972506037423,62,WEAK,Positive,False
Procalcitonin,binary,Amoxicillin.Clavulanic.Acid,continuous,0.0894,0.48935972506037423,62,WEAK,Positive,False
Procalcitonin,binary,Levofloxacin,continuous,0.0894,0.489418331165577,62,WEAK,Positive,False
Levofloxacin,continuous,Mortality.in.ICU,binary,0.0894,0.489418331165577,62,WEAK,Positive,False
Procalcitonin,binary,Ceftazidime,continuous,0.0894,0.489418331165577,62,WEAK,Positive,False
Any.Viral.Infection,binary,Ceftazidime.Avibactam,binary,0.0894,0.48980564387203196,62,WEAK,Positive,False
Ceftazidime.Avibactam,binary,Polymyxin.Colistin.Inclusion.T,binary,-0.0894,0.48980564387203196,62,WEAK,Negative,False
Surgery.in.last.3.Months,binary,TLC,binary,-0.0893,0.4901620883315006,62,WEAK,Negative,False
TLC,binary,Urea,binary,0.0893,0.49016208833150066,62,WEAK,Positive,False
HAP.CRO,binary,Dialysis.in.1.week,binary,-0.0892,0.49068354004397474,62,WEAK,Negative,False
Surgery.in.last.3.Months,binary,Neither.Abx.T,ordinal,0.0892,0.4904598105417003,62,WEAK,Positive,False
IAI.CRO,binary,Ceftazidime.Avibactam.Aztreonam.T,binary,0.0892,0.49068354004397474,62,WEAK,Positive,False
Dialysis.in.1.week,binary,Ceftazidime.Avibactam.Aztreonam.T,binary,0.0892,0.49068354004397474,62,WEAK,Positive,False
Bil,binary,Albumin,binary,-0.0892,0.4904598105417003,62,WEAK,Negative,False
Weight,continuous,Lympho,binary,-0.0891,0.49080260680930915,62,WEAK,Negative,False
Z.A.invitro,binary,Urea,binary,0.0891,0.4909522379353273,62,WEAK,Positive,False
Z.A.invitro,binary,Bil,binary,-0.0891,0.4909522379353273,62,WEAK,Negative,False
Urea,binary,P.C.only.E,ordinal,-0.0891,0.4909522379353273,62,WEAK,Negative,False
Z.A.invitro,binary,Surgery.in.last.3.Months,binary,-0.0891,0.4909522379353273,62,WEAK,Negative,False
P.C.in.vitro,binary,Any.Viral.Infection,binary,0.089,0.49159564771226716,62,WEAK,Positive,False
Any.Viral.Infection,binary,Mortality.in.Hospital,binary,0.089,0.49159564771226716,62,WEAK,Positive,False
Sodium,binary,Nitrofurantoin,continuous,0.089,0.4913241028088205,62,WEAK,Positive,False
UTI.CRO,binary,P.C.Z.A.T,ordinal,-0.0889,0.49215340121784046,62,WEAK,Negative,False
CV.Catheter.in.6.Months,binary,P.C.Z.A.T,ordinal,-0.0889,0.49215340121784046,62,WEAK,Negative,False
P.C.in.vitro,binary,CV.Catheter.in.6.Months,binary,-0.0889,0.49215340121784046,62,WEAK,Negative,False
ANC,binary,Nitrofurantoin,continuous,0.0889,0.4918896454803163,62,WEAK,Positive,False
P.C.Z.A.E,ordinal,Z.A.only.E,ordinal,0.0886,0.49006490560133975,63,WEAK,Positive,False
Hemat.Malignancy,binary,ANC,binary,0.0886,0.4932379487171825,62,WEAK,Positive,False
Hypothyroidism,binary,Ceftazidime.Avibactam.T,binary,0.0886,0.4932379487171825,62,WEAK,Positive,False
Weight,continuous,Z.A.only.T,ordinal,0.0886,0.49361878321426017,62,WEAK,Positive,False
SOFA,continuous,Ceftazidime.Avibactam,binary,-0.0885,0.49410657867026647,62,WEAK,Negative,False
Neutropenia,binary,Ceftazidime.Avibactam.Aztreonam.Synergy.T,continuous,-0.0885,0.49408373322926147,62,WEAK,Negative,False
INR,binary,P.C.only.E,ordinal,0.0884,0.4946839437130475,62,WEAK,Positive,False
Z.A.invitro,binary,CV.Catheter.Now,binary,-0.0884,0.4946839437130475,62,WEAK,Negative,False
P.C.only.E,ordinal,Imipenem,continuous,0.0884,0.4946839437130475,62,WEAK,Positive,False
VAP.CRO,binary,P.C.only.E,ordinal,-0.0884,0.4946839437130475,62,WEAK,Negative,False
P.C.only.E,ordinal,Cefepime,continuous,0.0884,0.4946839437130475,62,WEAK,Positive,False
P.C.only.E,ordinal,Piperacillin.Tazobactam,continuous,0.0884,0.4946839437130475,62,WEAK,Positive,False
Z.A.invitro,binary,Other.NCRO,binary,0.0884,0.4946839437130475,62,WEAK,Positive,False
Other.NCRO,binary,P.C.only.E,ordinal,-0.0884,0.4946839437130475,62,WEAK,Negative,False
Z.A.invitro,binary,CKD,binary,0.0884,0.4946839437130475,62,WEAK,Positive,False
Z.A.invitro,binary,ABSSSI.CRO,binary,0.0884,0.4946839437130475,62,WEAK,Positive,False
TLC,binary,Nitrofurantoin,continuous,-0.0884,0.4943279492278648,62,WEAK,Negative,False
KPC,binary,P.C.only.E,ordinal,-0.0884,0.4946839437130475,62,WEAK,Negative,False
SGPT,binary,Gentamicin,continuous,-0.0884,0.49428197098135024,62,WEAK,Negative,False
P.C.only.E,ordinal,Carbapenemase,binary,0.0884,0.4946839437130475,62,WEAK,Positive,False
P.C.only.E,ordinal,Meropenem,continuous,0.0884,0.4946839437130475,62,WEAK,Positive,False
ANC,binary,Platelet,binary,0.0883,0.4951326800258666,62,WEAK,Positive,False
NDM,binary,Ceftazidime.Avibactam.T,binary,0.0883,0.4951326800258666,62,WEAK,Positive,False
Height,continuous,Total.Hospital.Stay.in.28.Days,continuous,-0.0882,0.49551287150159773,62,WEAK,Negative,False
Dialysis.in.1.week,binary,ALP,binary,0.0882,0.49556235643187335,62,WEAK,Positive,False
ALP,binary,P.C.only.T,ordinal,0.0882,0.49556235643187335,62,WEAK,Positive,False
Weight,continuous,COPD,binary,0.0881,0.4960018680989342,62,WEAK,Positive,False
Hospitalization.in.past.6.Months,binary,Gentamicin,continuous,0.0881,0.49581142894185937,62,WEAK,Positive,False
Colistin,continuous,GW.Stay.in.28.Days,continuous,0.0879,0.49708382594558,62,WEAK,Positive,False
Surgery.in.last.3.Months,binary,Urea,binary,0.0877,0.49780048970093616,62,WEAK,Positive,False
Overall.organ.support,binary,Polymyxin.Colistin.Inclusion.T,binary,0.0877,0.4979357840904017,62,WEAK,Positive,False
BSI.CRO,binary,Ceftazidime.Avibactam,binary,0.0877,0.4979357840904017,62,WEAK,Positive,False
Neutropenia,binary,Other.Illness.Leading.to.Hospitalization.post.28.Days.Discharge,binary,-0.0877,0.49780048970093627,62,WEAK,Negative,False
Neutropenia,binary,Z.A.only.E,ordinal,-0.0877,0.49780048970093627,62,WEAK,Negative,False
Bil,binary,Creatinine,binary,0.0877,0.49780048970093616,62,WEAK,Positive,False
Z.A.only.E,ordinal,Other.Illness.Leading.to.Hospitalization.post.28.Days.Discharge,binary,-0.0877,0.49780048970093627,62,WEAK,Negative,False
Overall.organ.support,binary,Ceftazidime.Avibactam,binary,-0.0877,0.4979357840904017,62,WEAK,Negative,False
HAP.CRO,binary,Levofloxacin,continuous,-0.0876,0.49853838409726037,62,WEAK,Negative,False
Overall.organ.support,binary,Minocycline,continuous,0.0874,0.49959127868522313,62,WEAK,Positive,False
SGOT,binary,P.C.Z.A.E,ordinal,0.0874,0.4992099686058183,62,WEAK,Positive,False
P.C.in.vitro,binary,HAP.CRO,binary,-0.0873,0.5000541862605634,62,WEAK,Negative,False
Ceftazidime.Avibactam.Aztreonam.T,binary,Mortality.in.Hospital,binary,0.0873,0.5000541862605634,62,WEAK,Positive,False
Inotropes,binary,Platelet,binary,-0.0872,0.5004144885614135,62,WEAK,Negative,False
Inotropes,binary,Ceftazidime.Avibactam.Aztreonam.Synergy.T,continuous,0.0872,0.5001690511633119,62,WEAK,Positive,False
Height,continuous,Dialysis.in.1.week,binary,0.087,0.5015867301880881,62,WEAK,Positive,False
Albumin,binary,Globulin,binary,0.087,0.5014660935730957,62,WEAK,Positive,False
Albumin,binary,Potassium,binary,-0.087,0.5014660935730957,62,WEAK,Negative,False
OXA48,binary,Potassium,binary,-0.087,0.5014660935730957,62,WEAK,Negative,False
Neither.Abx.T,ordinal,Aztreonam,continuous,0.0868,0.5024873855659581,62,WEAK,Positive,False
Neither.Abx.T,ordinal,Cefoxitin,continuous,0.0868,0.5023701498198561,62,WEAK,Positive,False
OXA48,binary,Aztreonam,continuous,-0.0868,0.5024873855659581,62,WEAK,Negative,False
OXA48,binary,Cefotaxime,continuous,-0.0868,0.5023701498198561,62,WEAK,Negative,False
Weight,continuous,Nitrofurantoin,continuous,-0.0868,0.5022308914477668,62,WEAK,Negative,False
OXA48,binary,Cefoxitin,continuous,-0.0868,0.5023701498198561,62,WEAK,Negative,False
Albumin,binary,Ertapenem,continuous,-0.0868,0.5024873855659581,62,WEAK,Negative,False
Albumin,binary,Aztreonam,continuous,-0.0868,0.5024873855659581,62,WEAK,Negative,False
Neither.Abx.T,ordinal,Cefotaxime,continuous,0.0868,0.5023701498198561,62,WEAK,Positive,False
Past.CREPA.infection,continuous,Colistin,continuous,-0.0867,0.5026975281933345,62,WEAK,Negative,False
Neither.Abx.T,ordinal,Clinical.Improvement,continuous,0.0866,0.5033575344581425,62,WEAK,Positive,False
Surgery.in.last.3.Months,binary,Ceftazidime.Avibactam.Aztreonam.Synergy.T,continuous,-0.0866,0.5035474919396999,62,WEAK,Negative,False
Cefotaxime,continuous,Nitrofurantoin,continuous,0.0866,0.5031531481624875,62,WEAK,Positive,False
Aztreonam,continuous,Nitrofurantoin,continuous,0.0866,0.5032702639317583,62,WEAK,Positive,False
P.C.in.vitro,binary,TLC,binary,-0.0865,0.5037557948428601,62,WEAK,Negative,False
ABSSSI.CRO,binary,ICU.Stay.in.28.Days,continuous,0.0863,0.504684850058216,62,WEAK,Positive,False
SOFA,continuous,Z.A.only.T,ordinal,0.0862,0.5053378231067586,62,WEAK,Positive,False
COPD,binary,Any.Fungal.Infection,binary,-0.0861,0.5094232269308777,61,WEAK,Negative,False
Urinary.Catheter.in.6.Months,binary,Total.Hospital.Stay.in.28.Days,continuous,0.0861,0.5060369617562392,62,WEAK,Positive,False
CAP.CRO,binary,Any.Fungal.Infection,binary,-0.0861,0.5094232269308777,61,WEAK,Negative,False
P.C.only.T,ordinal,Mortality.post.28.Day.Discharge,binary,-0.086,0.5064930516429237,62,WEAK,Negative,False
Dialysis.in.1.week,binary,Mortality.post.28.Day.Discharge,binary,-0.086,0.5064930516429237,62,WEAK,Negative,False
CAP.CRO,binary,Dialysis.in.1.week,binary,-0.086,0.5064930516429237,62,WEAK,Negative,False
CAP.CRO,binary,P.C.only.T,ordinal,-0.086,0.5064930516429237,62,WEAK,Negative,False
Endoscopy.in.1.week,binary,P.C.only.T,ordinal,-0.086,0.5064930516429237,62,WEAK,Negative,False
Endoscopy.in.1.week,binary,P.C.Z.A.E,ordinal,-0.086,0.5064930516429237,62,WEAK,Negative,False
IAI.CRO,binary,CAP.CRO,binary,-0.086,0.5064930516429237,62,WEAK,Negative,False
IAI.CRO,binary,Hb,binary,0.086,0.5064930516429237,62,WEAK,Positive,False
IAI.CRO,binary,Relapse.post.28.Day.Discharge,binary,-0.086,0.5064930516429237,62,WEAK,Negative,False
IAI.CRO,binary,Mortality.post.28.Day.Discharge,binary,-0.086,0.5064930516429237,62,WEAK,Negative,False
Dialysis.in.1.week,binary,Hb,binary,0.086,0.5064930516429237,62,WEAK,Positive,False
Endoscopy.in.1.week,binary,Dialysis.in.1.week,binary,-0.086,0.5064930516429237,62,WEAK,Negative,False
Hb,binary,P.C.Z.A.E,ordinal,0.086,0.5064930516429237,62,WEAK,Positive,False
Hb,binary,P.C.only.T,ordinal,0.086,0.5064930516429237,62,WEAK,Positive,False
COPD,binary,P.C.Z.A.E,ordinal,-0.086,0.5064930516429237,62,WEAK,Negative,False
COPD,binary,Dialysis.in.1.week,binary,-0.086,0.5064930516429237,62,WEAK,Negative,False
P.C.Z.A.E,ordinal,Mortality.post.28.Day.Discharge,binary,-0.086,0.5064930516429237,62,WEAK,Negative,False
COPD,binary,IAI.CRO,binary,-0.086,0.5064930516429237,62,WEAK,Negative,False
Dialysis.in.1.week,binary,Relapse.post.28.Day.Discharge,binary,-0.086,0.5064930516429237,62,WEAK,Negative,False
CAP.CRO,binary,P.C.Z.A.E,ordinal,-0.086,0.5064930516429237,62,WEAK,Negative,False
Potassium,binary,Ceftazidime.Avibactam.Aztreonam.Synergy.T,continuous,0.0859,0.5067225696059013,62,WEAK,Positive,False
Immunosuppressive.drugs.in.1.week,binary,Ceftazidime.Avibactam.Aztreonam.Synergy.T,continuous,0.0859,0.5065727409755002,62,WEAK,Positive,False
Globulin,binary,Ceftazidime.Avibactam.Aztreonam.Synergy.T,continuous,-0.0859,0.5067225696059013,62,WEAK,Negative,False
Calcium,binary,Ceftazidime.Avibactam.Aztreonam.Synergy.T,continuous,0.0858,0.507161850194961,62,WEAK,Positive,False
UTI.CRO,binary,Ciprofloxacin,continuous,-0.0857,0.5080242581830186,62,WEAK,Negative,False
UTI.CRO,binary,Ertapenem,continuous,-0.0857,0.5079854810565901,62,WEAK,Negative,False
Z.A.invitro,binary,Past.CREPA.infection,continuous,-0.0856,0.5084834409671714,62,WEAK,Negative,False
Other.CRO,binary,Immunosuppressive.drugs.in.1.week,binary,0.0855,0.5089732242291256,62,WEAK,Positive,False
Lympho,binary,Neither.Abx.E,ordinal,0.0855,0.5089732242291256,62,WEAK,Positive,False
Immunosuppressive.drugs.in.1.week,binary,Neither.Abx.E,ordinal,0.0855,0.5089732242291256,62,WEAK,Positive,False
Other.CRO,binary,TLC,binary,0.0855,0.5089732242291256,62,WEAK,Positive,False
Platelet,binary,Mortality.in.ICU,binary,0.0854,0.5092693906059409,62,WEAK,Positive,False
Male,binary,Ceftazidime.Avibactam.T,binary,-0.0853,0.5096197695703558,62,WEAK,Negative,False
Height,continuous,APACHEII,continuous,0.0853,0.5098184085932983,62,WEAK,Positive,False
Female,binary,Ceftazidime.Avibactam.T,binary,0.0853,0.5096197695703558,62,WEAK,Positive,False
Tigecycline,continuous,Polymyxin.Colistin.Inclusion.T,binary,-0.0852,0.5103014658162373,62,WEAK,Negative,False
Ceftazidime.Avibactam,binary,Carbapenemase,binary,0.0851,0.5107251635381563,62,WEAK,Positive,False
Piperacillin.Tazobactam,continuous,Polymyxin.Colistin.Inclusion.T,binary,-0.0851,0.5107251635381563,62,WEAK,Negative,False
VAP.CRO,binary,Ceftazidime.Avibactam,binary,-0.0851,0.5107251635381563,62,WEAK,Negative,False
Imipenem,continuous,Ceftazidime.Avibactam,binary,0.0851,0.5107251635381563,62,WEAK,Positive,False
CV.Catheter.Now,binary,Any.Viral.Infection,binary,0.0851,0.5107251635381563,62,WEAK,Positive,False
KPC,binary,Ceftazidime.Avibactam,binary,-0.0851,0.5107251635381563,62,WEAK,Negative,False
INR,binary,Polymyxin.Colistin.Inclusion.T,binary,-0.0851,0.5107251635381563,62,WEAK,Negative,False
Imipenem,continuous,Polymyxin.Colistin.Inclusion.T,binary,-0.0851,0.5107251635381563,62,WEAK,Negative,False
Cefepime,continuous,Ceftazidime.Avibactam,binary,0.0851,0.5107251635381563,62,WEAK,Positive,False
INR,binary,Ceftazidime.Avibactam,binary,0.0851,0.5107251635381563,62,WEAK,Positive,False
UTI.CRO,binary,Total.Hospital.Stay.in.28.Days,continuous,-0.0851,0.5106793380322193,62,WEAK,Negative,False
CV.Catheter.Now,binary,Ceftazidime.Avibactam,binary,0.0851,0.5107251635381563,62,WEAK,Positive,False
CKD,binary,Polymyxin.Colistin.Inclusion.T,binary,0.0851,0.5107251635381563,62,WEAK,Positive,False
Inotropes,binary,Colistin,continuous,0.0851,0.5105451796147477,62,WEAK,Positive,False
ABSSSI.CRO,binary,Ceftazidime.Avibactam,binary,-0.0851,0.5107251635381563,62,WEAK,Negative,False
KPC,binary,Any.Viral.Infection,binary,-0.0851,0.5107251635381563,62,WEAK,Negative,False
Meropenem,continuous,Ceftazidime.Avibactam,binary,0.0851,0.5107251635381563,62,WEAK,Positive,False
Any.Viral.Infection,binary,INR,binary,0.0851,0.5107251635381563,62,WEAK,Positive,False
ABSSSI.CRO,binary,Polymyxin.Colistin.Inclusion.T,binary,0.0851,0.5107251635381563,62,WEAK,Positive,False
Other.NCRO,binary,Any.Viral.Infection,binary,-0.0851,0.5107251635381563,62,WEAK,Negative,False
VAP.CRO,binary,Any.Viral.Infection,binary,-0.0851,0.5107251635381563,62,WEAK,Negative,False
Other.NCRO,binary,Polymyxin.Colistin.Inclusion.T,binary,0.0851,0.5107251635381563,62,WEAK,Positive,False
Meropenem,continuous,Polymyxin.Colistin.Inclusion.T,binary,-0.0851,0.5107251635381563,62,WEAK,Negative,False
Other.NCRO,binary,Ceftazidime.Avibactam,binary,-0.0851,0.5107251635381563,62,WEAK,Negative,False
Carbapenemase,binary,Polymyxin.Colistin.Inclusion.T,binary,-0.0851,0.5107251635381563,62,WEAK,Negative,False
CV.Catheter.Now,binary,Polymyxin.Colistin.Inclusion.T,binary,-0.0851,0.5107251635381563,62,WEAK,Negative,False
Cefepime,continuous,Polymyxin.Colistin.Inclusion.T,binary,-0.0851,0.5107251635381563,62,WEAK,Negative,False
Piperacillin.Tazobactam,continuous,Ceftazidime.Avibactam,binary,0.0851,0.5107251635381563,62,WEAK,Positive,False
CKD,binary,Ceftazidime.Avibactam,binary,-0.0851,0.5107251635381563,62,WEAK,Negative,False
Any.Fungal.Infection,binary,P.C.only.E,ordinal,-0.085,0.5149622603278519,61,WEAK,Negative,False
Clinical.Improvement,continuous,Relapse.post.28.Day.Discharge,binary,0.085,0.5112995910058897,62,WEAK,Positive,False
Hb,binary,Clinical.Improvement,continuous,-0.085,0.5112995910058896,62,WEAK,Negative,False
Endoscopy.in.1.week,binary,Clinical.Improvement,continuous,0.085,0.5112995910058896,62,WEAK,Positive,False
TLC,binary,Chloramphenicol,continuous,0.0848,0.512250880797953,62,WEAK,Positive,False
UTI.CRO,binary,Ceftazidime,continuous,0.0848,0.512369731564965,62,WEAK,Positive,False
Urinary.Catheter.in.6.Months,binary,Ceftazidime.Avibactam.Aztreonam.T,binary,-0.0848,0.5123128420072791,62,WEAK,Negative,False
UTI.CRO,binary,Levofloxacin,continuous,0.0848,0.512369731564965,62,WEAK,Positive,False
UTI.CRO,binary,Cefuroxime,continuous,0.0848,0.512312842007279,62,WEAK,Positive,False
UTI.CRO,binary,Amoxicillin.Clavulanic.Acid,continuous,0.0848,0.512312842007279,62,WEAK,Positive,False
Hemat.Malignancy,binary,Polymyxin.Colistin.Inclusion.T,binary,0.0846,0.5134831080872337,62,WEAK,Positive,False
Hypothyroidism,binary,Ceftazidime.Avibactam,binary,-0.0846,0.5134831080872337,62,WEAK,Negative,False
Z.A.invitro,binary,Any.Viral.Infection,binary,0.0845,0.5137766817526233,62,WEAK,Positive,False
Neither.Abx.E,ordinal,Minocycline,continuous,0.0845,0.5135333878947642,62,WEAK,Positive,False
Height,continuous,Z.A.only.E,ordinal,-0.0845,0.5139025683659547,62,WEAK,Negative,False
Any.Fungal.Infection,binary,SGPT,binary,-0.0844,0.5176027224359976,61,WEAK,Negative,False
Any.Fungal.Infection,binary,TLC,binary,0.0844,0.5176027224359976,61,WEAK,Positive,False
HAP.CRO,binary,Ceftazidime.Avibactam.Aztreonam.Synergy.T,continuous,0.0844,0.514083325101744,62,WEAK,Positive,False
HAP.CRO,binary,Cefuroxime,continuous,-0.0843,0.5145809664074498,62,WEAK,Negative,False
HAP.CRO,binary,Amoxicillin.Clavulanic.Acid,continuous,-0.0843,0.5145809664074498,62,WEAK,Negative,False
Albumin,binary,Z.A.only.T,ordinal,0.0843,0.5145809664074498,62,WEAK,Positive,False
HAP.CRO,binary,Cefoperazone.Sulbactam,continuous,-0.0843,0.5145809664074498,62,WEAK,Negative,False
Albumin,binary,Magnesium,binary,0.0843,0.5145809664074498,62,WEAK,Positive,False
Calcium,binary,Neither.Abx.T,ordinal,0.0843,0.5145809664074498,62,WEAK,Positive,False
BSI.CRO,binary,Mortality.in.ICU,binary,0.0843,0.5149177231228583,62,WEAK,Positive,False
DM,binary,Neither.Abx.T,ordinal,-0.0843,0.5145809664074498,62,WEAK,Negative,False
Solid.Organ,binary,P.C.Z.A.E,ordinal,-0.0842,0.5153719158605362,62,WEAK,Negative,False
Creatinine,binary,Trimethoprim.Sulfamethoxazole,continuous,-0.0842,0.515144347438148,62,WEAK,Negative,False
P.C.only.T,ordinal,Ceftazidime.Avibactam.T,binary,-0.0842,0.5153719158605362,62,WEAK,Negative,False
Calcium,binary,Z.A.only.T,ordinal,-0.0841,0.5158150447661941,62,WEAK,Negative,False
Hypothyroidism,binary,Creatinine,binary,0.084,0.5164319351135434,62,WEAK,Positive,False
Hemat.Malignancy,binary,Bil,binary,-0.084,0.5164319351135434,62,WEAK,Negative,False
Hemat.Malignancy,binary,Creatinine,binary,0.084,0.5164319351135434,62,WEAK,Positive,False
Hypothyroidism,binary,Urea,binary,0.084,0.5164319351135434,62,WEAK,Positive,False
Hemat.Malignancy,binary,Urea,binary,0.084,0.5164319351135434,62,WEAK,Positive,False
HTN,binary,Albumin,binary,0.0839,0.5170099063121293,62,WEAK,Positive,False
NDM,binary,DM,binary,0.0837,0.5175732523083479,62,WEAK,Positive,False
Ventilation,binary,Z.A.only.T,ordinal,0.0837,0.5175732523083479,62,WEAK,Positive,False
Calcium,binary,Overall.Mortality,binary,0.0837,0.5175732523083479,62,WEAK,Positive,False
DM,binary,Platelet,binary,0.0837,0.5175732523083479,62,WEAK,Positive,False
Urea,binary,Amikacin,continuous,0.0836,0.5184833013725131,62,WEAK,Positive,False
Lympho,binary,Trimethoprim.Sulfamethoxazole,continuous,-0.0836,0.5181223380952941,62,WEAK,Negative,False
HTN,binary,Ceftazidime.Avibactam,binary,-0.0836,0.5184912255818641,62,WEAK,Negative,False
HTN,binary,Any.Viral.Infection,binary,-0.0836,0.5184912255818641,62,WEAK,Negative,False
Urinary.Catheter.in.6.Months,binary,Neutropenia,binary,0.0835,0.5186589910342555,62,WEAK,Positive,False
Solid.Organ,binary,Z.A.only.T,ordinal,-0.0832,0.5201621913821177,62,WEAK,Negative,False
SOFA,continuous,Z.A.only.E,ordinal,0.0832,0.5201948856237832,62,WEAK,Positive,False
Hospitalization.in.past.6.Months,binary,Colistin,continuous,-0.0832,0.5201100739595793,62,WEAK,Negative,False
Solid.Organ,binary,Magnesium,binary,-0.0832,0.5201621913821177,62,WEAK,Negative,False
ANC,binary,Sodium,binary,0.0832,0.5201621913821177,62,WEAK,Positive,False
Other.CRO,binary,GW.Stay.in.28.Days,continuous,-0.0829,0.5219338144821205,62,WEAK,Negative,False
Ertapenem,continuous,Mortality.in.ICU,binary,-0.0828,0.5221562553557623,62,WEAK,Negative,False
Male,binary,Trimethoprim.Sulfamethoxazole,continuous,0.0827,0.5225994793206333,62,WEAK,Positive,False
Platelet,binary,Potassium,binary,0.0827,0.5226881010024158,62,WEAK,Positive,False
NDM,binary,Potassium,binary,0.0827,0.5226881010024158,62,WEAK,Positive,False
Female,binary,Trimethoprim.Sulfamethoxazole,continuous,-0.0827,0.5225994793206333,62,WEAK,Negative,False
Hospitalization.in.past.6.Months,binary,Cefotaxime,continuous,0.0825,0.5239096818530048,62,WEAK,Positive,False
P.C.only.T,ordinal,Minocycline,continuous,-0.0824,0.5242130012285396,62,WEAK,Negative,False
IAI.CRO,binary,Minocycline,continuous,-0.0824,0.5242130012285396,62,WEAK,Negative,False
Hypothyroidism,binary,ICU.Stay.in.28.Days,continuous,0.0824,0.5244896928037353,62,WEAK,Positive,False
Weight,continuous,KPC,binary,-0.0823,0.5247605148479617,62,WEAK,Negative,False
Total.Protein,binary,Total.Hospital.Stay.in.28.Days,continuous,-0.0821,0.5258451866001935,62,WEAK,Negative,False
TLC,binary,Mortality.post.28.Day.Discharge,binary,0.082,0.5261958224199598,62,WEAK,Positive,False
Endoscopy.in.1.week,binary,TLC,binary,0.082,0.5261958224199598,62,WEAK,Positive,False
Lympho,binary,Mortality.post.28.Day.Discharge,binary,0.082,0.5261958224199598,62,WEAK,Positive,False
CAP.CRO,binary,Lympho,binary,0.082,0.5261958224199598,62,WEAK,Positive,False
COPD,binary,TLC,binary,0.082,0.5261958224199598,62,WEAK,Positive,False
Z.A.only.E,ordinal,Z.A.only.T,ordinal,-0.082,0.522659664301617,63,WEAK,Negative,False
HAP.CRO,binary,INR,binary,0.0819,0.5268872098309209,62,WEAK,Positive,False
CV.Catheter.Now,binary,Ceftazidime.Avibactam.Aztreonam.T,binary,-0.0819,0.5268872098309209,62,WEAK,Negative,False
Carbapenemase,binary,Ceftazidime.Avibactam.Aztreonam.T,binary,-0.0819,0.5268872098309209,62,WEAK,Negative,False
CKD,binary,HAP.CRO,binary,-0.0819,0.5268872098309209,62,WEAK,Negative,False
INR,binary,Ceftazidime.Avibactam.Aztreonam.T,binary,-0.0819,0.5268872098309209,62,WEAK,Negative,False
KPC,binary,Ceftazidime.Avibactam.Aztreonam.T,binary,0.0819,0.5268872098309209,62,WEAK,Positive,False
Piperacillin.Tazobactam,continuous,Ceftazidime.Avibactam.Aztreonam.T,binary,-0.0819,0.5268872098309209,62,WEAK,Negative,False
KPC,binary,HAP.CRO,binary,-0.0819,0.5268872098309209,62,WEAK,Negative,False
VAP.CRO,binary,Ceftazidime.Avibactam.Aztreonam.T,binary,0.0819,0.5268872098309209,62,WEAK,Positive,False
Meropenem,continuous,Ceftazidime.Avibactam.Aztreonam.T,binary,-0.0819,0.5268872098309209,62,WEAK,Negative,False
ABSSSI.CRO,binary,HAP.CRO,binary,-0.0819,0.5268872098309209,62,WEAK,Negative,False
Cefepime,continuous,Ceftazidime.Avibactam.Aztreonam.T,binary,-0.0819,0.5268872098309209,62,WEAK,Negative,False
Imipenem,continuous,Ceftazidime.Avibactam.Aztreonam.T,binary,-0.0819,0.5268872098309209,62,WEAK,Negative,False
HAP.CRO,binary,VAP.CRO,binary,-0.0819,0.5268872098309209,62,WEAK,Negative,False
Other.NCRO,binary,Ceftazidime.Avibactam.Aztreonam.T,binary,0.0819,0.5268872098309209,62,WEAK,Positive,False
HAP.CRO,binary,Other.NCRO,binary,-0.0819,0.5268872098309209,62,WEAK,Negative,False
HAP.CRO,binary,CV.Catheter.Now,binary,0.0819,0.5268872098309209,62,WEAK,Positive,False
CKD,binary,Ceftazidime.Avibactam.Aztreonam.T,binary,0.0819,0.5268872098309209,62,WEAK,Positive,False
Other.CRO,binary,Z.A.only.E,ordinal,0.0815,0.528826555454848,62,WEAK,Positive,False
CV.Catheter.Now,binary,Trimethoprim.Sulfamethoxazole,continuous,-0.0814,0.5293008433425013,62,WEAK,Negative,False
VAP.CRO,binary,Trimethoprim.Sulfamethoxazole,continuous,0.0814,0.5293008433425013,62,WEAK,Positive,False
ABSSSI.CRO,binary,Trimethoprim.Sulfamethoxazole,continuous,0.0814,0.5293008433425013,62,WEAK,Positive,False
Other.NCRO,binary,Trimethoprim.Sulfamethoxazole,continuous,0.0814,0.5293008433425013,62,WEAK,Positive,False
Neutropenia,binary,Doxycycline,continuous,0.0813,0.5296903147829808,62,WEAK,Positive,False
Any.Fungal.Infection,binary,Mortality.in.Hospital,binary,0.0812,0.5339697758229319,61,WEAK,Positive,False
Ceftazidime,continuous,Ceftazidime.Avibactam.Aztreonam.T,binary,0.0811,0.5309962341704434,62,WEAK,Positive,False
Urinary.Catheter.in.6.Months,binary,Clinical.Improvement,continuous,0.0811,0.531139772384682,62,WEAK,Positive,False
Hemat.Malignancy,binary,Minocycline,continuous,0.081,0.5314793891625192,62,WEAK,Positive,False
SGOT,binary,Calcium,binary,0.081,0.5312177849909655,62,WEAK,Positive,False
Age,continuous,Colistin,continuous,-0.0809,0.5316802507460177,62,WEAK,Negative,False
CV.Catheter.in.6.Months,binary,Overall.organ.support,binary,0.0809,0.5317980768341892,62,WEAK,Positive,False
Z.A.invitro,binary,Neither.Abx.E,ordinal,-0.0809,0.5319830603602215,62,WEAK,Negative,False
Weight,continuous,Clinical.Improvement,continuous,0.0808,0.5323668535480686,62,WEAK,Positive,False
ALP,binary,ICU.Stay.in.28.Days,continuous,-0.0808,0.5323280997754635,62,WEAK,Negative,False
P.C.only.E,ordinal,Fosfomycin,continuous,0.0807,0.5327786820824564,62,WEAK,Positive,False
Tigecycline,continuous,Total.Hospital.Stay.in.28.Days,continuous,-0.0805,0.5339442370830922,62,WEAK,Negative,False
Other.CRO,binary,Ertapenem,continuous,0.0804,0.534351869310663,62,WEAK,Positive,False
Other.CRO,binary,Ciprofloxacin,continuous,0.0804,0.5343892123852692,62,WEAK,Positive,False
ANC,binary,Doxycycline,continuous,0.0804,0.5342787406450981,62,WEAK,Positive,False
CV.Catheter.in.6.Months,binary,SGOT,binary,0.0804,0.5347166216453354,62,WEAK,Positive,False
Other.CRO,binary,Cefoxitin,continuous,0.0804,0.534239786553208,62,WEAK,Positive,False
Cefepime,continuous,GW.Stay.in.28.Days,continuous,-0.0804,0.5346881024784089,62,WEAK,Negative,False
Neither.Abx.E,ordinal,Aztreonam,continuous,0.0804,0.534351869310663,62,WEAK,Positive,False
Neither.Abx.E,ordinal,Cefotaxime,continuous,0.0804,0.534239786553208,62,WEAK,Positive,False
Neither.Abx.E,ordinal,Cefoxitin,continuous,0.0804,0.534239786553208,62,WEAK,Positive,False
Nitrofurantoin,continuous,ICU.Stay.in.28.Days,continuous,-0.0804,0.5343411956043219,62,WEAK,Negative,False
Piperacillin.Tazobactam,continuous,GW.Stay.in.28.Days,continuous,-0.0804,0.5346881024784089,62,WEAK,Negative,False
Carbapenemase,binary,GW.Stay.in.28.Days,continuous,-0.0804,0.5346881024784089,62,WEAK,Negative,False
Nitrofurantoin,continuous,Mortality.in.ICU,binary,-0.0804,0.5345504277755901,62,WEAK,Negative,False
Other.CRO,binary,Aztreonam,continuous,0.0804,0.534351869310663,62,WEAK,Positive,False
Meropenem,continuous,GW.Stay.in.28.Days,continuous,-0.0804,0.5346881024784089,62,WEAK,Negative,False
Other.CRO,binary,Cefotaxime,continuous,0.0804,0.534239786553208,62,WEAK,Positive,False
Imipenem,continuous,GW.Stay.in.28.Days,continuous,-0.0804,0.5346881024784089,62,WEAK,Negative,False
Aztreonam,continuous,Doxycycline,continuous,0.0803,0.5352084948263555,62,WEAK,Positive,False
Doxycycline,continuous,Cefotaxime,continuous,0.0803,0.5350965579594934,62,WEAK,Positive,False
P.C.Z.A.T,ordinal,Levofloxacin,continuous,0.0801,0.5362416490476567,62,WEAK,Positive,False
P.C.Z.A.T,ordinal,Ceftazidime,continuous,0.0801,0.5362416490476567,62,WEAK,Positive,False
Cefuroxime,continuous,Mortality.in.Hospital,binary,0.0801,0.5361866949298812,62,WEAK,Positive,False
P.C.Z.A.T,ordinal,Cefoperazone.Sulbactam,continuous,0.0801,0.5361866949298812,62,WEAK,Positive,False
P.C.Z.A.T,ordinal,Amoxicillin.Clavulanic.Acid,continuous,0.0801,0.5361866949298812,62,WEAK,Positive,False
P.C.in.vitro,binary,Cefoperazone.Sulbactam,continuous,0.0801,0.5361866949298812,62,WEAK,Positive,False
P.C.in.vitro,binary,Levofloxacin,continuous,0.0801,0.5362416490476567,62,WEAK,Positive,False
Ceftazidime,continuous,Mortality.in.Hospital,binary,0.0801,0.5362416490476567,62,WEAK,Positive,False
Amoxicillin.Clavulanic.Acid,continuous,Mortality.in.Hospital,binary,0.0801,0.5361866949298812,62,WEAK,Positive,False
Levofloxacin,continuous,Mortality.in.Hospital,binary,0.0801,0.5362416490476567,62,WEAK,Positive,False
Hemat.Malignancy,binary,Neither.Abx.T,ordinal,-0.0801,0.536186694929881,62,WEAK,Negative,False
Hemat.Malignancy,binary,Albumin,binary,0.0801,0.536186694929881,62,WEAK,Positive,False
P.C.Z.A.T,ordinal,Cefuroxime,continuous,0.0801,0.5361866949298812,62,WEAK,Positive,False
Hospitalization.in.past.6.Months,binary,Ertapenem,continuous,0.08,0.5363417603147793,62,WEAK,Positive,False
Cefoxitin,continuous,Mortality.in.ICU,binary,-0.0798,0.5376225667736677,62,WEAK,Negative,False
Any.Viral.Infection,binary,Levofloxacin,continuous,-0.0798,0.5373698769351709,62,WEAK,Negative,False
Hb,binary,Magnesium,binary,-0.0797,0.5381803268417463,62,WEAK,Negative,False
Ciprofloxacin,continuous,Colistin,continuous,0.0797,0.5381775115670253,62,WEAK,Positive,False
Magnesium,binary,Relapse.post.28.Day.Discharge,binary,0.0797,0.5381803268417463,62,WEAK,Positive,False
CAP.CRO,binary,Z.A.only.T,ordinal,0.0797,0.5381803268417463,62,WEAK,Positive,False
Hb,binary,Calcium,binary,0.0797,0.5381803268417463,62,WEAK,Positive,False
COPD,binary,Sodium,binary,-0.0797,0.5381803268417463,62,WEAK,Negative,False
BSI.CRO,binary,ICU.Stay.in.28.Days,continuous,-0.0797,0.5378758999015879,62,WEAK,Negative,False
Endoscopy.in.1.week,binary,Sodium,binary,-0.0797,0.5381803268417463,62,WEAK,Negative,False
DM,binary,CV.Catheter.in.6.Months,binary,-0.0797,0.5380412991850261,62,WEAK,Negative,False
DM,binary,Hb,binary,-0.0797,0.5381803268417463,62,WEAK,Negative,False
CV.Catheter.in.6.Months,binary,Sodium,binary,0.0797,0.5380412991850261,62,WEAK,Positive,False
Endoscopy.in.1.week,binary,Calcium,binary,-0.0797,0.5381803268417463,62,WEAK,Negative,False
Calcium,binary,Mortality.post.28.Day.Discharge,binary,-0.0797,0.5381803268417463,62,WEAK,Negative,False
Weight,continuous,Minocycline,continuous,-0.0795,0.5391869638862267,62,WEAK,Negative,False
HAP.CRO,binary,ANC,binary,-0.0795,0.5390587500923383,62,WEAK,Negative,False
Height,continuous,GW.Stay.in.28.Days,continuous,-0.0792,0.5403907768212571,62,WEAK,Negative,False
Hemat.Malignancy,binary,GW.Stay.in.28.Days,continuous,-0.0791,0.5410082807505476,62,WEAK,Negative,False
Weight,continuous,DM,binary,0.0791,0.5408718829045954,62,WEAK,Positive,False
Chloramphenicol,continuous,Ceftazidime.Avibactam.T,binary,0.0789,0.5420987066661175,62,WEAK,Positive,False
IAI.CRO,binary,Urinary.Catheter.in.6.Months,binary,-0.0789,0.5421645950372657,62,WEAK,Negative,False
Potassium,binary,P.C.Z.A.E,ordinal,-0.0789,0.5421645950372657,62,WEAK,Negative,False
Other.CRO,binary,Gentamicin,continuous,-0.0789,0.5420257509768712,62,WEAK,Negative,False
VAP.CRO,binary,Total.Hospital.Stay.in.28.Days,continuous,0.0789,0.5422843443869391,62,WEAK,Positive,False
Urinary.Catheter.in.6.Months,binary,P.C.Z.A.E,ordinal,-0.0789,0.5421645950372657,62,WEAK,Negative,False
Doxycycline,continuous,Gentamicin,continuous,-0.0788,0.5428722735560783,62,WEAK,Negative,False
KPC,binary,Potassium,binary,-0.0787,0.5431958799866228,62,WEAK,Negative,False
Potassium,binary,Meropenem,continuous,0.0787,0.5431958799866229,62,WEAK,Positive,False
Potassium,binary,Carbapenemase,binary,0.0787,0.5431958799866229,62,WEAK,Positive,False
Potassium,binary,Cefepime,continuous,0.0787,0.5431958799866229,62,WEAK,Positive,False
KPC,binary,Globulin,binary,0.0787,0.5431958799866228,62,WEAK,Positive,False
ABSSSI.CRO,binary,Potassium,binary,-0.0787,0.5431958799866228,62,WEAK,Negative,False
CKD,binary,Urinary.Catheter.in.6.Months,binary,-0.0787,0.5431958799866228,62,WEAK,Negative,False
CKD,binary,Globulin,binary,0.0787,0.5431958799866228,62,WEAK,Positive,False
VAP.CRO,binary,Urinary.Catheter.in.6.Months,binary,-0.0787,0.5431958799866228,62,WEAK,Negative,False
Hypothyroidism,binary,Surgery.in.last.3.Months,binary,0.0787,0.5430740150795286,62,WEAK,Positive,False
VAP.CRO,binary,Potassium,binary,-0.0787,0.5431958799866228,62,WEAK,Negative,False
Urinary.Catheter.in.6.Months,binary,INR,binary,0.0787,0.5431958799866229,62,WEAK,Positive,False
KPC,binary,Urinary.Catheter.in.6.Months,binary,-0.0787,0.5431958799866228,62,WEAK,Negative,False
VAP.CRO,binary,Globulin,binary,0.0787,0.5431958799866228,62,WEAK,Positive,False
CV.Catheter.Now,binary,Urinary.Catheter.in.6.Months,binary,0.0787,0.5431958799866228,62,WEAK,Positive,False
Other.NCRO,binary,Urinary.Catheter.in.6.Months,binary,-0.0787,0.5431958799866228,62,WEAK,Negative,False
INR,binary,Globulin,binary,-0.0787,0.5431958799866228,62,WEAK,Negative,False
Potassium,binary,Piperacillin.Tazobactam,continuous,0.0787,0.5431958799866229,62,WEAK,Positive,False
INR,binary,Potassium,binary,0.0787,0.5431958799866228,62,WEAK,Positive,False
Potassium,binary,Imipenem,continuous,0.0787,0.5431958799866229,62,WEAK,Positive,False
CKD,binary,Potassium,binary,-0.0787,0.5431958799866228,62,WEAK,Negative,False
SOFA,continuous,Ceftazidime,continuous,0.0786,0.5437245488681534,62,WEAK,Positive,False
ALP,binary,Other.Illness.Leading.to.Hospitalization.post.28.Days.Discharge,binary,-0.0785,0.5441710695895786,62,WEAK,Negative,False
Surgery.in.last.3.Months,binary,Mortality.in.Hospital,binary,-0.0784,0.5446459033510562,62,WEAK,Negative,False
Creatinine,binary,P.C.Z.A.T,ordinal,0.0784,0.5446459033510562,62,WEAK,Positive,False
Urea,binary,P.C.Z.A.T,ordinal,0.0784,0.5446459033510562,62,WEAK,Positive,False
Surgery.in.last.3.Months,binary,P.C.Z.A.T,ordinal,-0.0784,0.5446459033510562,62,WEAK,Negative,False
Inotropes,binary,Total.Hospital.Stay.in.28.Days,continuous,0.0783,0.5450533657959192,62,WEAK,Positive,False
Globulin,binary,Sodium,binary,-0.078,0.5467672930480989,62,WEAK,Negative,False
ANC,binary,Z.A.only.T,ordinal,0.078,0.546658596845849,62,WEAK,Positive,False
Urinary.Catheter.in.6.Months,binary,Sodium,binary,0.078,0.5467672930480989,62,WEAK,Positive,False
Globulin,binary,Calcium,binary,-0.078,0.5467672930480989,62,WEAK,Negative,False
DM,binary,ANC,binary,0.078,0.546658596845849,62,WEAK,Positive,False
Sodium,binary,Ceftazidime.Avibactam.T,binary,-0.078,0.546658596845849,62,WEAK,Negative,False
Urinary.Catheter.in.6.Months,binary,Calcium,binary,0.078,0.5467672930480989,62,WEAK,Positive,False
Globulin,binary,Magnesium,binary,0.078,0.5467672930480989,62,WEAK,Positive,False
ANC,binary,P.C.Z.A.T,ordinal,-0.0778,0.5477263790440954,62,WEAK,Negative,False
CAP.CRO,binary,Z.A.only.E,ordinal,-0.0778,0.5479186388502384,62,WEAK,Negative,False
COPD,binary,Other.Illness.Leading.to.Hospitalization.post.28.Days.Discharge,binary,-0.0778,0.5479186388502384,62,WEAK,Negative,False
Neutropenia,binary,Hb,binary,0.0778,0.5479186388502384,62,WEAK,Positive,False
Z.A.only.E,ordinal,Relapse.post.28.Day.Discharge,binary,-0.0778,0.5479186388502384,62,WEAK,Negative,False
Z.A.only.E,ordinal,Mortality.post.28.Day.Discharge,binary,-0.0778,0.5479186388502384,62,WEAK,Negative,False
CAP.CRO,binary,Neutropenia,binary,-0.0778,0.5479186388502384,62,WEAK,Negative,False
Endoscopy.in.1.week,binary,Other.Illness.Leading.to.Hospitalization.post.28.Days.Discharge,binary,-0.0778,0.5479186388502384,62,WEAK,Negative,False
SGOT,binary,Trimethoprim.Sulfamethoxazole,continuous,-0.0778,0.5475587637527818,62,WEAK,Negative,False
Neutropenia,binary,Relapse.post.28.Day.Discharge,binary,-0.0778,0.5479186388502384,62,WEAK,Negative,False
Solid.Organ,binary,P.C.Z.A.T,ordinal,-0.0778,0.5477263790440954,62,WEAK,Negative,False
P.C.in.vitro,binary,ANC,binary,-0.0778,0.5477263790440955,62,WEAK,Negative,False
P.C.in.vitro,binary,Ceftazidime.Avibactam.T,binary,-0.0778,0.5477263790440955,62,WEAK,Negative,False
CAP.CRO,binary,Other.Illness.Leading.to.Hospitalization.post.28.Days.Discharge,binary,-0.0778,0.5479186388502384,62,WEAK,Negative,False
Solid.Organ,binary,Mortality.in.Hospital,binary,-0.0778,0.5477263790440954,62,WEAK,Negative,False
Endoscopy.in.1.week,binary,Z.A.only.E,ordinal,-0.0778,0.5479186388502384,62,WEAK,Negative,False
Endoscopy.in.1.week,binary,Neutropenia,binary,-0.0778,0.5479186388502384,62,WEAK,Negative,False
Hb,binary,Other.Illness.Leading.to.Hospitalization.post.28.Days.Discharge,binary,0.0778,0.5479186388502384,62,WEAK,Positive,False
COPD,binary,Z.A.only.E,ordinal,-0.0778,0.5479186388502384,62,WEAK,Negative,False
Neutropenia,binary,P.C.only.E,ordinal,-0.0777,0.5485118685220963,62,WEAK,Negative,False
Hospitalization.in.past.6.Months,binary,Aztreonam,continuous,0.0776,0.5488003893224607,62,WEAK,Positive,False
HTN,binary,Ciprofloxacin,continuous,-0.0776,0.5488368960863255,62,WEAK,Negative,False
Lympho,binary,Magnesium,binary,-0.0776,0.5489141024742729,62,WEAK,Negative,False
Immunosuppressive.drugs.in.1.week,binary,Sodium,binary,0.0776,0.5489141024742729,62,WEAK,Positive,False
TLC,binary,Magnesium,binary,-0.0776,0.5489141024742729,62,WEAK,Negative,False
Dialysis.in.1.week,binary,P.C.Z.A.E,ordinal,0.0774,0.5499761759135772,62,WEAK,Positive,False
IAI.CRO,binary,P.C.only.T,ordinal,0.0774,0.5499761759135772,62,WEAK,Positive,False
SOFA,continuous,Tigecycline,continuous,0.0772,0.5511269828594542,62,WEAK,Positive,False
Albumin,binary,Amikacin,continuous,0.0769,0.5525072762815462,62,WEAK,Positive,False
Lympho,binary,Doxycycline,continuous,0.0769,0.5523534550862897,62,WEAK,Positive,False
Any.Fungal.Infection,binary,Globulin,binary,-0.0768,0.556423552705138,61,WEAK,Negative,False
UTI.CRO,binary,Fosfomycin,continuous,-0.0767,0.5535494392311129,62,WEAK,Negative,False
Total.Protein,binary,Amikacin,continuous,0.0767,0.553747978125264,62,WEAK,Positive,False
Neutropenia,binary,Clinical.Improvement,continuous,0.0767,0.5535800230012262,62,WEAK,Positive,False
Amoxicillin.Clavulanic.Acid,continuous,Polymyxin.Colistin.Inclusion.T,binary,0.0766,0.5537644306313262,62,WEAK,Positive,False
Any.Viral.Infection,binary,Cefoperazone.Sulbactam,continuous,-0.0766,0.5537644306313262,62,WEAK,Negative,False
Cefuroxime,continuous,Ceftazidime.Avibactam,binary,-0.0766,0.5537644306313262,62,WEAK,Negative,False
Cefoperazone.Sulbactam,continuous,Polymyxin.Colistin.Inclusion.T,binary,0.0766,0.5537644306313262,62,WEAK,Positive,False
Cefuroxime,continuous,Polymyxin.Colistin.Inclusion.T,binary,0.0766,0.5537644306313262,62,WEAK,Positive,False
Amoxicillin.Clavulanic.Acid,continuous,Ceftazidime.Avibactam,binary,-0.0766,0.5537644306313262,62,WEAK,Negative,False
Any.Viral.Infection,binary,Amoxicillin.Clavulanic.Acid,continuous,-0.0766,0.5537644306313262,62,WEAK,Negative,False
Any.Viral.Infection,binary,Cefuroxime,continuous,-0.0766,0.5537644306313262,62,WEAK,Negative,False
Globulin,binary,Gentamicin,continuous,0.0766,0.553930821231289,62,WEAK,Positive,False
Ceftazidime.Avibactam.Aztreonam.Synergy.T,continuous,Other.Illness.Leading.to.Hospitalization.post.28.Days.Discharge,binary,0.0764,0.5550008982471346,62,WEAK,Positive,False
Lympho,binary,Tigecycline,continuous,-0.0761,0.5568099347671938,62,WEAK,Negative,False
Platelet,binary,ALP,binary,-0.0761,0.5567520138087678,62,WEAK,Negative,False
Ventilation,binary,ALP,binary,-0.0761,0.5567520138087678,62,WEAK,Negative,False
Clinical.Improvement,continuous,ICU.Stay.in.28.Days,continuous,-0.0761,0.5567743529212186,62,WEAK,Negative,False
Hemat.Malignancy,binary,Nitrofurantoin,continuous,-0.0761,0.5565545226343236,62,WEAK,Negative,False
Total.Protein,binary,Nitrofurantoin,continuous,0.0761,0.5565545226343236,62,WEAK,Positive,False
ALP,binary,Potassium,binary,-0.076,0.5573092782204304,62,WEAK,Negative,False
TLC,binary,Albumin,binary,0.0759,0.5574896349638684,62,WEAK,Positive,False
IAI.CRO,binary,Creatinine,binary,-0.0759,0.5578046395089435,62,WEAK,Negative,False
IAI.CRO,binary,Bil,binary,0.0759,0.5578046395089435,62,WEAK,Positive,False
Surgery.in.last.3.Months,binary,Dialysis.in.1.week,binary,0.0759,0.5578046395089435,62,WEAK,Positive,False
Surgery.in.last.3.Months,binary,P.C.Z.A.E,ordinal,0.0759,0.5578046395089435,62,WEAK,Positive,False
Overall.organ.support,binary,Carbapenemase,binary,-0.0755,0.559680722828453,62,WEAK,Negative,False
Overall.organ.support,binary,Imipenem,continuous,-0.0755,0.559680722828453,62,WEAK,Negative,False
VAP.CRO,binary,BSI.CRO,binary,-0.0755,0.5596807228284533,62,WEAK,Negative,False
CKD,binary,BSI.CRO,binary,-0.0755,0.5596807228284533,62,WEAK,Negative,False
Overall.organ.support,binary,Meropenem,continuous,-0.0755,0.559680722828453,62,WEAK,Negative,False
VAP.CRO,binary,Overall.organ.support,binary,0.0755,0.5596807228284533,62,WEAK,Positive,False
Overall.organ.support,binary,INR,binary,-0.0755,0.559680722828453,62,WEAK,Negative,False
KPC,binary,BSI.CRO,binary,-0.0755,0.5596807228284533,62,WEAK,Negative,False
Overall.organ.support,binary,Cefepime,continuous,-0.0755,0.559680722828453,62,WEAK,Negative,False
Overall.organ.support,binary,Piperacillin.Tazobactam,continuous,-0.0755,0.559680722828453,62,WEAK,Negative,False
BSI.CRO,binary,Cefepime,continuous,0.0755,0.559680722828453,62,WEAK,Positive,False
BSI.CRO,binary,Piperacillin.Tazobactam,continuous,0.0755,0.559680722828453,62,WEAK,Positive,False
ABSSSI.CRO,binary,Overall.organ.support,binary,0.0755,0.5596807228284533,62,WEAK,Positive,False
ABSSSI.CRO,binary,BSI.CRO,binary,-0.0755,0.5596807228284533,62,WEAK,Negative,False
CKD,binary,Overall.organ.support,binary,0.0755,0.5596807228284533,62,WEAK,Positive,False
BSI.CRO,binary,INR,binary,0.0755,0.559680722828453,62,WEAK,Positive,False
BSI.CRO,binary,Meropenem,continuous,0.0755,0.559680722828453,62,WEAK,Positive,False
BSI.CRO,binary,Imipenem,continuous,0.0755,0.559680722828453,62,WEAK,Positive,False
BSI.CRO,binary,Carbapenemase,binary,0.0755,0.559680722828453,62,WEAK,Positive,False
Surgery.in.last.3.Months,binary,Ceftazidime.Avibactam.Aztreonam.T,binary,-0.0753,0.5607641999767999,62,WEAK,Negative,False
Chloramphenicol,continuous,Gentamicin,continuous,-0.0753,0.5607109285438884,62,WEAK,Negative,False
Ventilation,binary,Nitrofurantoin,continuous,-0.0753,0.560539365839528,62,WEAK,Negative,False
Surgery.in.last.3.Months,binary,SGOT,binary,0.0752,0.5614015553315781,62,WEAK,Positive,False
Solid.Organ,binary,Tigecycline,continuous,-0.0751,0.5615711430523516,62,WEAK,Negative,False
Sodium,binary,Amikacin,continuous,-0.0751,0.5616196344703326,62,WEAK,Negative,False
DM,binary,Amikacin,continuous,0.0751,0.5616196344703326,62,WEAK,Positive,False
Albumin,binary,Ceftazidime.Avibactam.Aztreonam.Synergy.T,continuous,0.0751,0.5616750993034346,62,WEAK,Positive,False
UTI.CRO,binary,Ceftazidime.Avibactam.Aztreonam.T,binary,-0.075,0.562295144062794,62,WEAK,Negative,False
TLC,binary,Gentamicin,continuous,-0.075,0.5621629979200159,62,WEAK,Negative,False
Immunosuppressive.drugs.in.1.week,binary,Gentamicin,continuous,-0.075,0.5621629979200159,62,WEAK,Negative,False
Lympho,binary,Gentamicin,continuous,-0.075,0.5621629979200159,62,WEAK,Negative,False
COPD,binary,Tigecycline,continuous,0.0746,0.564404155757357,62,WEAK,Positive,False
HAP.CRO,binary,Urinary.Catheter.in.6.Months,binary,-0.0745,0.5648989117260025,62,WEAK,Negative,False
HAP.CRO,binary,Potassium,binary,-0.0745,0.5648989117260025,62,WEAK,Negative,False
Hemat.Malignancy,binary,Ciprofloxacin,continuous,-0.0744,0.5653563236474446,62,WEAK,Negative,False
Hemat.Malignancy,binary,Aztreonam,continuous,-0.0744,0.5653208141192984,62,WEAK,Negative,False
Other.CRO,binary,Creatinine,binary,0.0743,0.5662539140266398,62,WEAK,Positive,False
Other.CRO,binary,Urea,binary,0.0743,0.5662539140266398,62,WEAK,Positive,False
Other.CRO,binary,Surgery.in.last.3.Months,binary,-0.0743,0.5662539140266398,62,WEAK,Negative,False
Lympho,binary,Chloramphenicol,continuous,-0.0741,0.5671642774057375,62,WEAK,Negative,False
Other.CRO,binary,ALP,binary,-0.0741,0.566879911265469,62,WEAK,Negative,False
Age,continuous,Other.CRO,binary,0.0741,0.5668818673214214,62,WEAK,Positive,False
Creatinine,binary,Mortality.post.28.Day.Discharge,binary,0.0739,0.5680326790446312,62,WEAK,Positive,False
Hb,binary,Creatinine,binary,-0.0739,0.5680326790446312,62,WEAK,Negative,False
P.C.only.T,ordinal,Fosfomycin,continuous,-0.0739,0.568104788495685,62,WEAK,Negative,False
CAP.CRO,binary,Creatinine,binary,0.0739,0.5680326790446312,62,WEAK,Positive,False
CAP.CRO,binary,Urea,binary,0.0739,0.5680326790446312,62,WEAK,Positive,False
CAP.CRO,binary,Bil,binary,-0.0739,0.5680326790446312,62,WEAK,Negative,False
Surgery.in.last.3.Months,binary,Mortality.post.28.Day.Discharge,binary,-0.0739,0.5680326790446312,62,WEAK,Negative,False
APACHEII,continuous,Potassium,binary,0.0739,0.5679888931700198,62,WEAK,Positive,False
CAP.CRO,binary,Surgery.in.last.3.Months,binary,-0.0739,0.5680326790446312,62,WEAK,Negative,False
Hb,binary,Bil,binary,0.0739,0.5680326790446312,62,WEAK,Positive,False
Endoscopy.in.1.week,binary,Creatinine,binary,0.0739,0.5680326790446312,62,WEAK,Positive,False
Bil,binary,Relapse.post.28.Day.Discharge,binary,-0.0739,0.5680326790446312,62,WEAK,Negative,False
Bil,binary,Mortality.post.28.Day.Discharge,binary,-0.0739,0.5680326790446312,62,WEAK,Negative,False
P.C.only.T,ordinal,Ertapenem,continuous,0.0738,0.5686935526517014,62,WEAK,Positive,False
P.C.only.T,ordinal,Cefoxitin,continuous,0.0738,0.5685875985817301,62,WEAK,Positive,False
P.C.only.T,ordinal,Ciprofloxacin,continuous,0.0738,0.5687288534199902,62,WEAK,Positive,False
P.C.only.T,ordinal,Aztreonam,continuous,0.0738,0.5686935526517014,62,WEAK,Positive,False
Inotropes,binary,SGPT,binary,-0.0738,0.5686357281817599,62,WEAK,Negative,False
Dialysis.in.1.week,binary,Ciprofloxacin,continuous,0.0738,0.5687288534199902,62,WEAK,Positive,False
P.C.only.T,ordinal,Cefotaxime,continuous,0.0738,0.5685875985817301,62,WEAK,Positive,False
Dialysis.in.1.week,binary,Cefotaxime,continuous,0.0738,0.5685875985817301,62,WEAK,Positive,False
Dialysis.in.1.week,binary,Cefoxitin,continuous,0.0738,0.5685875985817301,62,WEAK,Positive,False
Dialysis.in.1.week,binary,Aztreonam,continuous,0.0738,0.5686935526517014,62,WEAK,Positive,False
Dialysis.in.1.week,binary,Ertapenem,continuous,0.0738,0.5686935526517014,62,WEAK,Positive,False
Calcium,binary,Total.Hospital.Stay.in.28.Days,continuous,-0.0736,0.5695594030525263,62,WEAK,Negative,False
Solid.Organ,binary,Trimethoprim.Sulfamethoxazole,continuous,-0.0736,0.5697488393703483,62,WEAK,Negative,False
Procalcitonin,binary,Ceftazidime.Avibactam.Aztreonam.Synergy.T,continuous,0.0735,0.5704765285429981,62,WEAK,Positive,False
NDM,binary,ICU.Stay.in.28.Days,continuous,0.0735,0.57043669771916,62,WEAK,Positive,False
BSI.CRO,binary,Overall.organ.support,binary,-0.0734,0.5709042954489891,62,WEAK,Negative,False
Ceftazidime,continuous,Ceftazidime.Avibactam,binary,-0.0734,0.5705023847037675,62,WEAK,Negative,False
Levofloxacin,continuous,Polymyxin.Colistin.Inclusion.T,binary,0.0734,0.5705023847037675,62,WEAK,Positive,False
Ceftazidime,continuous,Polymyxin.Colistin.Inclusion.T,binary,0.0734,0.5705023847037675,62,WEAK,Positive,False
NDM,binary,Polymyxin.Colistin.Inclusion.T,binary,0.0732,0.5718680891569027,62,WEAK,Positive,False
Potassium,binary,Calcium,binary,-0.0731,0.5721802778325898,62,WEAK,Negative,False
Sodium,binary,Potassium,binary,-0.0731,0.5721802778325898,62,WEAK,Negative,False
P.C.in.vitro,binary,P.C.Z.A.T,ordinal,-0.0731,0.5724454063761977,62,WEAK,Negative,False
Urinary.Catheter.in.6.Months,binary,Z.A.only.T,ordinal,0.0731,0.5721802778325898,62,WEAK,Positive,False
Hemat.Malignancy,binary,ALP,binary,-0.073,0.5728275053734372,62,WEAK,Negative,False
Globulin,binary,P.C.Z.A.T,ordinal,0.0729,0.573202831298862,62,WEAK,Positive,False
Potassium,binary,P.C.Z.A.T,ordinal,-0.0729,0.573202831298862,62,WEAK,Negative,False
Chloramphenicol,continuous,Ciprofloxacin,continuous,0.0729,0.5732029772263986,62,WEAK,Positive,False
Urinary.Catheter.in.6.Months,binary,P.C.Z.A.T,ordinal,-0.0729,0.573202831298862,62,WEAK,Negative,False
Hospitalization.in.past.6.Months,binary,Ciprofloxacin,continuous,-0.0728,0.574162456928018,62,WEAK,Negative,False
HTN,binary,Ertapenem,continuous,0.0728,0.5741274960807445,62,WEAK,Positive,False
APACHEII,continuous,Neither.Abx.E,ordinal,-0.0728,0.5739030406791429,62,WEAK,Negative,False
Age,continuous,Ceftazidime.Avibactam.Aztreonam.Synergy.T,continuous,0.0727,0.5742354941179989,62,WEAK,Positive,False
Z.A.invitro,binary,P.C.Z.A.T,ordinal,-0.0726,0.574816934097302,62,WEAK,Negative,False
Age,continuous,Ceftazidime.Avibactam.Aztreonam.T,binary,-0.0726,0.5751599562483436,62,WEAK,Negative,False
P.C.only.E,ordinal,Mortality.in.Hospital,binary,0.0726,0.574816934097302,62,WEAK,Positive,False
Ventilation,binary,Platelet,binary,0.0726,0.57469937057134,62,WEAK,Positive,False
Height,continuous,Albumin,binary,-0.0726,0.5747090606290669,62,WEAK,Negative,False
Solid.Organ,binary,Potassium,binary,0.0725,0.5753569483129523,62,WEAK,Positive,False
ANC,binary,Globulin,binary,-0.0725,0.5753569483129523,62,WEAK,Negative,False
Z.A.invitro,binary,Ceftazidime,continuous,0.0724,0.5758407873557142,62,WEAK,Positive,False
Z.A.invitro,binary,Levofloxacin,continuous,0.0724,0.5758407873557142,62,WEAK,Positive,False
Immunosuppressive.drugs.in.1.week,binary,Lympho,binary,-0.0724,0.5758461938548478,62,WEAK,Negative,False
Immunosuppressive.drugs.in.1.week,binary,SGPT,binary,0.0724,0.5758461938548478,62,WEAK,Positive,False
Immunosuppressive.drugs.in.1.week,binary,TLC,binary,-0.0724,0.5758461938548478,62,WEAK,Negative,False
Past.CREPA.infection,continuous,Cefepime,continuous,0.0722,0.5772913678566666,62,WEAK,Positive,False
Past.CREPA.infection,continuous,Imipenem,continuous,0.0722,0.5772913678566666,62,WEAK,Positive,False
ABSSSI.CRO,binary,Past.CREPA.infection,continuous,-0.0722,0.5772913678566665,62,WEAK,Negative,False
CKD,binary,Past.CREPA.infection,continuous,-0.0722,0.5772913678566665,62,WEAK,Negative,False
Overall.organ.support,binary,Any.Viral.Infection,binary,0.0722,0.5769862259842831,62,WEAK,Positive,False
VAP.CRO,binary,Past.CREPA.infection,continuous,-0.0722,0.5772913678566665,62,WEAK,Negative,False
KPC,binary,Past.CREPA.infection,continuous,-0.0722,0.5772913678566665,62,WEAK,Negative,False
CV.Catheter.Now,binary,Past.CREPA.infection,continuous,0.0722,0.5772913678566665,62,WEAK,Positive,False
Other.NCRO,binary,Past.CREPA.infection,continuous,-0.0722,0.5772913678566665,62,WEAK,Negative,False
Past.CREPA.infection,continuous,INR,binary,0.0722,0.5772913678566666,62,WEAK,Positive,False
Past.CREPA.infection,continuous,Carbapenemase,binary,0.0722,0.5772913678566666,62,WEAK,Positive,False
HTN,binary,SGPT,binary,-0.0722,0.5772813396496475,62,WEAK,Negative,False
Past.CREPA.infection,continuous,Piperacillin.Tazobactam,continuous,0.0722,0.5772913678566666,62,WEAK,Positive,False
Past.CREPA.infection,continuous,Meropenem,continuous,0.0722,0.5772913678566666,62,WEAK,Positive,False
Potassium,binary,ICU.Stay.in.28.Days,continuous,-0.0721,0.577531979652662,62,WEAK,Negative,False
Height,continuous,Amikacin,continuous,0.0721,0.5774203265941801,62,WEAK,Positive,False
Surgery.in.last.3.Months,binary,Clinical.Improvement,continuous,0.0721,0.5773703052442387,62,WEAK,Positive,False
DM,binary,Doxycycline,continuous,0.072,0.5781004894779785,62,WEAK,Positive,False
Calcium,binary,ICU.Stay.in.28.Days,continuous,0.072,0.5782829629708686,62,WEAK,Positive,False
CV.Catheter.in.6.Months,binary,Hemat.Malignancy,binary,0.0719,0.5784974575155489,62,WEAK,Positive,False
Hypothyroidism,binary,CV.Catheter.in.6.Months,binary,0.0719,0.5784974575155489,62,WEAK,Positive,False
NDM,binary,P.C.Z.A.T,ordinal,-0.0717,0.5798874095904334,62,WEAK,Negative,False
CKD,binary,Total.Hospital.Stay.in.28.Days,continuous,-0.0717,0.5797052792093429,62,WEAK,Negative,False
Height,continuous,KPC,binary,-0.0716,0.5802329439561524,62,WEAK,Negative,False
HAP.CRO,binary,Other.Illness.Leading.to.Hospitalization.post.28.Days.Discharge,binary,0.0716,0.5804439263008898,62,WEAK,Positive,False
HAP.CRO,binary,Neutropenia,binary,0.0716,0.5804439263008898,62,WEAK,Positive,False
OXA48,binary,ALP,binary,-0.0715,0.5805609312870186,62,WEAK,Negative,False
Hemat.Malignancy,binary,Ertapenem,continuous,-0.0715,0.5810183640605406,62,WEAK,Negative,False
Any.Fungal.Infection,binary,GW.Stay.in.28.Days,continuous,-0.0714,0.5845483643656711,61,WEAK,Negative,False
NDM,binary,Urea,binary,-0.0714,0.5811297475326754,62,WEAK,Negative,False
Bil,binary,Overall.Mortality,binary,-0.0714,0.5811297475326754,62,WEAK,Negative,False
Amikacin,continuous,Total.Hospital.Stay.in.28.Days,continuous,0.0713,0.5819223118032361,62,WEAK,Positive,False
Weight,continuous,Mortality.in.Hospital,binary,0.0711,0.582938834013257,62,WEAK,Positive,False
Magnesium,binary,ICU.Stay.in.28.Days,continuous,0.071,0.5833064517006752,62,WEAK,Positive,False
Immunosuppressive.drugs.in.1.week,binary,Colistin,continuous,0.0709,0.5841085675243852,62,WEAK,Positive,False
Z.A.only.E,ordinal,Neither.Abx.E,ordinal,0.0709,0.5807538503178221,63,WEAK,Positive,False
ANC,binary,Neither.Abx.E,ordinal,0.0708,0.5846277971352843,62,WEAK,Positive,False
Solid.Organ,binary,Neither.Abx.E,ordinal,0.0708,0.5846277971352843,62,WEAK,Positive,False
Other.CRO,binary,Solid.Organ,binary,0.0708,0.5846277971352843,62,WEAK,Positive,False
Hemat.Malignancy,binary,Total.Protein,binary,0.0706,0.5853334974110108,62,WEAK,Positive,False
Hypothyroidism,binary,Total.Protein,binary,0.0706,0.5853334974110108,62,WEAK,Positive,False
Platelet,binary,Colistin,continuous,0.0705,0.5863319370749199,62,WEAK,Positive,False
Aztreonam,continuous,Trimethoprim.Sulfamethoxazole,continuous,0.0704,0.5866854236464373,62,WEAK,Positive,False
Neither.Abx.T,ordinal,Cefuroxime,continuous,0.0703,0.5873089759302631,62,WEAK,Positive,False
Albumin,binary,Ceftazidime,continuous,-0.0703,0.587359325095673,62,WEAK,Negative,False
Albumin,binary,Cefoperazone.Sulbactam,continuous,-0.0703,0.5873089759302631,62,WEAK,Negative,False
Albumin,binary,Amoxicillin.Clavulanic.Acid,continuous,-0.0703,0.5873089759302631,62,WEAK,Negative,False
OXA48,binary,Amoxicillin.Clavulanic.Acid,continuous,-0.0703,0.5873089759302631,62,WEAK,Negative,False
OXA48,binary,Cefuroxime,continuous,-0.0703,0.5873089759302631,62,WEAK,Negative,False
OXA48,binary,Ceftazidime,continuous,-0.0703,0.587359325095673,62,WEAK,Negative,False
OXA48,binary,Cefoperazone.Sulbactam,continuous,-0.0703,0.5873089759302631,62,WEAK,Negative,False
Neither.Abx.T,ordinal,Levofloxacin,continuous,0.0703,0.587359325095673,62,WEAK,Positive,False
Albumin,binary,Cefuroxime,continuous,-0.0703,0.5873089759302631,62,WEAK,Negative,False
Neither.Abx.T,ordinal,Cefoperazone.Sulbactam,continuous,0.0703,0.5873089759302631,62,WEAK,Positive,False
Neither.Abx.T,ordinal,Amoxicillin.Clavulanic.Acid,continuous,0.0703,0.5873089759302631,62,WEAK,Positive,False
HTN,binary,Aztreonam,continuous,0.0703,0.5869900512329088,62,WEAK,Positive,False
Levofloxacin,continuous,Nitrofurantoin,continuous,0.0701,0.588042996775495,62,WEAK,Positive,False
Cefuroxime,continuous,Nitrofurantoin,continuous,0.0701,0.5879927130976934,62,WEAK,Positive,False
Ceftazidime,continuous,Nitrofurantoin,continuous,0.0701,0.588042996775495,62,WEAK,Positive,False
SGOT,binary,Mortality.post.28.Day.Discharge,binary,0.0701,0.5879794891232611,62,WEAK,Positive,False
CAP.CRO,binary,SGOT,binary,0.0701,0.5879794891232611,62,WEAK,Positive,False
Amoxicillin.Clavulanic.Acid,continuous,Nitrofurantoin,continuous,0.0701,0.5879927130976934,62,WEAK,Positive,False
Nitrofurantoin,continuous,Ceftazidime.Avibactam.Aztreonam.T,binary,-0.07,0.5889465540470775,62,WEAK,Negative,False
Other.CRO,binary,APACHEII,continuous,0.0699,0.5890551177814651,62,WEAK,Positive,False
Height,continuous,CAP.CRO,binary,-0.0698,0.5900432158627071,62,WEAK,Negative,False
TLC,binary,Mortality.in.ICU,binary,0.0698,0.5898311591816938,62,WEAK,Positive,False
Height,continuous,Ceftazidime.Avibactam.Aztreonam.T,binary,-0.0696,0.5911612424477705,62,WEAK,Negative,False
Any.Fungal.Infection,binary,Ceftazidime.Avibactam.Aztreonam.Synergy.T,continuous,0.0696,0.5941476235916372,61,WEAK,Positive,False
Colistin,continuous,Cefoxitin,continuous,0.0694,0.5917707603415032,62,WEAK,Positive,False
Colistin,continuous,Cefotaxime,continuous,0.0694,0.5917707603415032,62,WEAK,Positive,False
Hospitalization.in.past.6.Months,binary,Inotropes,binary,-0.0693,0.592540908766048,62,WEAK,Negative,False
ANC,binary,Mortality.in.ICU,binary,0.0693,0.592540908766048,62,WEAK,Positive,False
HTN,binary,Inotropes,binary,0.0693,0.592540908766048,62,WEAK,Positive,False
ANC,binary,Procalcitonin,binary,0.0693,0.592540908766048,62,WEAK,Positive,False
Procalcitonin,binary,Ceftazidime.Avibactam.T,binary,0.0693,0.592540908766048,62,WEAK,Positive,False
Z.A.invitro,binary,Cefoperazone.Sulbactam,continuous,0.0693,0.592540908766048,62,WEAK,Positive,False
Z.A.invitro,binary,Amoxicillin.Clavulanic.Acid,continuous,0.0693,0.592540908766048,62,WEAK,Positive,False
Z.A.invitro,binary,Cefuroxime,continuous,0.0693,0.592540908766048,62,WEAK,Positive,False
Piperacillin.Tazobactam,continuous,Ceftazidime.Avibactam.T,binary,-0.0691,0.5933208826585522,62,WEAK,Negative,False
Carbapenemase,binary,Ceftazidime.Avibactam.T,binary,-0.0691,0.5933208826585522,62,WEAK,Negative,False
INR,binary,Ceftazidime.Avibactam.T,binary,-0.0691,0.5933208826585522,62,WEAK,Negative,False
KPC,binary,Ceftazidime.Avibactam.T,binary,0.0691,0.5933208826585522,62,WEAK,Positive,False
Meropenem,continuous,Ceftazidime.Avibactam.T,binary,-0.0691,0.5933208826585522,62,WEAK,Negative,False
Other.NCRO,binary,ANC,binary,0.0691,0.5933208826585522,62,WEAK,Positive,False
CV.Catheter.Now,binary,Ceftazidime.Avibactam.T,binary,-0.0691,0.5933208826585522,62,WEAK,Negative,False
ANC,binary,INR,binary,-0.0691,0.5933208826585522,62,WEAK,Negative,False
ANC,binary,Imipenem,continuous,-0.0691,0.5933208826585522,62,WEAK,Negative,False
KPC,binary,Solid.Organ,binary,0.0691,0.5933208826585522,62,WEAK,Positive,False
Imipenem,continuous,Ceftazidime.Avibactam.T,binary,-0.0691,0.5933208826585522,62,WEAK,Negative,False
VAP.CRO,binary,Ceftazidime.Avibactam.T,binary,0.0691,0.5933208826585522,62,WEAK,Positive,False
CV.Catheter.Now,binary,Solid.Organ,binary,-0.0691,0.5933208826585522,62,WEAK,Negative,False
KPC,binary,ANC,binary,0.0691,0.5933208826585522,62,WEAK,Positive,False
Other.NCRO,binary,Solid.Organ,binary,0.0691,0.5933208826585522,62,WEAK,Positive,False
Solid.Organ,binary,INR,binary,-0.0691,0.5933208826585522,62,WEAK,Negative,False
Other.NCRO,binary,Ceftazidime.Avibactam.T,binary,0.0691,0.5933208826585522,62,WEAK,Positive,False
ABSSSI.CRO,binary,ANC,binary,0.0691,0.5933208826585522,62,WEAK,Positive,False
CKD,binary,Ceftazidime.Avibactam.T,binary,0.0691,0.5933208826585522,62,WEAK,Positive,False
VAP.CRO,binary,Solid.Organ,binary,0.0691,0.5933208826585522,62,WEAK,Positive,False
CKD,binary,ANC,binary,0.0691,0.5933208826585522,62,WEAK,Positive,False
ANC,binary,Meropenem,continuous,-0.0691,0.5933208826585522,62,WEAK,Negative,False
ANC,binary,Cefepime,continuous,-0.0691,0.5933208826585522,62,WEAK,Negative,False
ANC,binary,Carbapenemase,binary,-0.0691,0.5933208826585522,62,WEAK,Negative,False
Cefepime,continuous,Ceftazidime.Avibactam.T,binary,-0.0691,0.5933208826585522,62,WEAK,Negative,False
ANC,binary,Piperacillin.Tazobactam,continuous,-0.0691,0.5933208826585522,62,WEAK,Negative,False
CAP.CRO,binary,Mortality.post.28.Day.Discharge,binary,-0.069,0.5942976483308208,62,WEAK,Negative,False
Hb,binary,Mortality.post.28.Day.Discharge,binary,0.069,0.5942976483308208,62,WEAK,Positive,False
CAP.CRO,binary,Endoscopy.in.1.week,binary,-0.069,0.5942976483308208,62,WEAK,Negative,False
Hb,binary,Relapse.post.28.Day.Discharge,binary,0.069,0.5942976483308208,62,WEAK,Positive,False
Endoscopy.in.1.week,binary,Relapse.post.28.Day.Discharge,binary,-0.069,0.5942976483308208,62,WEAK,Negative,False
Urinary.Catheter.in.6.Months,binary,ALP,binary,0.069,0.5943543938426196,62,WEAK,Positive,False
COPD,binary,Relapse.post.28.Day.Discharge,binary,-0.069,0.5942976483308208,62,WEAK,Negative,False
COPD,binary,Mortality.post.28.Day.Discharge,binary,-0.069,0.5942976483308208,62,WEAK,Negative,False
COPD,binary,CAP.CRO,binary,-0.069,0.5942976483308208,62,WEAK,Negative,False
COPD,binary,Endoscopy.in.1.week,binary,-0.069,0.5942976483308208,62,WEAK,Negative,False
CAP.CRO,binary,Relapse.post.28.Day.Discharge,binary,-0.069,0.5942976483308208,62,WEAK,Negative,False
Endoscopy.in.1.week,binary,Mortality.post.28.Day.Discharge,binary,-0.069,0.5942976483308208,62,WEAK,Negative,False
P.C.Z.A.E,ordinal,Fosfomycin,continuous,-0.0689,0.5948455060604172,62,WEAK,Negative,False
Hospitalization.in.past.6.Months,binary,Other.Illness.Leading.to.Hospitalization.post.28.Days.Discharge,binary,-0.0688,0.5950525268426434,62,WEAK,Negative,False
CV.Catheter.in.6.Months,binary,Ceftazidime.Avibactam.Aztreonam.Synergy.T,continuous,-0.0688,0.595212293319496,62,WEAK,Negative,False
Ventilation,binary,Ceftazidime.Avibactam,binary,0.0686,0.5961919454207469,62,WEAK,Positive,False
Platelet,binary,Polymyxin.Colistin.Inclusion.T,binary,-0.0686,0.5961919454207469,62,WEAK,Negative,False
Ventilation,binary,Polymyxin.Colistin.Inclusion.T,binary,-0.0686,0.5961919454207469,62,WEAK,Negative,False
Neither.Abx.T,ordinal,Gentamicin,continuous,0.0686,0.5961248735780351,62,WEAK,Positive,False
Total.Protein,binary,Ciprofloxacin,continuous,0.0685,0.5969452980697654,62,WEAK,Positive,False
Height,continuous,Creatinine,binary,-0.0685,0.5966986175785152,62,WEAK,Negative,False
Total.Protein,binary,Cefoxitin,continuous,0.0685,0.5968112914067165,62,WEAK,Positive,False
Hemat.Malignancy,binary,Cefotaxime,continuous,-0.0685,0.5968112914067165,62,WEAK,Negative,False
Hemat.Malignancy,binary,Cefoxitin,continuous,-0.0685,0.5968112914067165,62,WEAK,Negative,False
BSI.CRO,binary,P.C.only.T,ordinal,-0.0684,0.5974893492986879,62,WEAK,Negative,False
Overall.organ.support,binary,P.C.Z.A.E,ordinal,0.0684,0.5974893492986879,62,WEAK,Positive,False
Any.Viral.Infection,binary,Z.A.only.E,ordinal,-0.0684,0.5973962066010766,62,WEAK,Negative,False
Neutropenia,binary,Ceftazidime.Avibactam,binary,-0.0684,0.5973962066010766,62,WEAK,Negative,False
Past.CREPA.infection,continuous,Bil,binary,-0.0684,0.5971851176260496,62,WEAK,Negative,False
Neutropenia,binary,Any.Viral.Infection,binary,-0.0684,0.5973962066010766,62,WEAK,Negative,False
Neutropenia,binary,Polymyxin.Colistin.Inclusion.T,binary,0.0684,0.5973962066010766,62,WEAK,Positive,False
Hemat.Malignancy,binary,P.C.only.E,ordinal,0.0684,0.5975821497507029,62,WEAK,Positive,False
Neutropenia,binary,Nitrofurantoin,continuous,0.0683,0.5980105334751378,62,WEAK,Positive,False
Z.A.only.E,ordinal,Nitrofurantoin,continuous,0.0683,0.5980105334751378,62,WEAK,Positive,False
Any.Fungal.Infection,binary,Z.A.only.T,ordinal,0.0683,0.6010761433634958,61,WEAK,Positive,False
Any.Fungal.Infection,binary,Sodium,binary,-0.0683,0.6010761433634958,61,WEAK,Negative,False
Solid.Organ,binary,Platelet,binary,-0.0681,0.599008839806559,62,WEAK,Negative,False
ANC,binary,Overall.Mortality,binary,0.0681,0.599008839806559,62,WEAK,Positive,False
Platelet,binary,Ceftazidime.Avibactam.T,binary,-0.0681,0.599008839806559,62,WEAK,Negative,False
Weight,continuous,CKD,binary,0.068,0.5994947987217287,62,WEAK,Positive,False
Age,continuous,Z.A.only.E,ordinal,-0.0679,0.5998166828645809,62,WEAK,Negative,False
Past.CREPA.infection,continuous,Potassium,binary,0.0679,0.5999080036684055,62,WEAK,Positive,False
Ventilation,binary,Colistin,continuous,-0.0679,0.5998063597350464,62,WEAK,Negative,False
HTN,binary,Cefoxitin,continuous,0.0679,0.5998812215600078,62,WEAK,Positive,False
Hospitalization.in.past.6.Months,binary,Cefoxitin,continuous,-0.0679,0.5998812215600078,62,WEAK,Negative,False
P.C.Z.A.E,ordinal,P.C.only.T,ordinal,0.0677,0.5982237856978753,63,WEAK,Positive,False
Hemat.Malignancy,binary,Ceftazidime.Avibactam.Aztreonam.T,binary,0.0676,0.6017522877785902,62,WEAK,Positive,False
Female,binary,P.C.Z.A.E,ordinal,-0.0674,0.6025156080689648,62,WEAK,Negative,False
Male,binary,P.C.Z.A.E,ordinal,0.0674,0.6025156080689648,62,WEAK,Positive,False
Platelet,binary,Fosfomycin,continuous,0.0674,0.6025887922926078,62,WEAK,Positive,False
Height,continuous,Overall.organ.support,binary,-0.067,0.6048991635450062,62,WEAK,Negative,False
Aztreonam,continuous,Other.Illness.Leading.to.Hospitalization.post.28.Days.Discharge,binary,0.0668,0.6061318770628393,62,WEAK,Positive,False
OXA48,binary,Procalcitonin,binary,0.0668,0.6060504817772241,62,WEAK,Positive,False
Ciprofloxacin,continuous,Other.Illness.Leading.to.Hospitalization.post.28.Days.Discharge,binary,0.0668,0.6061647503320919,62,WEAK,Positive,False
Procalcitonin,binary,Neither.Abx.T,ordinal,-0.0668,0.6060504817772241,62,WEAK,Negative,False
Cefotaxime,continuous,Other.Illness.Leading.to.Hospitalization.post.28.Days.Discharge,binary,0.0668,0.6060332080101077,62,WEAK,Positive,False
Neither.Abx.T,ordinal,Mortality.in.ICU,binary,-0.0668,0.6060504817772241,62,WEAK,Negative,False
Z.A.only.E,ordinal,Ertapenem,continuous,0.0668,0.6061318770628393,62,WEAK,Positive,False
Z.A.only.E,ordinal,Cefoxitin,continuous,0.0668,0.6060332080101077,62,WEAK,Positive,False
Z.A.only.E,ordinal,Cefotaxime,continuous,0.0668,0.6060332080101077,62,WEAK,Positive,False
Cefoxitin,continuous,Other.Illness.Leading.to.Hospitalization.post.28.Days.Discharge,binary,0.0668,0.6060332080101077,62,WEAK,Positive,False
Z.A.only.E,ordinal,Aztreonam,continuous,0.0668,0.6061318770628393,62,WEAK,Positive,False
Z.A.only.E,ordinal,Ciprofloxacin,continuous,0.0668,0.6061647503320919,62,WEAK,Positive,False
Albumin,binary,Mortality.in.ICU,binary,0.0668,0.6060504817772241,62,WEAK,Positive,False
Ertapenem,continuous,Other.Illness.Leading.to.Hospitalization.post.28.Days.Discharge,binary,0.0668,0.6061318770628393,62,WEAK,Positive,False
Hypothyroidism,binary,Neither.Abx.E,ordinal,0.0666,0.6068376059851663,62,WEAK,Positive,False
Cefotaxime,continuous,GW.Stay.in.28.Days,continuous,0.0665,0.6077241968274344,62,WEAK,Positive,False
Amikacin,continuous,Nitrofurantoin,continuous,-0.0665,0.6076321463768313,62,WEAK,Negative,False
Potassium,binary,Chloramphenicol,continuous,0.0665,0.6078219039698339,62,WEAK,Positive,False
Globulin,binary,Chloramphenicol,continuous,-0.0665,0.6078219039698339,62,WEAK,Negative,False
Minocycline,continuous,Ceftazidime,continuous,0.0664,0.6080105519327343,62,WEAK,Positive,False
Z.A.invitro,binary,Overall.organ.support,binary,0.0661,0.6095599158138679,62,WEAK,Positive,False
Overall.organ.support,binary,P.C.only.E,ordinal,-0.0661,0.6095599158138679,62,WEAK,Negative,False
P.C.only.E,ordinal,Z.A.only.E,ordinal,-0.066,0.6072811802621414,63,WEAK,Negative,False
VAP.CRO,binary,Hemat.Malignancy,binary,-0.0659,0.6105625627352428,62,WEAK,Negative,False
VAP.CRO,binary,Total.Protein,binary,0.0659,0.6105625627352428,62,WEAK,Positive,False
KPC,binary,Hypothyroidism,binary,-0.0659,0.6105625627352428,62,WEAK,Negative,False
HTN,binary,Procalcitonin,binary,-0.0659,0.6109330182043945,62,WEAK,Negative,False
HTN,binary,Mortality.in.ICU,binary,-0.0659,0.6109330182043945,62,WEAK,Negative,False
Hypothyroidism,binary,Other.NCRO,binary,-0.0659,0.6105625627352428,62,WEAK,Negative,False
Hypothyroidism,binary,ABSSSI.CRO,binary,-0.0659,0.6105625627352428,62,WEAK,Negative,False
CKD,binary,Hypothyroidism,binary,-0.0659,0.6105625627352428,62,WEAK,Negative,False
Hospitalization.in.past.6.Months,binary,Procalcitonin,binary,0.0659,0.6109330182043945,62,WEAK,Positive,False
ABSSSI.CRO,binary,Total.Protein,binary,0.0659,0.6105625627352428,62,WEAK,Positive,False
Hemat.Malignancy,binary,INR,binary,0.0659,0.6105625627352428,62,WEAK,Positive,False
CKD,binary,Total.Protein,binary,0.0659,0.6105625627352428,62,WEAK,Positive,False
CV.Catheter.Now,binary,Hemat.Malignancy,binary,0.0659,0.6105625627352428,62,WEAK,Positive,False
Hypothyroidism,binary,Piperacillin.Tazobactam,continuous,0.0659,0.6105625627352428,62,WEAK,Positive,False
Total.Protein,binary,Imipenem,continuous,-0.0659,0.6105625627352428,62,WEAK,Negative,False
Hypothyroidism,binary,Carbapenemase,binary,0.0659,0.6105625627352428,62,WEAK,Positive,False
Total.Protein,binary,Carbapenemase,binary,-0.0659,0.6105625627352428,62,WEAK,Negative,False
Other.NCRO,binary,Hemat.Malignancy,binary,-0.0659,0.6105625627352428,62,WEAK,Negative,False
KPC,binary,Total.Protein,binary,0.0659,0.6105625627352428,62,WEAK,Positive,False
Total.Protein,binary,Cefepime,continuous,-0.0659,0.6105625627352428,62,WEAK,Negative,False
Total.Protein,binary,Meropenem,continuous,-0.0659,0.6105625627352428,62,WEAK,Negative,False
Total.Protein,binary,Piperacillin.Tazobactam,continuous,-0.0659,0.6105625627352428,62,WEAK,Negative,False
Hypothyroidism,binary,INR,binary,0.0659,0.6105625627352428,62,WEAK,Positive,False
KPC,binary,Hemat.Malignancy,binary,-0.0659,0.6105625627352428,62,WEAK,Negative,False
Hypothyroidism,binary,Imipenem,continuous,0.0659,0.6105625627352428,62,WEAK,Positive,False
Hypothyroidism,binary,CV.Catheter.Now,binary,0.0659,0.6105625627352428,62,WEAK,Positive,False
Hypothyroidism,binary,Meropenem,continuous,0.0659,0.6105625627352428,62,WEAK,Positive,False
Hypothyroidism,binary,Cefepime,continuous,0.0659,0.6105625627352428,62,WEAK,Positive,False
COPD,binary,SGOT,binary,-0.0658,0.611572652248597,62,WEAK,Negative,False
Z.A.invitro,binary,Lympho,binary,0.0658,0.6113782809699987,62,WEAK,Positive,False
ALP,binary,Doxycycline,continuous,-0.0658,0.6115851371503668,62,WEAK,Negative,False
TLC,binary,P.C.only.E,ordinal,-0.0658,0.6113782809699987,62,WEAK,Negative,False
Past.CREPA.infection,continuous,Dialysis.in.1.week,binary,0.0656,0.6125054298962508,62,WEAK,Positive,False
Female,binary,Chloramphenicol,continuous,-0.0656,0.6125761384628041,62,WEAK,Negative,False
Male,binary,Chloramphenicol,continuous,0.0656,0.6125761384628041,62,WEAK,Positive,False
HTN,binary,Tigecycline,continuous,-0.0655,0.6130297906433834,62,WEAK,Negative,False
P.C.only.T,ordinal,GW.Stay.in.28.Days,continuous,0.0654,0.6137307560380697,62,WEAK,Positive,False
ANC,binary,Trimethoprim.Sulfamethoxazole,continuous,0.0654,0.6134751392605118,62,WEAK,Positive,False
Amikacin,continuous,Minocycline,continuous,-0.0654,0.6133848707968175,62,WEAK,Negative,False
APACHEII,continuous,Cefotaxime,continuous,0.0653,0.6142866966490821,62,WEAK,Positive,False
Z.A.invitro,binary,Polymyxin.Colistin.Inclusion.T,binary,0.0652,0.6147166224518344,62,WEAK,Positive,False
Neither.Abx.E,ordinal,Amoxicillin.Clavulanic.Acid,continuous,0.0651,0.6149909075254797,62,WEAK,Positive,False
Neither.Abx.E,ordinal,Levofloxacin,continuous,0.0651,0.6150385303271707,62,WEAK,Positive,False
Neither.Abx.E,ordinal,Cefoperazone.Sulbactam,continuous,0.0651,0.6149909075254797,62,WEAK,Positive,False
Neither.Abx.E,ordinal,Cefuroxime,continuous,0.0651,0.6149909075254797,62,WEAK,Positive,False
Other.CRO,binary,Levofloxacin,continuous,0.0651,0.6150385303271707,62,WEAK,Positive,False
Other.CRO,binary,Cefuroxime,continuous,0.0651,0.6149909075254797,62,WEAK,Positive,False
Other.CRO,binary,Cefoperazone.Sulbactam,continuous,0.0651,0.6149909075254797,62,WEAK,Positive,False
Other.CRO,binary,Ceftazidime,continuous,0.0651,0.6150385303271707,62,WEAK,Positive,False
Other.CRO,binary,Amoxicillin.Clavulanic.Acid,continuous,0.0651,0.6149909075254797,62,WEAK,Positive,False
Doxycycline,continuous,Levofloxacin,continuous,0.065,0.6157786327914159,62,WEAK,Positive,False
SGOT,binary,Tigecycline,continuous,-0.065,0.6154729052047718,62,WEAK,Negative,False
Doxycycline,continuous,Ceftazidime,continuous,0.065,0.6157786327914159,62,WEAK,Positive,False
Doxycycline,continuous,Cefoperazone.Sulbactam,continuous,0.065,0.6157310849329675,62,WEAK,Positive,False
Globulin,binary,GW.Stay.in.28.Days,continuous,-0.065,0.6158286345997401,62,WEAK,Negative,False
Doxycycline,continuous,Cefuroxime,continuous,0.065,0.6157310849329675,62,WEAK,Positive,False
Amoxicillin.Clavulanic.Acid,continuous,Doxycycline,continuous,0.065,0.6157310849329675,62,WEAK,Positive,False
Potassium,binary,Procalcitonin,binary,0.0649,0.616018511408623,62,WEAK,Positive,False
Creatinine,binary,Chloramphenicol,continuous,0.0648,0.6168596543782077,62,WEAK,Positive,False
Albumin,binary,Colistin,continuous,0.0648,0.6167111264217456,62,WEAK,Positive,False
Past.CREPA.infection,continuous,Amikacin,continuous,0.0648,0.6166017654332367,62,WEAK,Positive,False
TLC,binary,GW.Stay.in.28.Days,continuous,-0.0647,0.6172369692049351,62,WEAK,Negative,False
Lympho,binary,P.C.only.T,ordinal,-0.0646,0.618036908782998,62,WEAK,Negative,False
Immunosuppressive.drugs.in.1.week,binary,P.C.only.T,ordinal,-0.0646,0.618036908782998,62,WEAK,Negative,False
TLC,binary,P.C.only.T,ordinal,-0.0646,0.618036908782998,62,WEAK,Negative,False
IAI.CRO,binary,Immunosuppressive.drugs.in.1.week,binary,-0.0646,0.618036908782998,62,WEAK,Negative,False
SGPT,binary,P.C.Z.A.E,ordinal,0.0646,0.618036908782998,62,WEAK,Positive,False
INR,binary,Chloramphenicol,continuous,0.0645,0.6182899283339677,62,WEAK,Positive,False
CKD,binary,Chloramphenicol,continuous,-0.0645,0.6182899283339677,62,WEAK,Negative,False
VAP.CRO,binary,Chloramphenicol,continuous,-0.0645,0.6182899283339677,62,WEAK,Negative,False
Other.NCRO,binary,Chloramphenicol,continuous,-0.0645,0.6182899283339677,62,WEAK,Negative,False
KPC,binary,Chloramphenicol,continuous,-0.0645,0.6182899283339677,62,WEAK,Negative,False
Platelet,binary,Ceftazidime.Avibactam.Aztreonam.Synergy.T,continuous,0.0644,0.6192313794081333,62,WEAK,Positive,False
SGOT,binary,Mortality.in.Hospital,binary,-0.0644,0.6188527319233292,62,WEAK,Negative,False
Ventilation,binary,Ceftazidime.Avibactam.Aztreonam.Synergy.T,continuous,0.0644,0.6192313794081333,62,WEAK,Positive,False
Past.CREPA.infection,continuous,ALP,binary,-0.0644,0.6191522294173224,62,WEAK,Negative,False
CV.Catheter.in.6.Months,binary,Bil,binary,0.0643,0.6194801390188516,62,WEAK,Positive,False
Tigecycline,continuous,Mortality.in.Hospital,binary,0.0641,0.6207771430568568,62,WEAK,Positive,False
Chloramphenicol,continuous,Ceftazidime.Avibactam.Aztreonam.Synergy.T,continuous,-0.064,0.6213366493464785,62,WEAK,Negative,False
NDM,binary,Past.CREPA.infection,continuous,-0.0639,0.6219376018187139,62,WEAK,Negative,False
Solid.Organ,binary,Ciprofloxacin,continuous,0.0638,0.622449322549434,62,WEAK,Positive,False
NDM,binary,Urinary.Catheter.in.6.Months,binary,-0.0638,0.6221827002775493,62,WEAK,Negative,False
Urinary.Catheter.in.6.Months,binary,Platelet,binary,-0.0638,0.6221827002775493,62,WEAK,Negative,False
Solid.Organ,binary,Aztreonam,continuous,0.0638,0.6224175643008081,62,WEAK,Positive,False
Urinary.Catheter.in.6.Months,binary,Ceftazidime.Avibactam.Aztreonam.Synergy.T,continuous,-0.0638,0.6221472328569342,62,WEAK,Negative,False
Trimethoprim.Sulfamethoxazole,continuous,Cefotaxime,continuous,0.0637,0.6226608637728898,62,WEAK,Positive,False
SGOT,binary,Ceftazidime.Avibactam.Aztreonam.Synergy.T,continuous,-0.0635,0.6240562239776103,62,WEAK,Negative,False
Hb,binary,Mortality.in.Hospital,binary,-0.0633,0.6247849062506856,62,WEAK,Negative,False
Magnesium,binary,Mortality.in.ICU,binary,0.0633,0.624973513837046,62,WEAK,Positive,False
Ertapenem,continuous,GW.Stay.in.28.Days,continuous,0.0633,0.625146868624115,62,WEAK,Positive,False
DM,binary,Mortality.in.ICU,binary,0.0633,0.624973513837046,62,WEAK,Positive,False
Hb,binary,P.C.Z.A.T,ordinal,-0.0633,0.6247849062506856,62,WEAK,Negative,False
P.C.Z.A.T,ordinal,Mortality.post.28.Day.Discharge,binary,0.0633,0.6247849062506856,62,WEAK,Positive,False
CAP.CRO,binary,Mortality.in.Hospital,binary,0.0633,0.6247849062506856,62,WEAK,Positive,False
Lympho,binary,Minocycline,continuous,-0.0633,0.6249404685110697,62,WEAK,Negative,False
CAP.CRO,binary,P.C.Z.A.T,ordinal,0.0633,0.6247849062506856,62,WEAK,Positive,False
P.C.in.vitro,binary,Mortality.post.28.Day.Discharge,binary,0.0633,0.6247849062506856,62,WEAK,Positive,False
Amikacin,continuous,Ceftazidime.Avibactam,binary,-0.0633,0.6251683115408183,62,WEAK,Negative,False
P.C.in.vitro,binary,Relapse.post.28.Day.Discharge,binary,0.0633,0.6247849062506856,62,WEAK,Positive,False
ALP,binary,Aztreonam,continuous,-0.0632,0.6257943023653042,62,WEAK,Negative,False
Height,continuous,HTN,binary,-0.0632,0.6256981855234746,62,WEAK,Negative,False
P.C.only.E,ordinal,Ceftazidime.Avibactam.Aztreonam.Synergy.T,continuous,-0.0632,0.6252849257851205,62,WEAK,Negative,False
Surgery.in.last.3.Months,binary,Tigecycline,continuous,-0.0632,0.6257469358682533,62,WEAK,Negative,False
Bil,binary,Trimethoprim.Sulfamethoxazole,continuous,0.0632,0.6257230877295689,62,WEAK,Positive,False
Weight,continuous,Hemat.Malignancy,binary,0.0631,0.6259544489888156,62,WEAK,Positive,False
SGPT,binary,Potassium,binary,-0.063,0.6266207214329943,62,WEAK,Negative,False
Neutropenia,binary,APACHEII,continuous,-0.063,0.6263969082782016,62,WEAK,Negative,False
Immunosuppressive.drugs.in.1.week,binary,Globulin,binary,-0.063,0.6266207214329943,62,WEAK,Negative,False
Hemat.Malignancy,binary,Gentamicin,continuous,-0.063,0.6267990451913478,62,WEAK,Negative,False
Neither.Abx.T,ordinal,Overall.Mortality,binary,0.0629,0.6271726100213301,62,WEAK,Positive,False
NDM,binary,Neither.Abx.T,ordinal,-0.0629,0.6271726100213301,62,WEAK,Negative,False
Platelet,binary,Albumin,binary,0.0629,0.6271726100213301,62,WEAK,Positive,False
Trimethoprim.Sulfamethoxazole,continuous,Other.Illness.Leading.to.Hospitalization.post.28.Days.Discharge,binary,-0.0628,0.6278684214598003,62,WEAK,Negative,False
Platelet,binary,Urea,binary,0.0628,0.6278773279667457,62,WEAK,Positive,False
Surgery.in.last.3.Months,binary,Ventilation,binary,-0.0628,0.6278773279667457,62,WEAK,Negative,False
NDM,binary,Surgery.in.last.3.Months,binary,-0.0628,0.6278773279667457,62,WEAK,Negative,False
Surgery.in.last.3.Months,binary,Platelet,binary,-0.0628,0.6278773279667457,62,WEAK,Negative,False
NDM,binary,Creatinine,binary,0.0628,0.6278773279667457,62,WEAK,Positive,False
Ventilation,binary,Creatinine,binary,0.0628,0.6278773279667457,62,WEAK,Positive,False
Procalcitonin,binary,Nitrofurantoin,continuous,-0.0627,0.6280781999980956,62,WEAK,Negative,False
Procalcitonin,binary,Meropenem,continuous,0.0627,0.6281564699068053,62,WEAK,Positive,False
Procalcitonin,binary,Imipenem,continuous,0.0627,0.6281564699068053,62,WEAK,Positive,False
KPC,binary,Mortality.in.ICU,binary,-0.0627,0.6281564699068053,62,WEAK,Negative,False
Piperacillin.Tazobactam,continuous,Mortality.in.ICU,binary,0.0627,0.6281564699068053,62,WEAK,Positive,False
Height,continuous,Aztreonam,continuous,0.0627,0.6283116789178455,62,WEAK,Positive,False
Procalcitonin,binary,Carbapenemase,binary,0.0627,0.6281564699068053,62,WEAK,Positive,False
Procalcitonin,binary,Cefepime,continuous,0.0627,0.6281564699068053,62,WEAK,Positive,False
INR,binary,Mortality.in.ICU,binary,0.0627,0.6281564699068053,62,WEAK,Positive,False
CV.Catheter.Now,binary,Mortality.in.ICU,binary,0.0627,0.6281564699068053,62,WEAK,Positive,False
CKD,binary,Mortality.in.ICU,binary,-0.0627,0.6281564699068053,62,WEAK,Negative,False
Procalcitonin,binary,Piperacillin.Tazobactam,continuous,0.0627,0.6281564699068053,62,WEAK,Positive,False
Other.NCRO,binary,Mortality.in.ICU,binary,-0.0627,0.6281564699068053,62,WEAK,Negative,False
Meropenem,continuous,Mortality.in.ICU,binary,0.0627,0.6281564699068053,62,WEAK,Positive,False
Cefepime,continuous,Mortality.in.ICU,binary,0.0627,0.6281564699068053,62,WEAK,Positive,False
INR,binary,Procalcitonin,binary,0.0627,0.6281564699068053,62,WEAK,Positive,False
Neutropenia,binary,Albumin,binary,-0.0627,0.6283010108075407,62,WEAK,Negative,False
Imipenem,continuous,Mortality.in.ICU,binary,0.0627,0.6281564699068053,62,WEAK,Positive,False
VAP.CRO,binary,Mortality.in.ICU,binary,-0.0627,0.6281564699068053,62,WEAK,Negative,False
CV.Catheter.Now,binary,Procalcitonin,binary,0.0627,0.6281564699068053,62,WEAK,Positive,False
KPC,binary,Procalcitonin,binary,-0.0627,0.6281564699068053,62,WEAK,Negative,False
ABSSSI.CRO,binary,Mortality.in.ICU,binary,-0.0627,0.6281564699068053,62,WEAK,Negative,False
Neutropenia,binary,Neither.Abx.T,ordinal,0.0627,0.6283010108075407,62,WEAK,Positive,False
Other.NCRO,binary,Procalcitonin,binary,-0.0627,0.6281564699068053,62,WEAK,Negative,False
Carbapenemase,binary,Mortality.in.ICU,binary,0.0627,0.6281564699068053,62,WEAK,Positive,False
Other.NCRO,binary,Gentamicin,continuous,0.0626,0.6287659113098323,62,WEAK,Positive,False
Hospitalization.in.past.6.Months,binary,ALP,binary,0.0626,0.6288544896600385,62,WEAK,Positive,False
KPC,binary,Gentamicin,continuous,0.0626,0.6287659113098323,62,WEAK,Positive,False
ABSSSI.CRO,binary,Gentamicin,continuous,0.0626,0.6287659113098323,62,WEAK,Positive,False
HTN,binary,ALP,binary,-0.0626,0.6288544896600385,62,WEAK,Negative,False
CV.Catheter.Now,binary,Gentamicin,continuous,-0.0626,0.6287659113098323,62,WEAK,Negative,False
VAP.CRO,binary,Gentamicin,continuous,0.0626,0.6287659113098323,62,WEAK,Positive,False
Hypothyroidism,binary,Ciprofloxacin,continuous,-0.0625,0.6292936079259867,62,WEAK,Negative,False
Other.CRO,binary,Hospitalization.in.past.6.Months,binary,-0.0625,0.6293624780048633,62,WEAK,Negative,False
HTN,binary,Other.CRO,binary,0.0625,0.6293624780048633,62,WEAK,Positive,False
Hypothyroidism,binary,Ertapenem,continuous,-0.0625,0.629262328255602,62,WEAK,Negative,False
Platelet,binary,ICU.Stay.in.28.Days,continuous,0.0624,0.6297237399594202,62,WEAK,Positive,False
ICU.Stay.in.28.Days,continuous,Overall.Mortality,binary,0.0624,0.6297237399594202,62,WEAK,Positive,False
Any.Viral.Infection,binary,Polymyxin.Colistin.Inclusion.T,binary,0.0624,0.6298125766438673,62,WEAK,Positive,False
Minocycline,continuous,Cefotaxime,continuous,0.0623,0.630236542831344,62,WEAK,Positive,False
Tigecycline,continuous,Overall.Mortality,binary,0.0623,0.6302209078091181,62,WEAK,Positive,False
Amoxicillin.Clavulanic.Acid,continuous,Minocycline,continuous,0.0622,0.6310519601496019,62,WEAK,Positive,False
Minocycline,continuous,Cefuroxime,continuous,0.0622,0.6310519601496019,62,WEAK,Positive,False
Height,continuous,Z.A.only.T,ordinal,-0.0622,0.6309764653639288,62,WEAK,Negative,False
Age,continuous,Total.Protein,binary,0.0621,0.6317663683440208,62,WEAK,Positive,False
Globulin,binary,Ceftazidime.Avibactam,binary,-0.062,0.6322497714333637,62,WEAK,Negative,False
Urinary.Catheter.in.6.Months,binary,Ceftazidime.Avibactam,binary,0.062,0.6322497714333637,62,WEAK,Positive,False
Any.Viral.Infection,binary,Amikacin,continuous,-0.0618,0.633251544100364,62,WEAK,Negative,False
Immunosuppressive.drugs.in.1.week,binary,Fosfomycin,continuous,-0.0617,0.6335218472918724,62,WEAK,Negative,False
Age,continuous,SGOT,binary,-0.0616,0.6340964335422945,62,WEAK,Negative,False
Height,continuous,Immunosuppressive.drugs.in.1.week,binary,-0.0616,0.6343502836137562,62,WEAK,Negative,False
APACHEII,continuous,Z.A.only.T,ordinal,0.0614,0.6356054779670383,62,WEAK,Positive,False
Globulin,binary,Trimethoprim.Sulfamethoxazole,continuous,-0.0613,0.6359567776066439,62,WEAK,Negative,False
Colistin,continuous,Mortality.in.ICU,binary,0.0613,0.6360796160595487,62,WEAK,Positive,False
Z.A.invitro,binary,HAP.CRO,binary,0.0613,0.6359940101959892,62,WEAK,Positive,False
Hemat.Malignancy,binary,SGPT,binary,0.0612,0.6363914439121083,62,WEAK,Positive,False
TLC,binary,Total.Protein,binary,0.0612,0.6363914439121083,62,WEAK,Positive,False
VAP.CRO,binary,SOFA,continuous,-0.0612,0.6367809406123617,62,WEAK,Negative,False
SGPT,binary,Total.Protein,binary,-0.0612,0.6363914439121083,62,WEAK,Negative,False
Age,continuous,SOFA,continuous,-0.0611,0.6371444478916981,62,WEAK,Negative,False
Overall.organ.support,binary,Urea,binary,0.061,0.6374978234444585,62,WEAK,Positive,False
COPD,binary,Urea,binary,-0.0609,0.6383639831517725,62,WEAK,Negative,False
Endoscopy.in.1.week,binary,Urea,binary,-0.0609,0.6383639831517725,62,WEAK,Negative,False
Magnesium,binary,Minocycline,continuous,-0.0609,0.6381225144614069,62,WEAK,Negative,False
Surgery.in.last.3.Months,binary,Endoscopy.in.1.week,binary,0.0609,0.6383639831517725,62,WEAK,Positive,False
ANC,binary,Ertapenem,continuous,0.0609,0.6383541352670483,62,WEAK,Positive,False
Sodium,binary,Minocycline,continuous,0.0609,0.6381225144614069,62,WEAK,Positive,False
COPD,binary,Creatinine,binary,-0.0609,0.6383639831517725,62,WEAK,Negative,False
Solid.Organ,binary,Ertapenem,continuous,0.0609,0.6383541352670483,62,WEAK,Positive,False
Urea,binary,Relapse.post.28.Day.Discharge,binary,-0.0609,0.6383639831517725,62,WEAK,Negative,False
Age,continuous,CV.Catheter.Now,binary,-0.0609,0.6382722585651622,62,WEAK,Negative,False
Creatinine,binary,Relapse.post.28.Day.Discharge,binary,-0.0609,0.6383639831517725,62,WEAK,Negative,False
Hb,binary,Urea,binary,0.0609,0.6383639831517725,62,WEAK,Positive,False
Any.Viral.Infection,binary,Total.Hospital.Stay.in.28.Days,continuous,0.0607,0.6391088685414635,62,WEAK,Positive,False
ALP,binary,Ciprofloxacin,continuous,-0.0607,0.639197780842874,62,WEAK,Negative,False
Height,continuous,Mortality.post.28.Day.Discharge,binary,0.0606,0.6399694253971716,62,WEAK,Positive,False
Procalcitonin,binary,Trimethoprim.Sulfamethoxazole,continuous,-0.0606,0.6400168331869078,62,WEAK,Negative,False
Weight,continuous,Mortality.in.ICU,binary,0.0605,0.6405354427502175,62,WEAK,Positive,False
Z.A.only.E,ordinal,Ceftazidime.Avibactam,binary,0.0601,0.64264315260059,62,WEAK,Positive,False
Polymyxin.Colistin.Inclusion.T,binary,Other.Illness.Leading.to.Hospitalization.post.28.Days.Discharge,binary,-0.0601,0.64264315260059,62,WEAK,Negative,False
Any.Viral.Infection,binary,Other.Illness.Leading.to.Hospitalization.post.28.Days.Discharge,binary,0.0601,0.64264315260059,62,WEAK,Positive,False
Procalcitonin,binary,Polymyxin.Colistin.Inclusion.T,binary,0.06,0.6432576492471693,62,WEAK,Positive,False
APACHEII,continuous,Doxycycline,continuous,-0.0599,0.6437605225588826,62,WEAK,Negative,False
DM,binary,Lympho,binary,0.0599,0.6440082297728694,62,WEAK,Positive,False
Immunosuppressive.drugs.in.1.week,binary,Calcium,binary,-0.0599,0.6440082297728694,62,WEAK,Negative,False
APACHEII,continuous,SGPT,binary,-0.0599,0.6439659644072501,62,WEAK,Negative,False
Platelet,binary,Overall.Mortality,binary,0.0598,0.6441376784817829,62,WEAK,Positive,False
Dialysis.in.1.week,binary,Ceftazidime,continuous,0.0598,0.6445574061604964,62,WEAK,Positive,False
Dialysis.in.1.week,binary,Cefuroxime,continuous,0.0598,0.6445128495893552,62,WEAK,Positive,False
P.C.only.T,ordinal,Levofloxacin,continuous,0.0598,0.6445574061604964,62,WEAK,Positive,False
P.C.only.T,ordinal,Cefuroxime,continuous,0.0598,0.6445128495893552,62,WEAK,Positive,False
Dialysis.in.1.week,binary,Amoxicillin.Clavulanic.Acid,continuous,0.0598,0.6445128495893552,62,WEAK,Positive,False
OXA48,binary,P.C.only.E,ordinal,0.0598,0.6445128495893553,62,WEAK,Positive,False
P.C.only.T,ordinal,Cefoperazone.Sulbactam,continuous,0.0598,0.6445128495893552,62,WEAK,Positive,False
IAI.CRO,binary,Cefoperazone.Sulbactam,continuous,0.0598,0.6445128495893552,62,WEAK,Positive,False
IAI.CRO,binary,Ceftazidime,continuous,0.0598,0.6445574061604964,62,WEAK,Positive,False
Hospitalization.in.past.6.Months,binary,Ceftazidime.Avibactam.T,binary,-0.0598,0.6445128495893553,62,WEAK,Negative,False
P.C.only.T,ordinal,Amoxicillin.Clavulanic.Acid,continuous,0.0598,0.6445128495893552,62,WEAK,Positive,False
SGPT,binary,Total.Hospital.Stay.in.28.Days,continuous,-0.0598,0.644058345691636,62,WEAK,Negative,False
NDM,binary,Ventilation,binary,-0.0598,0.6441376784817829,62,WEAK,Negative,False
NDM,binary,Platelet,binary,-0.0598,0.6441376784817829,62,WEAK,Negative,False
P.C.only.T,ordinal,Ceftazidime,continuous,0.0598,0.6445574061604964,62,WEAK,Positive,False
Dialysis.in.1.week,binary,Levofloxacin,continuous,0.0598,0.6445574061604964,62,WEAK,Positive,False
Dialysis.in.1.week,binary,Cefoperazone.Sulbactam,continuous,0.0598,0.6445128495893552,62,WEAK,Positive,False
HTN,binary,ANC,binary,0.0598,0.6445128495893553,62,WEAK,Positive,False
Z.A.invitro,binary,Colistin,continuous,0.0598,0.6444970032230876,62,WEAK,Positive,False
UTI.CRO,binary,Meropenem,continuous,0.0595,0.6461697978403561,62,WEAK,Positive,False
UTI.CRO,binary,Carbapenemase,binary,0.0595,0.6461697978403561,62,WEAK,Positive,False
UTI.CRO,binary,Imipenem,continuous,0.0595,0.6461697978403561,62,WEAK,Positive,False
CV.Catheter.in.6.Months,binary,INR,binary,0.0595,0.6461697978403561,62,WEAK,Positive,False
UTI.CRO,binary,ABSSSI.CRO,binary,-0.0595,0.6461697978403561,62,WEAK,Negative,False
KPC,binary,CV.Catheter.in.6.Months,binary,-0.0595,0.6461697978403561,62,WEAK,Negative,False
CV.Catheter.in.6.Months,binary,CV.Catheter.Now,binary,0.0595,0.6461697978403561,62,WEAK,Positive,False
ALP,binary,P.C.Z.A.T,ordinal,0.0595,0.6457549210555192,62,WEAK,Positive,False
UTI.CRO,binary,Other.NCRO,binary,-0.0595,0.6461697978403561,62,WEAK,Negative,False
UTI.CRO,binary,VAP.CRO,binary,-0.0595,0.6461697978403561,62,WEAK,Negative,False
UTI.CRO,binary,CV.Catheter.Now,binary,0.0595,0.6461697978403561,62,WEAK,Positive,False
KPC,binary,UTI.CRO,binary,-0.0595,0.6461697978403561,62,WEAK,Negative,False
UTI.CRO,binary,INR,binary,0.0595,0.6461697978403561,62,WEAK,Positive,False
UTI.CRO,binary,Piperacillin.Tazobactam,continuous,0.0595,0.6461697978403561,62,WEAK,Positive,False
UTI.CRO,binary,Cefepime,continuous,0.0595,0.6461697978403561,62,WEAK,Positive,False
CKD,binary,CV.Catheter.in.6.Months,binary,-0.0595,0.6461697978403561,62,WEAK,Negative,False
Other.NCRO,binary,CV.Catheter.in.6.Months,binary,-0.0595,0.6461697978403561,62,WEAK,Negative,False
CKD,binary,UTI.CRO,binary,-0.0595,0.6461697978403561,62,WEAK,Negative,False
VAP.CRO,binary,CV.Catheter.in.6.Months,binary,-0.0595,0.6461697978403561,62,WEAK,Negative,False
HTN,binary,Lympho,binary,-0.0594,0.6463711045398547,62,WEAK,Negative,False
IAI.CRO,binary,Past.CREPA.infection,continuous,-0.0594,0.6462863539095093,62,WEAK,Negative,False
SGOT,binary,Minocycline,continuous,0.0593,0.6468168319695403,62,WEAK,Positive,False
CAP.CRO,binary,Cefoxitin,continuous,0.0592,0.6475330664826514,62,WEAK,Positive,False
Ertapenem,continuous,Relapse.post.28.Day.Discharge,binary,0.0592,0.6476230170769618,62,WEAK,Positive,False
CKD,binary,Amikacin,continuous,0.0592,0.6474446895736377,62,WEAK,Positive,False
Aztreonam,continuous,Mortality.post.28.Day.Discharge,binary,0.0592,0.6476230170769618,62,WEAK,Positive,False
Endoscopy.in.1.week,binary,Ertapenem,continuous,0.0592,0.6476230170769618,62,WEAK,Positive,False
Endoscopy.in.1.week,binary,Cefoxitin,continuous,0.0592,0.6475330664826514,62,WEAK,Positive,False
Endoscopy.in.1.week,binary,Ciprofloxacin,continuous,0.0592,0.6476529853395837,62,WEAK,Positive,False
Endoscopy.in.1.week,binary,Cefotaxime,continuous,0.0592,0.6475330664826514,62,WEAK,Positive,False
Hb,binary,Cefoxitin,continuous,-0.0592,0.6475330664826514,62,WEAK,Negative,False
CV.Catheter.Now,binary,Amikacin,continuous,-0.0592,0.6474446895736377,62,WEAK,Negative,False
COPD,binary,Ciprofloxacin,continuous,0.0592,0.6476529853395837,62,WEAK,Positive,False
Hb,binary,Cefotaxime,continuous,-0.0592,0.6475330664826514,62,WEAK,Negative,False
COPD,binary,Cefoxitin,continuous,0.0592,0.6475330664826514,62,WEAK,Positive,False
Cefoxitin,continuous,Mortality.post.28.Day.Discharge,binary,0.0592,0.6475330664826515,62,WEAK,Positive,False
COPD,binary,Ertapenem,continuous,0.0592,0.6476230170769618,62,WEAK,Positive,False
Cefotaxime,continuous,Relapse.post.28.Day.Discharge,binary,0.0592,0.6475330664826515,62,WEAK,Positive,False
Cefotaxime,continuous,Mortality.post.28.Day.Discharge,binary,0.0592,0.6475330664826515,62,WEAK,Positive,False
Ertapenem,continuous,Mortality.post.28.Day.Discharge,binary,0.0592,0.6476230170769618,62,WEAK,Positive,False
Aztreonam,continuous,Relapse.post.28.Day.Discharge,binary,0.0592,0.6476230170769618,62,WEAK,Positive,False
Hb,binary,Ertapenem,continuous,-0.0592,0.6476230170769618,62,WEAK,Negative,False
VAP.CRO,binary,Amikacin,continuous,0.0592,0.6474446895736377,62,WEAK,Positive,False
Cefoxitin,continuous,Relapse.post.28.Day.Discharge,binary,0.0592,0.6475330664826515,62,WEAK,Positive,False
Hb,binary,Aztreonam,continuous,-0.0592,0.6476230170769618,62,WEAK,Negative,False
INR,binary,Amikacin,continuous,-0.0592,0.6474446895736377,62,WEAK,Negative,False
CAP.CRO,binary,Cefotaxime,continuous,0.0592,0.6475330664826514,62,WEAK,Positive,False
KPC,binary,Amikacin,continuous,0.0592,0.6474446895736377,62,WEAK,Positive,False
ABSSSI.CRO,binary,Amikacin,continuous,0.0592,0.6474446895736377,62,WEAK,Positive,False
CAP.CRO,binary,Ertapenem,continuous,0.0592,0.6476230170769618,62,WEAK,Positive,False
COPD,binary,Cefotaxime,continuous,0.0592,0.6475330664826514,62,WEAK,Positive,False
Ciprofloxacin,continuous,Relapse.post.28.Day.Discharge,binary,0.0592,0.6476529853395837,62,WEAK,Positive,False
CAP.CRO,binary,Ciprofloxacin,continuous,0.0592,0.6476529853395837,62,WEAK,Positive,False
CAP.CRO,binary,Aztreonam,continuous,0.0592,0.6476230170769618,62,WEAK,Positive,False
Hb,binary,Ciprofloxacin,continuous,-0.0592,0.6476529853395837,62,WEAK,Negative,False
COPD,binary,Aztreonam,continuous,0.0592,0.6476230170769618,62,WEAK,Positive,False
Ciprofloxacin,continuous,Mortality.post.28.Day.Discharge,binary,0.0592,0.6476529853395837,62,WEAK,Positive,False
Other.NCRO,binary,Colistin,continuous,-0.0591,0.6479613954022168,62,WEAK,Negative,False
Height,continuous,Fosfomycin,continuous,0.0591,0.648443816043512,62,WEAK,Positive,False
KPC,binary,Colistin,continuous,-0.0591,0.6479613954022168,62,WEAK,Negative,False
CV.Catheter.Now,binary,Colistin,continuous,0.0591,0.6479613954022168,62,WEAK,Positive,False
VAP.CRO,binary,Colistin,continuous,-0.0591,0.6479613954022168,62,WEAK,Negative,False
INR,binary,Colistin,continuous,0.0591,0.6479613954022168,62,WEAK,Positive,False
ABSSSI.CRO,binary,Colistin,continuous,-0.0591,0.6479613954022168,62,WEAK,Negative,False
CKD,binary,Colistin,continuous,-0.0591,0.6479613954022168,62,WEAK,Negative,False
Hemat.Malignancy,binary,SOFA,continuous,0.059,0.6487227806310136,62,WEAK,Positive,False
Hospitalization.in.past.6.Months,binary,ICU.Stay.in.28.Days,continuous,0.0589,0.6491090509507965,62,WEAK,Positive,False
Neutropenia,binary,Ceftazidime.Avibactam.Aztreonam.T,binary,0.0589,0.6491047538681214,62,WEAK,Positive,False
HAP.CRO,binary,Z.A.only.E,ordinal,-0.0589,0.6491047538681214,62,WEAK,Negative,False
Cefoperazone.Sulbactam,continuous,Ceftazidime.Avibactam.Aztreonam.Synergy.T,continuous,-0.0589,0.6494167700701794,62,WEAK,Negative,False
Male,binary,Immunosuppressive.drugs.in.1.week,binary,-0.0588,0.6497061546747518,62,WEAK,Negative,False
Male,binary,TLC,binary,-0.0588,0.6497061546747518,62,WEAK,Negative,False
Female,binary,TLC,binary,0.0588,0.6497061546747518,62,WEAK,Positive,False
Female,binary,Immunosuppressive.drugs.in.1.week,binary,0.0588,0.6497061546747518,62,WEAK,Positive,False
Overall.organ.support,binary,Total.Hospital.Stay.in.28.Days,continuous,0.0588,0.6496808757418481,62,WEAK,Positive,False
P.C.in.vitro,binary,GW.Stay.in.28.Days,continuous,0.0588,0.6498645067831222,62,WEAK,Positive,False
Other.CRO,binary,Hemat.Malignancy,binary,-0.0586,0.6511947410954521,62,WEAK,Negative,False
Total.Protein,binary,Neither.Abx.E,ordinal,0.0586,0.6511947410954522,62,WEAK,Positive,False
APACHEII,continuous,Platelet,binary,-0.0586,0.6510155469357348,62,WEAK,Negative,False
Solid.Organ,binary,SOFA,continuous,-0.0585,0.651357176859233,62,WEAK,Negative,False
Neither.Abx.T,ordinal,Chloramphenicol,continuous,-0.0585,0.65163780597745,62,WEAK,Negative,False
SOFA,continuous,Other.Illness.Leading.to.Hospitalization.post.28.Days.Discharge,binary,-0.0583,0.6529037230124308,62,WEAK,Negative,False
ALP,binary,Ertapenem,continuous,-0.0583,0.6526554318978461,62,WEAK,Negative,False
BSI.CRO,binary,Mortality.in.Hospital,binary,-0.0582,0.6532448445038773,62,WEAK,Negative,False
Height,continuous,Ertapenem,continuous,0.0582,0.6534476787037724,62,WEAK,Positive,False
P.C.in.vitro,binary,Overall.organ.support,binary,0.0582,0.6532448445038773,62,WEAK,Positive,False
HTN,binary,SGOT,binary,0.0582,0.6532448445038773,62,WEAK,Positive,False
Overall.organ.support,binary,Mortality.in.Hospital,binary,0.0582,0.6532448445038773,62,WEAK,Positive,False
BSI.CRO,binary,Past.CREPA.infection,continuous,-0.0582,0.6533844822818117,62,WEAK,Negative,False
Hospitalization.in.past.6.Months,binary,SGOT,binary,-0.0582,0.6532448445038773,62,WEAK,Negative,False
P.C.in.vitro,binary,BSI.CRO,binary,-0.0582,0.6532448445038773,62,WEAK,Negative,False
BSI.CRO,binary,P.C.Z.A.T,ordinal,-0.0582,0.6532448445038773,62,WEAK,Negative,False
Solid.Organ,binary,Cefoxitin,continuous,0.058,0.654366797315778,62,WEAK,Positive,False
Cefoxitin,continuous,Ceftazidime.Avibactam.T,binary,0.058,0.654366797315778,62,WEAK,Positive,False
Age,continuous,Dialysis.in.1.week,binary,0.058,0.6543621398411443,62,WEAK,Positive,False
Solid.Organ,binary,Cefotaxime,continuous,0.058,0.654366797315778,62,WEAK,Positive,False
Age,continuous,Other.Illness.Leading.to.Hospitalization.post.28.Days.Discharge,binary,0.058,0.6543385440610783,62,WEAK,Positive,False
Urinary.Catheter.in.6.Months,binary,ICU.Stay.in.28.Days,continuous,-0.0579,0.6549068128972285,62,WEAK,Negative,False
P.C.Z.A.E,ordinal,Trimethoprim.Sulfamethoxazole,continuous,-0.0578,0.6553361047548409,62,WEAK,Negative,False
Sodium,binary,ICU.Stay.in.28.Days,continuous,0.0578,0.6556175035602048,62,WEAK,Positive,False
DM,binary,Mortality.post.28.Day.Discharge,binary,-0.0575,0.656871286453672,62,WEAK,Negative,False
COPD,binary,Magnesium,binary,-0.0575,0.656871286453672,62,WEAK,Negative,False
COPD,binary,Calcium,binary,0.0575,0.656871286453672,62,WEAK,Positive,False
COPD,binary,Z.A.only.T,ordinal,-0.0575,0.656871286453672,62,WEAK,Negative,False
DM,binary,Relapse.post.28.Day.Discharge,binary,-0.0575,0.656871286453672,62,WEAK,Negative,False
Hb,binary,Sodium,binary,-0.0575,0.656871286453672,62,WEAK,Negative,False
Endoscopy.in.1.week,binary,Magnesium,binary,-0.0575,0.656871286453672,62,WEAK,Negative,False
Calcium,binary,Relapse.post.28.Day.Discharge,binary,0.0575,0.656871286453672,62,WEAK,Positive,False
Sodium,binary,Relapse.post.28.Day.Discharge,binary,0.0575,0.656871286453672,62,WEAK,Positive,False
Endoscopy.in.1.week,binary,Z.A.only.T,ordinal,-0.0575,0.656871286453672,62,WEAK,Negative,False
Magnesium,binary,Mortality.post.28.Day.Discharge,binary,-0.0575,0.656871286453672,62,WEAK,Negative,False
Hb,binary,Z.A.only.T,ordinal,0.0575,0.656871286453672,62,WEAK,Positive,False
CAP.CRO,binary,Calcium,binary,0.0575,0.656871286453672,62,WEAK,Positive,False
Sodium,binary,Mortality.post.28.Day.Discharge,binary,0.0575,0.656871286453672,62,WEAK,Positive,False
Height,continuous,Inotropes,binary,0.0573,0.6581972630821765,62,WEAK,Positive,False
Age,continuous,KPC,binary,-0.0573,0.6581889711136424,62,WEAK,Negative,False
Age,continuous,ABSSSI.CRO,binary,-0.0573,0.6581889711136424,62,WEAK,Negative,False
Age,continuous,Other.NCRO,binary,-0.0573,0.6581889711136424,62,WEAK,Negative,False
Albumin,binary,Ceftazidime.Avibactam,binary,-0.0572,0.658616969160747,62,WEAK,Negative,False
OXA48,binary,Polymyxin.Colistin.Inclusion.T,binary,0.0572,0.658616969160747,62,WEAK,Positive,False
Urea,binary,Fosfomycin,continuous,-0.0571,0.659399093260876,62,WEAK,Negative,False
Female,binary,Mortality.in.Hospital,binary,0.0571,0.6595624208792834,62,WEAK,Positive,False
P.C.in.vitro,binary,Inotropes,binary,-0.0571,0.6595624208792834,62,WEAK,Negative,False
NDM,binary,P.C.only.T,ordinal,0.0571,0.6595624208792834,62,WEAK,Positive,False
P.C.Z.A.E,ordinal,Overall.Mortality,binary,-0.0571,0.6595624208792833,62,WEAK,Negative,False
Male,binary,Mortality.in.Hospital,binary,-0.0571,0.6595624208792834,62,WEAK,Negative,False
Any.Fungal.Infection,binary,Creatinine,binary,0.057,0.6623293324709028,61,WEAK,Positive,False
APACHEII,continuous,Hb,binary,-0.057,0.659878897990887,62,WEAK,Negative,False
Height,continuous,Relapse.post.28.Day.Discharge,binary,0.0569,0.6604108566775013,62,WEAK,Positive,False
Cefotaxime,continuous,Total.Hospital.Stay.in.28.Days,continuous,0.0568,0.660878400735703,62,WEAK,Positive,False
Tigecycline,continuous,Clinical.Improvement,continuous,-0.0568,0.660912866659919,62,WEAK,Negative,False
Sodium,binary,Calcium,binary,-0.0568,0.6609248089061727,62,WEAK,Negative,False
Age,continuous,Cefotaxime,continuous,0.0568,0.6611880514381425,62,WEAK,Positive,False
DM,binary,Calcium,binary,0.0568,0.6609248089061727,62,WEAK,Positive,False
Calcium,binary,Magnesium,binary,0.0568,0.6609248089061727,62,WEAK,Positive,False
Magnesium,binary,Z.A.only.T,ordinal,-0.0568,0.6609248089061727,62,WEAK,Negative,False
Age,continuous,Overall.organ.support,binary,-0.0567,0.6615200535246328,62,WEAK,Negative,False
Weight,continuous,Hypothyroidism,binary,-0.0565,0.6628124048098814,62,WEAK,Negative,False
COPD,binary,Minocycline,continuous,0.0564,0.6632591405183649,62,WEAK,Positive,False
Minocycline,continuous,Relapse.post.28.Day.Discharge,binary,0.0564,0.6632591405183649,62,WEAK,Positive,False
Total.Protein,binary,Doxycycline,continuous,-0.0564,0.6631451628894682,62,WEAK,Negative,False
CAP.CRO,binary,Minocycline,continuous,0.0564,0.6632591405183649,62,WEAK,Positive,False
Overall.organ.support,binary,P.C.only.T,ordinal,-0.0563,0.6638011668292826,62,WEAK,Negative,False
BSI.CRO,binary,P.C.Z.A.E,ordinal,0.0563,0.6638011668292826,62,WEAK,Positive,False
IAI.CRO,binary,Overall.organ.support,binary,-0.0563,0.6638011668292826,62,WEAK,Negative,False
Sodium,binary,Gentamicin,continuous,0.0563,0.663693262545815,62,WEAK,Positive,False
DM,binary,Gentamicin,continuous,-0.0563,0.663693262545815,62,WEAK,Negative,False
Hypothyroidism,binary,Hospitalization.in.past.6.Months,binary,-0.0563,0.6640209867484739,62,WEAK,Negative,False
Magnesium,binary,Gentamicin,continuous,-0.0563,0.663693262545815,62,WEAK,Negative,False
CKD,binary,P.C.Z.A.T,ordinal,-0.0561,0.6646851498269393,62,WEAK,Negative,False
P.C.Z.A.T,ordinal,Carbapenemase,binary,0.0561,0.6646851498269393,62,WEAK,Positive,False
P.C.in.vitro,binary,CKD,binary,-0.0561,0.6646851498269393,62,WEAK,Negative,False
P.C.Z.A.T,ordinal,Imipenem,continuous,0.0561,0.6646851498269393,62,WEAK,Positive,False
P.C.Z.A.T,ordinal,Meropenem,continuous,0.0561,0.6646851498269393,62,WEAK,Positive,False
P.C.in.vitro,binary,INR,binary,0.0561,0.6646851498269393,62,WEAK,Positive,False
P.C.Z.A.T,ordinal,Cefepime,continuous,0.0561,0.6646851498269393,62,WEAK,Positive,False
KPC,binary,P.C.Z.A.T,ordinal,-0.0561,0.6646851498269393,62,WEAK,Negative,False
P.C.Z.A.T,ordinal,Piperacillin.Tazobactam,continuous,0.0561,0.6646851498269393,62,WEAK,Positive,False
CV.Catheter.Now,binary,P.C.Z.A.T,ordinal,0.0561,0.6646851498269393,62,WEAK,Positive,False
P.C.in.vitro,binary,Other.NCRO,binary,-0.0561,0.6646851498269393,62,WEAK,Negative,False
P.C.in.vitro,binary,CV.Catheter.Now,binary,0.0561,0.6646851498269393,62,WEAK,Positive,False
Carbapenemase,binary,Mortality.in.Hospital,binary,0.0561,0.6646851498269393,62,WEAK,Positive,False
VAP.CRO,binary,P.C.Z.A.T,ordinal,-0.0561,0.6646851498269393,62,WEAK,Negative,False
Other.NCRO,binary,Mortality.in.Hospital,binary,-0.0561,0.6646851498269393,62,WEAK,Negative,False
Cefepime,continuous,Mortality.in.Hospital,binary,0.0561,0.6646851498269393,62,WEAK,Positive,False
CV.Catheter.Now,binary,Mortality.in.Hospital,binary,0.0561,0.6646851498269393,62,WEAK,Positive,False
ABSSSI.CRO,binary,P.C.Z.A.T,ordinal,-0.0561,0.6646851498269393,62,WEAK,Negative,False
P.C.in.vitro,binary,Carbapenemase,binary,0.0561,0.6646851498269393,62,WEAK,Positive,False
INR,binary,Mortality.in.Hospital,binary,0.0561,0.6646851498269393,62,WEAK,Positive,False
Imipenem,continuous,Mortality.in.Hospital,binary,0.0561,0.6646851498269393,62,WEAK,Positive,False
INR,binary,P.C.Z.A.T,ordinal,0.0561,0.6646851498269393,62,WEAK,Positive,False
ABSSSI.CRO,binary,Mortality.in.Hospital,binary,-0.0561,0.6646851498269393,62,WEAK,Negative,False
Height,continuous,Past.CREPA.infection,continuous,0.0561,0.6648302584930803,62,WEAK,Positive,False
P.C.in.vitro,binary,Imipenem,continuous,0.0561,0.6646851498269393,62,WEAK,Positive,False
Creatinine,binary,Colistin,continuous,0.0561,0.6650547560543291,62,WEAK,Positive,False
P.C.in.vitro,binary,Meropenem,continuous,0.0561,0.6646851498269393,62,WEAK,Positive,False
P.C.in.vitro,binary,Cefepime,continuous,0.0561,0.6646851498269393,62,WEAK,Positive,False
P.C.in.vitro,binary,Piperacillin.Tazobactam,continuous,0.0561,0.6646851498269393,62,WEAK,Positive,False
P.C.in.vitro,binary,VAP.CRO,binary,-0.0561,0.6646851498269393,62,WEAK,Negative,False
KPC,binary,P.C.in.vitro,binary,-0.0561,0.6646851498269393,62,WEAK,Negative,False
Meropenem,continuous,Mortality.in.Hospital,binary,0.0561,0.6646851498269393,62,WEAK,Positive,False
P.C.in.vitro,binary,ABSSSI.CRO,binary,-0.0561,0.6646851498269393,62,WEAK,Negative,False
Piperacillin.Tazobactam,continuous,Mortality.in.Hospital,binary,0.0561,0.6646851498269393,62,WEAK,Positive,False
KPC,binary,Mortality.in.Hospital,binary,-0.0561,0.6646851498269393,62,WEAK,Negative,False
Other.NCRO,binary,P.C.Z.A.T,ordinal,-0.0561,0.6646851498269393,62,WEAK,Negative,False
Hospitalization.in.past.6.Months,binary,Potassium,binary,-0.056,0.6654529511724978,62,WEAK,Negative,False
Surgery.in.last.3.Months,binary,Minocycline,continuous,-0.0559,0.6660016232829084,62,WEAK,Negative,False
Levofloxacin,continuous,Ceftazidime.Avibactam.Aztreonam.Synergy.T,continuous,-0.0558,0.6665136445971137,62,WEAK,Negative,False
Female,binary,ICU.Stay.in.28.Days,continuous,0.0557,0.6669510414992593,62,WEAK,Positive,False
Male,binary,ICU.Stay.in.28.Days,continuous,-0.0557,0.6669510414992593,62,WEAK,Negative,False
Age,continuous,Surgery.in.last.3.Months,binary,-0.0556,0.6678872905305466,62,WEAK,Negative,False
Other.CRO,binary,Dialysis.in.1.week,binary,0.0556,0.6677251409393322,62,WEAK,Positive,False
Calcium,binary,Amoxicillin.Clavulanic.Acid,continuous,0.0554,0.668940203956494,62,WEAK,Positive,False
DM,binary,Amoxicillin.Clavulanic.Acid,continuous,-0.0554,0.668940203956494,62,WEAK,Negative,False
Sodium,binary,Cefuroxime,continuous,0.0554,0.668940203956494,62,WEAK,Positive,False
Z.A.only.E,ordinal,Neither.Abx.T,ordinal,0.0554,0.6661956854697735,63,WEAK,Positive,False
Platelet,binary,Trimethoprim.Sulfamethoxazole,continuous,0.0554,0.6687478457416827,62,WEAK,Positive,False
Sodium,binary,Amoxicillin.Clavulanic.Acid,continuous,0.0554,0.668940203956494,62,WEAK,Positive,False
Z.A.only.T,ordinal,Amoxicillin.Clavulanic.Acid,continuous,-0.0554,0.668940203956494,62,WEAK,Negative,False
Calcium,binary,Cefuroxime,continuous,0.0554,0.668940203956494,62,WEAK,Positive,False
Calcium,binary,Cefoperazone.Sulbactam,continuous,0.0554,0.668940203956494,62,WEAK,Positive,False
Z.A.only.T,ordinal,Cefuroxime,continuous,-0.0554,0.668940203956494,62,WEAK,Negative,False
DM,binary,Cefuroxime,continuous,-0.0554,0.668940203956494,62,WEAK,Negative,False
Inotropes,binary,Trimethoprim.Sulfamethoxazole,continuous,-0.0552,0.6702377844890907,62,WEAK,Negative,False
Platelet,binary,Chloramphenicol,continuous,-0.0552,0.6698279860755766,62,WEAK,Negative,False
ANC,binary,Aztreonam,continuous,0.0551,0.6707146081499339,62,WEAK,Positive,False
Sodium,binary,Neither.Abx.E,ordinal,-0.055,0.6712754877715977,62,WEAK,Negative,False
Magnesium,binary,Neither.Abx.E,ordinal,0.055,0.6712754877715977,62,WEAK,Positive,False
Other.CRO,binary,Sodium,binary,-0.055,0.6712754877715977,62,WEAK,Negative,False
Hypothyroidism,binary,Gentamicin,continuous,0.0549,0.6717133052077674,62,WEAK,Positive,False
OXA48,binary,Fosfomycin,continuous,0.0548,0.6722338585377121,62,WEAK,Positive,False
Female,binary,GW.Stay.in.28.Days,continuous,-0.0548,0.6725382876380658,62,WEAK,Negative,False
HAP.CRO,binary,Tigecycline,continuous,-0.0548,0.6722634529834222,62,WEAK,Negative,False
APACHEII,continuous,Z.A.only.E,ordinal,-0.0548,0.6725524400876602,62,WEAK,Negative,False
Other.NCRO,binary,GW.Stay.in.28.Days,continuous,0.0548,0.6723318054432145,62,WEAK,Positive,False
Male,binary,GW.Stay.in.28.Days,continuous,0.0548,0.6725382876380658,62,WEAK,Positive,False
Magnesium,binary,Total.Hospital.Stay.in.28.Days,continuous,0.0547,0.6725707266578675,62,WEAK,Positive,False
HTN,binary,Overall.organ.support,binary,0.0547,0.6726964753435218,62,WEAK,Positive,False
SGOT,binary,Chloramphenicol,continuous,0.0544,0.6742933957050431,62,WEAK,Positive,False
Neutropenia,binary,Minocycline,continuous,-0.0544,0.674543373469151,62,WEAK,Negative,False
Sodium,binary,Polymyxin.Colistin.Inclusion.T,binary,-0.0543,0.6753726436637074,62,WEAK,Negative,False
DM,binary,Any.Viral.Infection,binary,-0.0543,0.6753726436637074,62,WEAK,Negative,False
Calcium,binary,Ceftazidime.Avibactam,binary,0.0543,0.6753726436637074,62,WEAK,Positive,False
HTN,binary,Doxycycline,continuous,0.0542,0.6758419512911549,62,WEAK,Positive,False
Cefoperazone.Sulbactam,continuous,Other.Illness.Leading.to.Hospitalization.post.28.Days.Discharge,binary,0.0541,0.676372535055549,62,WEAK,Positive,False
Levofloxacin,continuous,Other.Illness.Leading.to.Hospitalization.post.28.Days.Discharge,binary,0.0541,0.676413617620556,62,WEAK,Positive,False
Z.A.only.E,ordinal,Amoxicillin.Clavulanic.Acid,continuous,0.0541,0.676372535055549,62,WEAK,Positive,False
Cefuroxime,continuous,Other.Illness.Leading.to.Hospitalization.post.28.Days.Discharge,binary,0.0541,0.676372535055549,62,WEAK,Positive,False
Z.A.only.E,ordinal,Cefuroxime,continuous,0.0541,0.676372535055549,62,WEAK,Positive,False
Z.A.only.E,ordinal,Ceftazidime,continuous,0.0541,0.6764136176205559,62,WEAK,Positive,False
Urea,binary,Procalcitonin,binary,0.0541,0.676372535055549,62,WEAK,Positive,False
Bil,binary,Procalcitonin,binary,-0.0541,0.676372535055549,62,WEAK,Negative,False
Z.A.only.E,ordinal,Levofloxacin,continuous,0.0541,0.6764136176205559,62,WEAK,Positive,False
Amoxicillin.Clavulanic.Acid,continuous,Other.Illness.Leading.to.Hospitalization.post.28.Days.Discharge,binary,0.0541,0.676372535055549,62,WEAK,Positive,False
BSI.CRO,binary,ANC,binary,0.054,0.6766025733421474,62,WEAK,Positive,False
Height,continuous,P.C.Z.A.T,ordinal,-0.054,0.6770517186119636,62,WEAK,Negative,False
Age,continuous,Ceftazidime.Avibactam.T,binary,-0.054,0.677041055790507,62,WEAK,Negative,False
TLC,binary,Ceftazidime.Avibactam.Aztreonam.T,binary,0.0537,0.6782420325588514,62,WEAK,Positive,False
Globulin,binary,Potassium,binary,0.0536,0.6790828537671536,62,WEAK,Positive,False
Urinary.Catheter.in.6.Months,binary,Potassium,binary,-0.0536,0.6790828537671536,62,WEAK,Negative,False
Weight,continuous,Globulin,binary,-0.0536,0.6792723790660662,62,WEAK,Negative,False
Platelet,binary,P.C.Z.A.E,ordinal,-0.0535,0.6796475077223418,62,WEAK,Negative,False
NDM,binary,IAI.CRO,binary,-0.0535,0.6796475077223418,62,WEAK,Negative,False
IAI.CRO,binary,Platelet,binary,-0.0535,0.6796475077223418,62,WEAK,Negative,False
ALP,binary,Colistin,continuous,0.0535,0.6796002981077679,62,WEAK,Positive,False
Age,continuous,Immunosuppressive.drugs.in.1.week,binary,0.0533,0.6804875936626102,62,WEAK,Positive,False
Z.A.only.T,ordinal,Colistin,continuous,0.0532,0.6813196291955068,62,WEAK,Positive,False
Weight,continuous,Z.A.only.E,ordinal,0.053,0.6825521583520814,62,WEAK,Positive,False
Magnesium,binary,Chloramphenicol,continuous,0.053,0.6826443104584788,62,WEAK,Positive,False
P.C.in.vitro,binary,ICU.Stay.in.28.Days,continuous,0.053,0.6826055446959637,62,WEAK,Positive,False
P.C.only.E,ordinal,Nitrofurantoin,continuous,0.053,0.6823154730401915,62,WEAK,Positive,False
NDM,binary,Magnesium,binary,-0.0529,0.6830857165611878,62,WEAK,Negative,False
Platelet,binary,Z.A.only.T,ordinal,-0.0529,0.6830857165611878,62,WEAK,Negative,False
Ventilation,binary,Sodium,binary,0.0529,0.6830857165611878,62,WEAK,Positive,False
Polymyxin.Colistin.Inclusion.T,binary,Total.Hospital.Stay.in.28.Days,continuous,0.0529,0.6830205777697239,62,WEAK,Positive,False
Magnesium,binary,Overall.Mortality,binary,0.0529,0.6830857165611878,62,WEAK,Positive,False
UTI.CRO,binary,Albumin,binary,0.0528,0.6835083391355051,62,WEAK,Positive,False
Male,binary,Hemat.Malignancy,binary,0.0528,0.6833369888291474,62,WEAK,Positive,False
Male,binary,Total.Protein,binary,-0.0528,0.6833369888291474,62,WEAK,Negative,False
CV.Catheter.in.6.Months,binary,Albumin,binary,0.0528,0.6835083391355051,62,WEAK,Positive,False
Female,binary,Hemat.Malignancy,binary,-0.0528,0.6833369888291474,62,WEAK,Negative,False
Hypothyroidism,binary,Inotropes,binary,0.0528,0.6833369888291474,62,WEAK,Positive,False
Female,binary,Total.Protein,binary,0.0528,0.6833369888291474,62,WEAK,Positive,False
OXA48,binary,UTI.CRO,binary,0.0528,0.6835083391355051,62,WEAK,Positive,False
ANC,binary,Chloramphenicol,continuous,0.0526,0.6846874020820753,62,WEAK,Positive,False
Z.A.invitro,binary,Creatinine,binary,-0.0526,0.6849750076853132,62,WEAK,Negative,False
COPD,binary,Amikacin,continuous,-0.0525,0.6855050878633258,62,WEAK,Negative,False
ALP,binary,Tigecycline,continuous,0.0525,0.6854185890236602,62,WEAK,Positive,False
Albumin,binary,Total.Hospital.Stay.in.28.Days,continuous,0.0525,0.6850606039508224,62,WEAK,Positive,False
CAP.CRO,binary,Amikacin,continuous,-0.0525,0.6855050878633258,62,WEAK,Negative,False
Hb,binary,Amikacin,continuous,0.0525,0.6855050878633258,62,WEAK,Positive,False
NDM,binary,CV.Catheter.in.6.Months,binary,0.0524,0.6856319135345083,62,WEAK,Positive,False
BSI.CRO,binary,Ceftazidime.Avibactam.Aztreonam.T,binary,0.0524,0.6859101986683361,62,WEAK,Positive,False
DM,binary,Levofloxacin,continuous,-0.0523,0.6863897138538504,62,WEAK,Negative,False
Sodium,binary,Levofloxacin,continuous,0.0523,0.6863897138538504,62,WEAK,Positive,False
Magnesium,binary,Ceftazidime,continuous,-0.0523,0.6863897138538504,62,WEAK,Negative,False
Sodium,binary,Ceftazidime,continuous,0.0523,0.6863897138538504,62,WEAK,Positive,False
Z.A.only.T,ordinal,Levofloxacin,continuous,-0.0523,0.6863897138538504,62,WEAK,Negative,False
Overall.organ.support,binary,Sodium,binary,-0.0522,0.6870665697103712,62,WEAK,Negative,False
Ertapenem,continuous,Ceftazidime.Avibactam.T,binary,0.0522,0.6871256770329499,62,WEAK,Positive,False
Tigecycline,continuous,GW.Stay.in.28.Days,continuous,-0.0522,0.6870243549157773,62,WEAK,Negative,False
Overall.organ.support,binary,Z.A.only.T,ordinal,0.0522,0.6870665697103712,62,WEAK,Positive,False
Ciprofloxacin,continuous,Ceftazidime.Avibactam.T,binary,0.0522,0.6871526976365071,62,WEAK,Positive,False
Overall.organ.support,binary,Magnesium,binary,0.0522,0.6870665697103712,62,WEAK,Positive,False
SOFA,continuous,Ertapenem,continuous,0.0521,0.6875460326716906,62,WEAK,Positive,False
UTI.CRO,binary,Solid.Organ,binary,-0.0521,0.6874661947012624,62,WEAK,Negative,False
SOFA,continuous,Polymyxin.Colistin.Inclusion.T,binary,-0.0521,0.6875662144089003,62,WEAK,Negative,False
Any.Viral.Infection,binary,Nitrofurantoin,continuous,0.0521,0.6876492060023305,62,WEAK,Positive,False
CKD,binary,Tigecycline,continuous,-0.052,0.688337301427576,62,WEAK,Negative,False
CV.Catheter.in.6.Months,binary,Clinical.Improvement,continuous,0.052,0.6881829860354676,62,WEAK,Positive,False
INR,binary,Tigecycline,continuous,0.052,0.688337301427576,62,WEAK,Positive,False
DM,binary,Tigecycline,continuous,-0.052,0.6881962088983505,62,WEAK,Negative,False
Other.NCRO,binary,Tigecycline,continuous,-0.052,0.688337301427576,62,WEAK,Negative,False
KPC,binary,Tigecycline,continuous,-0.052,0.688337301427576,62,WEAK,Negative,False
ABSSSI.CRO,binary,Tigecycline,continuous,-0.052,0.688337301427576,62,WEAK,Negative,False
CV.Catheter.Now,binary,Tigecycline,continuous,0.052,0.688337301427576,62,WEAK,Positive,False
IAI.CRO,binary,Total.Hospital.Stay.in.28.Days,continuous,-0.0519,0.6884893391804469,62,WEAK,Negative,False
Endoscopy.in.1.week,binary,SGPT,binary,0.0518,0.689227947042892,62,WEAK,Positive,False
Hb,binary,Lympho,binary,0.0518,0.689227947042892,62,WEAK,Positive,False
Hb,binary,SGPT,binary,-0.0518,0.689227947042892,62,WEAK,Negative,False
Immunosuppressive.drugs.in.1.week,binary,Hb,binary,0.0518,0.689227947042892,62,WEAK,Positive,False
Endoscopy.in.1.week,binary,Immunosuppressive.drugs.in.1.week,binary,-0.0518,0.689227947042892,62,WEAK,Negative,False
Endoscopy.in.1.week,binary,Lympho,binary,-0.0518,0.689227947042892,62,WEAK,Negative,False
TLC,binary,Relapse.post.28.Day.Discharge,binary,-0.0518,0.689227947042892,62,WEAK,Negative,False
COPD,binary,Lympho,binary,-0.0518,0.689227947042892,62,WEAK,Negative,False
Immunosuppressive.drugs.in.1.week,binary,Mortality.post.28.Day.Discharge,binary,-0.0518,0.689227947042892,62,WEAK,Negative,False
CAP.CRO,binary,SGPT,binary,0.0518,0.689227947042892,62,WEAK,Positive,False
APACHEII,continuous,ALP,binary,0.0516,0.690369188541525,62,WEAK,Positive,False
HAP.CRO,binary,Clinical.Improvement,continuous,0.0516,0.6903478447710331,62,WEAK,Positive,False
DM,binary,Neither.Abx.E,ordinal,-0.0515,0.6907505616689245,62,WEAK,Negative,False
Calcium,binary,Neither.Abx.E,ordinal,0.0515,0.6907505616689245,62,WEAK,Positive,False
Other.CRO,binary,Z.A.only.T,ordinal,-0.0515,0.6907505616689245,62,WEAK,Negative,False
Other.CRO,binary,Calcium,binary,0.0515,0.6907505616689245,62,WEAK,Positive,False
Fosfomycin,continuous,ICU.Stay.in.28.Days,continuous,0.0515,0.6908053308783149,62,WEAK,Positive,False
Any.Fungal.Infection,binary,P.C.only.T,ordinal,-0.0514,0.6941453637244641,61,WEAK,Negative,False
APACHEII,continuous,Amikacin,continuous,-0.0514,0.6918047621006398,62,WEAK,Negative,False
Hb,binary,Ceftazidime.Avibactam.Aztreonam.Synergy.T,continuous,0.0513,0.6923488218048477,62,WEAK,Positive,False
COPD,binary,Ceftazidime.Avibactam.Aztreonam.Synergy.T,continuous,-0.0513,0.6923488218048477,62,WEAK,Negative,False
Ceftazidime.Avibactam.Aztreonam.Synergy.T,continuous,Relapse.post.28.Day.Discharge,binary,-0.0513,0.6923488218048477,62,WEAK,Negative,False
Weight,continuous,Overall.Mortality,binary,0.0512,0.6929032713561195,62,WEAK,Positive,False
Bil,binary,Clinical.Improvement,continuous,-0.0512,0.6925051315240492,62,WEAK,Negative,False
Male,binary,Any.Viral.Infection,binary,-0.0512,0.6926145158514574,62,WEAK,Negative,False
Z.A.invitro,binary,Trimethoprim.Sulfamethoxazole,continuous,-0.0512,0.6927294254779011,62,WEAK,Negative,False
Male,binary,Ceftazidime.Avibactam,binary,-0.0512,0.6926145158514574,62,WEAK,Negative,False
Female,binary,Any.Viral.Infection,binary,0.0512,0.6926145158514574,62,WEAK,Positive,False
Female,binary,Ceftazidime.Avibactam,binary,0.0512,0.6926145158514574,62,WEAK,Positive,False
Other.CRO,binary,Ceftazidime.Avibactam.T,binary,-0.0511,0.6931704313443466,62,WEAK,Negative,False
Albumin,binary,Gentamicin,continuous,0.051,0.6939562685565636,62,WEAK,Positive,False
Weight,continuous,Any.Viral.Infection,binary,0.0509,0.6946846648884498,62,WEAK,Positive,False
Magnesium,binary,Fosfomycin,continuous,0.0509,0.6946644494814539,62,WEAK,Positive,False
Lympho,binary,Clinical.Improvement,continuous,0.0509,0.6945666708060348,62,WEAK,Positive,False
SGOT,binary,Doxycycline,continuous,0.0509,0.6941570773808219,62,WEAK,Positive,False
Total.Protein,binary,Sodium,binary,-0.0508,0.6952362326562339,62,WEAK,Negative,False
Total.Protein,binary,Z.A.only.T,ordinal,0.0508,0.6952362326562339,62,WEAK,Positive,False
Globulin,binary,ICU.Stay.in.28.Days,continuous,-0.0508,0.6950651116530703,62,WEAK,Negative,False
Hypothyroidism,binary,Magnesium,binary,-0.0508,0.6952362326562339,62,WEAK,Negative,False
Total.Protein,binary,Magnesium,binary,0.0508,0.6952362326562339,62,WEAK,Positive,False
Hypothyroidism,binary,Z.A.only.T,ordinal,-0.0508,0.6952362326562339,62,WEAK,Negative,False
Immunosuppressive.drugs.in.1.week,binary,Solid.Organ,binary,-0.0507,0.6953483806575707,62,WEAK,Negative,False
Solid.Organ,binary,Lympho,binary,-0.0507,0.6953483806575707,62,WEAK,Negative,False
OXA48,binary,Amikacin,continuous,-0.0506,0.6961926348774544,62,WEAK,Negative,False
Overall.organ.support,binary,Potassium,binary,-0.0506,0.695875417604118,62,WEAK,Negative,False
Neither.Abx.T,ordinal,Amikacin,continuous,0.0506,0.6961926348774544,62,WEAK,Positive,False
Creatinine,binary,Ceftazidime.Avibactam.Aztreonam.Synergy.T,continuous,-0.0506,0.6962098386908077,62,WEAK,Negative,False
Gentamicin,continuous,Total.Hospital.Stay.in.28.Days,continuous,0.0506,0.6959329419565005,62,WEAK,Positive,False
Platelet,binary,Clinical.Improvement,continuous,0.0506,0.6962790732644586,62,WEAK,Positive,False
Ceftazidime.Avibactam.Aztreonam.Synergy.T,continuous,Mortality.in.Hospital,binary,0.0506,0.6960353252727481,62,WEAK,Positive,False
HTN,binary,Ceftazidime.Avibactam.Aztreonam.T,binary,0.0505,0.696912746225754,62,WEAK,Positive,False
KPC,binary,SOFA,continuous,0.0504,0.6974561388231756,62,WEAK,Positive,False
P.C.in.vitro,binary,Magnesium,binary,-0.0503,0.6980522048522145,62,WEAK,Negative,False
P.C.in.vitro,binary,Calcium,binary,0.0503,0.6980522048522145,62,WEAK,Positive,False
DM,binary,Mortality.in.Hospital,binary,-0.0503,0.6980522048522145,62,WEAK,Negative,False
Platelet,binary,Nitrofurantoin,continuous,-0.0502,0.6982234636287816,62,WEAK,Negative,False
Height,continuous,Mortality.in.ICU,binary,0.0502,0.6982432140595137,62,WEAK,Positive,False
Lympho,binary,Ceftazidime.Avibactam.Aztreonam.Synergy.T,continuous,-0.0502,0.698249150501496,62,WEAK,Negative,False
Male,binary,OXA48,binary,0.0501,0.6990724572915125,62,WEAK,Positive,False
Hypothyroidism,binary,Urinary.Catheter.in.6.Months,binary,-0.0501,0.6987585839281021,62,WEAK,Negative,False
Total.Protein,binary,Potassium,binary,0.0501,0.6987585839281021,62,WEAK,Positive,False
Urinary.Catheter.in.6.Months,binary,Total.Protein,binary,0.0501,0.6987585839281021,62,WEAK,Positive,False
Urinary.Catheter.in.6.Months,binary,Hemat.Malignancy,binary,-0.0501,0.6987585839281021,62,WEAK,Negative,False
Hemat.Malignancy,binary,Potassium,binary,-0.0501,0.6987585839281021,62,WEAK,Negative,False
Female,binary,OXA48,binary,-0.0501,0.6990724572915125,62,WEAK,Negative,False
OXA48,binary,Inotropes,binary,0.0501,0.6990724572915125,62,WEAK,Positive,False
Inotropes,binary,Albumin,binary,0.0501,0.6990724572915125,62,WEAK,Positive,False
ALP,binary,Mortality.in.ICU,binary,0.0501,0.6987028363356426,62,WEAK,Positive,False
CV.Catheter.in.6.Months,binary,Relapse.post.28.Day.Discharge,binary,0.0499,0.700156328515684,62,WEAK,Positive,False
CAP.CRO,binary,CV.Catheter.in.6.Months,binary,0.0499,0.700156328515684,62,WEAK,Positive,False
CV.Catheter.in.6.Months,binary,Hb,binary,-0.0499,0.700156328515684,62,WEAK,Negative,False
Z.A.only.E,ordinal,Total.Hospital.Stay.in.28.Days,continuous,0.0498,0.7009281616557331,62,WEAK,Positive,False
Neutropenia,binary,Total.Hospital.Stay.in.28.Days,continuous,-0.0498,0.7009281616557331,62,WEAK,Negative,False
P.C.Z.A.E,ordinal,Neither.Abx.E,ordinal,0.0497,0.699061849338283,63,WEAK,Positive,False
Neither.Abx.E,ordinal,P.C.only.T,ordinal,0.0497,0.699061849338283,63,WEAK,Positive,False
UTI.CRO,binary,P.C.only.E,ordinal,-0.0495,0.7022475492700494,62,WEAK,Negative,False
SOFA,continuous,Nitrofurantoin,continuous,0.0494,0.703081513354413,62,WEAK,Positive,False
Z.A.invitro,binary,Inotropes,binary,-0.0494,0.7030705916818508,62,WEAK,Negative,False
Past.CREPA.infection,continuous,Ceftazidime.Avibactam.T,binary,-0.0493,0.7036817355355016,62,WEAK,Negative,False
Neither.Abx.T,ordinal,Piperacillin.Tazobactam,continuous,0.0493,0.7036659615951687,62,WEAK,Positive,False
CKD,binary,Neither.Abx.T,ordinal,-0.0493,0.7036659615951687,62,WEAK,Negative,False
Neither.Abx.T,ordinal,Meropenem,continuous,0.0493,0.7036659615951687,62,WEAK,Positive,False
Albumin,binary,Carbapenemase,binary,-0.0493,0.7036659615951687,62,WEAK,Negative,False
Neither.Abx.T,ordinal,Imipenem,continuous,0.0493,0.7036659615951687,62,WEAK,Positive,False
Albumin,binary,Piperacillin.Tazobactam,continuous,-0.0493,0.7036659615951687,62,WEAK,Negative,False
Albumin,binary,Imipenem,continuous,-0.0493,0.7036659615951687,62,WEAK,Negative,False
Albumin,binary,Meropenem,continuous,-0.0493,0.7036659615951687,62,WEAK,Negative,False
Albumin,binary,Cefepime,continuous,-0.0493,0.7036659615951687,62,WEAK,Negative,False
Potassium,binary,Z.A.only.E,ordinal,-0.0493,0.703801640554034,62,WEAK,Negative,False
Neither.Abx.T,ordinal,Carbapenemase,binary,0.0493,0.7036659615951687,62,WEAK,Positive,False
Neither.Abx.T,ordinal,Cefepime,continuous,0.0493,0.7036659615951687,62,WEAK,Positive,False
INR,binary,Neither.Abx.T,ordinal,0.0493,0.7036659615951687,62,WEAK,Positive,False
ABSSSI.CRO,binary,Neither.Abx.T,ordinal,-0.0493,0.7036659615951687,62,WEAK,Negative,False
OXA48,binary,Cefepime,continuous,-0.0493,0.7036659615951687,62,WEAK,Negative,False
OXA48,binary,ABSSSI.CRO,binary,0.0493,0.7036659615951687,62,WEAK,Positive,False
Urinary.Catheter.in.6.Months,binary,Other.Illness.Leading.to.Hospitalization.post.28.Days.Discharge,binary,-0.0493,0.703801640554034,62,WEAK,Negative,False
CKD,binary,Albumin,binary,0.0493,0.7036659615951687,62,WEAK,Positive,False
OXA48,binary,Carbapenemase,binary,-0.0493,0.7036659615951687,62,WEAK,Negative,False
OXA48,binary,Meropenem,continuous,-0.0493,0.7036659615951687,62,WEAK,Negative,False
OXA48,binary,Piperacillin.Tazobactam,continuous,-0.0493,0.7036659615951687,62,WEAK,Negative,False
CV.Catheter.Now,binary,Neither.Abx.T,ordinal,0.0493,0.7036659615951687,62,WEAK,Positive,False
KPC,binary,Albumin,binary,0.0493,0.7036659615951687,62,WEAK,Positive,False
Other.NCRO,binary,Neither.Abx.T,ordinal,-0.0493,0.7036659615951687,62,WEAK,Negative,False
OXA48,binary,VAP.CRO,binary,0.0493,0.7036659615951687,62,WEAK,Positive,False
ABSSSI.CRO,binary,Albumin,binary,0.0493,0.7036659615951687,62,WEAK,Positive,False
OXA48,binary,CV.Catheter.Now,binary,-0.0493,0.7036659615951687,62,WEAK,Negative,False
Urinary.Catheter.in.6.Months,binary,Z.A.only.E,ordinal,-0.0493,0.703801640554034,62,WEAK,Negative,False
OXA48,binary,CKD,binary,0.0493,0.7036659615951687,62,WEAK,Positive,False
Weight,continuous,NDM,binary,0.0493,0.7033543181296664,62,WEAK,Positive,False
OXA48,binary,Imipenem,continuous,-0.0493,0.7036659615951687,62,WEAK,Negative,False
Inotropes,binary,Amikacin,continuous,-0.0493,0.7038332889129092,62,WEAK,Negative,False
CV.Catheter.Now,binary,Albumin,binary,-0.0493,0.7036659615951687,62,WEAK,Negative,False
KPC,binary,Neither.Abx.T,ordinal,-0.0493,0.7036659615951687,62,WEAK,Negative,False
Globulin,binary,Z.A.only.E,ordinal,0.0493,0.703801640554034,62,WEAK,Positive,False
VAP.CRO,binary,Albumin,binary,0.0493,0.7036659615951687,62,WEAK,Positive,False
VAP.CRO,binary,Neither.Abx.T,ordinal,-0.0493,0.7036659615951687,62,WEAK,Negative,False
Piperacillin.Tazobactam,continuous,Nitrofurantoin,continuous,0.0492,0.7041817257264369,62,WEAK,Positive,False
CKD,binary,Nitrofurantoin,continuous,-0.0492,0.7041817257264369,62,WEAK,Negative,False
ABSSSI.CRO,binary,Nitrofurantoin,continuous,-0.0492,0.7041817257264369,62,WEAK,Negative,False
INR,binary,Nitrofurantoin,continuous,0.0492,0.7041817257264369,62,WEAK,Positive,False
VAP.CRO,binary,Nitrofurantoin,continuous,-0.0492,0.7041817257264369,62,WEAK,Negative,False
Imipenem,continuous,Nitrofurantoin,continuous,0.0492,0.7041817257264369,62,WEAK,Positive,False
Cefepime,continuous,Nitrofurantoin,continuous,0.0492,0.7041817257264369,62,WEAK,Positive,False
Meropenem,continuous,Nitrofurantoin,continuous,0.0492,0.7041817257264369,62,WEAK,Positive,False
Other.NCRO,binary,Nitrofurantoin,continuous,-0.0492,0.7041817257264369,62,WEAK,Negative,False
CV.Catheter.Now,binary,Nitrofurantoin,continuous,0.0492,0.7041817257264369,62,WEAK,Positive,False
Nitrofurantoin,continuous,Carbapenemase,binary,0.0492,0.7041817257264369,62,WEAK,Positive,False
KPC,binary,Nitrofurantoin,continuous,-0.0492,0.7041817257264369,62,WEAK,Negative,False
Z.A.invitro,binary,Z.A.only.E,ordinal,-0.0491,0.7049871455679975,62,WEAK,Negative,False
CV.Catheter.in.6.Months,binary,ANC,binary,0.0489,0.706083401237252,62,WEAK,Positive,False
CV.Catheter.in.6.Months,binary,Ceftazidime.Avibactam.T,binary,0.0489,0.706083401237252,62,WEAK,Positive,False
CV.Catheter.in.6.Months,binary,Nitrofurantoin,continuous,-0.0487,0.7072186930441663,62,WEAK,Negative,False
Endoscopy.in.1.week,binary,Any.Fungal.Infection,binary,0.0486,0.7101264143352989,61,WEAK,Positive,False
Any.Fungal.Infection,binary,Relapse.post.28.Day.Discharge,binary,0.0486,0.7101264143352989,61,WEAK,Positive,False
UTI.CRO,binary,Immunosuppressive.drugs.in.1.week,binary,-0.0486,0.7076556219051181,62,WEAK,Negative,False
UTI.CRO,binary,SGPT,binary,0.0486,0.7076556219051181,62,WEAK,Positive,False
CV.Catheter.in.6.Months,binary,SGPT,binary,0.0486,0.7076556219051181,62,WEAK,Positive,False
CV.Catheter.in.6.Months,binary,TLC,binary,-0.0486,0.7076556219051181,62,WEAK,Negative,False
Total.Protein,binary,Procalcitonin,binary,-0.0485,0.7080025173120535,62,WEAK,Negative,False
Hypothyroidism,binary,Mortality.in.ICU,binary,0.0485,0.7080025173120535,62,WEAK,Positive,False
Height,continuous,Cefoperazone.Sulbactam,continuous,-0.0485,0.7081583740606341,62,WEAK,Negative,False
Colistin,continuous,Ceftazidime,continuous,0.0484,0.708765798171698,62,WEAK,Positive,False
Inotropes,binary,Nitrofurantoin,continuous,-0.0484,0.7085576310459356,62,WEAK,Negative,False
OXA48,binary,Colistin,continuous,-0.0482,0.7101632214440486,62,WEAK,Negative,False
Urea,binary,Total.Hospital.Stay.in.28.Days,continuous,0.0482,0.7097935834768383,62,WEAK,Positive,False
Minocycline,continuous,Ceftazidime.Avibactam.T,binary,0.048,0.7110525198834926,62,WEAK,Positive,False
Endoscopy.in.1.week,binary,Cefoperazone.Sulbactam,continuous,0.0479,0.711338064770356,62,WEAK,Positive,False
Endoscopy.in.1.week,binary,Ceftazidime,continuous,0.0479,0.711375160054426,62,WEAK,Positive,False
Endoscopy.in.1.week,binary,Amoxicillin.Clavulanic.Acid,continuous,0.0479,0.711338064770356,62,WEAK,Positive,False
Endoscopy.in.1.week,binary,Levofloxacin,continuous,0.0479,0.711375160054426,62,WEAK,Positive,False
Endoscopy.in.1.week,binary,Cefuroxime,continuous,0.0479,0.711338064770356,62,WEAK,Positive,False
Ceftazidime.Avibactam,binary,GW.Stay.in.28.Days,continuous,-0.0479,0.711563945830508,62,WEAK,Negative,False
Hb,binary,Amoxicillin.Clavulanic.Acid,continuous,-0.0479,0.711338064770356,62,WEAK,Negative,False
Hb,binary,Levofloxacin,continuous,-0.0479,0.711375160054426,62,WEAK,Negative,False
Cefuroxime,continuous,Relapse.post.28.Day.Discharge,binary,0.0479,0.711338064770356,62,WEAK,Positive,False
Cefoperazone.Sulbactam,continuous,Mortality.post.28.Day.Discharge,binary,0.0479,0.711338064770356,62,WEAK,Positive,False
Cefoperazone.Sulbactam,continuous,Relapse.post.28.Day.Discharge,binary,0.0479,0.711338064770356,62,WEAK,Positive,False
Cefuroxime,continuous,Mortality.post.28.Day.Discharge,binary,0.0479,0.711338064770356,62,WEAK,Positive,False
Hb,binary,Ceftazidime,continuous,-0.0479,0.711375160054426,62,WEAK,Negative,False
Hb,binary,Cefoperazone.Sulbactam,continuous,-0.0479,0.711338064770356,62,WEAK,Negative,False
CAP.CRO,binary,Cefoperazone.Sulbactam,continuous,0.0479,0.711338064770356,62,WEAK,Positive,False
CAP.CRO,binary,Levofloxacin,continuous,0.0479,0.711375160054426,62,WEAK,Positive,False
CAP.CRO,binary,Ceftazidime,continuous,0.0479,0.711375160054426,62,WEAK,Positive,False
CAP.CRO,binary,Cefuroxime,continuous,0.0479,0.711338064770356,62,WEAK,Positive,False
COPD,binary,Cefuroxime,continuous,0.0479,0.711338064770356,62,WEAK,Positive,False
COPD,binary,Levofloxacin,continuous,0.0479,0.711375160054426,62,WEAK,Positive,False
Hb,binary,Cefuroxime,continuous,-0.0479,0.711338064770356,62,WEAK,Negative,False
Levofloxacin,continuous,Relapse.post.28.Day.Discharge,binary,0.0479,0.711375160054426,62,WEAK,Positive,False
COPD,binary,Ceftazidime,continuous,0.0479,0.711375160054426,62,WEAK,Positive,False
COPD,binary,Cefoperazone.Sulbactam,continuous,0.0479,0.711338064770356,62,WEAK,Positive,False
Amoxicillin.Clavulanic.Acid,continuous,Mortality.post.28.Day.Discharge,binary,0.0479,0.711338064770356,62,WEAK,Positive,False
Amoxicillin.Clavulanic.Acid,continuous,Relapse.post.28.Day.Discharge,binary,0.0479,0.711338064770356,62,WEAK,Positive,False
ALP,binary,Calcium,binary,0.0479,0.711338064770356,62,WEAK,Positive,False
COPD,binary,Amoxicillin.Clavulanic.Acid,continuous,0.0479,0.711338064770356,62,WEAK,Positive,False
Levofloxacin,continuous,Mortality.post.28.Day.Discharge,binary,0.0479,0.711375160054426,62,WEAK,Positive,False
CAP.CRO,binary,Amoxicillin.Clavulanic.Acid,continuous,0.0479,0.711338064770356,62,WEAK,Positive,False
ALP,binary,Sodium,binary,0.0479,0.711338064770356,62,WEAK,Positive,False
Gentamicin,continuous,Ceftazidime.Avibactam.Aztreonam.T,binary,-0.0478,0.7122576111380806,62,WEAK,Negative,False
Neither.Abx.E,ordinal,Gentamicin,continuous,0.0478,0.7123551200791187,62,WEAK,Positive,False
Minocycline,continuous,Polymyxin.Colistin.Inclusion.T,binary,-0.0477,0.7129034037349004,62,WEAK,Negative,False
Male,binary,Past.CREPA.infection,continuous,0.0477,0.7129496876720298,62,WEAK,Positive,False
Female,binary,Past.CREPA.infection,continuous,-0.0477,0.7129496876720298,62,WEAK,Negative,False
APACHEII,continuous,Nitrofurantoin,continuous,0.0474,0.7145852515625114,62,WEAK,Positive,False
Chloramphenicol,continuous,Ceftazidime.Avibactam.Aztreonam.T,binary,-0.0474,0.7144623177089482,62,WEAK,Negative,False
Lympho,binary,Ceftazidime.Avibactam,binary,0.0472,0.7158525042142627,62,WEAK,Positive,False
TLC,binary,Polymyxin.Colistin.Inclusion.T,binary,-0.0472,0.7158525042142627,62,WEAK,Negative,False
Bil,binary,Doxycycline,continuous,0.0472,0.7159023274080373,62,WEAK,Positive,False
Any.Viral.Infection,binary,Neither.Abx.T,ordinal,-0.0471,0.7160384387391959,62,WEAK,Negative,False
Albumin,binary,Polymyxin.Colistin.Inclusion.T,binary,-0.0471,0.7160384387391961,62,WEAK,Negative,False
Female,binary,Albumin,binary,0.047,0.7170647658820881,62,WEAK,Positive,False
Hospitalization.in.past.6.Months,binary,GW.Stay.in.28.Days,continuous,0.047,0.7170393355455746,62,WEAK,Positive,False
Male,binary,Albumin,binary,-0.047,0.7170647658820881,62,WEAK,Negative,False
Any.Viral.Infection,binary,Gentamicin,continuous,0.047,0.7165058679753776,62,WEAK,Positive,False
P.C.Z.A.E,ordinal,Minocycline,continuous,-0.0469,0.717560791287546,62,WEAK,Negative,False
Z.A.invitro,binary,HTN,binary,0.0468,0.7181174469383768,62,WEAK,Positive,False
Ventilation,binary,Amikacin,continuous,-0.0467,0.7183000195473982,62,WEAK,Negative,False
Dialysis.in.1.week,binary,Lympho,binary,0.0466,0.7188885475047776,62,WEAK,Positive,False
Dialysis.in.1.week,binary,TLC,binary,0.0466,0.7188885475047776,62,WEAK,Positive,False
IAI.CRO,binary,SGPT,binary,-0.0466,0.7188885475047776,62,WEAK,Negative,False
IAI.CRO,binary,Lympho,binary,0.0466,0.7188885475047776,62,WEAK,Positive,False
APACHEII,continuous,Imipenem,continuous,0.0466,0.7189878398971415,62,WEAK,Positive,False
Other.NCRO,binary,Total.Hospital.Stay.in.28.Days,continuous,-0.0466,0.7190627985742186,62,WEAK,Negative,False
APACHEII,continuous,Meropenem,continuous,0.0466,0.7189878398971415,62,WEAK,Positive,False
APACHEII,continuous,Cefepime,continuous,0.0466,0.7189878398971415,62,WEAK,Positive,False
Other.NCRO,binary,APACHEII,continuous,-0.0466,0.7189878398971415,62,WEAK,Negative,False
APACHEII,continuous,Piperacillin.Tazobactam,continuous,0.0466,0.7189878398971415,62,WEAK,Positive,False
APACHEII,continuous,Carbapenemase,binary,0.0466,0.7189878398971415,62,WEAK,Positive,False
Male,binary,Cefoxitin,continuous,-0.0465,0.7199303028984535,62,WEAK,Negative,False
SOFA,continuous,Cefotaxime,continuous,0.0465,0.719894743552914,62,WEAK,Positive,False
P.C.Z.A.E,ordinal,Clinical.Improvement,continuous,-0.0465,0.7196255364347097,62,WEAK,Negative,False
Weight,continuous,INR,binary,0.0465,0.7195384080762381,62,WEAK,Positive,False
Female,binary,Cefoxitin,continuous,0.0465,0.7199303028984535,62,WEAK,Positive,False
HAP.CRO,binary,Mortality.in.ICU,binary,0.0464,0.7201400511754168,62,WEAK,Positive,False
SGOT,binary,Procalcitonin,binary,0.0463,0.720575217968358,62,WEAK,Positive,False
Surgery.in.last.3.Months,binary,Polymyxin.Colistin.Inclusion.T,binary,-0.0463,0.7206094808210421,62,WEAK,Negative,False
ANC,binary,P.C.only.T,ordinal,0.0463,0.7208457936859846,62,WEAK,Positive,False
Dialysis.in.1.week,binary,ANC,binary,0.0463,0.7208457936859846,62,WEAK,Positive,False
Urea,binary,Ceftazidime.Avibactam,binary,-0.0463,0.7206094808210421,62,WEAK,Negative,False
Bil,binary,Polymyxin.Colistin.Inclusion.T,binary,-0.0463,0.7206094808210421,62,WEAK,Negative,False
IAI.CRO,binary,Ceftazidime.Avibactam.T,binary,0.0463,0.7208457936859846,62,WEAK,Positive,False
Fosfomycin,continuous,Total.Hospital.Stay.in.28.Days,continuous,0.0462,0.7211481093636629,62,WEAK,Positive,False
Potassium,binary,Minocycline,continuous,-0.0461,0.7222549803024221,62,WEAK,Negative,False
HTN,binary,Past.CREPA.infection,continuous,0.0461,0.7221106283461471,62,WEAK,Positive,False
Past.CREPA.infection,continuous,Ceftazidime.Avibactam,binary,0.046,0.722534579531862,62,WEAK,Positive,False
Creatinine,binary,Ceftazidime.Avibactam.T,binary,0.046,0.7226579482852585,62,WEAK,Positive,False
Past.CREPA.infection,continuous,Any.Viral.Infection,binary,0.046,0.722534579531862,62,WEAK,Positive,False
Other.CRO,binary,Mortality.in.ICU,binary,-0.0458,0.7238835421574424,62,WEAK,Negative,False
Other.CRO,binary,Procalcitonin,binary,-0.0458,0.7238835421574424,62,WEAK,Negative,False
Height,continuous,P.C.only.T,ordinal,0.0458,0.7239414464659688,62,WEAK,Positive,False
Neither.Abx.E,ordinal,Mortality.in.ICU,binary,-0.0458,0.7238835421574424,62,WEAK,Negative,False
Procalcitonin,binary,Neither.Abx.E,ordinal,-0.0458,0.7238835421574424,62,WEAK,Negative,False
INR,binary,Neither.Abx.E,ordinal,0.0457,0.724440901684023,62,WEAK,Positive,False
Lympho,binary,Bil,binary,0.0457,0.7241493725573638,62,WEAK,Positive,False
VAP.CRO,binary,Neither.Abx.E,ordinal,-0.0457,0.724440901684023,62,WEAK,Negative,False
Other.CRO,binary,CV.Catheter.Now,binary,0.0457,0.724440901684023,62,WEAK,Positive,False
CV.Catheter.Now,binary,Neither.Abx.E,ordinal,0.0457,0.724440901684023,62,WEAK,Positive,False
Other.CRO,binary,Carbapenemase,binary,0.0457,0.724440901684023,62,WEAK,Positive,False
Weight,continuous,OXA48,binary,-0.0457,0.7241725473764689,62,WEAK,Negative,False
CKD,binary,Neither.Abx.E,ordinal,-0.0457,0.724440901684023,62,WEAK,Negative,False
Other.CRO,binary,Piperacillin.Tazobactam,continuous,0.0457,0.724440901684023,62,WEAK,Positive,False
KPC,binary,Neither.Abx.E,ordinal,-0.0457,0.724440901684023,62,WEAK,Negative,False
KPC,binary,Other.CRO,binary,-0.0457,0.724440901684023,62,WEAK,Negative,False
Neither.Abx.E,ordinal,Piperacillin.Tazobactam,continuous,0.0457,0.724440901684023,62,WEAK,Positive,False
Neither.Abx.E,ordinal,Meropenem,continuous,0.0457,0.724440901684023,62,WEAK,Positive,False
Other.NCRO,binary,Neither.Abx.E,ordinal,-0.0457,0.724440901684023,62,WEAK,Negative,False
Other.CRO,binary,Imipenem,continuous,0.0457,0.724440901684023,62,WEAK,Positive,False
Other.CRO,binary,Meropenem,continuous,0.0457,0.724440901684023,62,WEAK,Positive,False
Other.CRO,binary,Other.NCRO,binary,-0.0457,0.724440901684023,62,WEAK,Negative,False
Other.CRO,binary,Cefepime,continuous,0.0457,0.724440901684023,62,WEAK,Positive,False
ABSSSI.CRO,binary,Other.CRO,binary,-0.0457,0.724440901684023,62,WEAK,Negative,False
Neither.Abx.E,ordinal,Imipenem,continuous,0.0457,0.724440901684023,62,WEAK,Positive,False
Lympho,binary,Creatinine,binary,-0.0457,0.7241493725573638,62,WEAK,Negative,False
Neither.Abx.E,ordinal,Carbapenemase,binary,0.0457,0.724440901684023,62,WEAK,Positive,False
VAP.CRO,binary,Other.CRO,binary,-0.0457,0.724440901684023,62,WEAK,Negative,False
Neither.Abx.E,ordinal,Cefepime,continuous,0.0457,0.724440901684023,62,WEAK,Positive,False
ABSSSI.CRO,binary,Neither.Abx.E,ordinal,-0.0457,0.724440901684023,62,WEAK,Negative,False
Other.CRO,binary,INR,binary,0.0457,0.724440901684023,62,WEAK,Positive,False
SGOT,binary,Ceftazidime,continuous,-0.0457,0.724231667042276,62,WEAK,Negative,False
SGPT,binary,Amikacin,continuous,0.0456,0.7246968387942821,62,WEAK,Positive,False
Past.CREPA.infection,continuous,Calcium,binary,-0.0456,0.7249138907280427,62,WEAK,Negative,False
Past.CREPA.infection,continuous,Sodium,binary,-0.0456,0.7249138907280427,62,WEAK,Negative,False
CV.Catheter.Now,binary,Doxycycline,continuous,0.0456,0.7249935061276884,62,WEAK,Positive,False
KPC,binary,Doxycycline,continuous,-0.0456,0.7249935061276884,62,WEAK,Negative,False
Other.NCRO,binary,Doxycycline,continuous,-0.0456,0.7249935061276884,62,WEAK,Negative,False
CKD,binary,Doxycycline,continuous,-0.0456,0.7249935061276884,62,WEAK,Negative,False
VAP.CRO,binary,Doxycycline,continuous,-0.0456,0.7249935061276884,62,WEAK,Negative,False
Past.CREPA.infection,continuous,Magnesium,binary,0.0456,0.7249138907280427,62,WEAK,Positive,False
INR,binary,Doxycycline,continuous,0.0456,0.7249935061276884,62,WEAK,Positive,False
Doxycycline,continuous,Cefepime,continuous,0.0456,0.7249935061276886,62,WEAK,Positive,False
ABSSSI.CRO,binary,Doxycycline,continuous,-0.0456,0.7249935061276884,62,WEAK,Negative,False
Doxycycline,continuous,Imipenem,continuous,0.0456,0.7249935061276886,62,WEAK,Positive,False
Doxycycline,continuous,Meropenem,continuous,0.0456,0.7249935061276886,62,WEAK,Positive,False
Doxycycline,continuous,Carbapenemase,binary,0.0456,0.7249935061276886,62,WEAK,Positive,False
Doxycycline,continuous,Piperacillin.Tazobactam,continuous,0.0456,0.7249935061276886,62,WEAK,Positive,False
Magnesium,binary,Ceftazidime.Avibactam.Aztreonam.T,binary,-0.0455,0.7253674652874844,62,WEAK,Negative,False
Calcium,binary,Ceftazidime.Avibactam.Aztreonam.T,binary,0.0455,0.7253674652874844,62,WEAK,Positive,False
HAP.CRO,binary,Sodium,binary,-0.0455,0.7253674652874844,62,WEAK,Negative,False
DM,binary,HAP.CRO,binary,0.0455,0.7253674652874844,62,WEAK,Positive,False
Amikacin,continuous,Ceftazidime.Avibactam.T,binary,-0.0454,0.7258935237154279,62,WEAK,Negative,False
Tigecycline,continuous,Mortality.post.28.Day.Discharge,binary,0.0453,0.7266425519028034,62,WEAK,Positive,False
Urea,binary,Ceftazidime,continuous,0.0453,0.7264193577285873,62,WEAK,Positive,False
Endoscopy.in.1.week,binary,Tigecycline,continuous,0.0453,0.7266425519028034,62,WEAK,Positive,False
Past.CREPA.infection,continuous,Ciprofloxacin,continuous,-0.0452,0.7273892860026054,62,WEAK,Negative,False
Other.CRO,binary,Colistin,continuous,-0.0451,0.7276747829914707,62,WEAK,Negative,False
Gentamicin,continuous,Nitrofurantoin,continuous,-0.0451,0.7277383814870505,62,WEAK,Negative,False
Hypothyroidism,binary,Amikacin,continuous,0.045,0.7284169280578289,62,WEAK,Positive,False
Ceftazidime.Avibactam.Aztreonam.Synergy.T,continuous,Clinical.Improvement,continuous,-0.045,0.7281590628325922,62,WEAK,Negative,False
Past.CREPA.infection,continuous,Trimethoprim.Sulfamethoxazole,continuous,0.045,0.7286189633274986,62,WEAK,Positive,False
Neither.Abx.T,ordinal,Tigecycline,continuous,-0.0449,0.7288834035941184,62,WEAK,Negative,False
Albumin,binary,Tigecycline,continuous,0.0449,0.7288834035941184,62,WEAK,Positive,False
Female,binary,Overall.Mortality,binary,0.0447,0.7303573088946137,62,WEAK,Positive,False
Male,binary,Overall.Mortality,binary,-0.0447,0.7303573088946137,62,WEAK,Negative,False
Chloramphenicol,continuous,Overall.Mortality,binary,0.0446,0.7308405548259037,62,WEAK,Positive,False
Trimethoprim.Sulfamethoxazole,continuous,Polymyxin.Colistin.Inclusion.T,binary,0.0445,0.7313107629559984,62,WEAK,Positive,False
P.C.Z.A.T,ordinal,Tigecycline,continuous,0.0445,0.7313031124808269,62,WEAK,Positive,False
Any.Viral.Infection,binary,Colistin,continuous,-0.0444,0.7316229931143766,62,WEAK,Negative,False
HTN,binary,Total.Hospital.Stay.in.28.Days,continuous,-0.0443,0.7325360982403599,62,WEAK,Negative,False
UTI.CRO,binary,Any.Fungal.Infection,binary,-0.0441,0.7359844853399496,61,WEAK,Negative,False
NDM,binary,Hypothyroidism,binary,-0.044,0.7339924024699656,62,WEAK,Negative,False
HAP.CRO,binary,SOFA,continuous,-0.0439,0.7345867690522493,62,WEAK,Negative,False
ALP,binary,Fosfomycin,continuous,-0.0438,0.7354050739675121,62,WEAK,Negative,False
CV.Catheter.in.6.Months,binary,Chloramphenicol,continuous,0.0438,0.7352982600720759,62,WEAK,Positive,False
Male,binary,Total.Hospital.Stay.in.28.Days,continuous,0.0437,0.7357990420677615,62,WEAK,Positive,False
Female,binary,Total.Hospital.Stay.in.28.Days,continuous,-0.0437,0.7357990420677615,62,WEAK,Negative,False
Total.Protein,binary,Gentamicin,continuous,0.0436,0.7365305620640706,62,WEAK,Positive,False
Height,continuous,Urea,binary,-0.0435,0.7369854353881627,62,WEAK,Negative,False
Female,binary,Potassium,binary,0.0435,0.7369945071779097,62,WEAK,Positive,False
Hospitalization.in.past.6.Months,binary,Z.A.only.T,ordinal,0.0435,0.7369781996342105,62,WEAK,Positive,False
APACHEII,continuous,Cefoperazone.Sulbactam,continuous,-0.0435,0.7372876433480074,62,WEAK,Negative,False
Male,binary,Potassium,binary,-0.0435,0.7369945071779097,62,WEAK,Negative,False
HTN,binary,Sodium,binary,0.0435,0.7369781996342105,62,WEAK,Positive,False
HTN,binary,Calcium,binary,0.0435,0.7369781996342105,62,WEAK,Positive,False
Urinary.Catheter.in.6.Months,binary,Dialysis.in.1.week,binary,0.0434,0.7377131951142597,62,WEAK,Positive,False
Urinary.Catheter.in.6.Months,binary,P.C.only.T,ordinal,0.0434,0.7377131951142597,62,WEAK,Positive,False
Potassium,binary,P.C.only.T,ordinal,0.0434,0.7377131951142597,62,WEAK,Positive,False
Z.A.only.E,ordinal,Tigecycline,continuous,0.0433,0.7384117353873679,62,WEAK,Positive,False
Age,continuous,Hospitalization.in.past.6.Months,binary,0.0433,0.7380423731802468,62,WEAK,Positive,False
Other.CRO,binary,Ceftazidime.Avibactam.Aztreonam.Synergy.T,continuous,-0.0433,0.7385364862481506,62,WEAK,Negative,False
Z.A.invitro,binary,Neither.Abx.T,ordinal,-0.0432,0.7390668771823707,62,WEAK,Negative,False
Albumin,binary,P.C.only.E,ordinal,-0.0432,0.7390668771823707,62,WEAK,Negative,False
Urea,binary,Gentamicin,continuous,-0.0432,0.7389417168203979,62,WEAK,Negative,False
Bil,binary,Potassium,binary,-0.0431,0.7394244533705692,62,WEAK,Negative,False
Surgery.in.last.3.Months,binary,Potassium,binary,-0.0431,0.7394244533705692,62,WEAK,Negative,False
Total.Protein,binary,Ceftazidime.Avibactam.Aztreonam.Synergy.T,continuous,-0.043,0.7397700159053542,62,WEAK,Negative,False
Hemat.Malignancy,binary,Ceftazidime.Avibactam.Aztreonam.Synergy.T,continuous,0.043,0.7397700159053542,62,WEAK,Positive,False
CAP.CRO,binary,Overall.Mortality,binary,0.0429,0.740479406272908,62,WEAK,Positive,False
NDM,binary,COPD,binary,-0.0429,0.740479406272908,62,WEAK,Negative,False
Sodium,binary,Trimethoprim.Sulfamethoxazole,continuous,-0.0429,0.7407570945342339,62,WEAK,Negative,False
SOFA,continuous,Total.Hospital.Stay.in.28.Days,continuous,0.0429,0.7405650613419398,62,WEAK,Positive,False
Overall.Mortality,binary,Relapse.post.28.Day.Discharge,binary,0.0429,0.740479406272908,62,WEAK,Positive,False
Endoscopy.in.1.week,binary,Ventilation,binary,-0.0429,0.740479406272908,62,WEAK,Negative,False
Ventilation,binary,Relapse.post.28.Day.Discharge,binary,-0.0429,0.740479406272908,62,WEAK,Negative,False
CAP.CRO,binary,Ventilation,binary,-0.0429,0.740479406272908,62,WEAK,Negative,False
COPD,binary,Overall.Mortality,binary,0.0429,0.740479406272908,62,WEAK,Positive,False
NDM,binary,CAP.CRO,binary,-0.0429,0.740479406272908,62,WEAK,Negative,False
NDM,binary,Endoscopy.in.1.week,binary,-0.0429,0.740479406272908,62,WEAK,Negative,False
Endoscopy.in.1.week,binary,Minocycline,continuous,0.0428,0.741244977927576,62,WEAK,Positive,False
IAI.CRO,binary,Inotropes,binary,-0.0426,0.7423884459903621,62,WEAK,Negative,False
Magnesium,binary,Clinical.Improvement,continuous,-0.0426,0.7424786274670451,62,WEAK,Negative,False
Male,binary,P.C.only.T,ordinal,-0.0426,0.7423884459903621,62,WEAK,Negative,False
Male,binary,Dialysis.in.1.week,binary,-0.0426,0.7423884459903621,62,WEAK,Negative,False
Female,binary,IAI.CRO,binary,0.0426,0.7423884459903621,62,WEAK,Positive,False
Inotropes,binary,P.C.only.T,ordinal,-0.0426,0.7423884459903621,62,WEAK,Negative,False
Male,binary,IAI.CRO,binary,-0.0426,0.7423884459903621,62,WEAK,Negative,False
Female,binary,Dialysis.in.1.week,binary,0.0426,0.7423884459903621,62,WEAK,Positive,False
Female,binary,P.C.only.T,ordinal,0.0426,0.7423884459903621,62,WEAK,Positive,False
Z.A.invitro,binary,Ceftazidime.Avibactam.T,binary,-0.0426,0.7423884459903621,62,WEAK,Negative,False
Inotropes,binary,P.C.Z.A.E,ordinal,-0.0426,0.7423884459903621,62,WEAK,Negative,False
Z.A.invitro,binary,Solid.Organ,binary,-0.0426,0.7423884459903621,62,WEAK,Negative,False
Ciprofloxacin,continuous,Clinical.Improvement,continuous,-0.0425,0.7430689073735696,62,WEAK,Negative,False
Solid.Organ,binary,Gentamicin,continuous,0.0424,0.7432411406573199,62,WEAK,Positive,False
Neutropenia,binary,Amikacin,continuous,-0.0424,0.7437934346232997,62,WEAK,Negative,False
Creatinine,binary,Cefuroxime,continuous,0.0423,0.7439790743101271,62,WEAK,Positive,False
Creatinine,binary,Amoxicillin.Clavulanic.Acid,continuous,0.0423,0.7439790743101271,62,WEAK,Positive,False
Urea,binary,Cefoperazone.Sulbactam,continuous,0.0423,0.7439790743101271,62,WEAK,Positive,False
Bil,binary,Cefuroxime,continuous,-0.0423,0.7439790743101271,62,WEAK,Negative,False
Age,continuous,Trimethoprim.Sulfamethoxazole,continuous,0.0423,0.7442647984244815,62,WEAK,Positive,False
Bil,binary,Amoxicillin.Clavulanic.Acid,continuous,-0.0423,0.7439790743101271,62,WEAK,Negative,False
Bil,binary,Cefoperazone.Sulbactam,continuous,-0.0423,0.7439790743101271,62,WEAK,Negative,False
Colistin,continuous,Cefoperazone.Sulbactam,continuous,0.0422,0.7448774798708382,62,WEAK,Positive,False
Amoxicillin.Clavulanic.Acid,continuous,Colistin,continuous,0.0422,0.7448774798708382,62,WEAK,Positive,False
Colistin,continuous,Cefuroxime,continuous,0.0422,0.7448774798708382,62,WEAK,Positive,False
NDM,binary,SOFA,continuous,0.0422,0.7444043816294579,62,WEAK,Positive,False
VAP.CRO,binary,P.C.Z.A.E,ordinal,-0.0419,0.7463731923914527,62,WEAK,Negative,False
IAI.CRO,binary,Meropenem,continuous,0.0419,0.7463731923914527,62,WEAK,Positive,False
IAI.CRO,binary,Piperacillin.Tazobactam,continuous,0.0419,0.7463731923914527,62,WEAK,Positive,False
IAI.CRO,binary,Cefepime,continuous,0.0419,0.7463731923914527,62,WEAK,Positive,False
ABSSSI.CRO,binary,Dialysis.in.1.week,binary,-0.0419,0.7463731923914527,62,WEAK,Negative,False
IAI.CRO,binary,Carbapenemase,binary,0.0419,0.7463731923914527,62,WEAK,Positive,False
IAI.CRO,binary,Imipenem,continuous,0.0419,0.7463731923914527,62,WEAK,Positive,False
CV.Catheter.Now,binary,Dialysis.in.1.week,binary,0.0419,0.7463731923914527,62,WEAK,Positive,False
CKD,binary,Dialysis.in.1.week,binary,-0.0419,0.7463731923914527,62,WEAK,Negative,False
CV.Catheter.Now,binary,P.C.only.T,ordinal,0.0419,0.7463731923914527,62,WEAK,Positive,False
KPC,binary,P.C.Z.A.E,ordinal,-0.0419,0.7463731923914527,62,WEAK,Negative,False
CKD,binary,P.C.Z.A.E,ordinal,-0.0419,0.7463731923914527,62,WEAK,Negative,False
KPC,binary,Dialysis.in.1.week,binary,-0.0419,0.7463731923914527,62,WEAK,Negative,False
CKD,binary,P.C.only.T,ordinal,-0.0419,0.7463731923914527,62,WEAK,Negative,False
CKD,binary,IAI.CRO,binary,-0.0419,0.7463731923914527,62,WEAK,Negative,False
Other.NCRO,binary,P.C.only.T,ordinal,-0.0419,0.7463731923914527,62,WEAK,Negative,False
P.C.only.T,ordinal,Cefepime,continuous,0.0419,0.7463731923914527,62,WEAK,Positive,False
VAP.CRO,binary,Dialysis.in.1.week,binary,-0.0419,0.7463731923914527,62,WEAK,Negative,False
Dialysis.in.1.week,binary,INR,binary,0.0419,0.7463731923914527,62,WEAK,Positive,False
IAI.CRO,binary,Other.NCRO,binary,-0.0419,0.7463731923914527,62,WEAK,Negative,False
KPC,binary,P.C.only.T,ordinal,-0.0419,0.7463731923914527,62,WEAK,Negative,False
IAI.CRO,binary,CV.Catheter.Now,binary,0.0419,0.7463731923914527,62,WEAK,Positive,False
IAI.CRO,binary,VAP.CRO,binary,-0.0419,0.7463731923914527,62,WEAK,Negative,False
VAP.CRO,binary,P.C.only.T,ordinal,-0.0419,0.7463731923914527,62,WEAK,Negative,False
P.C.only.T,ordinal,Meropenem,continuous,0.0419,0.7463731923914527,62,WEAK,Positive,False
P.C.only.T,ordinal,Imipenem,continuous,0.0419,0.7463731923914527,62,WEAK,Positive,False
P.C.only.T,ordinal,Nitrofurantoin,continuous,0.0419,0.7463174755990336,62,WEAK,Positive,False
P.C.only.T,ordinal,Piperacillin.Tazobactam,continuous,0.0419,0.7463731923914527,62,WEAK,Positive,False
CV.Catheter.Now,binary,P.C.Z.A.E,ordinal,0.0419,0.7463731923914527,62,WEAK,Positive,False
ABSSSI.CRO,binary,P.C.Z.A.E,ordinal,-0.0419,0.7463731923914527,62,WEAK,Negative,False
P.C.only.T,ordinal,Carbapenemase,binary,0.0419,0.7463731923914527,62,WEAK,Positive,False
ABSSSI.CRO,binary,P.C.only.T,ordinal,-0.0419,0.7463731923914527,62,WEAK,Negative,False
Dialysis.in.1.week,binary,Imipenem,continuous,0.0419,0.7463731923914527,62,WEAK,Positive,False
INR,binary,P.C.Z.A.E,ordinal,0.0419,0.7463731923914527,62,WEAK,Positive,False
Dialysis.in.1.week,binary,Carbapenemase,binary,0.0419,0.7463731923914527,62,WEAK,Positive,False
Dialysis.in.1.week,binary,Cefepime,continuous,0.0419,0.7463731923914527,62,WEAK,Positive,False
Dialysis.in.1.week,binary,Meropenem,continuous,0.0419,0.7463731923914527,62,WEAK,Positive,False
Dialysis.in.1.week,binary,Piperacillin.Tazobactam,continuous,0.0419,0.7463731923914527,62,WEAK,Positive,False
Other.NCRO,binary,Dialysis.in.1.week,binary,-0.0419,0.7463731923914527,62,WEAK,Negative,False
IAI.CRO,binary,ABSSSI.CRO,binary,-0.0419,0.7463731923914527,62,WEAK,Negative,False
Ventilation,binary,Aztreonam,continuous,-0.0418,0.7472809624988462,62,WEAK,Negative,False
Weight,continuous,Ceftazidime.Avibactam.Aztreonam.T,binary,0.0417,0.7475131972226279,62,WEAK,Positive,False
Inotropes,binary,Aztreonam,continuous,-0.0416,0.7484473905577987,62,WEAK,Negative,False
Dialysis.in.1.week,binary,Doxycycline,continuous,0.0416,0.748079838118607,62,WEAK,Positive,False
Other.CRO,binary,SOFA,continuous,0.0415,0.7486084014064043,62,WEAK,Positive,False
Calcium,binary,Mortality.in.Hospital,binary,-0.0414,0.7494049918671972,62,WEAK,Negative,False
HAP.CRO,binary,ALP,binary,-0.0414,0.7496454871321645,62,WEAK,Negative,False
P.C.in.vitro,binary,Z.A.only.T,ordinal,0.0414,0.7494049918671972,62,WEAK,Positive,False
Z.A.invitro,binary,Nitrofurantoin,continuous,-0.0414,0.7492093506152363,62,WEAK,Negative,False
P.C.in.vitro,binary,DM,binary,0.0414,0.7494049918671972,62,WEAK,Positive,False
Magnesium,binary,Mortality.in.Hospital,binary,0.0414,0.7494049918671972,62,WEAK,Positive,False
TLC,binary,Ceftazidime.Avibactam.Aztreonam.Synergy.T,continuous,0.0413,0.7499556049352518,62,WEAK,Positive,False
Total.Protein,binary,Colistin,continuous,-0.0412,0.7506590429935676,62,WEAK,Negative,False
Past.CREPA.infection,continuous,Tigecycline,continuous,-0.0412,0.7505501799856137,62,WEAK,Negative,False
BSI.CRO,binary,SGPT,binary,0.0412,0.7504888696492585,62,WEAK,Positive,False
Bil,binary,Minocycline,continuous,0.0412,0.7505319534043987,62,WEAK,Positive,False
Ceftazidime.Avibactam.Aztreonam.Synergy.T,continuous,Overall.Mortality,binary,-0.0411,0.7513816401573434,62,WEAK,Negative,False
ALP,binary,Trimethoprim.Sulfamethoxazole,continuous,0.0411,0.7510539223356929,62,WEAK,Positive,False
Age,continuous,Any.Fungal.Infection,binary,-0.0408,0.7551809951802853,61,WEAK,Negative,False
Age,continuous,Past.CREPA.infection,continuous,0.0408,0.7529509072086624,62,WEAK,Positive,False
Z.A.invitro,binary,CAP.CRO,binary,0.0408,0.7530229162618071,62,WEAK,Positive,False
Z.A.invitro,binary,COPD,binary,0.0408,0.7530229162618071,62,WEAK,Positive,False
Amikacin,continuous,Doxycycline,continuous,0.0408,0.7527995685379653,62,WEAK,Positive,False
Z.A.invitro,binary,CV.Catheter.in.6.Months,binary,-0.0408,0.7529413630499775,62,WEAK,Negative,False
COPD,binary,P.C.only.E,ordinal,-0.0408,0.7530229162618071,62,WEAK,Negative,False
Z.A.invitro,binary,ICU.Stay.in.28.Days,continuous,0.0407,0.7534023771115523,62,WEAK,Positive,False
Z.A.only.T,ordinal,ICU.Stay.in.28.Days,continuous,0.0407,0.7533377791282492,62,WEAK,Positive,False
Hospitalization.in.past.6.Months,binary,Bil,binary,0.0406,0.7539783396232789,62,WEAK,Positive,False
ICU.Stay.in.28.Days,continuous,Mortality.post.28.Day.Discharge,binary,0.0406,0.7541879954509039,62,WEAK,Positive,False
Fosfomycin,continuous,Mortality.in.Hospital,binary,-0.0405,0.7546124593729177,62,WEAK,Negative,False
Endoscopy.in.1.week,binary,Total.Hospital.Stay.in.28.Days,continuous,-0.0404,0.7549631443194216,62,WEAK,Negative,False
COPD,binary,Total.Hospital.Stay.in.28.Days,continuous,-0.0404,0.7549631443194216,62,WEAK,Negative,False
P.C.only.T,ordinal,Chloramphenicol,continuous,0.0404,0.7550265472898962,62,WEAK,Positive,False
Aztreonam,continuous,Clinical.Improvement,continuous,-0.0402,0.7562700103962348,62,WEAK,Negative,False
Neutropenia,binary,ALP,binary,0.0402,0.7563321871385359,62,WEAK,Positive,False
Magnesium,binary,Ceftazidime.Avibactam.Aztreonam.Synergy.T,continuous,-0.0401,0.7572643982927056,62,WEAK,Negative,False
Sodium,binary,Ceftazidime.Avibactam.Aztreonam.Synergy.T,continuous,0.0401,0.7572643982927056,62,WEAK,Positive,False
SOFA,continuous,Neither.Abx.E,ordinal,-0.0401,0.7570059261340424,62,WEAK,Negative,False
Z.A.invitro,binary,Globulin,binary,0.0399,0.7580454061114423,62,WEAK,Positive,False
Z.A.invitro,binary,Urinary.Catheter.in.6.Months,binary,-0.0399,0.7580454061114423,62,WEAK,Negative,False
Solid.Organ,binary,P.C.only.E,ordinal,-0.0399,0.7579820075084904,62,WEAK,Negative,False
NDM,binary,HAP.CRO,binary,0.0395,0.7605723357326827,62,WEAK,Positive,False
Surgery.in.last.3.Months,binary,Any.Fungal.Infection,binary,0.0395,0.7626841692092103,61,WEAK,Positive,False
Inotropes,binary,Z.A.only.T,ordinal,0.0395,0.7606435386505535,62,WEAK,Positive,False
Past.CREPA.infection,continuous,Relapse.post.28.Day.Discharge,binary,0.0395,0.7606994592186591,62,WEAK,Positive,False
Female,binary,Calcium,binary,0.0395,0.7606435386505535,62,WEAK,Positive,False
Male,binary,Calcium,binary,-0.0395,0.7606435386505535,62,WEAK,Negative,False
Female,binary,Z.A.only.T,ordinal,-0.0395,0.7606435386505535,62,WEAK,Negative,False
SGOT,binary,Gentamicin,continuous,-0.0395,0.76074418884944,62,WEAK,Negative,False
HAP.CRO,binary,Overall.Mortality,binary,-0.0395,0.7605723357326827,62,WEAK,Negative,False
Male,binary,Z.A.only.T,ordinal,0.0395,0.7606435386505535,62,WEAK,Positive,False
INR,binary,Total.Hospital.Stay.in.28.Days,continuous,-0.0394,0.7608808396642267,62,WEAK,Negative,False
KPC,binary,Total.Hospital.Stay.in.28.Days,continuous,0.0394,0.7608808396642267,62,WEAK,Positive,False
Overall.organ.support,binary,Neutropenia,binary,0.0393,0.7616756386440598,62,WEAK,Positive,False
Age,continuous,Ventilation,binary,0.0393,0.7615848857367455,62,WEAK,Positive,False
Cefoxitin,continuous,Overall.Mortality,binary,0.0393,0.7616307631271788,62,WEAK,Positive,False
BSI.CRO,binary,Other.Illness.Leading.to.Hospitalization.post.28.Days.Discharge,binary,-0.0393,0.7616756386440598,62,WEAK,Negative,False
Platelet,binary,Cefoxitin,continuous,-0.0393,0.7616307631271788,62,WEAK,Negative,False
Creatinine,binary,Levofloxacin,continuous,0.0393,0.7617364612946341,62,WEAK,Positive,False
Surgery.in.last.3.Months,binary,Ceftazidime,continuous,-0.0393,0.7617364612946341,62,WEAK,Negative,False
Ventilation,binary,Ciprofloxacin,continuous,-0.0393,0.7617150364252075,62,WEAK,Negative,False
BSI.CRO,binary,Z.A.only.E,ordinal,-0.0393,0.7616756386440598,62,WEAK,Negative,False
Height,continuous,SOFA,continuous,0.0393,0.7616321484173086,62,WEAK,Positive,False
Ventilation,binary,Cefoxitin,continuous,-0.0393,0.7616307631271788,62,WEAK,Negative,False
Hospitalization.in.past.6.Months,binary,Chloramphenicol,continuous,0.0392,0.7620997961515917,62,WEAK,Positive,False
Past.CREPA.infection,continuous,ANC,binary,0.0391,0.7626681664853139,62,WEAK,Positive,False
Bil,binary,Gentamicin,continuous,-0.0391,0.7626618069588444,62,WEAK,Negative,False
Past.CREPA.infection,continuous,Solid.Organ,binary,0.0391,0.7626681664853139,62,WEAK,Positive,False
Height,continuous,ICU.Stay.in.28.Days,continuous,-0.0389,0.7638394630456337,62,WEAK,Negative,False
Overall.organ.support,binary,Ciprofloxacin,continuous,0.0388,0.7647809425122578,62,WEAK,Positive,False
Overall.organ.support,binary,Ceftazidime.Avibactam.Aztreonam.Synergy.T,continuous,0.0388,0.7646887807428747,62,WEAK,Positive,False
Total.Protein,binary,Globulin,binary,0.0387,0.7653489031494795,62,WEAK,Positive,False
SGPT,binary,Fosfomycin,continuous,-0.0385,0.7665932542967403,62,WEAK,Negative,False
Height,continuous,Other.CRO,binary,-0.0385,0.7665320922455555,62,WEAK,Negative,False
Urinary.Catheter.in.6.Months,binary,Trimethoprim.Sulfamethoxazole,continuous,-0.0383,0.7674747227518612,62,WEAK,Negative,False
Colistin,continuous,Ceftazidime.Avibactam.Aztreonam.T,binary,-0.0383,0.7675950437934663,62,WEAK,Negative,False
Hypothyroidism,binary,Neither.Abx.T,ordinal,0.0381,0.7686050688448013,62,WEAK,Positive,False
OXA48,binary,Hypothyroidism,binary,-0.0381,0.7686050688448013,62,WEAK,Negative,False
Total.Protein,binary,Neither.Abx.T,ordinal,-0.0381,0.7686050688448013,62,WEAK,Negative,False
Cefoxitin,continuous,Clinical.Improvement,continuous,-0.038,0.7695024064333194,62,WEAK,Negative,False
P.C.in.vitro,binary,Albumin,binary,0.038,0.7694786251757331,62,WEAK,Positive,False
HTN,binary,Amikacin,continuous,-0.038,0.7693067407707698,62,WEAK,Negative,False
Hospitalization.in.past.6.Months,binary,Amikacin,continuous,0.038,0.7693067407707698,62,WEAK,Positive,False
OXA48,binary,P.C.in.vitro,binary,0.038,0.7694786251757331,62,WEAK,Positive,False
Albumin,binary,P.C.Z.A.T,ordinal,0.038,0.7694786251757331,62,WEAK,Positive,False
UTI.CRO,binary,SOFA,continuous,0.038,0.7695755879228924,62,WEAK,Positive,False
KPC,binary,Neutropenia,binary,-0.0379,0.7698119845545932,62,WEAK,Negative,False
CKD,binary,Neutropenia,binary,-0.0379,0.7698119845545932,62,WEAK,Negative,False
Other.NCRO,binary,Other.Illness.Leading.to.Hospitalization.post.28.Days.Discharge,binary,-0.0379,0.7698119845545932,62,WEAK,Negative,False
ABSSSI.CRO,binary,Neutropenia,binary,-0.0379,0.7698119845545932,62,WEAK,Negative,False
ABSSSI.CRO,binary,Z.A.only.E,ordinal,-0.0379,0.7698119845545932,62,WEAK,Negative,False
Carbapenemase,binary,Other.Illness.Leading.to.Hospitalization.post.28.Days.Discharge,binary,0.0379,0.7698119845545932,62,WEAK,Positive,False
INR,binary,Other.Illness.Leading.to.Hospitalization.post.28.Days.Discharge,binary,0.0379,0.7698119845545932,62,WEAK,Positive,False
INR,binary,Z.A.only.E,ordinal,0.0379,0.7698119845545932,62,WEAK,Positive,False
VAP.CRO,binary,Other.Illness.Leading.to.Hospitalization.post.28.Days.Discharge,binary,-0.0379,0.7698119845545932,62,WEAK,Negative,False
Cefepime,continuous,Other.Illness.Leading.to.Hospitalization.post.28.Days.Discharge,binary,0.0379,0.7698119845545932,62,WEAK,Positive,False
Neutropenia,binary,INR,binary,0.0379,0.7698119845545932,62,WEAK,Positive,False
ABSSSI.CRO,binary,Other.Illness.Leading.to.Hospitalization.post.28.Days.Discharge,binary,-0.0379,0.7698119845545932,62,WEAK,Negative,False
Meropenem,continuous,Other.Illness.Leading.to.Hospitalization.post.28.Days.Discharge,binary,0.0379,0.7698119845545932,62,WEAK,Positive,False
CV.Catheter.Now,binary,Neutropenia,binary,0.0379,0.7698119845545932,62,WEAK,Positive,False
VAP.CRO,binary,Neutropenia,binary,-0.0379,0.7698119845545932,62,WEAK,Negative,False
CV.Catheter.Now,binary,Other.Illness.Leading.to.Hospitalization.post.28.Days.Discharge,binary,0.0379,0.7698119845545932,62,WEAK,Positive,False
Imipenem,continuous,Other.Illness.Leading.to.Hospitalization.post.28.Days.Discharge,binary,0.0379,0.7698119845545932,62,WEAK,Positive,False
CKD,binary,Other.Illness.Leading.to.Hospitalization.post.28.Days.Discharge,binary,-0.0379,0.7698119845545932,62,WEAK,Negative,False
KPC,binary,Other.Illness.Leading.to.Hospitalization.post.28.Days.Discharge,binary,-0.0379,0.7698119845545932,62,WEAK,Negative,False
Z.A.only.E,ordinal,Piperacillin.Tazobactam,continuous,0.0379,0.7698119845545932,62,WEAK,Positive,False
Other.NCRO,binary,Neutropenia,binary,-0.0379,0.7698119845545932,62,WEAK,Negative,False
Other.NCRO,binary,Z.A.only.E,ordinal,-0.0379,0.7698119845545932,62,WEAK,Negative,False
VAP.CRO,binary,Z.A.only.E,ordinal,-0.0379,0.7698119845545932,62,WEAK,Negative,False
CV.Catheter.Now,binary,Z.A.only.E,ordinal,0.0379,0.7698119845545932,62,WEAK,Positive,False
Z.A.only.E,ordinal,Meropenem,continuous,0.0379,0.7698119845545932,62,WEAK,Positive,False
Z.A.only.E,ordinal,Carbapenemase,binary,0.0379,0.7698119845545932,62,WEAK,Positive,False
Piperacillin.Tazobactam,continuous,Other.Illness.Leading.to.Hospitalization.post.28.Days.Discharge,binary,0.0379,0.7698119845545932,62,WEAK,Positive,False
CKD,binary,Z.A.only.E,ordinal,-0.0379,0.7698119845545932,62,WEAK,Negative,False
Z.A.only.E,ordinal,Imipenem,continuous,0.0379,0.7698119845545932,62,WEAK,Positive,False
Z.A.only.E,ordinal,Cefepime,continuous,0.0379,0.7698119845545932,62,WEAK,Positive,False
Past.CREPA.infection,continuous,Fosfomycin,continuous,-0.0377,0.7709714152077235,62,WEAK,Negative,False
Magnesium,binary,Doxycycline,continuous,0.0377,0.7710148817163704,62,WEAK,Positive,False
TLC,binary,Total.Hospital.Stay.in.28.Days,continuous,0.0377,0.7708387299453842,62,WEAK,Positive,False
CV.Catheter.in.6.Months,binary,Immunosuppressive.drugs.in.1.week,binary,0.0375,0.7724119452644086,62,WEAK,Positive,False
UTI.CRO,binary,TLC,binary,0.0375,0.7724119452644086,62,WEAK,Positive,False
CV.Catheter.in.6.Months,binary,Lympho,binary,0.0375,0.7724119452644086,62,WEAK,Positive,False
Weight,continuous,Ventilation,binary,-0.0375,0.7725442789774799,62,WEAK,Negative,False
Female,binary,Nitrofurantoin,continuous,0.0375,0.7723359881201537,62,WEAK,Positive,False
Hb,binary,Procalcitonin,binary,-0.0375,0.7721583918622579,62,WEAK,Negative,False
COPD,binary,Procalcitonin,binary,0.0375,0.7721583918622579,62,WEAK,Positive,False
CAP.CRO,binary,Mortality.in.ICU,binary,0.0375,0.7721583918622579,62,WEAK,Positive,False
Male,binary,Nitrofurantoin,continuous,-0.0375,0.7723359881201537,62,WEAK,Negative,False
BSI.CRO,binary,Ceftazidime.Avibactam.Aztreonam.Synergy.T,continuous,0.0375,0.7720713054723904,62,WEAK,Positive,False
Minocycline,continuous,Clinical.Improvement,continuous,-0.0374,0.7728003063692797,62,WEAK,Negative,False
HAP.CRO,binary,Ceftazidime.Avibactam,binary,0.0373,0.7735128700804623,62,WEAK,Positive,False
CAP.CRO,binary,Clinical.Improvement,continuous,-0.0373,0.7733958803432549,62,WEAK,Negative,False
Weight,continuous,Amikacin,continuous,0.0372,0.7741801356835497,62,WEAK,Positive,False
SGPT,binary,Ertapenem,continuous,0.0371,0.7748959742080348,62,WEAK,Positive,False
SGPT,binary,Ciprofloxacin,continuous,0.0371,0.7749159337531706,62,WEAK,Positive,False
Colistin,continuous,Tigecycline,continuous,-0.0369,0.775916174105342,62,WEAK,Negative,False
Ertapenem,continuous,Overall.Mortality,binary,0.0368,0.7761880294789884,62,WEAK,Positive,False
NDM,binary,Ertapenem,continuous,-0.0368,0.7761880294789884,62,WEAK,Negative,False
OXA48,binary,P.C.Z.A.E,ordinal,-0.0367,0.776755300926948,62,WEAK,Negative,False
Albumin,binary,P.C.only.T,ordinal,-0.0367,0.776755300926948,62,WEAK,Negative,False
Albumin,binary,P.C.Z.A.E,ordinal,-0.0367,0.776755300926948,62,WEAK,Negative,False
Height,continuous,Platelet,binary,0.0366,0.7778664686306587,62,WEAK,Positive,False
Gentamicin,continuous,Mortality.in.ICU,binary,0.0366,0.7776121516697084,62,WEAK,Positive,False
SGOT,binary,ICU.Stay.in.28.Days,continuous,-0.0366,0.7777340123031499,62,WEAK,Negative,False
SOFA,continuous,Amikacin,continuous,0.0363,0.7794584122561459,62,WEAK,Positive,False
Hypothyroidism,binary,Ventilation,binary,0.0363,0.7796250822918639,62,WEAK,Positive,False
NDM,binary,Hemat.Malignancy,binary,0.0363,0.7796250822918639,62,WEAK,Positive,False
NDM,binary,Total.Protein,binary,-0.0363,0.7796250822918639,62,WEAK,Negative,False
Urea,binary,P.C.only.T,ordinal,0.0361,0.7804089961574538,62,WEAK,Positive,False
Immunosuppressive.drugs.in.1.week,binary,Cefuroxime,continuous,0.036,0.7810702189410116,62,WEAK,Positive,False
Immunosuppressive.drugs.in.1.week,binary,Amoxicillin.Clavulanic.Acid,continuous,0.036,0.7810702189410116,62,WEAK,Positive,False
TLC,binary,Cefuroxime,continuous,0.036,0.7810702189410116,62,WEAK,Positive,False
TLC,binary,Amoxicillin.Clavulanic.Acid,continuous,0.036,0.7810702189410116,62,WEAK,Positive,False
Lympho,binary,Cefoperazone.Sulbactam,continuous,0.036,0.7810702189410116,62,WEAK,Positive,False
Weight,continuous,SOFA,continuous,0.0359,0.7815483400132583,62,WEAK,Positive,False
Ciprofloxacin,continuous,Total.Hospital.Stay.in.28.Days,continuous,0.0359,0.7817560085167019,62,WEAK,Positive,False
Bil,binary,Magnesium,binary,-0.0357,0.7828372936979091,62,WEAK,Negative,False
Sodium,binary,Urea,binary,-0.0357,0.7828372936979091,62,WEAK,Negative,False
Surgery.in.last.3.Months,binary,Sodium,binary,0.0357,0.7828372936979091,62,WEAK,Positive,False
DM,binary,Bil,binary,-0.0357,0.7828372936979091,62,WEAK,Negative,False
Urea,binary,Z.A.only.T,ordinal,0.0357,0.7828372936979091,62,WEAK,Positive,False
Weight,continuous,Other.CRO,binary,-0.0356,0.7834684410217586,62,WEAK,Negative,False
Age,continuous,Solid.Organ,binary,0.0356,0.7834856049519848,62,WEAK,Positive,False
Any.Fungal.Infection,binary,Gentamicin,continuous,-0.0355,0.786064398058701,61,WEAK,Negative,False
Any.Fungal.Infection,binary,Cefoxitin,continuous,0.0354,0.7866381159023321,61,WEAK,Positive,False
Dialysis.in.1.week,binary,Fosfomycin,continuous,0.0353,0.7854987019291975,62,WEAK,Positive,False
Globulin,binary,Aztreonam,continuous,0.0353,0.785217016847905,62,WEAK,Positive,False
Urinary.Catheter.in.6.Months,binary,Ciprofloxacin,continuous,-0.0353,0.7852361080260147,62,WEAK,Negative,False
Urinary.Catheter.in.6.Months,binary,Aztreonam,continuous,-0.0353,0.785217016847905,62,WEAK,Negative,False
SOFA,continuous,Mortality.post.28.Day.Discharge,binary,-0.035,0.786816510891948,62,WEAK,Negative,False
ANC,binary,ALP,binary,0.0349,0.7876130097746423,62,WEAK,Positive,False
Solid.Organ,binary,ALP,binary,0.0349,0.7876130097746423,62,WEAK,Positive,False
UTI.CRO,binary,GW.Stay.in.28.Days,continuous,0.0349,0.7875323736163873,62,WEAK,Positive,False
Immunosuppressive.drugs.in.1.week,binary,Trimethoprim.Sulfamethoxazole,continuous,-0.0348,0.7880243262183225,62,WEAK,Negative,False
CAP.CRO,binary,Gentamicin,continuous,-0.0348,0.7884057970550311,62,WEAK,Negative,False
Fosfomycin,continuous,Other.Illness.Leading.to.Hospitalization.post.28.Days.Discharge,binary,0.0347,0.7891895001741652,62,WEAK,Positive,False
Neutropenia,binary,Fosfomycin,continuous,0.0347,0.7891895001741652,62,WEAK,Positive,False
Total.Protein,binary,P.C.Z.A.E,ordinal,0.0346,0.7895800759236665,62,WEAK,Positive,False
TLC,binary,Aztreonam,continuous,-0.0346,0.7895463595099094,62,WEAK,Negative,False
Ventilation,binary,Trimethoprim.Sulfamethoxazole,continuous,-0.0346,0.7892447702730013,62,WEAK,Negative,False
Lympho,binary,Aztreonam,continuous,-0.0346,0.7895463595099094,62,WEAK,Negative,False
Immunosuppressive.drugs.in.1.week,binary,Aztreonam,continuous,-0.0346,0.7895463595099094,62,WEAK,Negative,False
Hb,binary,Fosfomycin,continuous,0.0344,0.7909025374605586,62,WEAK,Positive,False
TLC,binary,Overall.Mortality,binary,-0.0344,0.7907318962826079,62,WEAK,Negative,False
SGPT,binary,Overall.Mortality,binary,0.0344,0.7907318962826079,62,WEAK,Positive,False
NDM,binary,Lympho,binary,0.0344,0.7907318962826079,62,WEAK,Positive,False
APACHEII,continuous,Mortality.in.Hospital,binary,0.0344,0.7907274080258598,62,WEAK,Positive,False
Fosfomycin,continuous,Relapse.post.28.Day.Discharge,binary,-0.0344,0.7909025374605586,62,WEAK,Negative,False
APACHEII,continuous,Bil,binary,-0.0343,0.7911753129923006,62,WEAK,Negative,False
CAP.CRO,binary,Inotropes,binary,-0.0342,0.7920377077811909,62,WEAK,Negative,False
Female,binary,COPD,binary,0.0342,0.7920377077811909,62,WEAK,Positive,False
HAP.CRO,binary,Neither.Abx.T,ordinal,-0.0342,0.7919134091841814,62,WEAK,Negative,False
Female,binary,CAP.CRO,binary,0.0342,0.7920377077811909,62,WEAK,Positive,False
OXA48,binary,Ceftazidime.Avibactam.Aztreonam.T,binary,-0.0342,0.7919134091841814,62,WEAK,Negative,False
Male,binary,COPD,binary,-0.0342,0.7920377077811909,62,WEAK,Negative,False
Male,binary,CAP.CRO,binary,-0.0342,0.7920377077811909,62,WEAK,Negative,False
Z.A.only.E,ordinal,Ceftazidime.Avibactam.Aztreonam.Synergy.T,continuous,0.0342,0.7919613703503166,62,WEAK,Positive,False
Overall.organ.support,binary,ANC,binary,0.0341,0.7923054956012856,62,WEAK,Positive,False
CV.Catheter.in.6.Months,binary,Ceftazidime.Avibactam,binary,-0.034,0.7932164039238585,62,WEAK,Negative,False
Creatinine,binary,GW.Stay.in.28.Days,continuous,-0.034,0.7930117395353232,62,WEAK,Negative,False
P.C.Z.A.E,ordinal,Neither.Abx.T,ordinal,0.0338,0.7928512049870087,63,WEAK,Positive,False
Any.Fungal.Infection,binary,Cefuroxime,continuous,-0.0338,0.796214018148932,61,WEAK,Negative,False
Any.Fungal.Infection,binary,Cefoperazone.Sulbactam,continuous,-0.0338,0.796214018148932,61,WEAK,Negative,False
Any.Fungal.Infection,binary,Amoxicillin.Clavulanic.Acid,continuous,-0.0338,0.796214018148932,61,WEAK,Negative,False
P.C.only.T,ordinal,Neither.Abx.T,ordinal,0.0338,0.7928512049870087,63,WEAK,Positive,False
Magnesium,binary,GW.Stay.in.28.Days,continuous,0.0337,0.7950888262351776,62,WEAK,Positive,False
Other.NCRO,binary,Hb,binary,0.0336,0.7952942607830282,62,WEAK,Positive,False
Other.NCRO,binary,Endoscopy.in.1.week,binary,-0.0336,0.7952942607830282,62,WEAK,Negative,False
COPD,binary,Carbapenemase,binary,0.0336,0.7952942607830282,62,WEAK,Positive,False
CAP.CRO,binary,Other.NCRO,binary,-0.0336,0.7952942607830282,62,WEAK,Negative,False
CV.Catheter.Now,binary,Hb,binary,-0.0336,0.7952942607830282,62,WEAK,Negative,False
Hemat.Malignancy,binary,Trimethoprim.Sulfamethoxazole,continuous,-0.0336,0.7954807098996973,62,WEAK,Negative,False
CAP.CRO,binary,Carbapenemase,binary,0.0336,0.7952942607830282,62,WEAK,Positive,False
CAP.CRO,binary,Imipenem,continuous,0.0336,0.7952942607830282,62,WEAK,Positive,False
CAP.CRO,binary,Meropenem,continuous,0.0336,0.7952942607830282,62,WEAK,Positive,False
Other.NCRO,binary,Mortality.post.28.Day.Discharge,binary,-0.0336,0.7952942607830282,62,WEAK,Negative,False
Other.NCRO,binary,Relapse.post.28.Day.Discharge,binary,-0.0336,0.7952942607830282,62,WEAK,Negative,False
CAP.CRO,binary,Cefepime,continuous,0.0336,0.7952942607830282,62,WEAK,Positive,False
Endoscopy.in.1.week,binary,Meropenem,continuous,0.0336,0.7952942607830282,62,WEAK,Positive,False
Endoscopy.in.1.week,binary,INR,binary,0.0336,0.7952942607830282,62,WEAK,Positive,False
Endoscopy.in.1.week,binary,Imipenem,continuous,0.0336,0.7952942607830282,62,WEAK,Positive,False
ABSSSI.CRO,binary,CAP.CRO,binary,-0.0336,0.7952942607830282,62,WEAK,Negative,False
ABSSSI.CRO,binary,Endoscopy.in.1.week,binary,-0.0336,0.7952942607830282,62,WEAK,Negative,False
CAP.CRO,binary,Piperacillin.Tazobactam,continuous,0.0336,0.7952942607830282,62,WEAK,Positive,False
Carbapenemase,binary,Mortality.post.28.Day.Discharge,binary,0.0336,0.7952942607830282,62,WEAK,Positive,False
KPC,binary,Mortality.post.28.Day.Discharge,binary,-0.0336,0.7952942607830282,62,WEAK,Negative,False
KPC,binary,Relapse.post.28.Day.Discharge,binary,-0.0336,0.7952942607830282,62,WEAK,Negative,False
COPD,binary,Piperacillin.Tazobactam,continuous,0.0336,0.7952942607830282,62,WEAK,Positive,False
Cefepime,continuous,Relapse.post.28.Day.Discharge,binary,0.0336,0.7952942607830282,62,WEAK,Positive,False
Cefepime,continuous,Mortality.post.28.Day.Discharge,binary,0.0336,0.7952942607830282,62,WEAK,Positive,False
VAP.CRO,binary,Mortality.post.28.Day.Discharge,binary,-0.0336,0.7952942607830282,62,WEAK,Negative,False
Endoscopy.in.1.week,binary,Carbapenemase,binary,0.0336,0.7952942607830282,62,WEAK,Positive,False
Piperacillin.Tazobactam,continuous,Mortality.post.28.Day.Discharge,binary,0.0336,0.7952942607830282,62,WEAK,Positive,False
Piperacillin.Tazobactam,continuous,Relapse.post.28.Day.Discharge,binary,0.0336,0.7952942607830282,62,WEAK,Positive,False
CV.Catheter.Now,binary,Endoscopy.in.1.week,binary,0.0336,0.7952942607830282,62,WEAK,Positive,False
Endoscopy.in.1.week,binary,Cefepime,continuous,0.0336,0.7952942607830282,62,WEAK,Positive,False
Carbapenemase,binary,Relapse.post.28.Day.Discharge,binary,0.0336,0.7952942607830282,62,WEAK,Positive,False
COPD,binary,Cefepime,continuous,0.0336,0.7952942607830282,62,WEAK,Positive,False
CV.Catheter.Now,binary,Relapse.post.28.Day.Discharge,binary,0.0336,0.7952942607830282,62,WEAK,Positive,False
Hb,binary,Cefepime,continuous,-0.0336,0.7952942607830282,62,WEAK,Negative,False
VAP.CRO,binary,CAP.CRO,binary,-0.0336,0.7952942607830282,62,WEAK,Negative,False
Hb,binary,Imipenem,continuous,-0.0336,0.7952942607830282,62,WEAK,Negative,False
Hb,binary,Meropenem,continuous,-0.0336,0.7952942607830282,62,WEAK,Negative,False
Hb,binary,Piperacillin.Tazobactam,continuous,-0.0336,0.7952942607830282,62,WEAK,Negative,False
Imipenem,continuous,Relapse.post.28.Day.Discharge,binary,0.0336,0.7952942607830282,62,WEAK,Positive,False
Age,continuous,Cefoxitin,continuous,0.0336,0.795186658534458,62,WEAK,Positive,False
CKD,binary,Mortality.post.28.Day.Discharge,binary,-0.0336,0.7952942607830282,62,WEAK,Negative,False
CKD,binary,Relapse.post.28.Day.Discharge,binary,-0.0336,0.7952942607830282,62,WEAK,Negative,False
Imipenem,continuous,Mortality.post.28.Day.Discharge,binary,0.0336,0.7952942607830282,62,WEAK,Positive,False
ABSSSI.CRO,binary,Mortality.post.28.Day.Discharge,binary,-0.0336,0.7952942607830282,62,WEAK,Negative,False
ABSSSI.CRO,binary,Relapse.post.28.Day.Discharge,binary,-0.0336,0.7952942607830282,62,WEAK,Negative,False
Meropenem,continuous,Mortality.post.28.Day.Discharge,binary,0.0336,0.7952942607830282,62,WEAK,Positive,False
CV.Catheter.Now,binary,Mortality.post.28.Day.Discharge,binary,0.0336,0.7952942607830282,62,WEAK,Positive,False
VAP.CRO,binary,Relapse.post.28.Day.Discharge,binary,-0.0336,0.7952942607830282,62,WEAK,Negative,False
INR,binary,Relapse.post.28.Day.Discharge,binary,0.0336,0.7952942607830282,62,WEAK,Positive,False
COPD,binary,Meropenem,continuous,0.0336,0.7952942607830282,62,WEAK,Positive,False
COPD,binary,ABSSSI.CRO,binary,-0.0336,0.7952942607830282,62,WEAK,Negative,False
CKD,binary,COPD,binary,-0.0336,0.7952942607830282,62,WEAK,Negative,False
CKD,binary,Endoscopy.in.1.week,binary,-0.0336,0.7952942607830282,62,WEAK,Negative,False
CKD,binary,Hb,binary,0.0336,0.7952942607830282,62,WEAK,Positive,False
KPC,binary,COPD,binary,-0.0336,0.7952942607830282,62,WEAK,Negative,False
COPD,binary,CV.Catheter.Now,binary,0.0336,0.7952942607830282,62,WEAK,Positive,False
COPD,binary,Other.NCRO,binary,-0.0336,0.7952942607830282,62,WEAK,Negative,False
KPC,binary,Endoscopy.in.1.week,binary,-0.0336,0.7952942607830282,62,WEAK,Negative,False
COPD,binary,INR,binary,0.0336,0.7952942607830282,62,WEAK,Positive,False
KPC,binary,CAP.CRO,binary,-0.0336,0.7952942607830282,62,WEAK,Negative,False
COPD,binary,VAP.CRO,binary,-0.0336,0.7952942607830282,62,WEAK,Negative,False
KPC,binary,Hb,binary,0.0336,0.7952942607830282,62,WEAK,Positive,False
Hb,binary,Carbapenemase,binary,-0.0336,0.7952942607830282,62,WEAK,Negative,False
ABSSSI.CRO,binary,Hb,binary,0.0336,0.7952942607830282,62,WEAK,Positive,False
CAP.CRO,binary,INR,binary,0.0336,0.7952942607830282,62,WEAK,Positive,False
INR,binary,Mortality.post.28.Day.Discharge,binary,0.0336,0.7952942607830282,62,WEAK,Positive,False
COPD,binary,Imipenem,continuous,0.0336,0.7952942607830282,62,WEAK,Positive,False
VAP.CRO,binary,Endoscopy.in.1.week,binary,-0.0336,0.7952942607830282,62,WEAK,Negative,False
VAP.CRO,binary,Hb,binary,0.0336,0.7952942607830282,62,WEAK,Positive,False
Hb,binary,INR,binary,-0.0336,0.7952942607830282,62,WEAK,Negative,False
Meropenem,continuous,Relapse.post.28.Day.Discharge,binary,0.0336,0.7952942607830282,62,WEAK,Positive,False
Endoscopy.in.1.week,binary,Piperacillin.Tazobactam,continuous,0.0336,0.7952942607830282,62,WEAK,Positive,False
CAP.CRO,binary,CV.Catheter.Now,binary,0.0336,0.7952942607830282,62,WEAK,Positive,False
Creatinine,binary,Z.A.only.T,ordinal,-0.0335,0.7961082615280444,62,WEAK,Negative,False
APACHEII,continuous,Minocycline,continuous,0.0334,0.796690657797041,62,WEAK,Positive,False
Height,continuous,Ceftazidime.Avibactam.T,binary,0.0334,0.7963998780237612,62,WEAK,Positive,False
Potassium,binary,Fosfomycin,continuous,0.0334,0.796667142373142,62,WEAK,Positive,False
Procalcitonin,binary,Mortality.in.ICU,binary,-0.0333,0.7970267648968802,62,WEAK,Negative,False
Z.A.invitro,binary,P.C.only.E,ordinal,0.0333,0.7970267648968802,62,WEAK,Positive,False
Solid.Organ,binary,Urea,binary,-0.0332,0.7977516303056729,62,WEAK,Negative,False
Clinical.Improvement,continuous,Mortality.post.28.Day.Discharge,binary,0.0332,0.798009373727063,62,WEAK,Positive,False
Solid.Organ,binary,Bil,binary,0.0332,0.7977516303056729,62,WEAK,Positive,False
Surgery.in.last.3.Months,binary,ANC,binary,0.0332,0.7977516303056729,62,WEAK,Positive,False
CV.Catheter.in.6.Months,binary,Ventilation,binary,-0.0331,0.7982976626079348,62,WEAK,Negative,False
Solid.Organ,binary,Minocycline,continuous,-0.0331,0.7981788543662909,62,WEAK,Negative,False
UTI.CRO,binary,Platelet,binary,-0.0331,0.7982976626079348,62,WEAK,Negative,False
Age,continuous,Relapse.post.28.Day.Discharge,binary,0.0331,0.7986666890671927,62,WEAK,Positive,False
TLC,binary,Ceftazidime,continuous,0.033,0.7989418704305448,62,WEAK,Positive,False
SGPT,binary,Ceftazidime,continuous,-0.033,0.7989418704305448,62,WEAK,Negative,False
Age,continuous,Gentamicin,continuous,0.033,0.7990940470410874,62,WEAK,Positive,False
TLC,binary,Levofloxacin,continuous,0.033,0.7989418704305448,62,WEAK,Positive,False
BSI.CRO,binary,Total.Hospital.Stay.in.28.Days,continuous,0.033,0.7988458725940056,62,WEAK,Positive,False
Colistin,continuous,Mortality.post.28.Day.Discharge,binary,0.0329,0.7998936712175699,62,WEAK,Positive,False
Colistin,continuous,Relapse.post.28.Day.Discharge,binary,0.0329,0.7998936712175699,62,WEAK,Positive,False
Age,continuous,Neither.Abx.E,ordinal,-0.0328,0.8002632289406159,62,WEAK,Negative,False
Platelet,binary,Levofloxacin,continuous,0.0328,0.8001022373989567,62,WEAK,Positive,False
Any.Fungal.Infection,binary,Ertapenem,continuous,0.0328,0.8016110464091513,61,WEAK,Positive,False
Platelet,binary,Ceftazidime,continuous,0.0328,0.8001022373989567,62,WEAK,Positive,False
Urinary.Catheter.in.6.Months,binary,Ertapenem,continuous,-0.0326,0.8013877257178308,62,WEAK,Negative,False
Past.CREPA.infection,continuous,Neither.Abx.E,ordinal,0.0326,0.8016840719714279,62,WEAK,Positive,False
Other.CRO,binary,Past.CREPA.infection,continuous,0.0326,0.8016840719714279,62,WEAK,Positive,False
HAP.CRO,binary,Platelet,binary,-0.0325,0.8018744320564833,62,WEAK,Negative,False
Age,continuous,Potassium,binary,-0.0324,0.8028052083491681,62,WEAK,Negative,False
Colistin,continuous,Trimethoprim.Sulfamethoxazole,continuous,0.0324,0.8027614620581636,62,WEAK,Positive,False
Ventilation,binary,SGPT,binary,0.0322,0.8035415005234536,62,WEAK,Positive,False
Hypothyroidism,binary,Total.Hospital.Stay.in.28.Days,continuous,0.0322,0.8039448442734609,62,WEAK,Positive,False
Any.Viral.Infection,binary,Mortality.post.28.Day.Discharge,binary,-0.0322,0.804046039966674,62,WEAK,Negative,False
Any.Viral.Infection,binary,Hb,binary,0.0322,0.804046039966674,62,WEAK,Positive,False
Hb,binary,Polymyxin.Colistin.Inclusion.T,binary,-0.0322,0.804046039966674,62,WEAK,Negative,False
Lympho,binary,Cefotaxime,continuous,-0.0321,0.8042171894782406,62,WEAK,Negative,False
Hemat.Malignancy,binary,Magnesium,binary,0.0321,0.8046522663936635,62,WEAK,Positive,False
DM,binary,Hemat.Malignancy,binary,0.0321,0.8046522663936635,62,WEAK,Positive,False
DM,binary,APACHEII,continuous,0.0321,0.80437351547126,62,WEAK,Positive,False
DM,binary,Hypothyroidism,binary,0.0321,0.8046522663936635,62,WEAK,Positive,False
TLC,binary,Ciprofloxacin,continuous,-0.0321,0.8042871007874983,62,WEAK,Negative,False
SGPT,binary,Cefoxitin,continuous,0.0321,0.8042171894782406,62,WEAK,Positive,False
Hemat.Malignancy,binary,Z.A.only.T,ordinal,0.0321,0.8046522663936635,62,WEAK,Positive,False
Immunosuppressive.drugs.in.1.week,binary,Cefotaxime,continuous,-0.0321,0.8042171894782406,62,WEAK,Negative,False
BSI.CRO,binary,Urinary.Catheter.in.6.Months,binary,-0.032,0.8050744956305789,62,WEAK,Negative,False
BSI.CRO,binary,Doxycycline,continuous,0.0319,0.8057640550961362,62,WEAK,Positive,False
Z.A.invitro,binary,Amikacin,continuous,-0.0319,0.805434612316812,62,WEAK,Negative,False
Immunosuppressive.drugs.in.1.week,binary,Amikacin,continuous,-0.0318,0.8061475898211348,62,WEAK,Negative,False
Hypothyroidism,binary,UTI.CRO,binary,-0.0318,0.8062762131407734,62,WEAK,Negative,False
TLC,binary,Amikacin,continuous,-0.0318,0.8061475898211348,62,WEAK,Negative,False
CV.Catheter.in.6.Months,binary,Total.Protein,binary,0.0318,0.8062762131407734,62,WEAK,Positive,False
UTI.CRO,binary,Total.Protein,binary,0.0318,0.8062762131407734,62,WEAK,Positive,False
APACHEII,continuous,Ciprofloxacin,continuous,0.0317,0.8067558308017398,62,WEAK,Positive,False
Past.CREPA.infection,continuous,Clinical.Improvement,continuous,0.0317,0.806852602338791,62,WEAK,Positive,False
Hypothyroidism,binary,GW.Stay.in.28.Days,continuous,0.0316,0.8070814075363438,62,WEAK,Positive,False
P.C.Z.A.T,ordinal,Neither.Abx.T,ordinal,-0.0316,0.8055195067759983,63,WEAK,Negative,False
Inotropes,binary,Mortality.in.Hospital,binary,0.0314,0.808666566398506,62,WEAK,Positive,False
Neutropenia,binary,Gentamicin,continuous,-0.0314,0.8086790861304624,62,WEAK,Negative,False
COPD,binary,APACHEII,continuous,0.0313,0.8094025099516285,62,WEAK,Positive,False
Neutropenia,binary,Tigecycline,continuous,0.0313,0.8094487234608998,62,WEAK,Positive,False
Past.CREPA.infection,continuous,Z.A.only.E,ordinal,-0.0312,0.8100169316537604,62,WEAK,Negative,False
P.C.in.vitro,binary,Other.Illness.Leading.to.Hospitalization.post.28.Days.Discharge,binary,0.0312,0.8099366968925988,62,WEAK,Positive,False
P.C.in.vitro,binary,Z.A.only.E,ordinal,0.0312,0.8099366968925988,62,WEAK,Positive,False
Neutropenia,binary,P.C.Z.A.T,ordinal,0.0312,0.8099366968925988,62,WEAK,Positive,False
P.C.Z.A.T,ordinal,Other.Illness.Leading.to.Hospitalization.post.28.Days.Discharge,binary,0.0312,0.8099366968925988,62,WEAK,Positive,False
Past.CREPA.infection,continuous,Neutropenia,binary,-0.0312,0.8100169316537604,62,WEAK,Negative,False
Globulin,binary,Urea,binary,0.0311,0.81019933072121,62,WEAK,Positive,False
Globulin,binary,Creatinine,binary,0.0311,0.81019933072121,62,WEAK,Positive,False
Surgery.in.last.3.Months,binary,Globulin,binary,-0.0311,0.81019933072121,62,WEAK,Negative,False
Bil,binary,Globulin,binary,-0.0311,0.81019933072121,62,WEAK,Negative,False
Urinary.Catheter.in.6.Months,binary,Creatinine,binary,-0.0311,0.81019933072121,62,WEAK,Negative,False
SOFA,continuous,Neither.Abx.T,ordinal,-0.0311,0.8104079810113433,62,WEAK,Negative,False
Potassium,binary,Urea,binary,-0.0311,0.81019933072121,62,WEAK,Negative,False
HAP.CRO,binary,P.C.Z.A.E,ordinal,0.031,0.810866198236968,62,WEAK,Positive,False
P.C.Z.A.E,ordinal,Tigecycline,continuous,0.031,0.8109765862589926,62,WEAK,Positive,False
Solid.Organ,binary,Amikacin,continuous,-0.0308,0.812008161243672,62,WEAK,Negative,False
Height,continuous,UTI.CRO,binary,0.0307,0.8127912014891289,62,WEAK,Positive,False
Any.Fungal.Infection,binary,Ceftazidime,continuous,-0.0307,0.8144195302336119,61,WEAK,Negative,False
Surgery.in.last.3.Months,binary,Amikacin,continuous,0.0306,0.8131284274437848,62,WEAK,Positive,False
Lympho,binary,ICU.Stay.in.28.Days,continuous,-0.0305,0.814069250247114,62,WEAK,Negative,False
Bil,binary,Neither.Abx.E,ordinal,0.0304,0.8146938857521984,62,WEAK,Positive,False
Urea,binary,Doxycycline,continuous,-0.0303,0.8150739908727038,62,WEAK,Negative,False
Female,binary,Surgery.in.last.3.Months,binary,-0.0302,0.815988786582652,62,WEAK,Negative,False
Age,continuous,Sodium,binary,0.0302,0.8158992818788778,62,WEAK,Positive,False
Male,binary,Surgery.in.last.3.Months,binary,0.0302,0.815988786582652,62,WEAK,Positive,False
Any.Viral.Infection,binary,Fosfomycin,continuous,-0.0302,0.8159987502765065,62,WEAK,Negative,False
Neutropenia,binary,ICU.Stay.in.28.Days,continuous,-0.03,0.8172356928994197,62,WEAK,Negative,False
GW.Stay.in.28.Days,continuous,Relapse.post.28.Day.Discharge,binary,-0.03,0.8171504785825872,62,WEAK,Negative,False
GW.Stay.in.28.Days,continuous,Mortality.post.28.Day.Discharge,binary,0.03,0.8171504785825872,62,WEAK,Positive,False
Neither.Abx.E,ordinal,Amikacin,continuous,0.03,0.8169055942689446,62,WEAK,Positive,False
Surgery.in.last.3.Months,binary,Ertapenem,continuous,0.0299,0.8177977995771912,62,WEAK,Positive,False
Surgery.in.last.3.Months,binary,Ciprofloxacin,continuous,0.0299,0.8178141071793231,62,WEAK,Positive,False
Potassium,binary,Cefoxitin,continuous,-0.0299,0.8175928191994031,62,WEAK,Negative,False
Urinary.Catheter.in.6.Months,binary,Cefotaxime,continuous,-0.0299,0.8175928191994031,62,WEAK,Negative,False
Globulin,binary,Cefotaxime,continuous,0.0299,0.8175928191994031,62,WEAK,Positive,False
Platelet,binary,Amoxicillin.Clavulanic.Acid,continuous,0.0298,0.8179243689144081,62,WEAK,Positive,False
NDM,binary,Amoxicillin.Clavulanic.Acid,continuous,0.0298,0.8179243689144081,62,WEAK,Positive,False
Amoxicillin.Clavulanic.Acid,continuous,Overall.Mortality,binary,-0.0298,0.8179243689144081,62,WEAK,Negative,False
Ventilation,binary,Cefoperazone.Sulbactam,continuous,0.0298,0.8179243689144081,62,WEAK,Positive,False
Platelet,binary,Cefuroxime,continuous,0.0298,0.8179243689144081,62,WEAK,Positive,False
NDM,binary,Cefuroxime,continuous,0.0298,0.8179243689144081,62,WEAK,Positive,False
Cefuroxime,continuous,Overall.Mortality,binary,-0.0298,0.8179243689144081,62,WEAK,Negative,False
Dialysis.in.1.week,binary,Amikacin,continuous,0.0298,0.8179895872162523,62,WEAK,Positive,False
Cefoperazone.Sulbactam,continuous,Overall.Mortality,binary,-0.0298,0.8179243689144081,62,WEAK,Negative,False
Immunosuppressive.drugs.in.1.week,binary,Ertapenem,continuous,-0.0296,0.8190608929288534,62,WEAK,Negative,False
TLC,binary,Ertapenem,continuous,-0.0296,0.8190608929288534,62,WEAK,Negative,False
Inotropes,binary,Potassium,binary,0.0294,0.8205343776693377,62,WEAK,Positive,False
Urinary.Catheter.in.6.Months,binary,Inotropes,binary,0.0294,0.8205343776693377,62,WEAK,Positive,False
Height,continuous,Tigecycline,continuous,-0.0294,0.8204644515929598,62,WEAK,Negative,False
CAP.CRO,binary,Chloramphenicol,continuous,-0.0292,0.8217819190167264,62,WEAK,Negative,False
P.C.Z.A.E,ordinal,Chloramphenicol,continuous,0.0291,0.8222835264547877,62,WEAK,Positive,False
Dialysis.in.1.week,binary,ICU.Stay.in.28.Days,continuous,0.0291,0.8222413064926793,62,WEAK,Positive,False
Doxycycline,continuous,Mortality.in.Hospital,binary,-0.029,0.8229927086736566,62,WEAK,Negative,False
CKD,binary,Cefoxitin,continuous,0.0289,0.823726570878915,62,WEAK,Positive,False
CKD,binary,Ertapenem,continuous,0.0289,0.8237739682547459,62,WEAK,Positive,False
KPC,binary,Cefotaxime,continuous,0.0289,0.823726570878915,62,WEAK,Positive,False
CKD,binary,Cefotaxime,continuous,0.0289,0.823726570878915,62,WEAK,Positive,False
Z.A.only.E,ordinal,P.C.Z.A.T,ordinal,0.0289,0.8223365694632053,63,WEAK,Positive,False
CKD,binary,Aztreonam,continuous,0.0289,0.8237739682547459,62,WEAK,Positive,False
CKD,binary,Ciprofloxacin,continuous,0.0289,0.8237897588866815,62,WEAK,Positive,False
Other.NCRO,binary,Cefotaxime,continuous,0.0289,0.823726570878915,62,WEAK,Positive,False
INR,binary,Aztreonam,continuous,-0.0289,0.8237739682547459,62,WEAK,Negative,False
INR,binary,Cefoxitin,continuous,-0.0289,0.823726570878915,62,WEAK,Negative,False
INR,binary,Ertapenem,continuous,-0.0289,0.8237739682547459,62,WEAK,Negative,False
INR,binary,Ciprofloxacin,continuous,-0.0289,0.8237897588866815,62,WEAK,Negative,False
ABSSSI.CRO,binary,Cefoxitin,continuous,0.0289,0.823726570878915,62,WEAK,Positive,False
ABSSSI.CRO,binary,Cefotaxime,continuous,0.0289,0.823726570878915,62,WEAK,Positive,False
ABSSSI.CRO,binary,Ciprofloxacin,continuous,0.0289,0.8237897588866815,62,WEAK,Positive,False
ABSSSI.CRO,binary,Ertapenem,continuous,0.0289,0.8237739682547459,62,WEAK,Positive,False
ABSSSI.CRO,binary,Aztreonam,continuous,0.0289,0.8237739682547459,62,WEAK,Positive,False
KPC,binary,Cefoxitin,continuous,0.0289,0.823726570878915,62,WEAK,Positive,False
Other.NCRO,binary,Ertapenem,continuous,0.0289,0.8237739682547459,62,WEAK,Positive,False
Other.NCRO,binary,Ciprofloxacin,continuous,0.0289,0.8237897588866815,62,WEAK,Positive,False
VAP.CRO,binary,Cefoxitin,continuous,0.0289,0.823726570878915,62,WEAK,Positive,False
VAP.CRO,binary,Ciprofloxacin,continuous,0.0289,0.8237897588866815,62,WEAK,Positive,False
CV.Catheter.Now,binary,Cefotaxime,continuous,-0.0289,0.823726570878915,62,WEAK,Negative,False
VAP.CRO,binary,Aztreonam,continuous,0.0289,0.8237739682547459,62,WEAK,Positive,False
CV.Catheter.Now,binary,Ciprofloxacin,continuous,-0.0289,0.8237897588866815,62,WEAK,Negative,False
VAP.CRO,binary,Cefotaxime,continuous,0.0289,0.823726570878915,62,WEAK,Positive,False
CV.Catheter.Now,binary,Ertapenem,continuous,-0.0289,0.8237739682547459,62,WEAK,Negative,False
CV.Catheter.Now,binary,Cefoxitin,continuous,-0.0289,0.823726570878915,62,WEAK,Negative,False
CV.Catheter.Now,binary,Aztreonam,continuous,-0.0289,0.8237739682547459,62,WEAK,Negative,False
VAP.CRO,binary,Ertapenem,continuous,0.0289,0.8237739682547459,62,WEAK,Positive,False
KPC,binary,Aztreonam,continuous,0.0289,0.8237739682547459,62,WEAK,Positive,False
KPC,binary,Ciprofloxacin,continuous,0.0289,0.8237897588866815,62,WEAK,Positive,False
KPC,binary,Ertapenem,continuous,0.0289,0.8237739682547459,62,WEAK,Positive,False
INR,binary,Cefotaxime,continuous,-0.0289,0.823726570878915,62,WEAK,Negative,False
Other.NCRO,binary,Aztreonam,continuous,0.0289,0.8237739682547459,62,WEAK,Positive,False
Other.NCRO,binary,Cefoxitin,continuous,0.0289,0.823726570878915,62,WEAK,Positive,False
DM,binary,Ceftazidime.Avibactam.Aztreonam.T,binary,0.0287,0.8244688604129667,62,WEAK,Positive,False
Age,continuous,CKD,binary,0.0287,0.8250372472545804,62,WEAK,Positive,False
Any.Viral.Infection,binary,Procalcitonin,binary,0.0286,0.8255649211859692,62,WEAK,Positive,False
Polymyxin.Colistin.Inclusion.T,binary,Mortality.in.ICU,binary,-0.0286,0.8255649211859692,62,WEAK,Negative,False
DM,binary,Inotropes,binary,-0.0285,0.8258916734946307,62,WEAK,Negative,False
Male,binary,Magnesium,binary,-0.0285,0.8258916734946307,62,WEAK,Negative,False
Female,binary,Magnesium,binary,0.0285,0.8258916734946307,62,WEAK,Positive,False
COPD,binary,Fosfomycin,continuous,0.0283,0.827172925103444,62,WEAK,Positive,False
OXA48,binary,Total.Hospital.Stay.in.28.Days,continuous,0.0283,0.8272148036253603,62,WEAK,Positive,False
Fosfomycin,continuous,Mortality.post.28.Day.Discharge,binary,0.0283,0.827172925103444,62,WEAK,Positive,False
Any.Fungal.Infection,binary,Fosfomycin,continuous,-0.0282,0.8293910590291979,61,WEAK,Negative,False
Other.CRO,binary,P.C.only.E,ordinal,-0.0281,0.8281528536844736,62,WEAK,Negative,False
Neutropenia,binary,Calcium,binary,-0.028,0.8292350472311324,62,WEAK,Negative,False
Calcium,binary,Z.A.only.E,ordinal,-0.028,0.8292350472311324,62,WEAK,Negative,False
Magnesium,binary,Z.A.only.E,ordinal,0.028,0.8292350472311324,62,WEAK,Positive,False
Magnesium,binary,Other.Illness.Leading.to.Hospitalization.post.28.Days.Discharge,binary,0.028,0.8292350472311324,62,WEAK,Positive,False
Calcium,binary,Other.Illness.Leading.to.Hospitalization.post.28.Days.Discharge,binary,-0.028,0.8292350472311324,62,WEAK,Negative,False
DM,binary,Neutropenia,binary,0.028,0.8292350472311324,62,WEAK,Positive,False
DM,binary,Other.Illness.Leading.to.Hospitalization.post.28.Days.Discharge,binary,0.028,0.8292350472311324,62,WEAK,Positive,False
ANC,binary,SGPT,binary,-0.0279,0.8295434849881883,62,WEAK,Negative,False
Solid.Organ,binary,SGPT,binary,-0.0279,0.8295434849881883,62,WEAK,Negative,False
Trimethoprim.Sulfamethoxazole,continuous,Mortality.in.Hospital,binary,-0.0279,0.8296560673601229,62,WEAK,Negative,False
COPD,binary,Trimethoprim.Sulfamethoxazole,continuous,0.0278,0.8299778404646049,62,WEAK,Positive,False
Endoscopy.in.1.week,binary,Trimethoprim.Sulfamethoxazole,continuous,0.0278,0.8299778404646049,62,WEAK,Positive,False
Endoscopy.in.1.week,binary,SOFA,continuous,-0.0277,0.8309479825475223,62,WEAK,Negative,False
Z.A.invitro,binary,Fosfomycin,continuous,0.0276,0.8312592452256676,62,WEAK,Positive,False
Procalcitonin,binary,Amikacin,continuous,0.0275,0.8321465721729017,62,WEAK,Positive,False
Age,continuous,IAI.CRO,binary,0.0275,0.8321579670141233,62,WEAK,Positive,False
Any.Fungal.Infection,binary,Albumin,binary,0.0275,0.833254425202198,61,WEAK,Positive,False
Amikacin,continuous,Mortality.in.ICU,binary,0.0275,0.8321465721729017,62,WEAK,Positive,False
Weight,continuous,Relapse.post.28.Day.Discharge,binary,0.0275,0.8318151010995127,62,WEAK,Positive,False
Z.A.only.E,ordinal,Fosfomycin,continuous,-0.0274,0.8328464437907315,62,WEAK,Negative,False
Surgery.in.last.3.Months,binary,Aztreonam,continuous,0.0274,0.8327525900735323,62,WEAK,Positive,False
Hospitalization.in.past.6.Months,binary,Platelet,binary,0.0274,0.8324069009752184,62,WEAK,Positive,False
NDM,binary,Hospitalization.in.past.6.Months,binary,0.0274,0.8324069009752184,62,WEAK,Positive,False
ANC,binary,Mortality.in.Hospital,binary,0.0271,0.8345859768926147,62,WEAK,Positive,False
NDM,binary,P.C.only.E,ordinal,0.0271,0.8345859768926147,62,WEAK,Positive,False
NDM,binary,Ceftazidime,continuous,0.0269,0.8358870456154179,62,WEAK,Positive,False
Ventilation,binary,Ceftazidime,continuous,0.0269,0.8358870456154179,62,WEAK,Positive,False
Ventilation,binary,Levofloxacin,continuous,0.0269,0.8358870456154179,62,WEAK,Positive,False
OXA48,binary,Doxycycline,continuous,-0.0269,0.8354926855046138,62,WEAK,Negative,False
Ceftazidime,continuous,Overall.Mortality,binary,-0.0269,0.8358870456154179,62,WEAK,Negative,False
Lympho,binary,Nitrofurantoin,continuous,0.0268,0.8359289574905366,62,WEAK,Positive,False
Female,binary,Ceftazidime,continuous,-0.0267,0.8366596196890187,62,WEAK,Negative,False
HAP.CRO,binary,Ciprofloxacin,continuous,-0.0267,0.8368024012795081,62,WEAK,Negative,False
Male,binary,Levofloxacin,continuous,0.0267,0.8366596196890187,62,WEAK,Positive,False
Male,binary,Ceftazidime,continuous,0.0267,0.8366596196890187,62,WEAK,Positive,False
Female,binary,Levofloxacin,continuous,-0.0267,0.8366596196890187,62,WEAK,Negative,False
Globulin,binary,Procalcitonin,binary,0.0266,0.8375886388139181,62,WEAK,Positive,False
Globulin,binary,Mortality.in.ICU,binary,0.0266,0.8375886388139181,62,WEAK,Positive,False
Globulin,binary,Tigecycline,continuous,-0.0264,0.838527883785737,62,WEAK,Negative,False
SGOT,binary,P.C.Z.A.T,ordinal,0.0264,0.8388716765762778,62,WEAK,Positive,False
Past.CREPA.infection,continuous,Total.Hospital.Stay.in.28.Days,continuous,-0.0263,0.8393018548393226,62,WEAK,Negative,False
Past.CREPA.infection,continuous,Polymyxin.Colistin.Inclusion.T,binary,-0.0263,0.839270547649939,62,WEAK,Negative,False
Immunosuppressive.drugs.in.1.week,binary,Minocycline,continuous,0.0263,0.8392161232490641,62,WEAK,Positive,False
Surgery.in.last.3.Months,binary,Past.CREPA.infection,continuous,0.0261,0.8402525208218523,62,WEAK,Positive,False
NDM,binary,Amikacin,continuous,0.0261,0.8403002249018479,62,WEAK,Positive,False
Past.CREPA.infection,continuous,Creatinine,binary,-0.0261,0.8402525208218523,62,WEAK,Negative,False
Hemat.Malignancy,binary,Mortality.post.28.Day.Discharge,binary,0.026,0.8409408716374918,62,WEAK,Positive,False
P.C.Z.A.E,ordinal,Total.Hospital.Stay.in.28.Days,continuous,0.026,0.8412058051841906,62,WEAK,Positive,False
Sodium,binary,Tigecycline,continuous,-0.026,0.8410503591433931,62,WEAK,Negative,False
Hemat.Malignancy,binary,Hb,binary,-0.026,0.8409408716374918,62,WEAK,Negative,False
Total.Protein,binary,Relapse.post.28.Day.Discharge,binary,-0.026,0.8409408716374918,62,WEAK,Negative,False
Amoxicillin.Clavulanic.Acid,continuous,GW.Stay.in.28.Days,continuous,-0.026,0.8407626574435808,62,WEAK,Negative,False
COPD,binary,Total.Protein,binary,-0.026,0.8409408716374916,62,WEAK,Negative,False
CAP.CRO,binary,Hemat.Malignancy,binary,0.026,0.8409408716374916,62,WEAK,Positive,False
Inotropes,binary,Minocycline,continuous,-0.026,0.8409042388042491,62,WEAK,Negative,False
Cefuroxime,continuous,GW.Stay.in.28.Days,continuous,-0.026,0.8407626574435808,62,WEAK,Negative,False
Hypothyroidism,binary,Mortality.post.28.Day.Discharge,binary,0.026,0.8409408716374918,62,WEAK,Positive,False
Hypothyroidism,binary,Hb,binary,-0.026,0.8409408716374918,62,WEAK,Negative,False
Globulin,binary,Nitrofurantoin,continuous,0.026,0.8407458073580136,62,WEAK,Positive,False
Total.Protein,binary,Mortality.post.28.Day.Discharge,binary,-0.026,0.8409408716374918,62,WEAK,Negative,False
Z.A.only.T,ordinal,Tigecycline,continuous,0.026,0.8410503591433931,62,WEAK,Positive,False
Cefoperazone.Sulbactam,continuous,Clinical.Improvement,continuous,0.0259,0.8413686168949102,62,WEAK,Positive,False
Amoxicillin.Clavulanic.Acid,continuous,Clinical.Improvement,continuous,0.0259,0.8413686168949102,62,WEAK,Positive,False
CV.Catheter.in.6.Months,binary,Mortality.in.Hospital,binary,0.0259,0.8414970912963025,62,WEAK,Positive,False
Z.A.only.T,ordinal,Nitrofurantoin,continuous,0.0259,0.8416055728497035,62,WEAK,Positive,False
Cefuroxime,continuous,Clinical.Improvement,continuous,0.0259,0.8413686168949102,62,WEAK,Positive,False
APACHEII,continuous,Trimethoprim.Sulfamethoxazole,continuous,0.0258,0.8424789228787849,62,WEAK,Positive,False
Age,continuous,CAP.CRO,binary,-0.0257,0.8427566188000892,62,WEAK,Negative,False
Total.Protein,binary,Tigecycline,continuous,0.0257,0.8426542655389558,62,WEAK,Positive,False
Amoxicillin.Clavulanic.Acid,continuous,Total.Hospital.Stay.in.28.Days,continuous,-0.0256,0.8436663503360446,62,WEAK,Negative,False
HTN,binary,Bil,binary,0.0256,0.8431339605025955,62,WEAK,Positive,False
Cefuroxime,continuous,Total.Hospital.Stay.in.28.Days,continuous,-0.0256,0.8436663503360446,62,WEAK,Negative,False
Surgery.in.last.3.Months,binary,Any.Viral.Infection,binary,-0.0255,0.8441166503578375,62,WEAK,Negative,False
Creatinine,binary,Polymyxin.Colistin.Inclusion.T,binary,-0.0255,0.8441166503578375,62,WEAK,Negative,False
Any.Viral.Infection,binary,Urea,binary,0.0255,0.8441166503578375,62,WEAK,Positive,False
Urinary.Catheter.in.6.Months,binary,Mortality.in.Hospital,binary,0.0254,0.8448333780054181,62,WEAK,Positive,False
CKD,binary,ICU.Stay.in.28.Days,continuous,-0.0252,0.8459812665524507,62,WEAK,Negative,False
Age,continuous,Urea,binary,-0.025,0.8469957762100918,62,WEAK,Negative,False
Bil,binary,Cefotaxime,continuous,0.0249,0.8477254993708406,62,WEAK,Positive,False
DM,binary,Overall.organ.support,binary,-0.0249,0.8479561282602678,62,WEAK,Negative,False
Doxycycline,continuous,Ceftazidime.Avibactam,binary,-0.0249,0.8475997284603092,62,WEAK,Negative,False
Bil,binary,Cefoxitin,continuous,0.0249,0.8477254993708406,62,WEAK,Positive,False
Surgery.in.last.3.Months,binary,Cefoxitin,continuous,0.0249,0.8477254993708406,62,WEAK,Positive,False
SGPT,binary,Clinical.Improvement,continuous,-0.0249,0.8475612118696423,62,WEAK,Negative,False
ANC,binary,Fosfomycin,continuous,-0.0249,0.8474159981426985,62,WEAK,Negative,False
CV.Catheter.in.6.Months,binary,Amikacin,continuous,-0.0249,0.8479089719954557,62,WEAK,Negative,False
Creatinine,binary,Ciprofloxacin,continuous,-0.0249,0.8477803116803087,62,WEAK,Negative,False
BSI.CRO,binary,Magnesium,binary,0.0249,0.8479561282602678,62,WEAK,Positive,False
Total.Hospital.Stay.in.28.Days,continuous,Mortality.in.Hospital,binary,-0.0246,0.8497268225271662,62,WEAK,Negative,False
Height,continuous,Any.Viral.Infection,binary,0.0245,0.8503420903262294,62,WEAK,Positive,False
BSI.CRO,binary,Clinical.Improvement,continuous,0.0244,0.8504337828274056,62,WEAK,Positive,False
Solid.Organ,binary,Polymyxin.Colistin.Inclusion.T,binary,-0.0243,0.8513343083934769,62,WEAK,Negative,False
Immunosuppressive.drugs.in.1.week,binary,Ceftazidime.Avibactam,binary,-0.0242,0.8521576435022263,62,WEAK,Negative,False
Aztreonam,continuous,Minocycline,continuous,-0.0242,0.8518998470742982,62,WEAK,Negative,False
HAP.CRO,binary,Ertapenem,continuous,-0.024,0.8529173789163693,62,WEAK,Negative,False
Hospitalization.in.past.6.Months,binary,Sodium,binary,0.0239,0.8534952712463179,62,WEAK,Positive,False
Weight,continuous,TLC,binary,-0.0239,0.8537410417288088,62,WEAK,Negative,False
SOFA,continuous,Gentamicin,continuous,-0.0238,0.8543912903908903,62,WEAK,Negative,False
Inotropes,binary,Cefoperazone.Sulbactam,continuous,0.0238,0.8545796810219639,62,WEAK,Positive,False
Female,binary,Cefoperazone.Sulbactam,continuous,-0.0238,0.8545796810219639,62,WEAK,Negative,False
Female,binary,Cefuroxime,continuous,-0.0238,0.8545796810219639,62,WEAK,Negative,False
Female,binary,Amoxicillin.Clavulanic.Acid,continuous,-0.0238,0.8545796810219639,62,WEAK,Negative,False
Male,binary,Cefoperazone.Sulbactam,continuous,0.0238,0.8545796810219639,62,WEAK,Positive,False
Male,binary,Amoxicillin.Clavulanic.Acid,continuous,0.0238,0.8545796810219639,62,WEAK,Positive,False
Male,binary,Cefuroxime,continuous,0.0238,0.8545796810219639,62,WEAK,Positive,False
SGPT,binary,Nitrofurantoin,continuous,-0.0237,0.8550089662460171,62,WEAK,Negative,False
ANC,binary,Gentamicin,continuous,0.0236,0.8556428747127283,62,WEAK,Positive,False
HTN,binary,SOFA,continuous,0.0236,0.8556598388295764,62,WEAK,Positive,False
Gentamicin,continuous,Ceftazidime.Avibactam.T,binary,0.0236,0.8556428747127283,62,WEAK,Positive,False
KPC,binary,Levofloxacin,continuous,0.0234,0.8569020885064204,62,WEAK,Positive,False
CKD,binary,Cefuroxime,continuous,0.0234,0.8568830585863993,62,WEAK,Positive,False
CKD,binary,Cefoperazone.Sulbactam,continuous,0.0234,0.8568830585863993,62,WEAK,Positive,False
CKD,binary,Ceftazidime,continuous,0.0234,0.8569020885064204,62,WEAK,Positive,False
INR,binary,Ceftazidime,continuous,-0.0234,0.8569020885064204,62,WEAK,Negative,False
KPC,binary,Amoxicillin.Clavulanic.Acid,continuous,0.0234,0.8568830585863993,62,WEAK,Positive,False
Other.NCRO,binary,Cefuroxime,continuous,0.0234,0.8568830585863993,62,WEAK,Positive,False
Other.NCRO,binary,Levofloxacin,continuous,0.0234,0.8569020885064204,62,WEAK,Positive,False
CKD,binary,Amoxicillin.Clavulanic.Acid,continuous,0.0234,0.8568830585863993,62,WEAK,Positive,False
KPC,binary,Cefoperazone.Sulbactam,continuous,0.0234,0.8568830585863993,62,WEAK,Positive,False
KPC,binary,Ceftazidime,continuous,0.0234,0.8569020885064204,62,WEAK,Positive,False
KPC,binary,Cefuroxime,continuous,0.0234,0.8568830585863993,62,WEAK,Positive,False
CKD,binary,Levofloxacin,continuous,0.0234,0.8569020885064204,62,WEAK,Positive,False
INR,binary,Levofloxacin,continuous,-0.0234,0.8569020885064204,62,WEAK,Negative,False
INR,binary,Amoxicillin.Clavulanic.Acid,continuous,-0.0234,0.8568830585863993,62,WEAK,Negative,False
ABSSSI.CRO,binary,Cefoperazone.Sulbactam,continuous,0.0234,0.8568830585863993,62,WEAK,Positive,False
INR,binary,Cefuroxime,continuous,-0.0234,0.8568830585863993,62,WEAK,Negative,False
ABSSSI.CRO,binary,Ceftazidime,continuous,0.0234,0.8569020885064204,62,WEAK,Positive,False
ABSSSI.CRO,binary,Cefuroxime,continuous,0.0234,0.8568830585863993,62,WEAK,Positive,False
INR,binary,Cefoperazone.Sulbactam,continuous,-0.0234,0.8568830585863993,62,WEAK,Negative,False
ABSSSI.CRO,binary,Levofloxacin,continuous,0.0234,0.8569020885064204,62,WEAK,Positive,False
VAP.CRO,binary,Ceftazidime,continuous,0.0234,0.8569020885064204,62,WEAK,Positive,False
ABSSSI.CRO,binary,Amoxicillin.Clavulanic.Acid,continuous,0.0234,0.8568830585863993,62,WEAK,Positive,False
VAP.CRO,binary,Cefoperazone.Sulbactam,continuous,0.0234,0.8568830585863993,62,WEAK,Positive,False
VAP.CRO,binary,Cefuroxime,continuous,0.0234,0.8568830585863993,62,WEAK,Positive,False
CV.Catheter.Now,binary,Levofloxacin,continuous,-0.0234,0.8569020885064204,62,WEAK,Negative,False
CV.Catheter.Now,binary,Cefoperazone.Sulbactam,continuous,-0.0234,0.8568830585863993,62,WEAK,Negative,False
CV.Catheter.Now,binary,Cefuroxime,continuous,-0.0234,0.8568830585863993,62,WEAK,Negative,False
CV.Catheter.Now,binary,Amoxicillin.Clavulanic.Acid,continuous,-0.0234,0.8568830585863993,62,WEAK,Negative,False
VAP.CRO,binary,Levofloxacin,continuous,0.0234,0.8569020885064204,62,WEAK,Positive,False
CV.Catheter.Now,binary,Ceftazidime,continuous,-0.0234,0.8569020885064204,62,WEAK,Negative,False
VAP.CRO,binary,Amoxicillin.Clavulanic.Acid,continuous,0.0234,0.8568830585863993,62,WEAK,Positive,False
Other.NCRO,binary,Ceftazidime,continuous,0.0234,0.8569020885064204,62,WEAK,Positive,False
Other.NCRO,binary,Cefoperazone.Sulbactam,continuous,0.0234,0.8568830585863993,62,WEAK,Positive,False
SOFA,continuous,Potassium,binary,-0.0234,0.8569498295006028,62,WEAK,Negative,False
Other.NCRO,binary,Amoxicillin.Clavulanic.Acid,continuous,0.0234,0.8568830585863993,62,WEAK,Positive,False
HAP.CRO,binary,Hb,binary,0.0233,0.8571700576877954,62,WEAK,Positive,False
HAP.CRO,binary,Endoscopy.in.1.week,binary,-0.0233,0.8571700576877954,62,WEAK,Negative,False
HAP.CRO,binary,Relapse.post.28.Day.Discharge,binary,-0.0233,0.8571700576877954,62,WEAK,Negative,False
CAP.CRO,binary,Ceftazidime.Avibactam.Aztreonam.T,binary,0.0233,0.8571700576877954,62,WEAK,Positive,False
Hb,binary,Ceftazidime.Avibactam.Aztreonam.T,binary,-0.0233,0.8571700576877954,62,WEAK,Negative,False
COPD,binary,Ceftazidime.Avibactam.Aztreonam.T,binary,0.0233,0.8571700576877954,62,WEAK,Positive,False
Endoscopy.in.1.week,binary,Ceftazidime.Avibactam.Aztreonam.T,binary,0.0233,0.8571700576877954,62,WEAK,Positive,False
NDM,binary,Any.Fungal.Infection,binary,-0.0232,0.8591081507338381,61,WEAK,Negative,False
Minocycline,continuous,Ceftazidime.Avibactam.Aztreonam.T,binary,-0.0232,0.8582056507796177,62,WEAK,Negative,False
Dialysis.in.1.week,binary,Trimethoprim.Sulfamethoxazole,continuous,-0.0231,0.8583939703871191,62,WEAK,Negative,False
HTN,binary,Total.Protein,binary,0.023,0.8590538319998947,62,WEAK,Positive,False
HTN,binary,Hemat.Malignancy,binary,-0.023,0.8590538319998947,62,WEAK,Negative,False
Hospitalization.in.past.6.Months,binary,Hemat.Malignancy,binary,0.023,0.8590538319998947,62,WEAK,Positive,False
Chloramphenicol,continuous,Clinical.Improvement,continuous,-0.0229,0.8594708037462433,62,WEAK,Negative,False
Surgery.in.last.3.Months,binary,Gentamicin,continuous,-0.0229,0.8595222079962573,62,WEAK,Negative,False
SGOT,binary,Potassium,binary,-0.0229,0.8595478384699408,62,WEAK,Negative,False
Urinary.Catheter.in.6.Months,binary,SGOT,binary,-0.0229,0.8595478384699408,62,WEAK,Negative,False
Gentamicin,continuous,Ceftazidime.Avibactam,binary,-0.0228,0.8603021425627729,62,WEAK,Negative,False
Weight,continuous,Total.Hospital.Stay.in.28.Days,continuous,0.0228,0.8601548936852569,62,WEAK,Positive,False
SGOT,binary,Ciprofloxacin,continuous,0.0226,0.8617162126649913,62,WEAK,Positive,False
SGOT,binary,Ertapenem,continuous,0.0226,0.8617037427772258,62,WEAK,Positive,False
Minocycline,continuous,ICU.Stay.in.28.Days,continuous,0.0226,0.8614025332618039,62,WEAK,Positive,False
Overall.organ.support,binary,Doxycycline,continuous,-0.0225,0.8622189000873048,62,WEAK,Negative,False
Overall.organ.support,binary,Neither.Abx.E,ordinal,-0.0225,0.8619334138548955,62,WEAK,Negative,False
UTI.CRO,binary,Bil,binary,-0.0224,0.8629905604446653,62,WEAK,Negative,False
Creatinine,binary,Ertapenem,continuous,-0.0224,0.8628346834637908,62,WEAK,Negative,False
UTI.CRO,binary,Urea,binary,0.0224,0.8629905604446653,62,WEAK,Positive,False
OXA48,binary,Ceftazidime.Avibactam.T,binary,0.0223,0.8635786955803287,62,WEAK,Positive,False
Dialysis.in.1.week,binary,Procalcitonin,binary,-0.0223,0.8635786955803287,62,WEAK,Negative,False
HTN,binary,P.C.only.E,ordinal,0.0223,0.8635786955803287,62,WEAK,Positive,False
ANC,binary,Colistin,continuous,-0.0223,0.863572237886168,62,WEAK,Negative,False
IAI.CRO,binary,Mortality.in.ICU,binary,-0.0223,0.8635786955803287,62,WEAK,Negative,False
Trimethoprim.Sulfamethoxazole,continuous,Ceftazidime.Avibactam,binary,-0.0222,0.8637305039522117,62,WEAK,Negative,False
OXA48,binary,Immunosuppressive.drugs.in.1.week,binary,-0.0221,0.864335587323861,62,WEAK,Negative,False
Immunosuppressive.drugs.in.1.week,binary,Albumin,binary,-0.0221,0.864335587323861,62,WEAK,Negative,False
Immunosuppressive.drugs.in.1.week,binary,Neither.Abx.T,ordinal,0.0221,0.864335587323861,62,WEAK,Positive,False
Lympho,binary,Albumin,binary,-0.0221,0.864335587323861,62,WEAK,Negative,False
OXA48,binary,TLC,binary,-0.0221,0.864335587323861,62,WEAK,Negative,False
SGPT,binary,Albumin,binary,0.0221,0.864335587323861,62,WEAK,Positive,False
Z.A.only.T,ordinal,Mortality.in.ICU,binary,-0.022,0.865110772250013,62,WEAK,Negative,False
Magnesium,binary,Procalcitonin,binary,-0.022,0.865110772250013,62,WEAK,Negative,False
Sodium,binary,Procalcitonin,binary,0.022,0.865110772250013,62,WEAK,Positive,False
DM,binary,Procalcitonin,binary,-0.022,0.865110772250013,62,WEAK,Negative,False
Creatinine,binary,Doxycycline,continuous,-0.0219,0.8658764055107394,62,WEAK,Negative,False
CKD,binary,GW.Stay.in.28.Days,continuous,-0.0219,0.8657391872011663,62,WEAK,Negative,False
Overall.organ.support,binary,Platelet,binary,0.0217,0.8671288433505974,62,WEAK,Positive,False
BSI.CRO,binary,Overall.Mortality,binary,0.0217,0.8671288433505974,62,WEAK,Positive,False
Surgery.in.last.3.Months,binary,Colistin,continuous,0.0217,0.8672425775454221,62,WEAK,Positive,False
NDM,binary,Overall.organ.support,binary,0.0217,0.8671288433505974,62,WEAK,Positive,False
Hospitalization.in.past.6.Months,binary,APACHEII,continuous,-0.0217,0.8670759866277699,62,WEAK,Negative,False
Creatinine,binary,Minocycline,continuous,0.0216,0.8677732632982678,62,WEAK,Positive,False
Weight,continuous,Ceftazidime.Avibactam,binary,-0.0215,0.8681792057554729,62,WEAK,Negative,False
Weight,continuous,Other.NCRO,binary,0.0215,0.868427250207705,62,WEAK,Positive,False
Cefoxitin,continuous,Ceftazidime.Avibactam.Aztreonam.T,binary,0.0214,0.8690717257613809,62,WEAK,Positive,False
Calcium,binary,Trimethoprim.Sulfamethoxazole,continuous,-0.0214,0.8686540807507279,62,WEAK,Negative,False
HAP.CRO,binary,Cefoxitin,continuous,-0.0214,0.8690717257613809,62,WEAK,Negative,False
Inotropes,binary,Overall.Mortality,binary,0.0213,0.869687245279362,62,WEAK,Positive,False
Colistin,continuous,Total.Hospital.Stay.in.28.Days,continuous,-0.0213,0.8693999092502016,62,WEAK,Negative,False
P.C.in.vitro,binary,P.C.only.E,ordinal,-0.0212,0.8701888056971445,62,WEAK,Negative,False
ALP,binary,P.C.Z.A.E,ordinal,-0.0212,0.8703164808236127,62,WEAK,Negative,False
Z.A.invitro,binary,Mortality.in.Hospital,binary,0.0212,0.8701888056971445,62,WEAK,Positive,False
IAI.CRO,binary,ALP,binary,-0.0212,0.8703164808236127,62,WEAK,Negative,False
Inotropes,binary,Z.A.only.E,ordinal,0.0212,0.8701094786665542,62,WEAK,Positive,False
Urinary.Catheter.in.6.Months,binary,Albumin,binary,0.0209,0.8720652766540402,62,WEAK,Positive,False
OXA48,binary,Globulin,binary,-0.0209,0.8720652766540402,62,WEAK,Negative,False
Globulin,binary,Neither.Abx.T,ordinal,0.0209,0.8720652766540402,62,WEAK,Positive,False
Height,continuous,Chloramphenicol,continuous,0.0209,0.8718394540279816,62,WEAK,Positive,False
Any.Fungal.Infection,binary,Solid.Organ,binary,-0.0208,0.8736338142964052,61,WEAK,Negative,False
Aztreonam,continuous,Fosfomycin,continuous,-0.0206,0.8737464440359382,62,WEAK,Negative,False
Aztreonam,continuous,Chloramphenicol,continuous,0.0206,0.8735834766447318,62,WEAK,Positive,False
SGPT,binary,Chloramphenicol,continuous,0.0205,0.8745230440447646,62,WEAK,Positive,False
Cefoperazone.Sulbactam,continuous,ICU.Stay.in.28.Days,continuous,0.0205,0.8742433977253858,62,WEAK,Positive,False
Surgery.in.last.3.Months,binary,SOFA,continuous,-0.0205,0.8745277597377201,62,WEAK,Negative,False
Weight,continuous,Past.CREPA.infection,continuous,0.0205,0.8742623095501061,62,WEAK,Positive,False
Height,continuous,Cefuroxime,continuous,-0.0204,0.8748220809191002,62,WEAK,Negative,False
Height,continuous,Amoxicillin.Clavulanic.Acid,continuous,-0.0204,0.8748220809191002,62,WEAK,Negative,False
Immunosuppressive.drugs.in.1.week,binary,ALP,binary,0.0202,0.8761992082514943,62,WEAK,Positive,False
Lympho,binary,ALP,binary,0.0202,0.8761992082514943,62,WEAK,Positive,False
Sodium,binary,Clinical.Improvement,continuous,-0.0202,0.8760194794856812,62,WEAK,Negative,False
TLC,binary,ALP,binary,0.0202,0.8761992082514943,62,WEAK,Positive,False
Bil,binary,Aztreonam,continuous,0.0199,0.8779515540478311,62,WEAK,Positive,False
Weight,continuous,Other.Illness.Leading.to.Hospitalization.post.28.Days.Discharge,binary,0.0199,0.8781807113950093,62,WEAK,Positive,False
HAP.CRO,binary,Hemat.Malignancy,binary,0.0197,0.8791426121883132,62,WEAK,Positive,False
ABSSSI.CRO,binary,Fosfomycin,continuous,0.0197,0.8791472720641434,62,WEAK,Positive,False
ALP,binary,Magnesium,binary,0.0196,0.879726906681264,62,WEAK,Positive,False
Immunosuppressive.drugs.in.1.week,binary,Hemat.Malignancy,binary,0.0195,0.8801726479345067,62,WEAK,Positive,False
Hypothyroidism,binary,TLC,binary,0.0195,0.8801726479345067,62,WEAK,Positive,False
Hemat.Malignancy,binary,Fosfomycin,continuous,0.0195,0.88031679924267,62,WEAK,Positive,False
Hypothyroidism,binary,SGPT,binary,-0.0195,0.8801726479345067,62,WEAK,Negative,False
Inotropes,binary,Any.Viral.Infection,binary,0.0193,0.8813524349156545,62,WEAK,Positive,False
Dialysis.in.1.week,binary,Ceftazidime.Avibactam,binary,0.0191,0.8829427803343878,62,WEAK,Positive,False
Any.Viral.Infection,binary,P.C.only.T,ordinal,0.0191,0.8829427803343878,62,WEAK,Positive,False
Dialysis.in.1.week,binary,Any.Viral.Infection,binary,0.0191,0.8829427803343878,62,WEAK,Positive,False
P.C.only.T,ordinal,Ceftazidime.Avibactam,binary,0.0191,0.8829427803343878,62,WEAK,Positive,False
Gentamicin,continuous,Clinical.Improvement,continuous,0.0191,0.8828941789962543,62,WEAK,Positive,False
ABSSSI.CRO,binary,Minocycline,continuous,-0.019,0.8836830285932599,62,WEAK,Negative,False
BSI.CRO,binary,Hospitalization.in.past.6.Months,binary,-0.019,0.8832565417274831,62,WEAK,Negative,False
ALP,binary,Amikacin,continuous,-0.019,0.8832656034942606,62,WEAK,Negative,False
KPC,binary,Minocycline,continuous,-0.019,0.8836830285932599,62,WEAK,Negative,False
DM,binary,Ceftazidime.Avibactam,binary,0.0189,0.8842606922061593,62,WEAK,Positive,False
Z.A.only.T,ordinal,Polymyxin.Colistin.Inclusion.T,binary,-0.0189,0.8842606922061593,62,WEAK,Negative,False
Calcium,binary,Polymyxin.Colistin.Inclusion.T,binary,0.0189,0.8842606922061593,62,WEAK,Positive,False
Any.Viral.Infection,binary,Z.A.only.T,ordinal,0.0189,0.8842606922061593,62,WEAK,Positive,False
HTN,binary,Fosfomycin,continuous,-0.0189,0.8842013551303122,62,WEAK,Negative,False
HAP.CRO,binary,TLC,binary,0.0187,0.8853358780438707,62,WEAK,Positive,False
Immunosuppressive.drugs.in.1.week,binary,SGOT,binary,0.0187,0.8855205329260432,62,WEAK,Positive,False
Male,binary,Procalcitonin,binary,0.0186,0.885950527175653,62,WEAK,Positive,False
UTI.CRO,binary,Ceftazidime.Avibactam.Aztreonam.Synergy.T,continuous,0.0186,0.8857097527480988,62,WEAK,Positive,False
Female,binary,Procalcitonin,binary,-0.0186,0.885950527175653,62,WEAK,Negative,False
Any.Viral.Infection,binary,Aztreonam,continuous,-0.0184,0.8871067802846789,62,WEAK,Negative,False
Any.Viral.Infection,binary,Ciprofloxacin,continuous,-0.0184,0.8871169934564445,62,WEAK,Negative,False
Surgery.in.last.3.Months,binary,P.C.only.E,ordinal,0.0183,0.8878529377720392,62,WEAK,Positive,False
Creatinine,binary,P.C.only.E,ordinal,-0.0183,0.8878529377720392,62,WEAK,Negative,False
ANC,binary,Other.Illness.Leading.to.Hospitalization.post.28.Days.Discharge,binary,0.0183,0.8878529377720392,62,WEAK,Positive,False
Bil,binary,Amikacin,continuous,0.0181,0.8889247876534446,62,WEAK,Positive,False
CV.Catheter.Now,binary,SOFA,continuous,-0.018,0.889636105993087,62,WEAK,Negative,False
Other.NCRO,binary,SOFA,continuous,-0.018,0.889636105993087,62,WEAK,Negative,False
CV.Catheter.in.6.Months,binary,Ceftazidime.Avibactam.Aztreonam.T,binary,0.018,0.8895452514919863,62,WEAK,Positive,False
HAP.CRO,binary,CV.Catheter.in.6.Months,binary,-0.018,0.8895452514919863,62,WEAK,Negative,False
ABSSSI.CRO,binary,SOFA,continuous,-0.018,0.889636105993087,62,WEAK,Negative,False
CV.Catheter.Now,binary,APACHEII,continuous,-0.0179,0.889983599369012,62,WEAK,Negative,False
P.C.in.vitro,binary,Other.CRO,binary,-0.0179,0.8902957090861975,62,WEAK,Negative,False
Any.Fungal.Infection,binary,Nitrofurantoin,continuous,-0.0178,0.8918587597970008,61,WEAK,Negative,False
Height,continuous,Doxycycline,continuous,0.0178,0.8907856425354354,62,WEAK,Positive,False
HAP.CRO,binary,Ceftazidime.Avibactam.Aztreonam.T,binary,0.0177,0.8915327253431462,62,WEAK,Positive,False
Neutropenia,binary,Chloramphenicol,continuous,0.0176,0.8922403006110001,62,WEAK,Positive,False
TLC,binary,ICU.Stay.in.28.Days,continuous,-0.0175,0.8923071370627422,62,WEAK,Negative,False
UTI.CRO,binary,Neutropenia,binary,0.0175,0.8925725720266892,62,WEAK,Positive,False
UTI.CRO,binary,Z.A.only.E,ordinal,0.0175,0.8925725720266892,62,WEAK,Positive,False
CV.Catheter.in.6.Months,binary,Z.A.only.E,ordinal,0.0175,0.8925725720266892,62,WEAK,Positive,False
CV.Catheter.in.6.Months,binary,Other.Illness.Leading.to.Hospitalization.post.28.Days.Discharge,binary,0.0175,0.8925725720266892,62,WEAK,Positive,False
CV.Catheter.in.6.Months,binary,Neutropenia,binary,0.0175,0.8925725720266892,62,WEAK,Positive,False
Hospitalization.in.past.6.Months,binary,Solid.Organ,binary,0.0174,0.8930354457501954,62,WEAK,Positive,False
Hospitalization.in.past.6.Months,binary,ANC,binary,0.0174,0.8930354457501954,62,WEAK,Positive,False
HTN,binary,Solid.Organ,binary,-0.0174,0.8930354457501954,62,WEAK,Negative,False
HTN,binary,Ceftazidime.Avibactam.T,binary,-0.0174,0.8930354457501954,62,WEAK,Negative,False
P.C.in.vitro,binary,SOFA,continuous,0.0173,0.8941338454889892,62,WEAK,Positive,False
Doxycycline,continuous,Tigecycline,continuous,-0.0173,0.893555452828765,62,WEAK,Negative,False
HTN,binary,Clinical.Improvement,continuous,0.0173,0.8936811305373019,62,WEAK,Positive,False
Ventilation,binary,Mortality.in.Hospital,binary,0.0172,0.8944381226927303,62,WEAK,Positive,False
NDM,binary,Mortality.in.Hospital,binary,0.0172,0.8944381226927303,62,WEAK,Positive,False
Age,continuous,P.C.in.vitro,binary,-0.0172,0.8945985412215466,62,WEAK,Negative,False
P.C.in.vitro,binary,Ventilation,binary,0.0172,0.8944381226927303,62,WEAK,Positive,False
UTI.CRO,binary,Gentamicin,continuous,0.0172,0.8944061836535689,62,WEAK,Positive,False
Platelet,binary,P.C.Z.A.T,ordinal,0.0172,0.8944381226927303,62,WEAK,Positive,False
P.C.in.vitro,binary,Total.Hospital.Stay.in.28.Days,continuous,0.0172,0.8944965414142436,62,WEAK,Positive,False
ALP,binary,Relapse.post.28.Day.Discharge,binary,-0.017,0.8957952960149198,62,WEAK,Negative,False
ALP,binary,Mortality.post.28.Day.Discharge,binary,-0.017,0.8957952960149198,62,WEAK,Negative,False
SOFA,continuous,Sodium,binary,0.017,0.8953616568130705,62,WEAK,Positive,False
CAP.CRO,binary,ALP,binary,-0.017,0.8957952960149198,62,WEAK,Negative,False
Height,continuous,HAP.CRO,binary,-0.0169,0.8963268744761199,62,WEAK,Negative,False
HAP.CRO,binary,Minocycline,continuous,0.0168,0.8966254284254621,62,WEAK,Positive,False
Urinary.Catheter.in.6.Months,binary,Amikacin,continuous,-0.0167,0.897332198280563,62,WEAK,Negative,False
Z.A.only.T,ordinal,Fosfomycin,continuous,-0.0166,0.8980699715673447,62,WEAK,Negative,False
Age,continuous,Tigecycline,continuous,0.0166,0.8978264648354511,62,WEAK,Positive,False
CKD,binary,Cefepime,continuous,0.0164,0.8993649616397907,62,WEAK,Positive,False
KPC,binary,Meropenem,continuous,0.0164,0.8993649616397907,62,WEAK,Positive,False
CKD,binary,ABSSSI.CRO,binary,-0.0164,0.8993649616397907,62,WEAK,Negative,False
CKD,binary,Imipenem,continuous,0.0164,0.8993649616397907,62,WEAK,Positive,False
CKD,binary,Piperacillin.Tazobactam,continuous,0.0164,0.8993649616397907,62,WEAK,Positive,False
INR,binary,Carbapenemase,binary,-0.0164,0.8993649616397907,62,WEAK,Negative,False
Z.A.invitro,binary,Hypothyroidism,binary,0.0164,0.8992953852032611,62,WEAK,Positive,False
CV.Catheter.Now,binary,Cefepime,continuous,-0.0164,0.8993649616397907,62,WEAK,Negative,False
CV.Catheter.Now,binary,Piperacillin.Tazobactam,continuous,-0.0164,0.8993649616397907,62,WEAK,Negative,False
CKD,binary,Meropenem,continuous,0.0164,0.8993649616397907,62,WEAK,Positive,False
VAP.CRO,binary,INR,binary,0.0164,0.8993649616397907,62,WEAK,Positive,False
CKD,binary,CV.Catheter.Now,binary,0.0164,0.8993649616397907,62,WEAK,Positive,False
INR,binary,Meropenem,continuous,-0.0164,0.8993649616397907,62,WEAK,Negative,False
CV.Catheter.Now,binary,Imipenem,continuous,-0.0164,0.8993649616397907,62,WEAK,Negative,False
CV.Catheter.Now,binary,Meropenem,continuous,-0.0164,0.8993649616397907,62,WEAK,Negative,False
VAP.CRO,binary,Meropenem,continuous,0.0164,0.8993649616397907,62,WEAK,Positive,False
CV.Catheter.Now,binary,INR,binary,-0.0164,0.8993649616397907,62,WEAK,Negative,False
VAP.CRO,binary,Other.NCRO,binary,-0.0164,0.8993649616397907,62,WEAK,Negative,False
CKD,binary,Carbapenemase,binary,0.0164,0.8993649616397907,62,WEAK,Positive,False
Other.NCRO,binary,Meropenem,continuous,0.0164,0.8993649616397907,62,WEAK,Positive,False
Other.NCRO,binary,Imipenem,continuous,0.0164,0.8993649616397907,62,WEAK,Positive,False
Other.NCRO,binary,Carbapenemase,binary,0.0164,0.8993649616397907,62,WEAK,Positive,False
CKD,binary,INR,binary,0.0164,0.8993649616397907,62,WEAK,Positive,False
Other.NCRO,binary,CV.Catheter.Now,binary,0.0164,0.8993649616397907,62,WEAK,Positive,False
CKD,binary,Other.NCRO,binary,-0.0164,0.8993649616397907,62,WEAK,Negative,False
VAP.CRO,binary,Imipenem,continuous,0.0164,0.8993649616397907,62,WEAK,Positive,False
VAP.CRO,binary,Cefepime,continuous,0.0164,0.8993649616397907,62,WEAK,Positive,False
INR,binary,Piperacillin.Tazobactam,continuous,-0.0164,0.8993649616397907,62,WEAK,Negative,False
Total.Protein,binary,P.C.only.E,ordinal,0.0164,0.8992953852032611,62,WEAK,Positive,False
Other.NCRO,binary,Cefepime,continuous,0.0164,0.8993649616397907,62,WEAK,Positive,False
VAP.CRO,binary,Piperacillin.Tazobactam,continuous,0.0164,0.8993649616397907,62,WEAK,Positive,False
KPC,binary,Other.NCRO,binary,-0.0164,0.8993649616397907,62,WEAK,Negative,False
ABSSSI.CRO,binary,CV.Catheter.Now,binary,0.0164,0.8993649616397907,62,WEAK,Positive,False
Z.A.invitro,binary,Total.Protein,binary,-0.0164,0.8992953852032611,62,WEAK,Negative,False
VAP.CRO,binary,CV.Catheter.Now,binary,0.0164,0.8993649616397907,62,WEAK,Positive,False
KPC,binary,CV.Catheter.Now,binary,0.0164,0.8993649616397907,62,WEAK,Positive,False
ABSSSI.CRO,binary,INR,binary,0.0164,0.8993649616397907,62,WEAK,Positive,False
CKD,binary,VAP.CRO,binary,-0.0164,0.8993649616397907,62,WEAK,Negative,False
INR,binary,Imipenem,continuous,-0.0164,0.8993649616397907,62,WEAK,Negative,False
KPC,binary,ABSSSI.CRO,binary,-0.0164,0.8993649616397907,62,WEAK,Negative,False
KPC,binary,VAP.CRO,binary,-0.0164,0.8993649616397907,62,WEAK,Negative,False
KPC,binary,CKD,binary,-0.0164,0.8993649616397907,62,WEAK,Negative,False
KPC,binary,Carbapenemase,binary,0.0164,0.8993649616397907,62,WEAK,Positive,False
ABSSSI.CRO,binary,Carbapenemase,binary,0.0164,0.8993649616397907,62,WEAK,Positive,False
VAP.CRO,binary,Carbapenemase,binary,0.0164,0.8993649616397907,62,WEAK,Positive,False
ABSSSI.CRO,binary,Meropenem,continuous,0.0164,0.8993649616397907,62,WEAK,Positive,False
ABSSSI.CRO,binary,Piperacillin.Tazobactam,continuous,0.0164,0.8993649616397907,62,WEAK,Positive,False
ABSSSI.CRO,binary,Cefepime,continuous,0.0164,0.8993649616397907,62,WEAK,Positive,False
KPC,binary,INR,binary,0.0164,0.8993649616397907,62,WEAK,Positive,False
KPC,binary,Imipenem,continuous,0.0164,0.8993649616397907,62,WEAK,Positive,False
Other.NCRO,binary,Piperacillin.Tazobactam,continuous,0.0164,0.8993649616397907,62,WEAK,Positive,False
CV.Catheter.Now,binary,Carbapenemase,binary,-0.0164,0.8993649616397907,62,WEAK,Negative,False
KPC,binary,Cefepime,continuous,0.0164,0.8993649616397907,62,WEAK,Positive,False
ABSSSI.CRO,binary,Other.NCRO,binary,-0.0164,0.8993649616397907,62,WEAK,Negative,False
ABSSSI.CRO,binary,Imipenem,continuous,0.0164,0.8993649616397907,62,WEAK,Positive,False
ABSSSI.CRO,binary,VAP.CRO,binary,-0.0164,0.8993649616397907,62,WEAK,Negative,False
Potassium,binary,Ceftazidime.Avibactam,binary,-0.0164,0.8990575753764061,62,WEAK,Negative,False
Other.NCRO,binary,INR,binary,0.0164,0.8993649616397907,62,WEAK,Positive,False
KPC,binary,Piperacillin.Tazobactam,continuous,0.0164,0.8993649616397907,62,WEAK,Positive,False
INR,binary,Cefepime,continuous,-0.0164,0.8993649616397907,62,WEAK,Negative,False
Hospitalization.in.past.6.Months,binary,Globulin,binary,-0.0163,0.8997120974212467,62,WEAK,Negative,False
HTN,binary,Urinary.Catheter.in.6.Months,binary,-0.0163,0.8997120974212467,62,WEAK,Negative,False
OXA48,binary,Z.A.only.T,ordinal,-0.0162,0.9004320152459582,62,WEAK,Negative,False
OXA48,binary,DM,binary,-0.0162,0.9004320152459582,62,WEAK,Negative,False
OXA48,binary,Nitrofurantoin,continuous,0.0162,0.9007043548905003,62,WEAK,Positive,False
Magnesium,binary,Neither.Abx.T,ordinal,0.0162,0.9004320152459581,62,WEAK,Positive,False
Sodium,binary,Neither.Abx.T,ordinal,-0.0162,0.9004320152459581,62,WEAK,Negative,False
Surgery.in.last.3.Months,binary,GW.Stay.in.28.Days,continuous,-0.0161,0.9014070912752795,62,WEAK,Negative,False
Other.CRO,binary,Any.Viral.Infection,binary,-0.016,0.901479359728713,62,WEAK,Negative,False
DM,binary,Ceftazidime.Avibactam.Aztreonam.Synergy.T,continuous,-0.016,0.9016412491520839,62,WEAK,Negative,False
Ciprofloxacin,continuous,Ceftazidime.Avibactam.Aztreonam.T,binary,0.016,0.901650161562574,62,WEAK,Positive,False
Any.Viral.Infection,binary,Neither.Abx.E,ordinal,-0.016,0.901479359728713,62,WEAK,Negative,False
Height,continuous,Gentamicin,continuous,0.016,0.9014913543549272,62,WEAK,Positive,False
SOFA,continuous,Mortality.in.Hospital,binary,0.016,0.9016568287049452,62,WEAK,Positive,False
Ertapenem,continuous,Ceftazidime.Avibactam.Aztreonam.T,binary,0.016,0.9016412491520839,62,WEAK,Positive,False
Any.Viral.Infection,binary,Ertapenem,continuous,-0.0158,0.9031504784204512,62,WEAK,Negative,False
Ertapenem,continuous,Ceftazidime.Avibactam,binary,-0.0158,0.9031504784204512,62,WEAK,Negative,False
Neither.Abx.E,ordinal,Total.Hospital.Stay.in.28.Days,continuous,-0.0157,0.9036152261735748,62,WEAK,Negative,False
Any.Viral.Infection,binary,Chloramphenicol,continuous,-0.0156,0.9044706147788945,62,WEAK,Negative,False
Calcium,binary,Fosfomycin,continuous,-0.0156,0.9044098059278575,62,WEAK,Negative,False
BSI.CRO,binary,CV.Catheter.in.6.Months,binary,0.0156,0.9044413543585035,62,WEAK,Positive,False
Age,continuous,Clinical.Improvement,continuous,-0.0155,0.9050833116044178,62,WEAK,Negative,False
ANC,binary,SGOT,binary,0.0155,0.9050916238817555,62,WEAK,Positive,False
NDM,binary,Calcium,binary,-0.0154,0.9052766936646163,62,WEAK,Negative,False
DM,binary,Ventilation,binary,0.0154,0.9052766936646163,62,WEAK,Positive,False
Platelet,binary,Magnesium,binary,0.0154,0.9052766936646163,62,WEAK,Positive,False
NDM,binary,Sodium,binary,-0.0154,0.9052766936646163,62,WEAK,Negative,False
SGOT,binary,Amikacin,continuous,0.0154,0.9051491383988921,62,WEAK,Positive,False
Z.A.only.T,ordinal,Overall.Mortality,binary,-0.0154,0.9052766936646163,62,WEAK,Negative,False
DM,binary,Overall.Mortality,binary,-0.0154,0.9052766936646163,62,WEAK,Negative,False
APACHEII,continuous,Colistin,continuous,-0.0154,0.9051820471387936,62,WEAK,Negative,False
Platelet,binary,Sodium,binary,-0.0154,0.9052766936646163,62,WEAK,Negative,False
Ventilation,binary,Magnesium,binary,0.0154,0.9052766936646163,62,WEAK,Positive,False
Any.Fungal.Infection,binary,Ceftazidime.Avibactam,binary,0.0153,0.9065936218991398,61,WEAK,Positive,False
Solid.Organ,binary,Hb,binary,0.0152,0.9066831173372882,62,WEAK,Positive,False
CAP.CRO,binary,Ceftazidime.Avibactam.T,binary,-0.0152,0.9066831173372882,62,WEAK,Negative,False
CAP.CRO,binary,ANC,binary,-0.0152,0.9066831173372882,62,WEAK,Negative,False
COPD,binary,ANC,binary,-0.0152,0.9066831173372882,62,WEAK,Negative,False
Hb,binary,Ceftazidime.Avibactam.T,binary,0.0152,0.9066831173372882,62,WEAK,Positive,False
CAP.CRO,binary,Solid.Organ,binary,-0.0152,0.9066831173372882,62,WEAK,Negative,False
ANC,binary,Mortality.post.28.Day.Discharge,binary,-0.0152,0.9066831173372882,62,WEAK,Negative,False
ANC,binary,Relapse.post.28.Day.Discharge,binary,-0.0152,0.9066831173372882,62,WEAK,Negative,False
Endoscopy.in.1.week,binary,Ceftazidime.Avibactam.T,binary,-0.0152,0.9066831173372882,62,WEAK,Negative,False
Hb,binary,GW.Stay.in.28.Days,continuous,-0.015,0.9079804521347306,62,WEAK,Negative,False
ALP,binary,Creatinine,binary,-0.015,0.9079680057967702,62,WEAK,Negative,False
Age,continuous,Levofloxacin,continuous,0.0148,0.9089464217353305,62,WEAK,Positive,False
Age,continuous,OXA48,binary,-0.0148,0.9090738934768526,62,WEAK,Negative,False
OXA48,binary,Neither.Abx.E,ordinal,-0.0147,0.9096397910143423,62,WEAK,Negative,False
Age,continuous,Ceftazidime.Avibactam,binary,0.0147,0.9098359495330295,62,WEAK,Positive,False
IAI.CRO,binary,Magnesium,binary,-0.0147,0.9096397910143423,62,WEAK,Negative,False
DM,binary,Dialysis.in.1.week,binary,-0.0147,0.9096397910143423,62,WEAK,Negative,False
DM,binary,IAI.CRO,binary,-0.0147,0.9096397910143423,62,WEAK,Negative,False
Immunosuppressive.drugs.in.1.week,binary,Tigecycline,continuous,0.0147,0.9098438864858726,62,WEAK,Positive,False
Sodium,binary,P.C.only.T,ordinal,0.0147,0.9096397910143423,62,WEAK,Positive,False
Magnesium,binary,P.C.only.T,ordinal,-0.0147,0.9096397910143423,62,WEAK,Negative,False
DM,binary,P.C.Z.A.E,ordinal,-0.0147,0.9096397910143423,62,WEAK,Negative,False
Calcium,binary,P.C.only.T,ordinal,0.0147,0.9096397910143423,62,WEAK,Positive,False
Dialysis.in.1.week,binary,Sodium,binary,0.0147,0.9096397910143423,62,WEAK,Positive,False
Dialysis.in.1.week,binary,Z.A.only.T,ordinal,-0.0147,0.9096397910143423,62,WEAK,Negative,False
BSI.CRO,binary,Surgery.in.last.3.Months,binary,-0.0146,0.9100396410860752,62,WEAK,Negative,False
Hypothyroidism,binary,SGOT,binary,0.0146,0.9106191248369194,62,WEAK,Positive,False
BSI.CRO,binary,Creatinine,binary,0.0146,0.9100396410860752,62,WEAK,Positive,False
Hospitalization.in.past.6.Months,binary,Total.Hospital.Stay.in.28.Days,continuous,-0.0145,0.91118486771381,62,WEAK,Negative,False
Amikacin,continuous,Fosfomycin,continuous,0.0145,0.9111039922453624,62,WEAK,Positive,False
Hemat.Malignancy,binary,Total.Hospital.Stay.in.28.Days,continuous,-0.0144,0.9114108145049664,62,WEAK,Negative,False
Hospitalization.in.past.6.Months,binary,Mortality.in.Hospital,binary,-0.0142,0.9130582173085672,62,WEAK,Negative,False
COPD,binary,Globulin,binary,0.0142,0.9125153600942001,62,WEAK,Positive,False
HTN,binary,P.C.Z.A.T,ordinal,0.0142,0.9130582173085672,62,WEAK,Positive,False
Endoscopy.in.1.week,binary,Globulin,binary,0.0142,0.9125153600942001,62,WEAK,Positive,False
HTN,binary,Mortality.in.Hospital,binary,0.0142,0.9130582173085672,62,WEAK,Positive,False
Hb,binary,Globulin,binary,-0.0142,0.9125153600942001,62,WEAK,Negative,False
Globulin,binary,Mortality.post.28.Day.Discharge,binary,0.0142,0.9125153600942001,62,WEAK,Positive,False
P.C.in.vitro,binary,HTN,binary,0.0142,0.9130582173085672,62,WEAK,Positive,False
Urinary.Catheter.in.6.Months,binary,Relapse.post.28.Day.Discharge,binary,-0.0142,0.9125153600942001,62,WEAK,Negative,False
Urinary.Catheter.in.6.Months,binary,Hb,binary,0.0142,0.9125153600942001,62,WEAK,Positive,False
Magnesium,binary,Amikacin,continuous,-0.0142,0.912911444416427,62,WEAK,Negative,False
Height,continuous,ANC,binary,-0.014,0.9138589411556929,62,WEAK,Negative,False
Z.A.invitro,binary,Any.Fungal.Infection,binary,0.014,0.9149107872313693,61,WEAK,Positive,False
Globulin,binary,Ceftazidime.Avibactam.T,binary,0.0139,0.9143209222685877,62,WEAK,Positive,False
Potassium,binary,Ceftazidime.Avibactam.T,binary,-0.0139,0.9143209222685877,62,WEAK,Negative,False
Urinary.Catheter.in.6.Months,binary,ANC,binary,-0.0139,0.9143209222685877,62,WEAK,Negative,False
Urinary.Catheter.in.6.Months,binary,Solid.Organ,binary,-0.0139,0.9143209222685877,62,WEAK,Negative,False
Fosfomycin,continuous,Mortality.in.ICU,binary,0.0138,0.9150633571136433,62,WEAK,Positive,False
UTI.CRO,binary,Mortality.in.ICU,binary,-0.0138,0.9152886789422,62,WEAK,Negative,False
Any.Fungal.Infection,binary,Doxycycline,continuous,0.0137,0.9166248278758168,61,WEAK,Positive,False
P.C.only.T,ordinal,Total.Hospital.Stay.in.28.Days,continuous,0.0137,0.9155383421866783,62,WEAK,Positive,False
APACHEII,continuous,Ertapenem,continuous,0.0137,0.9155371799783681,62,WEAK,Positive,False
Neither.Abx.E,ordinal,P.C.Z.A.T,ordinal,-0.0137,0.915150502113751,63,WEAK,Negative,False
Calcium,binary,Tigecycline,continuous,0.0137,0.9159475028440378,62,WEAK,Positive,False
DM,binary,Magnesium,binary,0.0136,0.9162230301282223,62,WEAK,Positive,False
Sodium,binary,Magnesium,binary,-0.0136,0.9162230301282223,62,WEAK,Negative,False
DM,binary,Z.A.only.T,ordinal,0.0136,0.9162230301282223,62,WEAK,Positive,False
Hospitalization.in.past.6.Months,binary,Ceftazidime.Avibactam,binary,0.0135,0.9167526272420906,62,WEAK,Positive,False
Hospitalization.in.past.6.Months,binary,Any.Viral.Infection,binary,0.0135,0.9167526272420906,62,WEAK,Positive,False
SGPT,binary,Procalcitonin,binary,0.0134,0.9175285223919379,62,WEAK,Positive,False
Lympho,binary,Procalcitonin,binary,-0.0134,0.9175285223919379,62,WEAK,Negative,False
Weight,continuous,Gentamicin,continuous,0.0134,0.9173718645916537,62,WEAK,Positive,False
Amikacin,continuous,Ceftazidime.Avibactam.Aztreonam.T,binary,-0.0134,0.917364509203564,62,WEAK,Negative,False
Lympho,binary,Mortality.in.ICU,binary,-0.0134,0.9175285223919379,62,WEAK,Negative,False
Urinary.Catheter.in.6.Months,binary,Gentamicin,continuous,0.0133,0.9185229220523692,62,WEAK,Positive,False
Clinical.Improvement,continuous,Other.Illness.Leading.to.Hospitalization.post.28.Days.Discharge,binary,0.0131,0.9195525726898087,62,WEAK,Positive,False
Z.A.only.E,ordinal,Clinical.Improvement,continuous,0.0131,0.9195525726898087,62,WEAK,Positive,False
Cefoxitin,continuous,Polymyxin.Colistin.Inclusion.T,binary,0.0131,0.9192108164572185,62,WEAK,Positive,False
Cefotaxime,continuous,Ceftazidime.Avibactam,binary,-0.0131,0.9192108164572185,62,WEAK,Negative,False
Any.Viral.Infection,binary,Cefoxitin,continuous,-0.0131,0.9192108164572185,62,WEAK,Negative,False
Cefotaxime,continuous,Polymyxin.Colistin.Inclusion.T,binary,0.0131,0.9192108164572185,62,WEAK,Positive,False
CV.Catheter.in.6.Months,binary,ICU.Stay.in.28.Days,continuous,-0.013,0.9198335083070073,62,WEAK,Negative,False
Solid.Organ,binary,Nitrofurantoin,continuous,-0.013,0.920314542250165,62,WEAK,Negative,False
Calcium,binary,Amikacin,continuous,0.0128,0.9215913967375378,62,WEAK,Positive,False
BSI.CRO,binary,Colistin,continuous,-0.0128,0.9215316485628312,62,WEAK,Negative,False
SGOT,binary,Nitrofurantoin,continuous,-0.0128,0.9211730731670892,62,WEAK,Negative,False
Albumin,binary,Chloramphenicol,continuous,0.0128,0.9211173966064757,62,WEAK,Positive,False
Z.A.invitro,binary,BSI.CRO,binary,0.0127,0.9218463981390874,62,WEAK,Positive,False
Age,continuous,Polymyxin.Colistin.Inclusion.T,binary,-0.0127,0.9218173506238874,62,WEAK,Negative,False
Sodium,binary,Aztreonam,continuous,-0.0127,0.9221683057033117,62,WEAK,Negative,False
SOFA,continuous,ALP,binary,0.0127,0.9218601863878714,62,WEAK,Positive,False
Immunosuppressive.drugs.in.1.week,binary,Nitrofurantoin,continuous,0.0126,0.922371563656543,62,WEAK,Positive,False
Doxycycline,continuous,Fosfomycin,continuous,-0.0125,0.9230207941646204,62,WEAK,Negative,False
Weight,continuous,Overall.organ.support,binary,0.0124,0.9240175800317911,62,WEAK,Positive,False
Hospitalization.in.past.6.Months,binary,Albumin,binary,0.0124,0.9236566529498761,62,WEAK,Positive,False
UTI.CRO,binary,ALP,binary,0.0123,0.9245119389076533,62,WEAK,Positive,False
Nitrofurantoin,continuous,Total.Hospital.Stay.in.28.Days,continuous,0.0123,0.924288022148326,62,WEAK,Positive,False
CV.Catheter.in.6.Months,binary,ALP,binary,0.0123,0.9245119389076533,62,WEAK,Positive,False
Weight,continuous,Dialysis.in.1.week,binary,-0.0122,0.9250264475030268,62,WEAK,Negative,False
Procalcitonin,binary,Minocycline,continuous,-0.0121,0.9256712828725099,62,WEAK,Negative,False
Neither.Abx.T,ordinal,Total.Hospital.Stay.in.28.Days,continuous,-0.0121,0.9254816051241262,62,WEAK,Negative,False
ALP,binary,Cefuroxime,continuous,0.0118,0.9274504051109767,62,WEAK,Positive,False
ALP,binary,Cefoperazone.Sulbactam,continuous,0.0118,0.9274504051109767,62,WEAK,Positive,False
ALP,binary,Amoxicillin.Clavulanic.Acid,continuous,0.0118,0.9274504051109767,62,WEAK,Positive,False
P.C.in.vitro,binary,Creatinine,binary,-0.0116,0.9285946384053788,62,WEAK,Negative,False
Female,binary,HAP.CRO,binary,0.0116,0.9289495131314092,62,WEAK,Positive,False
Ventilation,binary,Other.Illness.Leading.to.Hospitalization.post.28.Days.Discharge,binary,0.0116,0.9285946384053788,62,WEAK,Positive,False
Male,binary,HAP.CRO,binary,-0.0116,0.9289495131314092,62,WEAK,Negative,False
P.C.in.vitro,binary,Surgery.in.last.3.Months,binary,0.0116,0.9285946384053788,62,WEAK,Positive,False
Ventilation,binary,Neutropenia,binary,0.0116,0.9285946384053788,62,WEAK,Positive,False
Bil,binary,P.C.Z.A.T,ordinal,0.0116,0.9285946384053788,62,WEAK,Positive,False
Age,continuous,Minocycline,continuous,0.0115,0.9290161683699761,62,WEAK,Positive,False
P.C.only.T,ordinal,Z.A.only.T,ordinal,-0.0114,0.9292665214807515,63,WEAK,Negative,False
Age,continuous,Mortality.in.ICU,binary,0.0114,0.9298004510963731,62,WEAK,Positive,False
DM,binary,SGOT,binary,-0.0113,0.9308110011163447,62,WEAK,Negative,False
Any.Fungal.Infection,binary,Bil,binary,0.0112,0.9318160476339618,61,WEAK,Positive,False
SOFA,continuous,Ciprofloxacin,continuous,-0.0112,0.93092415022726,62,WEAK,Negative,False
Height,continuous,SGPT,binary,-0.011,0.9321771532528281,62,WEAK,Negative,False
Calcium,binary,Gentamicin,continuous,-0.011,0.9324378868554489,62,WEAK,Negative,False
Doxycycline,continuous,Clinical.Improvement,continuous,-0.0109,0.9332815949633276,62,WEAK,Negative,False
Doxycycline,continuous,Trimethoprim.Sulfamethoxazole,continuous,0.0108,0.9337269925518935,62,WEAK,Positive,False
Ciprofloxacin,continuous,GW.Stay.in.28.Days,continuous,-0.0108,0.9336859375775225,62,WEAK,Negative,False
Lympho,binary,Globulin,binary,0.0107,0.9342241033639614,62,WEAK,Positive,False
TLC,binary,Potassium,binary,-0.0107,0.9342241033639614,62,WEAK,Negative,False
SGPT,binary,Globulin,binary,-0.0107,0.9342241033639614,62,WEAK,Negative,False
Urinary.Catheter.in.6.Months,binary,SGPT,binary,0.0107,0.9342241033639614,62,WEAK,Positive,False
HTN,binary,P.C.Z.A.E,ordinal,0.0106,0.935049298674071,62,WEAK,Positive,False
BSI.CRO,binary,GW.Stay.in.28.Days,continuous,0.0105,0.9353493453163617,62,WEAK,Positive,False
TLC,binary,Clinical.Improvement,continuous,-0.0104,0.9361688672742536,62,WEAK,Negative,False
P.C.in.vitro,binary,Hypothyroidism,binary,-0.0104,0.9359041397781962,62,WEAK,Negative,False
Weight,continuous,Procalcitonin,binary,0.0103,0.9368553700972805,62,WEAK,Positive,False
NDM,binary,Clinical.Improvement,continuous,-0.0103,0.9365442754816685,62,WEAK,Negative,False
Magnesium,binary,Cefoxitin,continuous,0.0101,0.9376829130016915,62,WEAK,Positive,False
Amikacin,continuous,Ceftazidime.Avibactam.Aztreonam.Synergy.T,continuous,-0.0101,0.9377022366443027,62,WEAK,Negative,False
DM,binary,Cefoxitin,continuous,0.0101,0.9376829130016915,62,WEAK,Positive,False
DM,binary,Cefotaxime,continuous,0.0101,0.9376829130016915,62,WEAK,Positive,False
Calcium,binary,Cefotaxime,continuous,-0.0101,0.9376829130016915,62,WEAK,Negative,False
Sodium,binary,Cefoxitin,continuous,-0.0101,0.9376829130016915,62,WEAK,Negative,False
Z.A.only.T,ordinal,Cefotaxime,continuous,0.0101,0.9376829130016915,62,WEAK,Positive,False
Z.A.only.T,ordinal,Cefoxitin,continuous,0.0101,0.9376829130016915,62,WEAK,Positive,False
Z.A.only.T,ordinal,Ciprofloxacin,continuous,0.0101,0.937705570010034,62,WEAK,Positive,False
Tigecycline,continuous,Mortality.in.ICU,binary,-0.0099,0.9388722925174126,62,WEAK,Negative,False
P.C.only.E,ordinal,Ceftazidime.Avibactam,binary,-0.0097,0.9406180918568344,62,WEAK,Negative,False
Any.Viral.Infection,binary,P.C.only.E,ordinal,-0.0097,0.9406180918568344,62,WEAK,Negative,False
OXA48,binary,Creatinine,binary,-0.0096,0.9412193089823055,62,WEAK,Negative,False
Surgery.in.last.3.Months,binary,Albumin,binary,0.0096,0.9412193089823055,62,WEAK,Positive,False
Bil,binary,Neither.Abx.T,ordinal,-0.0096,0.9412193089823055,62,WEAK,Negative,False
Platelet,binary,Globulin,binary,-0.0095,0.9418630238347678,62,WEAK,Negative,False
OXA48,binary,SOFA,continuous,0.0095,0.9418085642465671,62,WEAK,Positive,False
NDM,binary,Globulin,binary,-0.0095,0.9418630238347678,62,WEAK,Negative,False
Ventilation,binary,Potassium,binary,0.0095,0.9418630238347678,62,WEAK,Positive,False
Ceftazidime.Avibactam.Aztreonam.Synergy.T,continuous,GW.Stay.in.28.Days,continuous,0.0094,0.9420803652067457,62,WEAK,Positive,False
Height,continuous,Magnesium,binary,-0.0094,0.9420354874257195,62,WEAK,Negative,False
P.C.in.vitro,binary,Ceftazidime.Avibactam.Aztreonam.T,binary,-0.0093,0.9425054951031762,62,WEAK,Negative,False
Platelet,binary,Tigecycline,continuous,-0.0093,0.9428948256148376,62,WEAK,Negative,False
Surgery.in.last.3.Months,binary,Fosfomycin,continuous,-0.0092,0.9435749762662794,62,WEAK,Negative,False
Globulin,binary,Doxycycline,continuous,-0.0092,0.9434604215082542,62,WEAK,Negative,False
Other.CRO,binary,Potassium,binary,0.0092,0.9433423068223842,62,WEAK,Positive,False
CV.Catheter.in.6.Months,binary,P.C.only.T,ordinal,-0.0092,0.9433423068223842,62,WEAK,Negative,False
UTI.CRO,binary,Dialysis.in.1.week,binary,-0.0092,0.9433423068223842,62,WEAK,Negative,False
UTI.CRO,binary,P.C.only.T,ordinal,-0.0092,0.9433423068223842,62,WEAK,Negative,False
CV.Catheter.in.6.Months,binary,P.C.Z.A.E,ordinal,-0.0092,0.9433423068223842,62,WEAK,Negative,False
IAI.CRO,binary,CV.Catheter.in.6.Months,binary,-0.0092,0.9433423068223842,62,WEAK,Negative,False
Age,continuous,APACHEII,continuous,-0.0091,0.9439666310476651,62,WEAK,Negative,False
SGPT,binary,Calcium,binary,-0.0089,0.9454676756516068,62,WEAK,Negative,False
Lympho,binary,Sodium,binary,0.0089,0.9454676756516068,62,WEAK,Positive,False
Age,continuous,Hypothyroidism,binary,0.0089,0.9454684901961681,62,WEAK,Positive,False
ALP,binary,Levofloxacin,continuous,0.0089,0.9455630634535737,62,WEAK,Positive,False
TLC,binary,Z.A.only.T,ordinal,-0.0089,0.9454676756516068,62,WEAK,Negative,False
DM,binary,SGPT,binary,0.0089,0.9454676756516068,62,WEAK,Positive,False
UTI.CRO,binary,Z.A.only.T,ordinal,0.0085,0.9474795262582691,62,WEAK,Positive,False
DM,binary,UTI.CRO,binary,0.0085,0.9474795262582691,62,WEAK,Positive,False
Hospitalization.in.past.6.Months,binary,Relapse.post.28.Day.Discharge,binary,-0.0085,0.9478703179205751,62,WEAK,Negative,False
HTN,binary,Hb,binary,-0.0085,0.9478703179205751,62,WEAK,Negative,False
CV.Catheter.in.6.Months,binary,Magnesium,binary,0.0085,0.9474795262582691,62,WEAK,Positive,False
Hospitalization.in.past.6.Months,binary,Hb,binary,0.0085,0.9478703179205751,62,WEAK,Positive,False
Lympho,binary,GW.Stay.in.28.Days,continuous,0.0084,0.9480783600419042,62,WEAK,Positive,False
Total.Protein,binary,Trimethoprim.Sulfamethoxazole,continuous,0.0084,0.9483468546088619,62,WEAK,Positive,False
Age,continuous,Platelet,binary,-0.0082,0.9493851931818318,62,WEAK,Negative,False
Age,continuous,Neither.Abx.T,ordinal,-0.0081,0.9503301440994649,62,WEAK,Negative,False
Amikacin,continuous,Tigecycline,continuous,-0.0081,0.9502151322844868,62,WEAK,Negative,False
Any.Viral.Infection,binary,ALP,binary,-0.0079,0.9513061391490469,62,WEAK,Negative,False
Surgery.in.last.3.Months,binary,Chloramphenicol,continuous,0.0079,0.9516934844996922,62,WEAK,Positive,False
Creatinine,binary,Other.Illness.Leading.to.Hospitalization.post.28.Days.Discharge,binary,-0.0078,0.9517399263976613,62,WEAK,Negative,False
Creatinine,binary,Z.A.only.E,ordinal,-0.0078,0.9517399263976613,62,WEAK,Negative,False
Neutropenia,binary,Urea,binary,-0.0078,0.9517399263976613,62,WEAK,Negative,False
Neutropenia,binary,Bil,binary,0.0078,0.9517399263976613,62,WEAK,Positive,False
Neutropenia,binary,Creatinine,binary,-0.0078,0.9517399263976613,62,WEAK,Negative,False
Bil,binary,Z.A.only.E,ordinal,0.0078,0.9517399263976613,62,WEAK,Positive,False
HTN,binary,Any.Fungal.Infection,binary,0.0077,0.9532817338241789,61,WEAK,Positive,False
Z.A.only.T,ordinal,Ertapenem,continuous,0.0076,0.9532546506276598,62,WEAK,Positive,False
Aztreonam,continuous,Ceftazidime.Avibactam.Aztreonam.Synergy.T,continuous,0.0076,0.9531796790841838,62,WEAK,Positive,False
Calcium,binary,Ertapenem,continuous,-0.0076,0.9532546506276598,62,WEAK,Negative,False
Female,binary,SGPT,binary,0.0075,0.9539444266644407,62,WEAK,Positive,False
Male,binary,Solid.Organ,binary,-0.0075,0.95368528715445,62,WEAK,Negative,False
Dialysis.in.1.week,binary,P.C.only.E,ordinal,0.0075,0.95368528715445,62,WEAK,Positive,False
Male,binary,SGPT,binary,-0.0075,0.9539444266644407,62,WEAK,Negative,False
HTN,binary,Colistin,continuous,0.0075,0.9541480822129693,62,WEAK,Positive,False
Immunosuppressive.drugs.in.1.week,binary,Inotropes,binary,0.0075,0.9539444266644407,62,WEAK,Positive,False
Male,binary,ANC,binary,-0.0075,0.95368528715445,62,WEAK,Negative,False
Inotropes,binary,ANC,binary,-0.0075,0.95368528715445,62,WEAK,Negative,False
SGPT,binary,GW.Stay.in.28.Days,continuous,-0.0075,0.9538407607330118,62,WEAK,Negative,False
Female,binary,ANC,binary,0.0075,0.95368528715445,62,WEAK,Positive,False
Female,binary,Lympho,binary,-0.0075,0.9539444266644407,62,WEAK,Negative,False
Female,binary,Solid.Organ,binary,0.0075,0.95368528715445,62,WEAK,Positive,False
Male,binary,Lympho,binary,0.0075,0.9539444266644407,62,WEAK,Positive,False
Weight,continuous,Immunosuppressive.drugs.in.1.week,binary,0.0074,0.9547723112515732,62,WEAK,Positive,False
CAP.CRO,binary,ICU.Stay.in.28.Days,continuous,0.0074,0.9546180304659487,62,WEAK,Positive,False
Age,continuous,Ceftazidime,continuous,0.0073,0.9551598770715154,62,WEAK,Positive,False
P.C.in.vitro,binary,Procalcitonin,binary,0.0072,0.9559471862987142,62,WEAK,Positive,False
Age,continuous,Fosfomycin,continuous,0.0072,0.9559066231262593,62,WEAK,Positive,False
Procalcitonin,binary,P.C.Z.A.T,ordinal,0.0072,0.9559471862987142,62,WEAK,Positive,False
Overall.organ.support,binary,Neither.Abx.T,ordinal,0.0071,0.9563610595227267,62,WEAK,Positive,False
Doxycycline,continuous,Polymyxin.Colistin.Inclusion.T,binary,0.0071,0.9562171144388022,62,WEAK,Positive,False
OXA48,binary,BSI.CRO,binary,0.0071,0.9563610595227267,62,WEAK,Positive,False
DM,binary,P.C.only.E,ordinal,-0.007,0.9570688956757125,62,WEAK,Negative,False
Sodium,binary,P.C.only.E,ordinal,0.007,0.9570688956757125,62,WEAK,Positive,False
Total.Protein,binary,Z.A.only.E,ordinal,0.007,0.9566861056564794,62,WEAK,Positive,False
Hypothyroidism,binary,Neutropenia,binary,-0.007,0.9566861056564794,62,WEAK,Negative,False
Hypothyroidism,binary,Z.A.only.E,ordinal,-0.007,0.9566861056564794,62,WEAK,Negative,False
Total.Protein,binary,Other.Illness.Leading.to.Hospitalization.post.28.Days.Discharge,binary,0.007,0.9566861056564794,62,WEAK,Positive,False
Urea,binary,Trimethoprim.Sulfamethoxazole,continuous,0.007,0.9568224182282852,62,WEAK,Positive,False
Z.A.invitro,binary,DM,binary,0.007,0.9570688956757125,62,WEAK,Positive,False
IAI.CRO,binary,Amikacin,continuous,0.0069,0.9576553644731503,62,WEAK,Positive,False
Overall.organ.support,binary,Fosfomycin,continuous,0.0068,0.9581112196812251,62,WEAK,Positive,False
Other.CRO,binary,Platelet,binary,-0.0067,0.9590068263339757,62,WEAK,Negative,False
Neither.Abx.E,ordinal,Overall.Mortality,binary,0.0067,0.9590068263339757,62,WEAK,Positive,False
NDM,binary,Other.CRO,binary,-0.0067,0.9590068263339757,62,WEAK,Negative,False
NDM,binary,Neither.Abx.E,ordinal,-0.0067,0.9590068263339757,62,WEAK,Negative,False
P.C.only.T,ordinal,Tigecycline,continuous,-0.0066,0.9591357375590671,62,WEAK,Negative,False
Dialysis.in.1.week,binary,Tigecycline,continuous,-0.0066,0.9591357375590671,62,WEAK,Negative,False
IAI.CRO,binary,Tigecycline,continuous,-0.0066,0.9591357375590671,62,WEAK,Negative,False
Weight,continuous,Any.Fungal.Infection,binary,0.0066,0.9595610247489955,61,WEAK,Positive,False
Total.Protein,binary,ALP,binary,-0.0064,0.9606016179178882,62,WEAK,Negative,False
Trimethoprim.Sulfamethoxazole,continuous,Total.Hospital.Stay.in.28.Days,continuous,0.0064,0.9605409658477089,62,WEAK,Positive,False
SOFA,continuous,Platelet,binary,-0.0064,0.9604482816566163,62,WEAK,Negative,False
Z.A.only.T,ordinal,Clinical.Improvement,continuous,-0.0064,0.960708876007731,62,WEAK,Negative,False
Hypothyroidism,binary,ALP,binary,0.0064,0.9606016179178882,62,WEAK,Positive,False
Lympho,binary,Colistin,continuous,-0.0063,0.9610680524074933,62,WEAK,Negative,False
TLC,binary,Colistin,continuous,-0.0063,0.9610680524074933,62,WEAK,Negative,False
P.C.Z.A.E,ordinal,P.C.Z.A.T,ordinal,0.0062,0.9614112698776368,63,WEAK,Positive,False
P.C.Z.A.T,ordinal,P.C.only.T,ordinal,0.0062,0.9614112698776368,63,WEAK,Positive,False
P.C.Z.A.T,ordinal,Ceftazidime.Avibactam,binary,-0.0061,0.9622431796161689,62,WEAK,Negative,False
Any.Fungal.Infection,binary,Z.A.only.E,ordinal,-0.006,0.9635414344603151,61,WEAK,Negative,False
Bil,binary,Chloramphenicol,continuous,-0.0059,0.9637606652449029,62,WEAK,Negative,False
Hospitalization.in.past.6.Months,binary,Cefuroxime,continuous,0.0059,0.9637453084870081,62,WEAK,Positive,False
Urea,binary,Chloramphenicol,continuous,-0.0059,0.9637606652449029,62,WEAK,Negative,False
Hospitalization.in.past.6.Months,binary,Amoxicillin.Clavulanic.Acid,continuous,0.0059,0.9637453084870081,62,WEAK,Positive,False
Chloramphenicol,continuous,Doxycycline,continuous,0.0058,0.9642399388135864,62,WEAK,Positive,False
Height,continuous,Procalcitonin,binary,0.0057,0.9648816550897662,62,WEAK,Positive,False
Weight,continuous,Surgery.in.last.3.Months,binary,0.0056,0.9658306637565208,62,WEAK,Positive,False
HAP.CRO,binary,Ceftazidime.Avibactam.T,binary,0.0055,0.9662640627884804,62,WEAK,Positive,False
Height,continuous,TLC,binary,-0.0055,0.9660586539096563,62,WEAK,Negative,False
HAP.CRO,binary,Solid.Organ,binary,0.0055,0.9662640627884804,62,WEAK,Positive,False
Total.Hospital.Stay.in.28.Days,continuous,Mortality.post.28.Day.Discharge,binary,0.0055,0.9660664502621308,62,WEAK,Positive,False
P.C.only.E,ordinal,Colistin,continuous,0.0053,0.9673128571340018,62,WEAK,Positive,False
UTI.CRO,binary,CV.Catheter.in.6.Months,binary,0.0053,0.967096313286991,62,WEAK,Positive,False
Z.A.invitro,binary,Cefotaxime,continuous,0.0052,0.9680848422802311,62,WEAK,Positive,False
P.C.only.E,ordinal,Cefoxitin,continuous,-0.0052,0.9680848422802311,62,WEAK,Negative,False
Z.A.invitro,binary,Cefoxitin,continuous,0.0052,0.9680848422802311,62,WEAK,Positive,False
Globulin,binary,Ceftazidime.Avibactam.Aztreonam.T,binary,0.0051,0.9683799874118273,62,WEAK,Positive,False
Neutropenia,binary,GW.Stay.in.28.Days,continuous,0.0051,0.968806305804658,62,WEAK,Positive,False
Ciprofloxacin,continuous,Ceftazidime.Avibactam.Aztreonam.Synergy.T,continuous,0.0051,0.9686109100306118,62,WEAK,Positive,False
Potassium,binary,Ceftazidime.Avibactam.Aztreonam.T,binary,-0.0051,0.9683799874118273,62,WEAK,Negative,False
Fosfomycin,continuous,Overall.Mortality,binary,-0.005,0.9690396554894329,62,WEAK,Negative,False
Male,binary,Other.CRO,binary,0.005,0.969396059152259,62,WEAK,Positive,False
Other.CRO,binary,Inotropes,binary,0.005,0.969396059152259,62,WEAK,Positive,False
Female,binary,Other.CRO,binary,-0.005,0.969396059152259,62,WEAK,Negative,False
BSI.CRO,binary,SGOT,binary,0.0049,0.9697079031241564,62,WEAK,Positive,False
Overall.organ.support,binary,SGOT,binary,-0.0049,0.9697079031241564,62,WEAK,Negative,False
P.C.in.vitro,binary,P.C.Z.A.E,ordinal,0.0048,0.9705578994944838,62,WEAK,Positive,False
Overall.organ.support,binary,Hb,binary,-0.0048,0.9702179239230481,62,WEAK,Negative,False
P.C.only.T,ordinal,Mortality.in.Hospital,binary,0.0048,0.9705578994944838,62,WEAK,Positive,False
COPD,binary,BSI.CRO,binary,-0.0048,0.9702179239230481,62,WEAK,Negative,False
BSI.CRO,binary,Hb,binary,0.0048,0.9702179239230481,62,WEAK,Positive,False
Endoscopy.in.1.week,binary,Overall.organ.support,binary,0.0048,0.9702179239230481,62,WEAK,Positive,False
IAI.CRO,binary,P.C.Z.A.T,ordinal,0.0048,0.9705578994944838,62,WEAK,Positive,False
BSI.CRO,binary,Mortality.post.28.Day.Discharge,binary,-0.0048,0.9702179239230481,62,WEAK,Negative,False
BSI.CRO,binary,Relapse.post.28.Day.Discharge,binary,-0.0048,0.9702179239230481,62,WEAK,Negative,False
Overall.organ.support,binary,Mortality.post.28.Day.Discharge,binary,0.0048,0.9702179239230481,62,WEAK,Positive,False
Neutropenia,binary,Procalcitonin,binary,0.0048,0.9702395183460165,62,WEAK,Positive,False
Procalcitonin,binary,Z.A.only.E,ordinal,0.0048,0.9702395183460165,62,WEAK,Positive,False
DM,binary,SOFA,continuous,0.0047,0.9708584100926464,62,WEAK,Positive,False
Past.CREPA.infection,continuous,Procalcitonin,binary,0.0046,0.971684278675916,62,WEAK,Positive,False
OXA48,binary,Neither.Abx.T,ordinal,0.0046,0.9715119656553385,62,WEAK,Positive,False
Albumin,binary,Neither.Abx.T,ordinal,0.0046,0.9715119656553385,62,WEAK,Positive,False
Ceftazidime.Avibactam.Aztreonam.Synergy.T,continuous,Mortality.post.28.Day.Discharge,binary,-0.0045,0.9725712862397392,62,WEAK,Negative,False
Past.CREPA.infection,continuous,Minocycline,continuous,0.0045,0.9723831325372523,62,WEAK,Positive,False
Past.CREPA.infection,continuous,Total.Protein,binary,-0.0045,0.9725186096324049,62,WEAK,Negative,False
SGPT,binary,P.C.only.E,ordinal,-0.0045,0.9720765388058092,62,WEAK,Negative,False
Fosfomycin,continuous,Clinical.Improvement,continuous,-0.0044,0.9728879314631612,62,WEAK,Negative,False
Platelet,binary,Bil,binary,0.0043,0.9733588986445179,62,WEAK,Positive,False
Male,binary,HTN,binary,0.0042,0.974157135926324,62,WEAK,Positive,False
Any.Fungal.Infection,binary,Tigecycline,continuous,0.0042,0.9741054157488429,61,WEAK,Positive,False
Female,binary,HTN,binary,-0.0042,0.974157135926324,62,WEAK,Negative,False
Other.CRO,binary,Tigecycline,continuous,-0.0041,0.9745431281232171,62,WEAK,Negative,False
Ertapenem,continuous,ICU.Stay.in.28.Days,continuous,0.0041,0.9748574141109995,62,WEAK,Positive,False
Male,binary,Tigecycline,continuous,0.004,0.9756265648170497,62,WEAK,Positive,False
Female,binary,Tigecycline,continuous,-0.004,0.9756265648170497,62,WEAK,Negative,False
Other.CRO,binary,Ceftazidime.Avibactam.Aztreonam.T,binary,0.0036,0.977711123377767,62,WEAK,Positive,False
HAP.CRO,binary,Neither.Abx.E,ordinal,-0.0036,0.977711123377767,62,WEAK,Negative,False
Past.CREPA.infection,continuous,Neither.Abx.T,ordinal,0.0036,0.9777513256221804,62,WEAK,Positive,False
Globulin,binary,ALP,binary,0.0035,0.9784230939269072,62,WEAK,Positive,False
CV.Catheter.in.6.Months,binary,APACHEII,continuous,0.0035,0.9781682997840879,62,WEAK,Positive,False
Any.Viral.Infection,binary,SGOT,binary,-0.0035,0.9784340467162596,62,WEAK,Negative,False
SOFA,continuous,Doxycycline,continuous,0.0035,0.9784403886596347,62,WEAK,Positive,False
CV.Catheter.in.6.Months,binary,Gentamicin,continuous,-0.0034,0.9788232026566821,62,WEAK,Negative,False
CV.Catheter.in.6.Months,binary,Colistin,continuous,0.0033,0.9799977295092405,62,WEAK,Positive,False
Male,binary,Doxycycline,continuous,-0.0033,0.9796372622740952,62,WEAK,Negative,False
Female,binary,Doxycycline,continuous,0.0033,0.9796372622740952,62,WEAK,Positive,False
Neither.Abx.E,ordinal,Clinical.Improvement,continuous,-0.0032,0.9801933106965983,62,WEAK,Negative,False
HAP.CRO,binary,APACHEII,continuous,-0.003,0.9816252343737563,62,WEAK,Negative,False
Ciprofloxacin,continuous,ICU.Stay.in.28.Days,continuous,0.003,0.981562407320532,62,WEAK,Positive,False
SGPT,binary,P.C.Z.A.T,ordinal,-0.0029,0.9822528444222607,62,WEAK,Negative,False
HTN,binary,Levofloxacin,continuous,-0.0029,0.9818705272526048,62,WEAK,Negative,False
Immunosuppressive.drugs.in.1.week,binary,P.C.Z.A.T,ordinal,0.0029,0.9822528444222607,62,WEAK,Positive,False
Lympho,binary,P.C.Z.A.T,ordinal,0.0029,0.9822528444222607,62,WEAK,Positive,False
Hospitalization.in.past.6.Months,binary,Ceftazidime,continuous,0.0029,0.9818705272526048,62,WEAK,Positive,False
Ventilation,binary,Procalcitonin,binary,0.0027,0.9835754773888401,62,WEAK,Positive,False
Platelet,binary,Procalcitonin,binary,0.0027,0.9835754773888401,62,WEAK,Positive,False
Procalcitonin,binary,Overall.Mortality,binary,-0.0027,0.9835754773888401,62,WEAK,Negative,False
Bil,binary,Total.Protein,binary,0.0026,0.9838512033726717,62,WEAK,Positive,False
DM,binary,Solid.Organ,binary,-0.0026,0.9839940359524652,62,WEAK,Negative,False
SOFA,continuous,Cefoperazone.Sulbactam,continuous,0.0026,0.984214422184987,62,WEAK,Positive,False
ANC,binary,Calcium,binary,0.0026,0.9839940359524652,62,WEAK,Positive,False
Hypothyroidism,binary,Bil,binary,-0.0026,0.9838512033726717,62,WEAK,Negative,False
Magnesium,binary,Ceftazidime.Avibactam.T,binary,-0.0026,0.9839940359524652,62,WEAK,Negative,False
ANC,binary,Magnesium,binary,-0.0026,0.9839940359524652,62,WEAK,Negative,False
DM,binary,Ceftazidime.Avibactam.T,binary,-0.0026,0.9839940359524652,62,WEAK,Negative,False
Surgery.in.last.3.Months,binary,Total.Protein,binary,0.0026,0.9838512033726717,62,WEAK,Positive,False
COPD,binary,Past.CREPA.infection,continuous,0.0025,0.9848189660176362,62,WEAK,Positive,False
CAP.CRO,binary,Past.CREPA.infection,continuous,0.0025,0.9848189660176362,62,WEAK,Positive,False
Bil,binary,Ceftazidime.Avibactam.Aztreonam.T,binary,-0.0024,0.9855171861911947,62,WEAK,Negative,False
Any.Fungal.Infection,binary,Potassium,binary,0.0024,0.9851249185473511,61,WEAK,Positive,False
BSI.CRO,binary,Inotropes,binary,-0.0024,0.9852409891947557,62,WEAK,Negative,False
Z.A.only.E,ordinal,Gentamicin,continuous,-0.0024,0.9851435675436878,62,WEAK,Negative,False
HAP.CRO,binary,Surgery.in.last.3.Months,binary,0.0024,0.9855171861911947,62,WEAK,Positive,False
Urinary.Catheter.in.6.Months,binary,Magnesium,binary,-0.0024,0.9849983438106534,62,WEAK,Negative,False
DM,binary,Potassium,binary,-0.0024,0.9849983438106534,62,WEAK,Negative,False
Albumin,binary,Doxycycline,continuous,-0.0024,0.9849408302537184,62,WEAK,Negative,False
HAP.CRO,binary,Urea,binary,-0.0024,0.9855171861911947,62,WEAK,Negative,False
Urinary.Catheter.in.6.Months,binary,Any.Fungal.Infection,binary,0.0024,0.9851249185473511,61,WEAK,Positive,False
Globulin,binary,Z.A.only.T,ordinal,0.0024,0.9849983438106534,62,WEAK,Positive,False
DM,binary,Urinary.Catheter.in.6.Months,binary,-0.0024,0.9849983438106534,62,WEAK,Negative,False
Colistin,continuous,Other.Illness.Leading.to.Hospitalization.post.28.Days.Discharge,binary,0.0023,0.9859676365457726,62,WEAK,Positive,False
Solid.Organ,binary,Chloramphenicol,continuous,0.0023,0.9859234764557833,62,WEAK,Positive,False
Past.CREPA.infection,continuous,Other.Illness.Leading.to.Hospitalization.post.28.Days.Discharge,binary,0.0022,0.9863029303200914,62,WEAK,Positive,False
P.C.only.E,ordinal,Chloramphenicol,continuous,0.002,0.9874094472495791,62,WEAK,Positive,False
NDM,binary,Fosfomycin,continuous,0.002,0.9876133163467197,62,WEAK,Positive,False
SGPT,binary,Z.A.only.E,ordinal,-0.0019,0.9880133730565794,62,WEAK,Negative,False
TLC,binary,Other.Illness.Leading.to.Hospitalization.post.28.Days.Discharge,binary,0.0019,0.9880133730565794,62,WEAK,Positive,False
Neutropenia,binary,SGPT,binary,-0.0019,0.9880133730565794,62,WEAK,Negative,False
TLC,binary,Z.A.only.E,ordinal,0.0019,0.9880133730565794,62,WEAK,Positive,False
Gentamicin,continuous,Tigecycline,continuous,0.0016,0.9899848030956263,62,WEAK,Positive,False
CV.Catheter.in.6.Months,binary,Potassium,binary,-0.0015,0.990605270507218,62,WEAK,Negative,False
P.C.only.T,ordinal,ICU.Stay.in.28.Days,continuous,0.0015,0.9905677285630009,62,WEAK,Positive,False
CV.Catheter.in.6.Months,binary,Globulin,binary,0.0015,0.990605270507218,62,WEAK,Positive,False
Hypothyroidism,binary,Polymyxin.Colistin.Inclusion.T,binary,-0.0014,0.9914686570794644,62,WEAK,Negative,False
Total.Protein,binary,Ceftazidime.Avibactam,binary,-0.0014,0.9914686570794644,62,WEAK,Negative,False
Total.Protein,binary,Polymyxin.Colistin.Inclusion.T,binary,0.0014,0.9914686570794644,62,WEAK,Positive,False
Hypothyroidism,binary,Any.Viral.Infection,binary,0.0014,0.9914686570794644,62,WEAK,Positive,False
APACHEII,continuous,Aztreonam,continuous,0.0013,0.9918518164708108,62,WEAK,Positive,False
Creatinine,binary,Tigecycline,continuous,0.0013,0.9917287290833279,62,WEAK,Positive,False
Inotropes,binary,SGOT,binary,0.0011,0.9933151890193096,62,WEAK,Positive,False
DM,binary,Any.Fungal.Infection,binary,-0.0011,0.9930552649266066,61,WEAK,Negative,False
Hypothyroidism,binary,SOFA,continuous,-0.0011,0.9931482137432103,62,WEAK,Negative,False
Fosfomycin,continuous,Ceftazidime.Avibactam.Aztreonam.T,binary,-0.0011,0.9932669418525151,62,WEAK,Negative,False
Ceftazidime.Avibactam,binary,ICU.Stay.in.28.Days,continuous,0.001,0.9939510400952227,62,WEAK,Positive,False
DM,binary,ICU.Stay.in.28.Days,continuous,-0.0009,0.9941715820326784,62,WEAK,Negative,False
Age,continuous,Amikacin,continuous,-0.0004,0.9976642068977497,62,WEAK,Negative,False
Albumin,binary,Nitrofurantoin,continuous,0.0,1.0,62,WEAK,Negative,False
Overall.organ.support,binary,Nitrofurantoin,continuous,0.0,1.0,62,WEAK,Negative,False
Hospitalization.in.past.6.Months,binary,Trimethoprim.Sulfamethoxazole,continuous,0.0,1.0,62,WEAK,Negative,False
HTN,binary,Trimethoprim.Sulfamethoxazole,continuous,0.0,1.0,62,WEAK,Negative,False
Weight,continuous,P.C.Z.A.E,ordinal,0.0,1.0,62,WEAK,Negative,False
P.C.only.E,ordinal,Trimethoprim.Sulfamethoxazole,continuous,0.0,1.0,62,WEAK,Negative,False
Age,continuous,VIM,binary,,,62,WEAK,Negative,False
Age,continuous,IMP,binary,,,62,WEAK,Negative,False
Age,continuous,OXA23,binary,,,62,WEAK,Negative,False
Age,continuous,OXA24,binary,,,62,WEAK,Negative,False
Age,continuous,OXA58,binary,,,62,WEAK,Negative,False
Age,continuous,UTI.NCRO,binary,,,62,WEAK,Negative,False
Age,continuous,IAI.NCRO,binary,,,62,WEAK,Negative,False
Age,continuous,HAP.NCRO,binary,,,62,WEAK,Negative,False
Age,continuous,VAP.NCRO,binary,,,62,WEAK,Negative,False
Age,continuous,CAP.NCRO,binary,,,62,WEAK,Negative,False
Age,continuous,BSI.NCRO,binary,,,62,WEAK,Negative,False
Age,continuous,Urinary.Catheter.Now,binary,,,62,WEAK,Negative,False
Age,continuous,Dialysis.on.Day.1,binary,,,62,WEAK,Negative,False
Age,continuous,HIV.Present,binary,,,62,WEAK,Negative,False
Age,continuous,TB,binary,,,62,WEAK,Negative,False
Age,continuous,ESBL.producer,binary,,,62,WEAK,Negative,False
Age,continuous,AmpC,binary,,,62,WEAK,Negative,False
Age,continuous,MRSA,binary,,,62,WEAK,Negative,False
Age,continuous,VAN,binary,,,62,WEAK,Negative,False
Male,binary,VIM,binary,,,62,WEAK,Negative,False
Male,binary,IMP,binary,,,62,WEAK,Negative,False
Male,binary,OXA23,binary,,,62,WEAK,Negative,False
Male,binary,OXA24,binary,,,62,WEAK,Negative,False
Male,binary,OXA58,binary,,,62,WEAK,Negative,False
Male,binary,UTI.NCRO,binary,,,62,WEAK,Negative,False
Male,binary,IAI.NCRO,binary,,,62,WEAK,Negative,False
Male,binary,HAP.NCRO,binary,,,62,WEAK,Negative,False
Male,binary,VAP.NCRO,binary,,,62,WEAK,Negative,False
Male,binary,CAP.NCRO,binary,,,62,WEAK,Negative,False
Male,binary,BSI.NCRO,binary,,,62,WEAK,Negative,False
Male,binary,Urinary.Catheter.Now,binary,,,62,WEAK,Negative,False
Male,binary,Dialysis.on.Day.1,binary,,,62,WEAK,Negative,False
Male,binary,HIV.Present,binary,,,62,WEAK,Negative,False
Male,binary,TB,binary,,,62,WEAK,Negative,False
Male,binary,ESBL.producer,binary,,,62,WEAK,Negative,False
Male,binary,AmpC,binary,,,62,WEAK,Negative,False
Male,binary,MRSA,binary,,,62,WEAK,Negative,False
Male,binary,VAN,binary,,,62,WEAK,Negative,False
Female,binary,VIM,binary,,,62,WEAK,Negative,False
Female,binary,IMP,binary,,,62,WEAK,Negative,False
Female,binary,OXA23,binary,,,62,WEAK,Negative,False
Female,binary,OXA24,binary,,,62,WEAK,Negative,False
Female,binary,OXA58,binary,,,62,WEAK,Negative,False
Female,binary,UTI.NCRO,binary,,,62,WEAK,Negative,False
Female,binary,IAI.NCRO,binary,,,62,WEAK,Negative,False
Female,binary,HAP.NCRO,binary,,,62,WEAK,Negative,False
Female,binary,VAP.NCRO,binary,,,62,WEAK,Negative,False
Female,binary,CAP.NCRO,binary,,,62,WEAK,Negative,False
Female,binary,BSI.NCRO,binary,,,62,WEAK,Negative,False
Female,binary,Urinary.Catheter.Now,binary,,,62,WEAK,Negative,False
Female,binary,Dialysis.on.Day.1,binary,,,62,WEAK,Negative,False
Female,binary,HIV.Present,binary,,,62,WEAK,Negative,False
Female,binary,TB,binary,,,62,WEAK,Negative,False
Female,binary,ESBL.producer,binary,,,62,WEAK,Negative,False
Female,binary,AmpC,binary,,,62,WEAK,Negative,False
Female,binary,MRSA,binary,,,62,WEAK,Negative,False
Female,binary,VAN,binary,,,62,WEAK,Negative,False
Height,continuous,VIM,binary,,,62,WEAK,Negative,False
Height,continuous,IMP,binary,,,62,WEAK,Negative,False
Height,continuous,OXA23,binary,,,62,WEAK,Negative,False
Height,continuous,OXA24,binary,,,62,WEAK,Negative,False
Height,continuous,OXA58,binary,,,62,WEAK,Negative,False
Height,continuous,UTI.NCRO,binary,,,62,WEAK,Negative,False
Height,continuous,IAI.NCRO,binary,,,62,WEAK,Negative,False
Height,continuous,HAP.NCRO,binary,,,62,WEAK,Negative,False
Height,continuous,VAP.NCRO,binary,,,62,WEAK,Negative,False
Height,continuous,CAP.NCRO,binary,,,62,WEAK,Negative,False
Height,continuous,BSI.NCRO,binary,,,62,WEAK,Negative,False
Height,continuous,Urinary.Catheter.Now,binary,,,62,WEAK,Negative,False
Height,continuous,Dialysis.on.Day.1,binary,,,62,WEAK,Negative,False
Height,continuous,HIV.Present,binary,,,62,WEAK,Negative,False
Height,continuous,TB,binary,,,62,WEAK,Negative,False
Height,continuous,ESBL.producer,binary,,,62,WEAK,Negative,False
Height,continuous,AmpC,binary,,,62,WEAK,Negative,False
Height,continuous,MRSA,binary,,,62,WEAK,Negative,False
Height,continuous,VAN,binary,,,62,WEAK,Negative,False
Weight,continuous,VIM,binary,,,62,WEAK,Negative,False
Weight,continuous,IMP,binary,,,62,WEAK,Negative,False
Weight,continuous,OXA23,binary,,,62,WEAK,Negative,False
Weight,continuous,OXA24,binary,,,62,WEAK,Negative,False
Weight,continuous,OXA58,binary,,,62,WEAK,Negative,False
Weight,continuous,UTI.NCRO,binary,,,62,WEAK,Negative,False
Weight,continuous,IAI.NCRO,binary,,,62,WEAK,Negative,False
Weight,continuous,HAP.NCRO,binary,,,62,WEAK,Negative,False
Weight,continuous,VAP.NCRO,binary,,,62,WEAK,Negative,False
Weight,continuous,CAP.NCRO,binary,,,62,WEAK,Negative,False
Weight,continuous,BSI.NCRO,binary,,,62,WEAK,Negative,False
Weight,continuous,Urinary.Catheter.Now,binary,,,62,WEAK,Negative,False
Weight,continuous,Dialysis.on.Day.1,binary,,,62,WEAK,Negative,False
Weight,continuous,HIV.Present,binary,,,62,WEAK,Negative,False
Weight,continuous,TB,binary,,,62,WEAK,Negative,False
Weight,continuous,ESBL.producer,binary,,,62,WEAK,Negative,False
Weight,continuous,AmpC,binary,,,62,WEAK,Negative,False
Weight,continuous,MRSA,binary,,,62,WEAK,Negative,False
Weight,continuous,VAN,binary,,,62,WEAK,Negative,False
VIM,binary,IMP,binary,,,62,WEAK,Negative,False
VIM,binary,KPC,binary,,,62,WEAK,Negative,False
VIM,binary,NDM,binary,,,62,WEAK,Negative,False
VIM,binary,OXA23,binary,,,62,WEAK,Negative,False
VIM,binary,OXA48,binary,,,62,WEAK,Negative,False
VIM,binary,OXA24,binary,,,62,WEAK,Negative,False
VIM,binary,OXA58,binary,,,62,WEAK,Negative,False
VIM,binary,P.C.in.vitro,binary,,,62,WEAK,Negative,False
VIM,binary,Z.A.invitro,binary,,,62,WEAK,Negative,False
VIM,binary,CKD,binary,,,62,WEAK,Negative,False
VIM,binary,HTN,binary,,,62,WEAK,Negative,False
VIM,binary,DM,binary,,,62,WEAK,Negative,False
VIM,binary,COPD,binary,,,62,WEAK,Negative,False
VIM,binary,Hypothyroidism,binary,,,62,WEAK,Negative,False
VIM,binary,UTI.CRO,binary,,,62,WEAK,Negative,False
VIM,binary,IAI.CRO,binary,,,62,WEAK,Negative,False
VIM,binary,ABSSSI.CRO,binary,,,62,WEAK,Negative,False
VIM,binary,HAP.CRO,binary,,,62,WEAK,Negative,False
VIM,binary,VAP.CRO,binary,,,62,WEAK,Negative,False
VIM,binary,CAP.CRO,binary,,,62,WEAK,Negative,False
VIM,binary,BSI.CRO,binary,,,62,WEAK,Negative,False
VIM,binary,Other.CRO,binary,,,62,WEAK,Negative,False
VIM,binary,UTI.NCRO,binary,,,62,WEAK,Negative,False
VIM,binary,IAI.NCRO,binary,,,62,WEAK,Negative,False
VIM,binary,HAP.NCRO,binary,,,62,WEAK,Negative,False
VIM,binary,VAP.NCRO,binary,,,62,WEAK,Negative,False
VIM,binary,CAP.NCRO,binary,,,62,WEAK,Negative,False
VIM,binary,BSI.NCRO,binary,,,62,WEAK,Negative,False
VIM,binary,Other.NCRO,binary,,,62,WEAK,Negative,False
VIM,binary,Hospitalization.in.past.6.Months,binary,,,62,WEAK,Negative,False
VIM,binary,CV.Catheter.in.6.Months,binary,,,62,WEAK,Negative,False
VIM,binary,CV.Catheter.Now,binary,,,62,WEAK,Negative,False
VIM,binary,Urinary.Catheter.in.6.Months,binary,,,62,WEAK,Negative,False
VIM,binary,Urinary.Catheter.Now,binary,,,62,WEAK,Negative,False
VIM,binary,Surgery.in.last.3.Months,binary,,,62,WEAK,Negative,False
VIM,binary,Past.CREPA.infection,continuous,,,62,WEAK,Negative,False
VIM,binary,Endoscopy.in.1.week,binary,,,62,WEAK,Negative,False
VIM,binary,Dialysis.in.1.week,binary,,,62,WEAK,Negative,False
VIM,binary,Immunosuppressive.drugs.in.1.week,binary,,,62,WEAK,Negative,False
VIM,binary,Inotropes,binary,,,62,WEAK,Negative,False
VIM,binary,Dialysis.on.Day.1,binary,,,62,WEAK,Negative,False
VIM,binary,Ventilation,binary,,,62,WEAK,Negative,False
VIM,binary,Overall.organ.support,binary,,,62,WEAK,Negative,False
VIM,binary,Neutropenia,binary,,,62,WEAK,Negative,False
VIM,binary,HIV.Present,binary,,,62,WEAK,Negative,False
VIM,binary,TB,binary,,,62,WEAK,Negative,False
VIM,binary,Any.Viral.Infection,binary,,,62,WEAK,Negative,False
VIM,binary,Any.Fungal.Infection,binary,,,61,WEAK,Negative,False
VIM,binary,Hemat.Malignancy,binary,,,62,WEAK,Negative,False
VIM,binary,Solid.Organ,binary,,,62,WEAK,Negative,False
VIM,binary,APACHEII,continuous,,,62,WEAK,Negative,False
VIM,binary,SOFA,continuous,,,62,WEAK,Negative,False
VIM,binary,Hb,binary,,,62,WEAK,Negative,False
VIM,binary,TLC,binary,,,62,WEAK,Negative,False
VIM,binary,ANC,binary,,,62,WEAK,Negative,False
VIM,binary,Lympho,binary,,,62,WEAK,Negative,False
VIM,binary,Platelet,binary,,,62,WEAK,Negative,False
VIM,binary,INR,binary,,,62,WEAK,Negative,False
VIM,binary,Bil,binary,,,62,WEAK,Negative,False
VIM,binary,SGPT,binary,,,62,WEAK,Negative,False
VIM,binary,SGOT,binary,,,62,WEAK,Negative,False
VIM,binary,Albumin,binary,,,62,WEAK,Negative,False
VIM,binary,Total.Protein,binary,,,62,WEAK,Negative,False
VIM,binary,Globulin,binary,,,62,WEAK,Negative,False
VIM,binary,ALP,binary,,,62,WEAK,Negative,False
VIM,binary,Creatinine,binary,,,62,WEAK,Negative,False
VIM,binary,Sodium,binary,,,62,WEAK,Negative,False
VIM,binary,Potassium,binary,,,62,WEAK,Negative,False
VIM,binary,Urea,binary,,,62,WEAK,Negative,False
VIM,binary,Calcium,binary,,,62,WEAK,Negative,False
VIM,binary,Magnesium,binary,,,62,WEAK,Negative,False
VIM,binary,Procalcitonin,binary,,,62,WEAK,Negative,False
VIM,binary,P.C.Z.A.E,ordinal,,,62,WEAK,Negative,False
VIM,binary,P.C.only.E,ordinal,,,62,WEAK,Negative,False
VIM,binary,Z.A.only.E,ordinal,,,62,WEAK,Negative,False
VIM,binary,Neither.Abx.E,ordinal,,,62,WEAK,Negative,False
VIM,binary,P.C.Z.A.T,ordinal,,,62,WEAK,Negative,False
VIM,binary,P.C.only.T,ordinal,,,62,WEAK,Negative,False
VIM,binary,Z.A.only.T,ordinal,,,62,WEAK,Negative,False
VIM,binary,Neither.Abx.T,ordinal,,,62,WEAK,Negative,False
VIM,binary,Amoxicillin.Clavulanic.Acid,continuous,,,62,WEAK,Negative,False
VIM,binary,Amikacin,continuous,,,62,WEAK,Negative,False
VIM,binary,Aztreonam,continuous,,,62,WEAK,Negative,False
VIM,binary,Chloramphenicol,continuous,,,62,WEAK,Negative,False
VIM,binary,Ciprofloxacin,continuous,,,62,WEAK,Negative,False
VIM,binary,Colistin,continuous,,,62,WEAK,Negative,False
VIM,binary,Doxycycline,continuous,,,62,WEAK,Negative,False
VIM,binary,Ertapenem,continuous,,,62,WEAK,Negative,False
VIM,binary,Cefepime,continuous,,,62,WEAK,Negative,False
VIM,binary,Fosfomycin,continuous,,,62,WEAK,Negative,False
VIM,binary,Cefoxitin,continuous,,,62,WEAK,Negative,False
VIM,binary,Gentamicin,continuous,,,62,WEAK,Negative,False
VIM,binary,Imipenem,continuous,,,62,WEAK,Negative,False
VIM,binary,Levofloxacin,continuous,,,62,WEAK,Negative,False
VIM,binary,Meropenem,continuous,,,62,WEAK,Negative,False
VIM,binary,Minocycline,continuous,,,62,WEAK,Negative,False
VIM,binary,Cefuroxime,continuous,,,62,WEAK,Negative,False
VIM,binary,Cefoperazone.Sulbactam,continuous,,,62,WEAK,Negative,False
VIM,binary,Trimethoprim.Sulfamethoxazole,continuous,,,62,WEAK,Negative,False
VIM,binary,Cefotaxime,continuous,,,62,WEAK,Negative,False
VIM,binary,Ceftazidime,continuous,,,62,WEAK,Negative,False
VIM,binary,Tigecycline,continuous,,,62,WEAK,Negative,False
VIM,binary,Piperacillin.Tazobactam,continuous,,,62,WEAK,Negative,False
VIM,binary,Ceftazidime.Avibactam,binary,,,62,WEAK,Negative,False
VIM,binary,Nitrofurantoin,continuous,,,62,WEAK,Negative,False
VIM,binary,ESBL.producer,binary,,,62,WEAK,Negative,False
VIM,binary,AmpC,binary,,,62,WEAK,Negative,False
VIM,binary,Carbapenemase,binary,,,62,WEAK,Negative,False
VIM,binary,MRSA,binary,,,62,WEAK,Negative,False
VIM,binary,VAN,binary,,,62,WEAK,Negative,False
VIM,binary,Ceftazidime.Avibactam.T,binary,,,62,WEAK,Negative,False
VIM,binary,Ceftazidime.Avibactam.Aztreonam.T,binary,,,62,WEAK,Negative,False
VIM,binary,Ceftazidime.Avibactam.Aztreonam.Synergy.T,continuous,,,62,WEAK,Negative,False
VIM,binary,Polymyxin.Colistin.Inclusion.T,binary,,,62,WEAK,Negative,False
VIM,binary,Clinical.Improvement,continuous,,,62,WEAK,Negative,False
VIM,binary,ICU.Stay.in.28.Days,continuous,,,62,WEAK,Negative,False
VIM,binary,GW.Stay.in.28.Days,continuous,,,62,WEAK,Negative,False
VIM,binary,Total.Hospital.Stay.in.28.Days,continuous,,,62,WEAK,Negative,False
VIM,binary,Mortality.in.ICU,binary,,,62,WEAK,Negative,False
VIM,binary,Mortality.in.Hospital,binary,,,62,WEAK,Negative,False
VIM,binary,Mortality.post.28.Day.Discharge,binary,,,62,WEAK,Negative,False
VIM,binary,Overall.Mortality,binary,,,62,WEAK,Negative,False
VIM,binary,Relapse.post.28.Day.Discharge,binary,,,62,WEAK,Negative,False
VIM,binary,Other.Illness.Leading.to.Hospitalization.post.28.Days.Discharge,binary,,,62,WEAK,Negative,False
IMP,binary,KPC,binary,,,62,WEAK,Negative,False
IMP,binary,NDM,binary,,,62,WEAK,Negative,False
IMP,binary,OXA23,binary,,,62,WEAK,Negative,False
IMP,binary,OXA48,binary,,,62,WEAK,Negative,False
IMP,binary,OXA24,binary,,,62,WEAK,Negative,False
IMP,binary,OXA58,binary,,,62,WEAK,Negative,False
IMP,binary,P.C.in.vitro,binary,,,62,WEAK,Negative,False
IMP,binary,Z.A.invitro,binary,,,62,WEAK,Negative,False
IMP,binary,CKD,binary,,,62,WEAK,Negative,False
IMP,binary,HTN,binary,,,62,WEAK,Negative,False
IMP,binary,DM,binary,,,62,WEAK,Negative,False
IMP,binary,COPD,binary,,,62,WEAK,Negative,False
IMP,binary,Hypothyroidism,binary,,,62,WEAK,Negative,False
IMP,binary,UTI.CRO,binary,,,62,WEAK,Negative,False
IMP,binary,IAI.CRO,binary,,,62,WEAK,Negative,False
IMP,binary,ABSSSI.CRO,binary,,,62,WEAK,Negative,False
IMP,binary,HAP.CRO,binary,,,62,WEAK,Negative,False
IMP,binary,VAP.CRO,binary,,,62,WEAK,Negative,False
IMP,binary,CAP.CRO,binary,,,62,WEAK,Negative,False
IMP,binary,BSI.CRO,binary,,,62,WEAK,Negative,False
IMP,binary,Other.CRO,binary,,,62,WEAK,Negative,False
IMP,binary,UTI.NCRO,binary,,,62,WEAK,Negative,False
IMP,binary,IAI.NCRO,binary,,,62,WEAK,Negative,False
IMP,binary,HAP.NCRO,binary,,,62,WEAK,Negative,False
IMP,binary,VAP.NCRO,binary,,,62,WEAK,Negative,False
IMP,binary,CAP.NCRO,binary,,,62,WEAK,Negative,False
IMP,binary,BSI.NCRO,binary,,,62,WEAK,Negative,False
IMP,binary,Other.NCRO,binary,,,62,WEAK,Negative,False
IMP,binary,Hospitalization.in.past.6.Months,binary,,,62,WEAK,Negative,False
IMP,binary,CV.Catheter.in.6.Months,binary,,,62,WEAK,Negative,False
IMP,binary,CV.Catheter.Now,binary,,,62,WEAK,Negative,False
IMP,binary,Urinary.Catheter.in.6.Months,binary,,,62,WEAK,Negative,False
IMP,binary,Urinary.Catheter.Now,binary,,,62,WEAK,Negative,False
IMP,binary,Surgery.in.last.3.Months,binary,,,62,WEAK,Negative,False
IMP,binary,Past.CREPA.infection,continuous,,,62,WEAK,Negative,False
IMP,binary,Endoscopy.in.1.week,binary,,,62,WEAK,Negative,False
IMP,binary,Dialysis.in.1.week,binary,,,62,WEAK,Negative,False
IMP,binary,Immunosuppressive.drugs.in.1.week,binary,,,62,WEAK,Negative,False
IMP,binary,Inotropes,binary,,,62,WEAK,Negative,False
IMP,binary,Dialysis.on.Day.1,binary,,,62,WEAK,Negative,False
IMP,binary,Ventilation,binary,,,62,WEAK,Negative,False
IMP,binary,Overall.organ.support,binary,,,62,WEAK,Negative,False
IMP,binary,Neutropenia,binary,,,62,WEAK,Negative,False
IMP,binary,HIV.Present,binary,,,62,WEAK,Negative,False
IMP,binary,TB,binary,,,62,WEAK,Negative,False
IMP,binary,Any.Viral.Infection,binary,,,62,WEAK,Negative,False
IMP,binary,Any.Fungal.Infection,binary,,,61,WEAK,Negative,False
IMP,binary,Hemat.Malignancy,binary,,,62,WEAK,Negative,False
IMP,binary,Solid.Organ,binary,,,62,WEAK,Negative,False
IMP,binary,APACHEII,continuous,,,62,WEAK,Negative,False
IMP,binary,SOFA,continuous,,,62,WEAK,Negative,False
IMP,binary,Hb,binary,,,62,WEAK,Negative,False
IMP,binary,TLC,binary,,,62,WEAK,Negative,False
IMP,binary,ANC,binary,,,62,WEAK,Negative,False
IMP,binary,Lympho,binary,,,62,WEAK,Negative,False
IMP,binary,Platelet,binary,,,62,WEAK,Negative,False
IMP,binary,INR,binary,,,62,WEAK,Negative,False
IMP,binary,Bil,binary,,,62,WEAK,Negative,False
IMP,binary,SGPT,binary,,,62,WEAK,Negative,False
IMP,binary,SGOT,binary,,,62,WEAK,Negative,False
IMP,binary,Albumin,binary,,,62,WEAK,Negative,False
IMP,binary,Total.Protein,binary,,,62,WEAK,Negative,False
IMP,binary,Globulin,binary,,,62,WEAK,Negative,False
IMP,binary,ALP,binary,,,62,WEAK,Negative,False
IMP,binary,Creatinine,binary,,,62,WEAK,Negative,False
IMP,binary,Sodium,binary,,,62,WEAK,Negative,False
IMP,binary,Potassium,binary,,,62,WEAK,Negative,False
IMP,binary,Urea,binary,,,62,WEAK,Negative,False
IMP,binary,Calcium,binary,,,62,WEAK,Negative,False
IMP,binary,Magnesium,binary,,,62,WEAK,Negative,False
IMP,binary,Procalcitonin,binary,,,62,WEAK,Negative,False
IMP,binary,P.C.Z.A.E,ordinal,,,62,WEAK,Negative,False
IMP,binary,P.C.only.E,ordinal,,,62,WEAK,Negative,False
IMP,binary,Z.A.only.E,ordinal,,,62,WEAK,Negative,False
IMP,binary,Neither.Abx.E,ordinal,,,62,WEAK,Negative,False
IMP,binary,P.C.Z.A.T,ordinal,,,62,WEAK,Negative,False
IMP,binary,P.C.only.T,ordinal,,,62,WEAK,Negative,False
IMP,binary,Z.A.only.T,ordinal,,,62,WEAK,Negative,False
IMP,binary,Neither.Abx.T,ordinal,,,62,WEAK,Negative,False
IMP,binary,Amoxicillin.Clavulanic.Acid,continuous,,,62,WEAK,Negative,False
IMP,binary,Amikacin,continuous,,,62,WEAK,Negative,False
IMP,binary,Aztreonam,continuous,,,62,WEAK,Negative,False
IMP,binary,Chloramphenicol,continuous,,,62,WEAK,Negative,False
IMP,binary,Ciprofloxacin,continuous,,,62,WEAK,Negative,False
IMP,binary,Colistin,continuous,,,62,WEAK,Negative,False
IMP,binary,Doxycycline,continuous,,,62,WEAK,Negative,False
IMP,binary,Ertapenem,continuous,,,62,WEAK,Negative,False
IMP,binary,Cefepime,continuous,,,62,WEAK,Negative,False
IMP,binary,Fosfomycin,continuous,,,62,WEAK,Negative,False
IMP,binary,Cefoxitin,continuous,,,62,WEAK,Negative,False
IMP,binary,Gentamicin,continuous,,,62,WEAK,Negative,False
IMP,binary,Imipenem,continuous,,,62,WEAK,Negative,False
IMP,binary,Levofloxacin,continuous,,,62,WEAK,Negative,False
IMP,binary,Meropenem,continuous,,,62,WEAK,Negative,False
IMP,binary,Minocycline,continuous,,,62,WEAK,Negative,False
IMP,binary,Cefuroxime,continuous,,,62,WEAK,Negative,False
IMP,binary,Cefoperazone.Sulbactam,continuous,,,62,WEAK,Negative,False
IMP,binary,Trimethoprim.Sulfamethoxazole,continuous,,,62,WEAK,Negative,False
IMP,binary,Cefotaxime,continuous,,,62,WEAK,Negative,False
IMP,binary,Ceftazidime,continuous,,,62,WEAK,Negative,False
IMP,binary,Tigecycline,continuous,,,62,WEAK,Negative,False
IMP,binary,Piperacillin.Tazobactam,continuous,,,62,WEAK,Negative,False
IMP,binary,Ceftazidime.Avibactam,binary,,,62,WEAK,Negative,False
IMP,binary,Nitrofurantoin,continuous,,,62,WEAK,Negative,False
IMP,binary,ESBL.producer,binary,,,62,WEAK,Negative,False
IMP,binary,AmpC,binary,,,62,WEAK,Negative,False
IMP,binary,Carbapenemase,binary,,,62,WEAK,Negative,False
IMP,binary,MRSA,binary,,,62,WEAK,Negative,False
IMP,binary,VAN,binary,,,62,WEAK,Negative,False
IMP,binary,Ceftazidime.Avibactam.T,binary,,,62,WEAK,Negative,False
IMP,binary,Ceftazidime.Avibactam.Aztreonam.T,binary,,,62,WEAK,Negative,False
IMP,binary,Ceftazidime.Avibactam.Aztreonam.Synergy.T,continuous,,,62,WEAK,Negative,False
IMP,binary,Polymyxin.Colistin.Inclusion.T,binary,,,62,WEAK,Negative,False
IMP,binary,Clinical.Improvement,continuous,,,62,WEAK,Negative,False
IMP,binary,ICU.Stay.in.28.Days,continuous,,,62,WEAK,Negative,False
IMP,binary,GW.Stay.in.28.Days,continuous,,,62,WEAK,Negative,False
IMP,binary,Total.Hospital.Stay.in.28.Days,continuous,,,62,WEAK,Negative,False
IMP,binary,Mortality.in.ICU,binary,,,62,WEAK,Negative,False
IMP,binary,Mortality.in.Hospital,binary,,,62,WEAK,Negative,False
IMP,binary,Mortality.post.28.Day.Discharge,binary,,,62,WEAK,Negative,False
IMP,binary,Overall.Mortality,binary,,,62,WEAK,Negative,False
IMP,binary,Relapse.post.28.Day.Discharge,binary,,,62,WEAK,Negative,False
IMP,binary,Other.Illness.Leading.to.Hospitalization.post.28.Days.Discharge,binary,,,62,WEAK,Negative,False
KPC,binary,OXA23,binary,,,62,WEAK,Negative,False
KPC,binary,OXA24,binary,,,62,WEAK,Negative,False
KPC,binary,OXA58,binary,,,62,WEAK,Negative,False
KPC,binary,UTI.NCRO,binary,,,62,WEAK,Negative,False
KPC,binary,IAI.NCRO,binary,,,62,WEAK,Negative,False
KPC,binary,HAP.NCRO,binary,,,62,WEAK,Negative,False
KPC,binary,VAP.NCRO,binary,,,62,WEAK,Negative,False
KPC,binary,CAP.NCRO,binary,,,62,WEAK,Negative,False
KPC,binary,BSI.NCRO,binary,,,62,WEAK,Negative,False
KPC,binary,Urinary.Catheter.Now,binary,,,62,WEAK,Negative,False
KPC,binary,Dialysis.on.Day.1,binary,,,62,WEAK,Negative,False
KPC,binary,HIV.Present,binary,,,62,WEAK,Negative,False
KPC,binary,TB,binary,,,62,WEAK,Negative,False
KPC,binary,ESBL.producer,binary,,,62,WEAK,Negative,False
KPC,binary,AmpC,binary,,,62,WEAK,Negative,False
KPC,binary,MRSA,binary,,,62,WEAK,Negative,False
KPC,binary,VAN,binary,,,62,WEAK,Negative,False
NDM,binary,OXA23,binary,,,62,WEAK,Negative,False
NDM,binary,OXA24,binary,,,62,WEAK,Negative,False
NDM,binary,OXA58,binary,,,62,WEAK,Negative,False
NDM,binary,UTI.NCRO,binary,,,62,WEAK,Negative,False
NDM,binary,IAI.NCRO,binary,,,62,WEAK,Negative,False
NDM,binary,HAP.NCRO,binary,,,62,WEAK,Negative,False
NDM,binary,VAP.NCRO,binary,,,62,WEAK,Negative,False
NDM,binary,CAP.NCRO,binary,,,62,WEAK,Negative,False
NDM,binary,BSI.NCRO,binary,,,62,WEAK,Negative,False
NDM,binary,Urinary.Catheter.Now,binary,,,62,WEAK,Negative,False
NDM,binary,Dialysis.on.Day.1,binary,,,62,WEAK,Negative,False
NDM,binary,HIV.Present,binary,,,62,WEAK,Negative,False
NDM,binary,TB,binary,,,62,WEAK,Negative,False
NDM,binary,ESBL.producer,binary,,,62,WEAK,Negative,False
NDM,binary,AmpC,binary,,,62,WEAK,Negative,False
NDM,binary,MRSA,binary,,,62,WEAK,Negative,False
NDM,binary,VAN,binary,,,62,WEAK,Negative,False
OXA23,binary,OXA48,binary,,,62,WEAK,Negative,False
OXA23,binary,OXA24,binary,,,62,WEAK,Negative,False
OXA23,binary,OXA58,binary,,,62,WEAK,Negative,False
OXA23,binary,P.C.in.vitro,binary,,,62,WEAK,Negative,False
OXA23,binary,Z.A.invitro,binary,,,62,WEAK,Negative,False
OXA23,binary,CKD,binary,,,62,WEAK,Negative,False
OXA23,binary,HTN,binary,,,62,WEAK,Negative,False
OXA23,binary,DM,binary,,,62,WEAK,Negative,False
OXA23,binary,COPD,binary,,,62,WEAK,Negative,False
OXA23,binary,Hypothyroidism,binary,,,62,WEAK,Negative,False
OXA23,binary,UTI.CRO,binary,,,62,WEAK,Negative,False
OXA23,binary,IAI.CRO,binary,,,62,WEAK,Negative,False
OXA23,binary,ABSSSI.CRO,binary,,,62,WEAK,Negative,False
OXA23,binary,HAP.CRO,binary,,,62,WEAK,Negative,False
OXA23,binary,VAP.CRO,binary,,,62,WEAK,Negative,False
OXA23,binary,CAP.CRO,binary,,,62,WEAK,Negative,False
OXA23,binary,BSI.CRO,binary,,,62,WEAK,Negative,False
OXA23,binary,Other.CRO,binary,,,62,WEAK,Negative,False
OXA23,binary,UTI.NCRO,binary,,,62,WEAK,Negative,False
OXA23,binary,IAI.NCRO,binary,,,62,WEAK,Negative,False
OXA23,binary,HAP.NCRO,binary,,,62,WEAK,Negative,False
OXA23,binary,VAP.NCRO,binary,,,62,WEAK,Negative,False
OXA23,binary,CAP.NCRO,binary,,,62,WEAK,Negative,False
OXA23,binary,BSI.NCRO,binary,,,62,WEAK,Negative,False
OXA23,binary,Other.NCRO,binary,,,62,WEAK,Negative,False
OXA23,binary,Hospitalization.in.past.6.Months,binary,,,62,WEAK,Negative,False
OXA23,binary,CV.Catheter.in.6.Months,binary,,,62,WEAK,Negative,False
OXA23,binary,CV.Catheter.Now,binary,,,62,WEAK,Negative,False
OXA23,binary,Urinary.Catheter.in.6.Months,binary,,,62,WEAK,Negative,False
OXA23,binary,Urinary.Catheter.Now,binary,,,62,WEAK,Negative,False
OXA23,binary,Surgery.in.last.3.Months,binary,,,62,WEAK,Negative,False
OXA23,binary,Past.CREPA.infection,continuous,,,62,WEAK,Negative,False
OXA23,binary,Endoscopy.in.1.week,binary,,,62,WEAK,Negative,False
OXA23,binary,Dialysis.in.1.week,binary,,,62,WEAK,Negative,False
OXA23,binary,Immunosuppressive.drugs.in.1.week,binary,,,62,WEAK,Negative,False
OXA23,binary,Inotropes,binary,,,62,WEAK,Negative,False
OXA23,binary,Dialysis.on.Day.1,binary,,,62,WEAK,Negative,False
OXA23,binary,Ventilation,binary,,,62,WEAK,Negative,False
OXA23,binary,Overall.organ.support,binary,,,62,WEAK,Negative,False
OXA23,binary,Neutropenia,binary,,,62,WEAK,Negative,False
OXA23,binary,HIV.Present,binary,,,62,WEAK,Negative,False
OXA23,binary,TB,binary,,,62,WEAK,Negative,False
OXA23,binary,Any.Viral.Infection,binary,,,62,WEAK,Negative,False
OXA23,binary,Any.Fungal.Infection,binary,,,61,WEAK,Negative,False
OXA23,binary,Hemat.Malignancy,binary,,,62,WEAK,Negative,False
OXA23,binary,Solid.Organ,binary,,,62,WEAK,Negative,False
OXA23,binary,APACHEII,continuous,,,62,WEAK,Negative,False
OXA23,binary,SOFA,continuous,,,62,WEAK,Negative,False
OXA23,binary,Hb,binary,,,62,WEAK,Negative,False
OXA23,binary,TLC,binary,,,62,WEAK,Negative,False
OXA23,binary,ANC,binary,,,62,WEAK,Negative,False
OXA23,binary,Lympho,binary,,,62,WEAK,Negative,False
OXA23,binary,Platelet,binary,,,62,WEAK,Negative,False
OXA23,binary,INR,binary,,,62,WEAK,Negative,False
OXA23,binary,Bil,binary,,,62,WEAK,Negative,False
OXA23,binary,SGPT,binary,,,62,WEAK,Negative,False
OXA23,binary,SGOT,binary,,,62,WEAK,Negative,False
OXA23,binary,Albumin,binary,,,62,WEAK,Negative,False
OXA23,binary,Total.Protein,binary,,,62,WEAK,Negative,False
OXA23,binary,Globulin,binary,,,62,WEAK,Negative,False
OXA23,binary,ALP,binary,,,62,WEAK,Negative,False
OXA23,binary,Creatinine,binary,,,62,WEAK,Negative,False
OXA23,binary,Sodium,binary,,,62,WEAK,Negative,False
OXA23,binary,Potassium,binary,,,62,WEAK,Negative,False
OXA23,binary,Urea,binary,,,62,WEAK,Negative,False
OXA23,binary,Calcium,binary,,,62,WEAK,Negative,False
OXA23,binary,Magnesium,binary,,,62,WEAK,Negative,False
OXA23,binary,Procalcitonin,binary,,,62,WEAK,Negative,False
OXA23,binary,P.C.Z.A.E,ordinal,,,62,WEAK,Negative,False
OXA23,binary,P.C.only.E,ordinal,,,62,WEAK,Negative,False
OXA23,binary,Z.A.only.E,ordinal,,,62,WEAK,Negative,False
OXA23,binary,Neither.Abx.E,ordinal,,,62,WEAK,Negative,False
OXA23,binary,P.C.Z.A.T,ordinal,,,62,WEAK,Negative,False
OXA23,binary,P.C.only.T,ordinal,,,62,WEAK,Negative,False
OXA23,binary,Z.A.only.T,ordinal,,,62,WEAK,Negative,False
OXA23,binary,Neither.Abx.T,ordinal,,,62,WEAK,Negative,False
OXA23,binary,Amoxicillin.Clavulanic.Acid,continuous,,,62,WEAK,Negative,False
OXA23,binary,Amikacin,continuous,,,62,WEAK,Negative,False
OXA23,binary,Aztreonam,continuous,,,62,WEAK,Negative,False
OXA23,binary,Chloramphenicol,continuous,,,62,WEAK,Negative,False
OXA23,binary,Ciprofloxacin,continuous,,,62,WEAK,Negative,False
OXA23,binary,Colistin,continuous,,,62,WEAK,Negative,False
OXA23,binary,Doxycycline,continuous,,,62,WEAK,Negative,False
OXA23,binary,Ertapenem,continuous,,,62,WEAK,Negative,False
OXA23,binary,Cefepime,continuous,,,62,WEAK,Negative,False
OXA23,binary,Fosfomycin,continuous,,,62,WEAK,Negative,False
OXA23,binary,Cefoxitin,continuous,,,62,WEAK,Negative,False
OXA23,binary,Gentamicin,continuous,,,62,WEAK,Negative,False
OXA23,binary,Imipenem,continuous,,,62,WEAK,Negative,False
OXA23,binary,Levofloxacin,continuous,,,62,WEAK,Negative,False
OXA23,binary,Meropenem,continuous,,,62,WEAK,Negative,False
OXA23,binary,Minocycline,continuous,,,62,WEAK,Negative,False
OXA23,binary,Cefuroxime,continuous,,,62,WEAK,Negative,False
OXA23,binary,Cefoperazone.Sulbactam,continuous,,,62,WEAK,Negative,False
OXA23,binary,Trimethoprim.Sulfamethoxazole,continuous,,,62,WEAK,Negative,False
OXA23,binary,Cefotaxime,continuous,,,62,WEAK,Negative,False
OXA23,binary,Ceftazidime,continuous,,,62,WEAK,Negative,False
OXA23,binary,Tigecycline,continuous,,,62,WEAK,Negative,False
OXA23,binary,Piperacillin.Tazobactam,continuous,,,62,WEAK,Negative,False
OXA23,binary,Ceftazidime.Avibactam,binary,,,62,WEAK,Negative,False
OXA23,binary,Nitrofurantoin,continuous,,,62,WEAK,Negative,False
OXA23,binary,ESBL.producer,binary,,,62,WEAK,Negative,False
OXA23,binary,AmpC,binary,,,62,WEAK,Negative,False
OXA23,binary,Carbapenemase,binary,,,62,WEAK,Negative,False
OXA23,binary,MRSA,binary,,,62,WEAK,Negative,False
OXA23,binary,VAN,binary,,,62,WEAK,Negative,False
OXA23,binary,Ceftazidime.Avibactam.T,binary,,,62,WEAK,Negative,False
OXA23,binary,Ceftazidime.Avibactam.Aztreonam.T,binary,,,62,WEAK,Negative,False
OXA23,binary,Ceftazidime.Avibactam.Aztreonam.Synergy.T,continuous,,,62,WEAK,Negative,False
OXA23,binary,Polymyxin.Colistin.Inclusion.T,binary,,,62,WEAK,Negative,False
OXA23,binary,Clinical.Improvement,continuous,,,62,WEAK,Negative,False
OXA23,binary,ICU.Stay.in.28.Days,continuous,,,62,WEAK,Negative,False
OXA23,binary,GW.Stay.in.28.Days,continuous,,,62,WEAK,Negative,False
OXA23,binary,Total.Hospital.Stay.in.28.Days,continuous,,,62,WEAK,Negative,False
OXA23,binary,Mortality.in.ICU,binary,,,62,WEAK,Negative,False
OXA23,binary,Mortality.in.Hospital,binary,,,62,WEAK,Negative,False
OXA23,binary,Mortality.post.28.Day.Discharge,binary,,,62,WEAK,Negative,False
OXA23,binary,Overall.Mortality,binary,,,62,WEAK,Negative,False
OXA23,binary,Relapse.post.28.Day.Discharge,binary,,,62,WEAK,Negative,False
OXA23,binary,Other.Illness.Leading.to.Hospitalization.post.28.Days.Discharge,binary,,,62,WEAK,Negative,False
OXA48,binary,OXA24,binary,,,62,WEAK,Negative,False
OXA48,binary,OXA58,binary,,,62,WEAK,Negative,False
OXA48,binary,UTI.NCRO,binary,,,62,WEAK,Negative,False
OXA48,binary,IAI.NCRO,binary,,,62,WEAK,Negative,False
OXA48,binary,HAP.NCRO,binary,,,62,WEAK,Negative,False
OXA48,binary,VAP.NCRO,binary,,,62,WEAK,Negative,False
OXA48,binary,CAP.NCRO,binary,,,62,WEAK,Negative,False
OXA48,binary,BSI.NCRO,binary,,,62,WEAK,Negative,False
OXA48,binary,Urinary.Catheter.Now,binary,,,62,WEAK,Negative,False
OXA48,binary,Dialysis.on.Day.1,binary,,,62,WEAK,Negative,False
OXA48,binary,HIV.Present,binary,,,62,WEAK,Negative,False
OXA48,binary,TB,binary,,,62,WEAK,Negative,False
OXA48,binary,ESBL.producer,binary,,,62,WEAK,Negative,False
OXA48,binary,AmpC,binary,,,62,WEAK,Negative,False
OXA48,binary,MRSA,binary,,,62,WEAK,Negative,False
OXA48,binary,VAN,binary,,,62,WEAK,Negative,False
OXA24,binary,OXA58,binary,,,62,WEAK,Negative,False
OXA24,binary,P.C.in.vitro,binary,,,62,WEAK,Negative,False
OXA24,binary,Z.A.invitro,binary,,,62,WEAK,Negative,False
OXA24,binary,CKD,binary,,,62,WEAK,Negative,False
OXA24,binary,HTN,binary,,,62,WEAK,Negative,False
OXA24,binary,DM,binary,,,62,WEAK,Negative,False
OXA24,binary,COPD,binary,,,62,WEAK,Negative,False
OXA24,binary,Hypothyroidism,binary,,,62,WEAK,Negative,False
OXA24,binary,UTI.CRO,binary,,,62,WEAK,Negative,False
OXA24,binary,IAI.CRO,binary,,,62,WEAK,Negative,False
OXA24,binary,ABSSSI.CRO,binary,,,62,WEAK,Negative,False
OXA24,binary,HAP.CRO,binary,,,62,WEAK,Negative,False
OXA24,binary,VAP.CRO,binary,,,62,WEAK,Negative,False
OXA24,binary,CAP.CRO,binary,,,62,WEAK,Negative,False
OXA24,binary,BSI.CRO,binary,,,62,WEAK,Negative,False
OXA24,binary,Other.CRO,binary,,,62,WEAK,Negative,False
OXA24,binary,UTI.NCRO,binary,,,62,WEAK,Negative,False
OXA24,binary,IAI.NCRO,binary,,,62,WEAK,Negative,False
OXA24,binary,HAP.NCRO,binary,,,62,WEAK,Negative,False
OXA24,binary,VAP.NCRO,binary,,,62,WEAK,Negative,False
OXA24,binary,CAP.NCRO,binary,,,62,WEAK,Negative,False
OXA24,binary,BSI.NCRO,binary,,,62,WEAK,Negative,False
OXA24,binary,Other.NCRO,binary,,,62,WEAK,Negative,False
OXA24,binary,Hospitalization.in.past.6.Months,binary,,,62,WEAK,Negative,False
OXA24,binary,CV.Catheter.in.6.Months,binary,,,62,WEAK,Negative,False
OXA24,binary,CV.Catheter.Now,binary,,,62,WEAK,Negative,False
OXA24,binary,Urinary.Catheter.in.6.Months,binary,,,62,WEAK,Negative,False
OXA24,binary,Urinary.Catheter.Now,binary,,,62,WEAK,Negative,False
OXA24,binary,Surgery.in.last.3.Months,binary,,,62,WEAK,Negative,False
OXA24,binary,Past.CREPA.infection,continuous,,,62,WEAK,Negative,False
OXA24,binary,Endoscopy.in.1.week,binary,,,62,WEAK,Negative,False
OXA24,binary,Dialysis.in.1.week,binary,,,62,WEAK,Negative,False
OXA24,binary,Immunosuppressive.drugs.in.1.week,binary,,,62,WEAK,Negative,False
OXA24,binary,Inotropes,binary,,,62,WEAK,Negative,False
OXA24,binary,Dialysis.on.Day.1,binary,,,62,WEAK,Negative,False
OXA24,binary,Ventilation,binary,,,62,WEAK,Negative,False
OXA24,binary,Overall.organ.support,binary,,,62,WEAK,Negative,False
OXA24,binary,Neutropenia,binary,,,62,WEAK,Negative,False
OXA24,binary,HIV.Present,binary,,,62,WEAK,Negative,False
OXA24,binary,TB,binary,,,62,WEAK,Negative,False
OXA24,binary,Any.Viral.Infection,binary,,,62,WEAK,Negative,False
OXA24,binary,Any.Fungal.Infection,binary,,,61,WEAK,Negative,False
OXA24,binary,Hemat.Malignancy,binary,,,62,WEAK,Negative,False
OXA24,binary,Solid.Organ,binary,,,62,WEAK,Negative,False
OXA24,binary,APACHEII,continuous,,,62,WEAK,Negative,False
OXA24,binary,SOFA,continuous,,,62,WEAK,Negative,False
OXA24,binary,Hb,binary,,,62,WEAK,Negative,False
OXA24,binary,TLC,binary,,,62,WEAK,Negative,False
OXA24,binary,ANC,binary,,,62,WEAK,Negative,False
OXA24,binary,Lympho,binary,,,62,WEAK,Negative,False
OXA24,binary,Platelet,binary,,,62,WEAK,Negative,False
OXA24,binary,INR,binary,,,62,WEAK,Negative,False
OXA24,binary,Bil,binary,,,62,WEAK,Negative,False
OXA24,binary,SGPT,binary,,,62,WEAK,Negative,False
OXA24,binary,SGOT,binary,,,62,WEAK,Negative,False
OXA24,binary,Albumin,binary,,,62,WEAK,Negative,False
OXA24,binary,Total.Protein,binary,,,62,WEAK,Negative,False
OXA24,binary,Globulin,binary,,,62,WEAK,Negative,False
OXA24,binary,ALP,binary,,,62,WEAK,Negative,False
OXA24,binary,Creatinine,binary,,,62,WEAK,Negative,False
OXA24,binary,Sodium,binary,,,62,WEAK,Negative,False
OXA24,binary,Potassium,binary,,,62,WEAK,Negative,False
OXA24,binary,Urea,binary,,,62,WEAK,Negative,False
OXA24,binary,Calcium,binary,,,62,WEAK,Negative,False
OXA24,binary,Magnesium,binary,,,62,WEAK,Negative,False
OXA24,binary,Procalcitonin,binary,,,62,WEAK,Negative,False
OXA24,binary,P.C.Z.A.E,ordinal,,,62,WEAK,Negative,False
OXA24,binary,P.C.only.E,ordinal,,,62,WEAK,Negative,False
OXA24,binary,Z.A.only.E,ordinal,,,62,WEAK,Negative,False
OXA24,binary,Neither.Abx.E,ordinal,,,62,WEAK,Negative,False
OXA24,binary,P.C.Z.A.T,ordinal,,,62,WEAK,Negative,False
OXA24,binary,P.C.only.T,ordinal,,,62,WEAK,Negative,False
OXA24,binary,Z.A.only.T,ordinal,,,62,WEAK,Negative,False
OXA24,binary,Neither.Abx.T,ordinal,,,62,WEAK,Negative,False
OXA24,binary,Amoxicillin.Clavulanic.Acid,continuous,,,62,WEAK,Negative,False
OXA24,binary,Amikacin,continuous,,,62,WEAK,Negative,False
OXA24,binary,Aztreonam,continuous,,,62,WEAK,Negative,False
OXA24,binary,Chloramphenicol,continuous,,,62,WEAK,Negative,False
OXA24,binary,Ciprofloxacin,continuous,,,62,WEAK,Negative,False
OXA24,binary,Colistin,continuous,,,62,WEAK,Negative,False
OXA24,binary,Doxycycline,continuous,,,62,WEAK,Negative,False
OXA24,binary,Ertapenem,continuous,,,62,WEAK,Negative,False
OXA24,binary,Cefepime,continuous,,,62,WEAK,Negative,False
OXA24,binary,Fosfomycin,continuous,,,62,WEAK,Negative,False
OXA24,binary,Cefoxitin,continuous,,,62,WEAK,Negative,False
OXA24,binary,Gentamicin,continuous,,,62,WEAK,Negative,False
OXA24,binary,Imipenem,continuous,,,62,WEAK,Negative,False
OXA24,binary,Levofloxacin,continuous,,,62,WEAK,Negative,False
OXA24,binary,Meropenem,continuous,,,62,WEAK,Negative,False
OXA24,binary,Minocycline,continuous,,,62,WEAK,Negative,False
OXA24,binary,Cefuroxime,continuous,,,62,WEAK,Negative,False
OXA24,binary,Cefoperazone.Sulbactam,continuous,,,62,WEAK,Negative,False
OXA24,binary,Trimethoprim.Sulfamethoxazole,continuous,,,62,WEAK,Negative,False
OXA24,binary,Cefotaxime,continuous,,,62,WEAK,Negative,False
OXA24,binary,Ceftazidime,continuous,,,62,WEAK,Negative,False
OXA24,binary,Tigecycline,continuous,,,62,WEAK,Negative,False
OXA24,binary,Piperacillin.Tazobactam,continuous,,,62,WEAK,Negative,False
OXA24,binary,Ceftazidime.Avibactam,binary,,,62,WEAK,Negative,False
OXA24,binary,Nitrofurantoin,continuous,,,62,WEAK,Negative,False
OXA24,binary,ESBL.producer,binary,,,62,WEAK,Negative,False
OXA24,binary,AmpC,binary,,,62,WEAK,Negative,False
OXA24,binary,Carbapenemase,binary,,,62,WEAK,Negative,False
OXA24,binary,MRSA,binary,,,62,WEAK,Negative,False
OXA24,binary,VAN,binary,,,62,WEAK,Negative,False
OXA24,binary,Ceftazidime.Avibactam.T,binary,,,62,WEAK,Negative,False
OXA24,binary,Ceftazidime.Avibactam.Aztreonam.T,binary,,,62,WEAK,Negative,False
OXA24,binary,Ceftazidime.Avibactam.Aztreonam.Synergy.T,continuous,,,62,WEAK,Negative,False
OXA24,binary,Polymyxin.Colistin.Inclusion.T,binary,,,62,WEAK,Negative,False
OXA24,binary,Clinical.Improvement,continuous,,,62,WEAK,Negative,False
OXA24,binary,ICU.Stay.in.28.Days,continuous,,,62,WEAK,Negative,False
OXA24,binary,GW.Stay.in.28.Days,continuous,,,62,WEAK,Negative,False
OXA24,binary,Total.Hospital.Stay.in.28.Days,continuous,,,62,WEAK,Negative,False
OXA24,binary,Mortality.in.ICU,binary,,,62,WEAK,Negative,False
OXA24,binary,Mortality.in.Hospital,binary,,,62,WEAK,Negative,False
OXA24,binary,Mortality.post.28.Day.Discharge,binary,,,62,WEAK,Negative,False
OXA24,binary,Overall.Mortality,binary,,,62,WEAK,Negative,False
OXA24,binary,Relapse.post.28.Day.Discharge,binary,,,62,WEAK,Negative,False
OXA24,binary,Other.Illness.Leading.to.Hospitalization.post.28.Days.Discharge,binary,,,62,WEAK,Negative,False
OXA58,binary,P.C.in.vitro,binary,,,62,WEAK,Negative,False
OXA58,binary,Z.A.invitro,binary,,,62,WEAK,Negative,False
OXA58,binary,CKD,binary,,,62,WEAK,Negative,False
OXA58,binary,HTN,binary,,,62,WEAK,Negative,False
OXA58,binary,DM,binary,,,62,WEAK,Negative,False
OXA58,binary,COPD,binary,,,62,WEAK,Negative,False
OXA58,binary,Hypothyroidism,binary,,,62,WEAK,Negative,False
OXA58,binary,UTI.CRO,binary,,,62,WEAK,Negative,False
OXA58,binary,IAI.CRO,binary,,,62,WEAK,Negative,False
OXA58,binary,ABSSSI.CRO,binary,,,62,WEAK,Negative,False
OXA58,binary,HAP.CRO,binary,,,62,WEAK,Negative,False
OXA58,binary,VAP.CRO,binary,,,62,WEAK,Negative,False
OXA58,binary,CAP.CRO,binary,,,62,WEAK,Negative,False
OXA58,binary,BSI.CRO,binary,,,62,WEAK,Negative,False
OXA58,binary,Other.CRO,binary,,,62,WEAK,Negative,False
OXA58,binary,UTI.NCRO,binary,,,62,WEAK,Negative,False
OXA58,binary,IAI.NCRO,binary,,,62,WEAK,Negative,False
OXA58,binary,HAP.NCRO,binary,,,62,WEAK,Negative,False
OXA58,binary,VAP.NCRO,binary,,,62,WEAK,Negative,False
OXA58,binary,CAP.NCRO,binary,,,62,WEAK,Negative,False
OXA58,binary,BSI.NCRO,binary,,,62,WEAK,Negative,False
OXA58,binary,Other.NCRO,binary,,,62,WEAK,Negative,False
OXA58,binary,Hospitalization.in.past.6.Months,binary,,,62,WEAK,Negative,False
OXA58,binary,CV.Catheter.in.6.Months,binary,,,62,WEAK,Negative,False
OXA58,binary,CV.Catheter.Now,binary,,,62,WEAK,Negative,False
OXA58,binary,Urinary.Catheter.in.6.Months,binary,,,62,WEAK,Negative,False
OXA58,binary,Urinary.Catheter.Now,binary,,,62,WEAK,Negative,False
OXA58,binary,Surgery.in.last.3.Months,binary,,,62,WEAK,Negative,False
OXA58,binary,Past.CREPA.infection,continuous,,,62,WEAK,Negative,False
OXA58,binary,Endoscopy.in.1.week,binary,,,62,WEAK,Negative,False
OXA58,binary,Dialysis.in.1.week,binary,,,62,WEAK,Negative,False
OXA58,binary,Immunosuppressive.drugs.in.1.week,binary,,,62,WEAK,Negative,False
OXA58,binary,Inotropes,binary,,,62,WEAK,Negative,False
OXA58,binary,Dialysis.on.Day.1,binary,,,62,WEAK,Negative,False
OXA58,binary,Ventilation,binary,,,62,WEAK,Negative,False
OXA58,binary,Overall.organ.support,binary,,,62,WEAK,Negative,False
OXA58,binary,Neutropenia,binary,,,62,WEAK,Negative,False
OXA58,binary,HIV.Present,binary,,,62,WEAK,Negative,False
OXA58,binary,TB,binary,,,62,WEAK,Negative,False
OXA58,binary,Any.Viral.Infection,binary,,,62,WEAK,Negative,False
OXA58,binary,Any.Fungal.Infection,binary,,,61,WEAK,Negative,False
OXA58,binary,Hemat.Malignancy,binary,,,62,WEAK,Negative,False
OXA58,binary,Solid.Organ,binary,,,62,WEAK,Negative,False
OXA58,binary,APACHEII,continuous,,,62,WEAK,Negative,False
OXA58,binary,SOFA,continuous,,,62,WEAK,Negative,False
OXA58,binary,Hb,binary,,,62,WEAK,Negative,False
OXA58,binary,TLC,binary,,,62,WEAK,Negative,False
OXA58,binary,ANC,binary,,,62,WEAK,Negative,False
OXA58,binary,Lympho,binary,,,62,WEAK,Negative,False
OXA58,binary,Platelet,binary,,,62,WEAK,Negative,False
OXA58,binary,INR,binary,,,62,WEAK,Negative,False
OXA58,binary,Bil,binary,,,62,WEAK,Negative,False
OXA58,binary,SGPT,binary,,,62,WEAK,Negative,False
OXA58,binary,SGOT,binary,,,62,WEAK,Negative,False
OXA58,binary,Albumin,binary,,,62,WEAK,Negative,False
OXA58,binary,Total.Protein,binary,,,62,WEAK,Negative,False
OXA58,binary,Globulin,binary,,,62,WEAK,Negative,False
OXA58,binary,ALP,binary,,,62,WEAK,Negative,False
OXA58,binary,Creatinine,binary,,,62,WEAK,Negative,False
OXA58,binary,Sodium,binary,,,62,WEAK,Negative,False
OXA58,binary,Potassium,binary,,,62,WEAK,Negative,False
OXA58,binary,Urea,binary,,,62,WEAK,Negative,False
OXA58,binary,Calcium,binary,,,62,WEAK,Negative,False
OXA58,binary,Magnesium,binary,,,62,WEAK,Negative,False
OXA58,binary,Procalcitonin,binary,,,62,WEAK,Negative,False
OXA58,binary,P.C.Z.A.E,ordinal,,,62,WEAK,Negative,False
OXA58,binary,P.C.only.E,ordinal,,,62,WEAK,Negative,False
OXA58,binary,Z.A.only.E,ordinal,,,62,WEAK,Negative,False
OXA58,binary,Neither.Abx.E,ordinal,,,62,WEAK,Negative,False
OXA58,binary,P.C.Z.A.T,ordinal,,,62,WEAK,Negative,False
OXA58,binary,P.C.only.T,ordinal,,,62,WEAK,Negative,False
OXA58,binary,Z.A.only.T,ordinal,,,62,WEAK,Negative,False
OXA58,binary,Neither.Abx.T,ordinal,,,62,WEAK,Negative,False
OXA58,binary,Amoxicillin.Clavulanic.Acid,continuous,,,62,WEAK,Negative,False
OXA58,binary,Amikacin,continuous,,,62,WEAK,Negative,False
OXA58,binary,Aztreonam,continuous,,,62,WEAK,Negative,False
OXA58,binary,Chloramphenicol,continuous,,,62,WEAK,Negative,False
OXA58,binary,Ciprofloxacin,continuous,,,62,WEAK,Negative,False
OXA58,binary,Colistin,continuous,,,62,WEAK,Negative,False
OXA58,binary,Doxycycline,continuous,,,62,WEAK,Negative,False
OXA58,binary,Ertapenem,continuous,,,62,WEAK,Negative,False
OXA58,binary,Cefepime,continuous,,,62,WEAK,Negative,False
OXA58,binary,Fosfomycin,continuous,,,62,WEAK,Negative,False
OXA58,binary,Cefoxitin,continuous,,,62,WEAK,Negative,False
OXA58,binary,Gentamicin,continuous,,,62,WEAK,Negative,False
OXA58,binary,Imipenem,continuous,,,62,WEAK,Negative,False
OXA58,binary,Levofloxacin,continuous,,,62,WEAK,Negative,False
OXA58,binary,Meropenem,continuous,,,62,WEAK,Negative,False
OXA58,binary,Minocycline,continuous,,,62,WEAK,Negative,False
OXA58,binary,Cefuroxime,continuous,,,62,WEAK,Negative,False
OXA58,binary,Cefoperazone.Sulbactam,continuous,,,62,WEAK,Negative,False
OXA58,binary,Trimethoprim.Sulfamethoxazole,continuous,,,62,WEAK,Negative,False
OXA58,binary,Cefotaxime,continuous,,,62,WEAK,Negative,False
OXA58,binary,Ceftazidime,continuous,,,62,WEAK,Negative,False
OXA58,binary,Tigecycline,continuous,,,62,WEAK,Negative,False
OXA58,binary,Piperacillin.Tazobactam,continuous,,,62,WEAK,Negative,False
OXA58,binary,Ceftazidime.Avibactam,binary,,,62,WEAK,Negative,False
OXA58,binary,Nitrofurantoin,continuous,,,62,WEAK,Negative,False
OXA58,binary,ESBL.producer,binary,,,62,WEAK,Negative,False
OXA58,binary,AmpC,binary,,,62,WEAK,Negative,False
OXA58,binary,Carbapenemase,binary,,,62,WEAK,Negative,False
OXA58,binary,MRSA,binary,,,62,WEAK,Negative,False
OXA58,binary,VAN,binary,,,62,WEAK,Negative,False
OXA58,binary,Ceftazidime.Avibactam.T,binary,,,62,WEAK,Negative,False
OXA58,binary,Ceftazidime.Avibactam.Aztreonam.T,binary,,,62,WEAK,Negative,False
OXA58,binary,Ceftazidime.Avibactam.Aztreonam.Synergy.T,continuous,,,62,WEAK,Negative,False
OXA58,binary,Polymyxin.Colistin.Inclusion.T,binary,,,62,WEAK,Negative,False
OXA58,binary,Clinical.Improvement,continuous,,,62,WEAK,Negative,False
OXA58,binary,ICU.Stay.in.28.Days,continuous,,,62,WEAK,Negative,False
OXA58,binary,GW.Stay.in.28.Days,continuous,,,62,WEAK,Negative,False
OXA58,binary,Total.Hospital.Stay.in.28.Days,continuous,,,62,WEAK,Negative,False
OXA58,binary,Mortality.in.ICU,binary,,,62,WEAK,Negative,False
OXA58,binary,Mortality.in.Hospital,binary,,,62,WEAK,Negative,False
OXA58,binary,Mortality.post.28.Day.Discharge,binary,,,62,WEAK,Negative,False
OXA58,binary,Overall.Mortality,binary,,,62,WEAK,Negative,False
OXA58,binary,Relapse.post.28.Day.Discharge,binary,,,62,WEAK,Negative,False
OXA58,binary,Other.Illness.Leading.to.Hospitalization.post.28.Days.Discharge,binary,,,62,WEAK,Negative,False
P.C.in.vitro,binary,UTI.NCRO,binary,,,62,WEAK,Negative,False
P.C.in.vitro,binary,IAI.NCRO,binary,,,62,WEAK,Negative,False
P.C.in.vitro,binary,HAP.NCRO,binary,,,62,WEAK,Negative,False
P.C.in.vitro,binary,VAP.NCRO,binary,,,62,WEAK,Negative,False
P.C.in.vitro,binary,CAP.NCRO,binary,,,62,WEAK,Negative,False
P.C.in.vitro,binary,BSI.NCRO,binary,,,62,WEAK,Negative,False
P.C.in.vitro,binary,Urinary.Catheter.Now,binary,,,62,WEAK,Negative,False
P.C.in.vitro,binary,Dialysis.on.Day.1,binary,,,62,WEAK,Negative,False
P.C.in.vitro,binary,HIV.Present,binary,,,62,WEAK,Negative,False
P.C.in.vitro,binary,TB,binary,,,62,WEAK,Negative,False
P.C.in.vitro,binary,ESBL.producer,binary,,,62,WEAK,Negative,False
P.C.in.vitro,binary,AmpC,binary,,,62,WEAK,Negative,False
P.C.in.vitro,binary,MRSA,binary,,,62,WEAK,Negative,False
P.C.in.vitro,binary,VAN,binary,,,62,WEAK,Negative,False
Z.A.invitro,binary,UTI.NCRO,binary,,,62,WEAK,Negative,False
Z.A.invitro,binary,IAI.NCRO,binary,,,62,WEAK,Negative,False
Z.A.invitro,binary,HAP.NCRO,binary,,,62,WEAK,Negative,False
Z.A.invitro,binary,VAP.NCRO,binary,,,62,WEAK,Negative,False
Z.A.invitro,binary,CAP.NCRO,binary,,,62,WEAK,Negative,False
Z.A.invitro,binary,BSI.NCRO,binary,,,62,WEAK,Negative,False
Z.A.invitro,binary,Urinary.Catheter.Now,binary,,,62,WEAK,Negative,False
Z.A.invitro,binary,Dialysis.on.Day.1,binary,,,62,WEAK,Negative,False
Z.A.invitro,binary,HIV.Present,binary,,,62,WEAK,Negative,False
Z.A.invitro,binary,TB,binary,,,62,WEAK,Negative,False
Z.A.invitro,binary,ESBL.producer,binary,,,62,WEAK,Negative,False
Z.A.invitro,binary,AmpC,binary,,,62,WEAK,Negative,False
Z.A.invitro,binary,MRSA,binary,,,62,WEAK,Negative,False
Z.A.invitro,binary,VAN,binary,,,62,WEAK,Negative,False
CKD,binary,UTI.NCRO,binary,,,62,WEAK,Negative,False
CKD,binary,IAI.NCRO,binary,,,62,WEAK,Negative,False
CKD,binary,HAP.NCRO,binary,,,62,WEAK,Negative,False
CKD,binary,VAP.NCRO,binary,,,62,WEAK,Negative,False
CKD,binary,CAP.NCRO,binary,,,62,WEAK,Negative,False
CKD,binary,BSI.NCRO,binary,,,62,WEAK,Negative,False
CKD,binary,Urinary.Catheter.Now,binary,,,62,WEAK,Negative,False
CKD,binary,Dialysis.on.Day.1,binary,,,62,WEAK,Negative,False
CKD,binary,HIV.Present,binary,,,62,WEAK,Negative,False
CKD,binary,TB,binary,,,62,WEAK,Negative,False
CKD,binary,ESBL.producer,binary,,,62,WEAK,Negative,False
CKD,binary,AmpC,binary,,,62,WEAK,Negative,False
CKD,binary,MRSA,binary,,,62,WEAK,Negative,False
CKD,binary,VAN,binary,,,62,WEAK,Negative,False
HTN,binary,UTI.NCRO,binary,,,62,WEAK,Negative,False
HTN,binary,IAI.NCRO,binary,,,62,WEAK,Negative,False
HTN,binary,HAP.NCRO,binary,,,62,WEAK,Negative,False
HTN,binary,VAP.NCRO,binary,,,62,WEAK,Negative,False
HTN,binary,CAP.NCRO,binary,,,62,WEAK,Negative,False
HTN,binary,BSI.NCRO,binary,,,62,WEAK,Negative,False
HTN,binary,Urinary.Catheter.Now,binary,,,62,WEAK,Negative,False
HTN,binary,Dialysis.on.Day.1,binary,,,62,WEAK,Negative,False
HTN,binary,HIV.Present,binary,,,62,WEAK,Negative,False
HTN,binary,TB,binary,,,62,WEAK,Negative,False
HTN,binary,ESBL.producer,binary,,,62,WEAK,Negative,False
HTN,binary,AmpC,binary,,,62,WEAK,Negative,False
HTN,binary,MRSA,binary,,,62,WEAK,Negative,False
HTN,binary,VAN,binary,,,62,WEAK,Negative,False
DM,binary,UTI.NCRO,binary,,,62,WEAK,Negative,False
DM,binary,IAI.NCRO,binary,,,62,WEAK,Negative,False
DM,binary,HAP.NCRO,binary,,,62,WEAK,Negative,False
DM,binary,VAP.NCRO,binary,,,62,WEAK,Negative,False
DM,binary,CAP.NCRO,binary,,,62,WEAK,Negative,False
DM,binary,BSI.NCRO,binary,,,62,WEAK,Negative,False
DM,binary,Urinary.Catheter.Now,binary,,,62,WEAK,Negative,False
DM,binary,Dialysis.on.Day.1,binary,,,62,WEAK,Negative,False
DM,binary,HIV.Present,binary,,,62,WEAK,Negative,False
DM,binary,TB,binary,,,62,WEAK,Negative,False
DM,binary,ESBL.producer,binary,,,62,WEAK,Negative,False
DM,binary,AmpC,binary,,,62,WEAK,Negative,False
DM,binary,MRSA,binary,,,62,WEAK,Negative,False
DM,binary,VAN,binary,,,62,WEAK,Negative,False
COPD,binary,UTI.NCRO,binary,,,62,WEAK,Negative,False
COPD,binary,IAI.NCRO,binary,,,62,WEAK,Negative,False
COPD,binary,HAP.NCRO,binary,,,62,WEAK,Negative,False
COPD,binary,VAP.NCRO,binary,,,62,WEAK,Negative,False
COPD,binary,CAP.NCRO,binary,,,62,WEAK,Negative,False
COPD,binary,BSI.NCRO,binary,,,62,WEAK,Negative,False
COPD,binary,Urinary.Catheter.Now,binary,,,62,WEAK,Negative,False
COPD,binary,Dialysis.on.Day.1,binary,,,62,WEAK,Negative,False
COPD,binary,HIV.Present,binary,,,62,WEAK,Negative,False
COPD,binary,TB,binary,,,62,WEAK,Negative,False
COPD,binary,ESBL.producer,binary,,,62,WEAK,Negative,False
COPD,binary,AmpC,binary,,,62,WEAK,Negative,False
COPD,binary,MRSA,binary,,,62,WEAK,Negative,False
COPD,binary,VAN,binary,,,62,WEAK,Negative,False
Hypothyroidism,binary,UTI.NCRO,binary,,,62,WEAK,Negative,False
Hypothyroidism,binary,IAI.NCRO,binary,,,62,WEAK,Negative,False
Hypothyroidism,binary,HAP.NCRO,binary,,,62,WEAK,Negative,False
Hypothyroidism,binary,VAP.NCRO,binary,,,62,WEAK,Negative,False
Hypothyroidism,binary,CAP.NCRO,binary,,,62,WEAK,Negative,False
Hypothyroidism,binary,BSI.NCRO,binary,,,62,WEAK,Negative,False
Hypothyroidism,binary,Urinary.Catheter.Now,binary,,,62,WEAK,Negative,False
Hypothyroidism,binary,Dialysis.on.Day.1,binary,,,62,WEAK,Negative,False
Hypothyroidism,binary,HIV.Present,binary,,,62,WEAK,Negative,False
Hypothyroidism,binary,TB,binary,,,62,WEAK,Negative,False
Hypothyroidism,binary,ESBL.producer,binary,,,62,WEAK,Negative,False
Hypothyroidism,binary,AmpC,binary,,,62,WEAK,Negative,False
Hypothyroidism,binary,MRSA,binary,,,62,WEAK,Negative,False
Hypothyroidism,binary,VAN,binary,,,62,WEAK,Negative,False
UTI.CRO,binary,UTI.NCRO,binary,,,62,WEAK,Negative,False
UTI.CRO,binary,IAI.NCRO,binary,,,62,WEAK,Negative,False
UTI.CRO,binary,HAP.NCRO,binary,,,62,WEAK,Negative,False
UTI.CRO,binary,VAP.NCRO,binary,,,62,WEAK,Negative,False
UTI.CRO,binary,CAP.NCRO,binary,,,62,WEAK,Negative,False
UTI.CRO,binary,BSI.NCRO,binary,,,62,WEAK,Negative,False
UTI.CRO,binary,Urinary.Catheter.Now,binary,,,62,WEAK,Negative,False
UTI.CRO,binary,Dialysis.on.Day.1,binary,,,62,WEAK,Negative,False
UTI.CRO,binary,HIV.Present,binary,,,62,WEAK,Negative,False
UTI.CRO,binary,TB,binary,,,62,WEAK,Negative,False
UTI.CRO,binary,ESBL.producer,binary,,,62,WEAK,Negative,False
UTI.CRO,binary,AmpC,binary,,,62,WEAK,Negative,False
UTI.CRO,binary,MRSA,binary,,,62,WEAK,Negative,False
UTI.CRO,binary,VAN,binary,,,62,WEAK,Negative,False
IAI.CRO,binary,UTI.NCRO,binary,,,62,WEAK,Negative,False
IAI.CRO,binary,IAI.NCRO,binary,,,62,WEAK,Negative,False
IAI.CRO,binary,HAP.NCRO,binary,,,62,WEAK,Negative,False
IAI.CRO,binary,VAP.NCRO,binary,,,62,WEAK,Negative,False
IAI.CRO,binary,CAP.NCRO,binary,,,62,WEAK,Negative,False
IAI.CRO,binary,BSI.NCRO,binary,,,62,WEAK,Negative,False
IAI.CRO,binary,Urinary.Catheter.Now,binary,,,62,WEAK,Negative,False
IAI.CRO,binary,Dialysis.on.Day.1,binary,,,62,WEAK,Negative,False
IAI.CRO,binary,HIV.Present,binary,,,62,WEAK,Negative,False
IAI.CRO,binary,TB,binary,,,62,WEAK,Negative,False
IAI.CRO,binary,ESBL.producer,binary,,,62,WEAK,Negative,False
IAI.CRO,binary,AmpC,binary,,,62,WEAK,Negative,False
IAI.CRO,binary,MRSA,binary,,,62,WEAK,Negative,False
IAI.CRO,binary,VAN,binary,,,62,WEAK,Negative,False
ABSSSI.CRO,binary,UTI.NCRO,binary,,,62,WEAK,Negative,False
ABSSSI.CRO,binary,IAI.NCRO,binary,,,62,WEAK,Negative,False
ABSSSI.CRO,binary,HAP.NCRO,binary,,,62,WEAK,Negative,False
ABSSSI.CRO,binary,VAP.NCRO,binary,,,62,WEAK,Negative,False
ABSSSI.CRO,binary,CAP.NCRO,binary,,,62,WEAK,Negative,False
ABSSSI.CRO,binary,BSI.NCRO,binary,,,62,WEAK,Negative,False
ABSSSI.CRO,binary,Urinary.Catheter.Now,binary,,,62,WEAK,Negative,False
ABSSSI.CRO,binary,Dialysis.on.Day.1,binary,,,62,WEAK,Negative,False
ABSSSI.CRO,binary,HIV.Present,binary,,,62,WEAK,Negative,False
ABSSSI.CRO,binary,TB,binary,,,62,WEAK,Negative,False
ABSSSI.CRO,binary,ESBL.producer,binary,,,62,WEAK,Negative,False
ABSSSI.CRO,binary,AmpC,binary,,,62,WEAK,Negative,False
ABSSSI.CRO,binary,MRSA,binary,,,62,WEAK,Negative,False
ABSSSI.CRO,binary,VAN,binary,,,62,WEAK,Negative,False
HAP.CRO,binary,UTI.NCRO,binary,,,62,WEAK,Negative,False
HAP.CRO,binary,IAI.NCRO,binary,,,62,WEAK,Negative,False
HAP.CRO,binary,HAP.NCRO,binary,,,62,WEAK,Negative,False
HAP.CRO,binary,VAP.NCRO,binary,,,62,WEAK,Negative,False
HAP.CRO,binary,CAP.NCRO,binary,,,62,WEAK,Negative,False
HAP.CRO,binary,BSI.NCRO,binary,,,62,WEAK,Negative,False
HAP.CRO,binary,Urinary.Catheter.Now,binary,,,62,WEAK,Negative,False
HAP.CRO,binary,Dialysis.on.Day.1,binary,,,62,WEAK,Negative,False
HAP.CRO,binary,HIV.Present,binary,,,62,WEAK,Negative,False
HAP.CRO,binary,TB,binary,,,62,WEAK,Negative,False
HAP.CRO,binary,ESBL.producer,binary,,,62,WEAK,Negative,False
HAP.CRO,binary,AmpC,binary,,,62,WEAK,Negative,False
HAP.CRO,binary,MRSA,binary,,,62,WEAK,Negative,False
HAP.CRO,binary,VAN,binary,,,62,WEAK,Negative,False
VAP.CRO,binary,UTI.NCRO,binary,,,62,WEAK,Negative,False
VAP.CRO,binary,IAI.NCRO,binary,,,62,WEAK,Negative,False
VAP.CRO,binary,HAP.NCRO,binary,,,62,WEAK,Negative,False
VAP.CRO,binary,VAP.NCRO,binary,,,62,WEAK,Negative,False
VAP.CRO,binary,CAP.NCRO,binary,,,62,WEAK,Negative,False
VAP.CRO,binary,BSI.NCRO,binary,,,62,WEAK,Negative,False
VAP.CRO,binary,Urinary.Catheter.Now,binary,,,62,WEAK,Negative,False
VAP.CRO,binary,Dialysis.on.Day.1,binary,,,62,WEAK,Negative,False
VAP.CRO,binary,HIV.Present,binary,,,62,WEAK,Negative,False
VAP.CRO,binary,TB,binary,,,62,WEAK,Negative,False
VAP.CRO,binary,ESBL.producer,binary,,,62,WEAK,Negative,False
VAP.CRO,binary,AmpC,binary,,,62,WEAK,Negative,False
VAP.CRO,binary,MRSA,binary,,,62,WEAK,Negative,False
VAP.CRO,binary,VAN,binary,,,62,WEAK,Negative,False
CAP.CRO,binary,UTI.NCRO,binary,,,62,WEAK,Negative,False
CAP.CRO,binary,IAI.NCRO,binary,,,62,WEAK,Negative,False
CAP.CRO,binary,HAP.NCRO,binary,,,62,WEAK,Negative,False
CAP.CRO,binary,VAP.NCRO,binary,,,62,WEAK,Negative,False
CAP.CRO,binary,CAP.NCRO,binary,,,62,WEAK,Negative,False
CAP.CRO,binary,BSI.NCRO,binary,,,62,WEAK,Negative,False
CAP.CRO,binary,Urinary.Catheter.Now,binary,,,62,WEAK,Negative,False
CAP.CRO,binary,Dialysis.on.Day.1,binary,,,62,WEAK,Negative,False
CAP.CRO,binary,HIV.Present,binary,,,62,WEAK,Negative,False
CAP.CRO,binary,TB,binary,,,62,WEAK,Negative,False
CAP.CRO,binary,ESBL.producer,binary,,,62,WEAK,Negative,False
CAP.CRO,binary,AmpC,binary,,,62,WEAK,Negative,False
CAP.CRO,binary,MRSA,binary,,,62,WEAK,Negative,False
CAP.CRO,binary,VAN,binary,,,62,WEAK,Negative,False
BSI.CRO,binary,UTI.NCRO,binary,,,62,WEAK,Negative,False
BSI.CRO,binary,IAI.NCRO,binary,,,62,WEAK,Negative,False
BSI.CRO,binary,HAP.NCRO,binary,,,62,WEAK,Negative,False
BSI.CRO,binary,VAP.NCRO,binary,,,62,WEAK,Negative,False
BSI.CRO,binary,CAP.NCRO,binary,,,62,WEAK,Negative,False
BSI.CRO,binary,BSI.NCRO,binary,,,62,WEAK,Negative,False
BSI.CRO,binary,Urinary.Catheter.Now,binary,,,62,WEAK,Negative,False
BSI.CRO,binary,Dialysis.on.Day.1,binary,,,62,WEAK,Negative,False
BSI.CRO,binary,HIV.Present,binary,,,62,WEAK,Negative,False
BSI.CRO,binary,TB,binary,,,62,WEAK,Negative,False
BSI.CRO,binary,ESBL.producer,binary,,,62,WEAK,Negative,False
BSI.CRO,binary,AmpC,binary,,,62,WEAK,Negative,False
BSI.CRO,binary,MRSA,binary,,,62,WEAK,Negative,False
BSI.CRO,binary,VAN,binary,,,62,WEAK,Negative,False
Other.CRO,binary,UTI.NCRO,binary,,,62,WEAK,Negative,False
Other.CRO,binary,IAI.NCRO,binary,,,62,WEAK,Negative,False
Other.CRO,binary,HAP.NCRO,binary,,,62,WEAK,Negative,False
Other.CRO,binary,VAP.NCRO,binary,,,62,WEAK,Negative,False
Other.CRO,binary,CAP.NCRO,binary,,,62,WEAK,Negative,False
Other.CRO,binary,BSI.NCRO,binary,,,62,WEAK,Negative,False
Other.CRO,binary,Urinary.Catheter.Now,binary,,,62,WEAK,Negative,False
Other.CRO,binary,Dialysis.on.Day.1,binary,,,62,WEAK,Negative,False
Other.CRO,binary,HIV.Present,binary,,,62,WEAK,Negative,False
Other.CRO,binary,TB,binary,,,62,WEAK,Negative,False
Other.CRO,binary,ESBL.producer,binary,,,62,WEAK,Negative,False
Other.CRO,binary,AmpC,binary,,,62,WEAK,Negative,False
Other.CRO,binary,MRSA,binary,,,62,WEAK,Negative,False
Other.CRO,binary,VAN,binary,,,62,WEAK,Negative,False
UTI.NCRO,binary,IAI.NCRO,binary,,,62,WEAK,Negative,False
UTI.NCRO,binary,HAP.NCRO,binary,,,62,WEAK,Negative,False
UTI.NCRO,binary,VAP.NCRO,binary,,,62,WEAK,Negative,False
UTI.NCRO,binary,CAP.NCRO,binary,,,62,WEAK,Negative,False
UTI.NCRO,binary,BSI.NCRO,binary,,,62,WEAK,Negative,False
UTI.NCRO,binary,Other.NCRO,binary,,,62,WEAK,Negative,False
UTI.NCRO,binary,Hospitalization.in.past.6.Months,binary,,,62,WEAK,Negative,False
UTI.NCRO,binary,CV.Catheter.in.6.Months,binary,,,62,WEAK,Negative,False
UTI.NCRO,binary,CV.Catheter.Now,binary,,,62,WEAK,Negative,False
UTI.NCRO,binary,Urinary.Catheter.in.6.Months,binary,,,62,WEAK,Negative,False
UTI.NCRO,binary,Urinary.Catheter.Now,binary,,,62,WEAK,Negative,False
UTI.NCRO,binary,Surgery.in.last.3.Months,binary,,,62,WEAK,Negative,False
UTI.NCRO,binary,Past.CREPA.infection,continuous,,,62,WEAK,Negative,False
UTI.NCRO,binary,Endoscopy.in.1.week,binary,,,62,WEAK,Negative,False
UTI.NCRO,binary,Dialysis.in.1.week,binary,,,62,WEAK,Negative,False
UTI.NCRO,binary,Immunosuppressive.drugs.in.1.week,binary,,,62,WEAK,Negative,False
UTI.NCRO,binary,Inotropes,binary,,,62,WEAK,Negative,False
UTI.NCRO,binary,Dialysis.on.Day.1,binary,,,62,WEAK,Negative,False
UTI.NCRO,binary,Ventilation,binary,,,62,WEAK,Negative,False
UTI.NCRO,binary,Overall.organ.support,binary,,,62,WEAK,Negative,False
UTI.NCRO,binary,Neutropenia,binary,,,62,WEAK,Negative,False
UTI.NCRO,binary,HIV.Present,binary,,,62,WEAK,Negative,False
UTI.NCRO,binary,TB,binary,,,62,WEAK,Negative,False
UTI.NCRO,binary,Any.Viral.Infection,binary,,,62,WEAK,Negative,False
UTI.NCRO,binary,Any.Fungal.Infection,binary,,,61,WEAK,Negative,False
UTI.NCRO,binary,Hemat.Malignancy,binary,,,62,WEAK,Negative,False
UTI.NCRO,binary,Solid.Organ,binary,,,62,WEAK,Negative,False
UTI.NCRO,binary,APACHEII,continuous,,,62,WEAK,Negative,False
UTI.NCRO,binary,SOFA,continuous,,,62,WEAK,Negative,False
UTI.NCRO,binary,Hb,binary,,,62,WEAK,Negative,False
UTI.NCRO,binary,TLC,binary,,,62,WEAK,Negative,False
UTI.NCRO,binary,ANC,binary,,,62,WEAK,Negative,False
UTI.NCRO,binary,Lympho,binary,,,62,WEAK,Negative,False
UTI.NCRO,binary,Platelet,binary,,,62,WEAK,Negative,False
UTI.NCRO,binary,INR,binary,,,62,WEAK,Negative,False
UTI.NCRO,binary,Bil,binary,,,62,WEAK,Negative,False
UTI.NCRO,binary,SGPT,binary,,,62,WEAK,Negative,False
UTI.NCRO,binary,SGOT,binary,,,62,WEAK,Negative,False
UTI.NCRO,binary,Albumin,binary,,,62,WEAK,Negative,False
UTI.NCRO,binary,Total.Protein,binary,,,62,WEAK,Negative,False
UTI.NCRO,binary,Globulin,binary,,,62,WEAK,Negative,False
UTI.NCRO,binary,ALP,binary,,,62,WEAK,Negative,False
UTI.NCRO,binary,Creatinine,binary,,,62,WEAK,Negative,False
UTI.NCRO,binary,Sodium,binary,,,62,WEAK,Negative,False
UTI.NCRO,binary,Potassium,binary,,,62,WEAK,Negative,False
UTI.NCRO,binary,Urea,binary,,,62,WEAK,Negative,False
UTI.NCRO,binary,Calcium,binary,,,62,WEAK,Negative,False
UTI.NCRO,binary,Magnesium,binary,,,62,WEAK,Negative,False
UTI.NCRO,binary,Procalcitonin,binary,,,62,WEAK,Negative,False
UTI.NCRO,binary,P.C.Z.A.E,ordinal,,,62,WEAK,Negative,False
UTI.NCRO,binary,P.C.only.E,ordinal,,,62,WEAK,Negative,False
UTI.NCRO,binary,Z.A.only.E,ordinal,,,62,WEAK,Negative,False
UTI.NCRO,binary,Neither.Abx.E,ordinal,,,62,WEAK,Negative,False
UTI.NCRO,binary,P.C.Z.A.T,ordinal,,,62,WEAK,Negative,False
UTI.NCRO,binary,P.C.only.T,ordinal,,,62,WEAK,Negative,False
UTI.NCRO,binary,Z.A.only.T,ordinal,,,62,WEAK,Negative,False
UTI.NCRO,binary,Neither.Abx.T,ordinal,,,62,WEAK,Negative,False
UTI.NCRO,binary,Amoxicillin.Clavulanic.Acid,continuous,,,62,WEAK,Negative,False
UTI.NCRO,binary,Amikacin,continuous,,,62,WEAK,Negative,False
UTI.NCRO,binary,Aztreonam,continuous,,,62,WEAK,Negative,False
UTI.NCRO,binary,Chloramphenicol,continuous,,,62,WEAK,Negative,False
UTI.NCRO,binary,Ciprofloxacin,continuous,,,62,WEAK,Negative,False
UTI.NCRO,binary,Colistin,continuous,,,62,WEAK,Negative,False
UTI.NCRO,binary,Doxycycline,continuous,,,62,WEAK,Negative,False
UTI.NCRO,binary,Ertapenem,continuous,,,62,WEAK,Negative,False
UTI.NCRO,binary,Cefepime,continuous,,,62,WEAK,Negative,False
UTI.NCRO,binary,Fosfomycin,continuous,,,62,WEAK,Negative,False
UTI.NCRO,binary,Cefoxitin,continuous,,,62,WEAK,Negative,False
UTI.NCRO,binary,Gentamicin,continuous,,,62,WEAK,Negative,False
UTI.NCRO,binary,Imipenem,continuous,,,62,WEAK,Negative,False
UTI.NCRO,binary,Levofloxacin,continuous,,,62,WEAK,Negative,False
UTI.NCRO,binary,Meropenem,continuous,,,62,WEAK,Negative,False
UTI.NCRO,binary,Minocycline,continuous,,,62,WEAK,Negative,False
UTI.NCRO,binary,Cefuroxime,continuous,,,62,WEAK,Negative,False
UTI.NCRO,binary,Cefoperazone.Sulbactam,continuous,,,62,WEAK,Negative,False
UTI.NCRO,binary,Trimethoprim.Sulfamethoxazole,continuous,,,62,WEAK,Negative,False
UTI.NCRO,binary,Cefotaxime,continuous,,,62,WEAK,Negative,False
UTI.NCRO,binary,Ceftazidime,continuous,,,62,WEAK,Negative,False
UTI.NCRO,binary,Tigecycline,continuous,,,62,WEAK,Negative,False
UTI.NCRO,binary,Piperacillin.Tazobactam,continuous,,,62,WEAK,Negative,False
UTI.NCRO,binary,Ceftazidime.Avibactam,binary,,,62,WEAK,Negative,False
UTI.NCRO,binary,Nitrofurantoin,continuous,,,62,WEAK,Negative,False
UTI.NCRO,binary,ESBL.producer,binary,,,62,WEAK,Negative,False
UTI.NCRO,binary,AmpC,binary,,,62,WEAK,Negative,False
UTI.NCRO,binary,Carbapenemase,binary,,,62,WEAK,Negative,False
UTI.NCRO,binary,MRSA,binary,,,62,WEAK,Negative,False
UTI.NCRO,binary,VAN,binary,,,62,WEAK,Negative,False
UTI.NCRO,binary,Ceftazidime.Avibactam.T,binary,,,62,WEAK,Negative,False
UTI.NCRO,binary,Ceftazidime.Avibactam.Aztreonam.T,binary,,,62,WEAK,Negative,False
UTI.NCRO,binary,Ceftazidime.Avibactam.Aztreonam.Synergy.T,continuous,,,62,WEAK,Negative,False
UTI.NCRO,binary,Polymyxin.Colistin.Inclusion.T,binary,,,62,WEAK,Negative,False
UTI.NCRO,binary,Clinical.Improvement,continuous,,,62,WEAK,Negative,False
UTI.NCRO,binary,ICU.Stay.in.28.Days,continuous,,,62,WEAK,Negative,False
UTI.NCRO,binary,GW.Stay.in.28.Days,continuous,,,62,WEAK,Negative,False
UTI.NCRO,binary,Total.Hospital.Stay.in.28.Days,continuous,,,62,WEAK,Negative,False
UTI.NCRO,binary,Mortality.in.ICU,binary,,,62,WEAK,Negative,False
UTI.NCRO,binary,Mortality.in.Hospital,binary,,,62,WEAK,Negative,False
UTI.NCRO,binary,Mortality.post.28.Day.Discharge,binary,,,62,WEAK,Negative,False
UTI.NCRO,binary,Overall.Mortality,binary,,,62,WEAK,Negative,False
UTI.NCRO,binary,Relapse.post.28.Day.Discharge,binary,,,62,WEAK,Negative,False
UTI.NCRO,binary,Other.Illness.Leading.to.Hospitalization.post.28.Days.Discharge,binary,,,62,WEAK,Negative,False
IAI.NCRO,binary,HAP.NCRO,binary,,,62,WEAK,Negative,False
IAI.NCRO,binary,VAP.NCRO,binary,,,62,WEAK,Negative,False
IAI.NCRO,binary,CAP.NCRO,binary,,,62,WEAK,Negative,False
IAI.NCRO,binary,BSI.NCRO,binary,,,62,WEAK,Negative,False
IAI.NCRO,binary,Other.NCRO,binary,,,62,WEAK,Negative,False
IAI.NCRO,binary,Hospitalization.in.past.6.Months,binary,,,62,WEAK,Negative,False
IAI.NCRO,binary,CV.Catheter.in.6.Months,binary,,,62,WEAK,Negative,False
IAI.NCRO,binary,CV.Catheter.Now,binary,,,62,WEAK,Negative,False
IAI.NCRO,binary,Urinary.Catheter.in.6.Months,binary,,,62,WEAK,Negative,False
IAI.NCRO,binary,Urinary.Catheter.Now,binary,,,62,WEAK,Negative,False
IAI.NCRO,binary,Surgery.in.last.3.Months,binary,,,62,WEAK,Negative,False
IAI.NCRO,binary,Past.CREPA.infection,continuous,,,62,WEAK,Negative,False
IAI.NCRO,binary,Endoscopy.in.1.week,binary,,,62,WEAK,Negative,False
IAI.NCRO,binary,Dialysis.in.1.week,binary,,,62,WEAK,Negative,False
IAI.NCRO,binary,Immunosuppressive.drugs.in.1.week,binary,,,62,WEAK,Negative,False
IAI.NCRO,binary,Inotropes,binary,,,62,WEAK,Negative,False
IAI.NCRO,binary,Dialysis.on.Day.1,binary,,,62,WEAK,Negative,False
IAI.NCRO,binary,Ventilation,binary,,,62,WEAK,Negative,False
IAI.NCRO,binary,Overall.organ.support,binary,,,62,WEAK,Negative,False
IAI.NCRO,binary,Neutropenia,binary,,,62,WEAK,Negative,False
IAI.NCRO,binary,HIV.Present,binary,,,62,WEAK,Negative,False
IAI.NCRO,binary,TB,binary,,,62,WEAK,Negative,False
IAI.NCRO,binary,Any.Viral.Infection,binary,,,62,WEAK,Negative,False
IAI.NCRO,binary,Any.Fungal.Infection,binary,,,61,WEAK,Negative,False
IAI.NCRO,binary,Hemat.Malignancy,binary,,,62,WEAK,Negative,False
IAI.NCRO,binary,Solid.Organ,binary,,,62,WEAK,Negative,False
IAI.NCRO,binary,APACHEII,continuous,,,62,WEAK,Negative,False
IAI.NCRO,binary,SOFA,continuous,,,62,WEAK,Negative,False
IAI.NCRO,binary,Hb,binary,,,62,WEAK,Negative,False
IAI.NCRO,binary,TLC,binary,,,62,WEAK,Negative,False
IAI.NCRO,binary,ANC,binary,,,62,WEAK,Negative,False
IAI.NCRO,binary,Lympho,binary,,,62,WEAK,Negative,False
IAI.NCRO,binary,Platelet,binary,,,62,WEAK,Negative,False
IAI.NCRO,binary,INR,binary,,,62,WEAK,Negative,False
IAI.NCRO,binary,Bil,binary,,,62,WEAK,Negative,False
IAI.NCRO,binary,SGPT,binary,,,62,WEAK,Negative,False
IAI.NCRO,binary,SGOT,binary,,,62,WEAK,Negative,False
IAI.NCRO,binary,Albumin,binary,,,62,WEAK,Negative,False
IAI.NCRO,binary,Total.Protein,binary,,,62,WEAK,Negative,False
IAI.NCRO,binary,Globulin,binary,,,62,WEAK,Negative,False
IAI.NCRO,binary,ALP,binary,,,62,WEAK,Negative,False
IAI.NCRO,binary,Creatinine,binary,,,62,WEAK,Negative,False
IAI.NCRO,binary,Sodium,binary,,,62,WEAK,Negative,False
IAI.NCRO,binary,Potassium,binary,,,62,WEAK,Negative,False
IAI.NCRO,binary,Urea,binary,,,62,WEAK,Negative,False
IAI.NCRO,binary,Calcium,binary,,,62,WEAK,Negative,False
IAI.NCRO,binary,Magnesium,binary,,,62,WEAK,Negative,False
IAI.NCRO,binary,Procalcitonin,binary,,,62,WEAK,Negative,False
IAI.NCRO,binary,P.C.Z.A.E,ordinal,,,62,WEAK,Negative,False
IAI.NCRO,binary,P.C.only.E,ordinal,,,62,WEAK,Negative,False
IAI.NCRO,binary,Z.A.only.E,ordinal,,,62,WEAK,Negative,False
IAI.NCRO,binary,Neither.Abx.E,ordinal,,,62,WEAK,Negative,False
IAI.NCRO,binary,P.C.Z.A.T,ordinal,,,62,WEAK,Negative,False
IAI.NCRO,binary,P.C.only.T,ordinal,,,62,WEAK,Negative,False
IAI.NCRO,binary,Z.A.only.T,ordinal,,,62,WEAK,Negative,False
IAI.NCRO,binary,Neither.Abx.T,ordinal,,,62,WEAK,Negative,False
IAI.NCRO,binary,Amoxicillin.Clavulanic.Acid,continuous,,,62,WEAK,Negative,False
IAI.NCRO,binary,Amikacin,continuous,,,62,WEAK,Negative,False
IAI.NCRO,binary,Aztreonam,continuous,,,62,WEAK,Negative,False
IAI.NCRO,binary,Chloramphenicol,continuous,,,62,WEAK,Negative,False
IAI.NCRO,binary,Ciprofloxacin,continuous,,,62,WEAK,Negative,False
IAI.NCRO,binary,Colistin,continuous,,,62,WEAK,Negative,False
IAI.NCRO,binary,Doxycycline,continuous,,,62,WEAK,Negative,False
IAI.NCRO,binary,Ertapenem,continuous,,,62,WEAK,Negative,False
IAI.NCRO,binary,Cefepime,continuous,,,62,WEAK,Negative,False
IAI.NCRO,binary,Fosfomycin,continuous,,,62,WEAK,Negative,False
IAI.NCRO,binary,Cefoxitin,continuous,,,62,WEAK,Negative,False
IAI.NCRO,binary,Gentamicin,continuous,,,62,WEAK,Negative,False
IAI.NCRO,binary,Imipenem,continuous,,,62,WEAK,Negative,False
IAI.NCRO,binary,Levofloxacin,continuous,,,62,WEAK,Negative,False
IAI.NCRO,binary,Meropenem,continuous,,,62,WEAK,Negative,False
IAI.NCRO,binary,Minocycline,continuous,,,62,WEAK,Negative,False
IAI.NCRO,binary,Cefuroxime,continuous,,,62,WEAK,Negative,False
IAI.NCRO,binary,Cefoperazone.Sulbactam,continuous,,,62,WEAK,Negative,False
IAI.NCRO,binary,Trimethoprim.Sulfamethoxazole,continuous,,,62,WEAK,Negative,False
IAI.NCRO,binary,Cefotaxime,continuous,,,62,WEAK,Negative,False
IAI.NCRO,binary,Ceftazidime,continuous,,,62,WEAK,Negative,False
IAI.NCRO,binary,Tigecycline,continuous,,,62,WEAK,Negative,False
IAI.NCRO,binary,Piperacillin.Tazobactam,continuous,,,62,WEAK,Negative,False
IAI.NCRO,binary,Ceftazidime.Avibactam,binary,,,62,WEAK,Negative,False
IAI.NCRO,binary,Nitrofurantoin,continuous,,,62,WEAK,Negative,False
IAI.NCRO,binary,ESBL.producer,binary,,,62,WEAK,Negative,False
IAI.NCRO,binary,AmpC,binary,,,62,WEAK,Negative,False
IAI.NCRO,binary,Carbapenemase,binary,,,62,WEAK,Negative,False
IAI.NCRO,binary,MRSA,binary,,,62,WEAK,Negative,False
IAI.NCRO,binary,VAN,binary,,,62,WEAK,Negative,False
IAI.NCRO,binary,Ceftazidime.Avibactam.T,binary,,,62,WEAK,Negative,False
IAI.NCRO,binary,Ceftazidime.Avibactam.Aztreonam.T,binary,,,62,WEAK,Negative,False
IAI.NCRO,binary,Ceftazidime.Avibactam.Aztreonam.Synergy.T,continuous,,,62,WEAK,Negative,False
IAI.NCRO,binary,Polymyxin.Colistin.Inclusion.T,binary,,,62,WEAK,Negative,False
IAI.NCRO,binary,Clinical.Improvement,continuous,,,62,WEAK,Negative,False
IAI.NCRO,binary,ICU.Stay.in.28.Days,continuous,,,62,WEAK,Negative,False
IAI.NCRO,binary,GW.Stay.in.28.Days,continuous,,,62,WEAK,Negative,False
IAI.NCRO,binary,Total.Hospital.Stay.in.28.Days,continuous,,,62,WEAK,Negative,False
IAI.NCRO,binary,Mortality.in.ICU,binary,,,62,WEAK,Negative,False
IAI.NCRO,binary,Mortality.in.Hospital,binary,,,62,WEAK,Negative,False
IAI.NCRO,binary,Mortality.post.28.Day.Discharge,binary,,,62,WEAK,Negative,False
IAI.NCRO,binary,Overall.Mortality,binary,,,62,WEAK,Negative,False
IAI.NCRO,binary,Relapse.post.28.Day.Discharge,binary,,,62,WEAK,Negative,False
IAI.NCRO,binary,Other.Illness.Leading.to.Hospitalization.post.28.Days.Discharge,binary,,,62,WEAK,Negative,False
HAP.NCRO,binary,VAP.NCRO,binary,,,62,WEAK,Negative,False
HAP.NCRO,binary,CAP.NCRO,binary,,,62,WEAK,Negative,False
HAP.NCRO,binary,BSI.NCRO,binary,,,62,WEAK,Negative,False
HAP.NCRO,binary,Other.NCRO,binary,,,62,WEAK,Negative,False
HAP.NCRO,binary,Hospitalization.in.past.6.Months,binary,,,62,WEAK,Negative,False
HAP.NCRO,binary,CV.Catheter.in.6.Months,binary,,,62,WEAK,Negative,False
HAP.NCRO,binary,CV.Catheter.Now,binary,,,62,WEAK,Negative,False
HAP.NCRO,binary,Urinary.Catheter.in.6.Months,binary,,,62,WEAK,Negative,False
HAP.NCRO,binary,Urinary.Catheter.Now,binary,,,62,WEAK,Negative,False
HAP.NCRO,binary,Surgery.in.last.3.Months,binary,,,62,WEAK,Negative,False
HAP.NCRO,binary,Past.CREPA.infection,continuous,,,62,WEAK,Negative,False
HAP.NCRO,binary,Endoscopy.in.1.week,binary,,,62,WEAK,Negative,False
HAP.NCRO,binary,Dialysis.in.1.week,binary,,,62,WEAK,Negative,False
HAP.NCRO,binary,Immunosuppressive.drugs.in.1.week,binary,,,62,WEAK,Negative,False
HAP.NCRO,binary,Inotropes,binary,,,62,WEAK,Negative,False
HAP.NCRO,binary,Dialysis.on.Day.1,binary,,,62,WEAK,Negative,False
HAP.NCRO,binary,Ventilation,binary,,,62,WEAK,Negative,False
HAP.NCRO,binary,Overall.organ.support,binary,,,62,WEAK,Negative,False
HAP.NCRO,binary,Neutropenia,binary,,,62,WEAK,Negative,False
HAP.NCRO,binary,HIV.Present,binary,,,62,WEAK,Negative,False
HAP.NCRO,binary,TB,binary,,,62,WEAK,Negative,False
HAP.NCRO,binary,Any.Viral.Infection,binary,,,62,WEAK,Negative,False
HAP.NCRO,binary,Any.Fungal.Infection,binary,,,61,WEAK,Negative,False
HAP.NCRO,binary,Hemat.Malignancy,binary,,,62,WEAK,Negative,False
HAP.NCRO,binary,Solid.Organ,binary,,,62,WEAK,Negative,False
HAP.NCRO,binary,APACHEII,continuous,,,62,WEAK,Negative,False
HAP.NCRO,binary,SOFA,continuous,,,62,WEAK,Negative,False
HAP.NCRO,binary,Hb,binary,,,62,WEAK,Negative,False
HAP.NCRO,binary,TLC,binary,,,62,WEAK,Negative,False
HAP.NCRO,binary,ANC,binary,,,62,WEAK,Negative,False
HAP.NCRO,binary,Lympho,binary,,,62,WEAK,Negative,False
HAP.NCRO,binary,Platelet,binary,,,62,WEAK,Negative,False
HAP.NCRO,binary,INR,binary,,,62,WEAK,Negative,False
HAP.NCRO,binary,Bil,binary,,,62,WEAK,Negative,False
HAP.NCRO,binary,SGPT,binary,,,62,WEAK,Negative,False
HAP.NCRO,binary,SGOT,binary,,,62,WEAK,Negative,False
HAP.NCRO,binary,Albumin,binary,,,62,WEAK,Negative,False
HAP.NCRO,binary,Total.Protein,binary,,,62,WEAK,Negative,False
HAP.NCRO,binary,Globulin,binary,,,62,WEAK,Negative,False
HAP.NCRO,binary,ALP,binary,,,62,WEAK,Negative,False
HAP.NCRO,binary,Creatinine,binary,,,62,WEAK,Negative,False
HAP.NCRO,binary,Sodium,binary,,,62,WEAK,Negative,False
HAP.NCRO,binary,Potassium,binary,,,62,WEAK,Negative,False
HAP.NCRO,binary,Urea,binary,,,62,WEAK,Negative,False
HAP.NCRO,binary,Calcium,binary,,,62,WEAK,Negative,False
HAP.NCRO,binary,Magnesium,binary,,,62,WEAK,Negative,False
HAP.NCRO,binary,Procalcitonin,binary,,,62,WEAK,Negative,False
HAP.NCRO,binary,P.C.Z.A.E,ordinal,,,62,WEAK,Negative,False
HAP.NCRO,binary,P.C.only.E,ordinal,,,62,WEAK,Negative,False
HAP.NCRO,binary,Z.A.only.E,ordinal,,,62,WEAK,Negative,False
HAP.NCRO,binary,Neither.Abx.E,ordinal,,,62,WEAK,Negative,False
HAP.NCRO,binary,P.C.Z.A.T,ordinal,,,62,WEAK,Negative,False
HAP.NCRO,binary,P.C.only.T,ordinal,,,62,WEAK,Negative,False
HAP.NCRO,binary,Z.A.only.T,ordinal,,,62,WEAK,Negative,False
HAP.NCRO,binary,Neither.Abx.T,ordinal,,,62,WEAK,Negative,False
HAP.NCRO,binary,Amoxicillin.Clavulanic.Acid,continuous,,,62,WEAK,Negative,False
HAP.NCRO,binary,Amikacin,continuous,,,62,WEAK,Negative,False
HAP.NCRO,binary,Aztreonam,continuous,,,62,WEAK,Negative,False
HAP.NCRO,binary,Chloramphenicol,continuous,,,62,WEAK,Negative,False
HAP.NCRO,binary,Ciprofloxacin,continuous,,,62,WEAK,Negative,False
HAP.NCRO,binary,Colistin,continuous,,,62,WEAK,Negative,False
HAP.NCRO,binary,Doxycycline,continuous,,,62,WEAK,Negative,False
HAP.NCRO,binary,Ertapenem,continuous,,,62,WEAK,Negative,False
HAP.NCRO,binary,Cefepime,continuous,,,62,WEAK,Negative,False
HAP.NCRO,binary,Fosfomycin,continuous,,,62,WEAK,Negative,False
HAP.NCRO,binary,Cefoxitin,continuous,,,62,WEAK,Negative,False
HAP.NCRO,binary,Gentamicin,continuous,,,62,WEAK,Negative,False
HAP.NCRO,binary,Imipenem,continuous,,,62,WEAK,Negative,False
HAP.NCRO,binary,Levofloxacin,continuous,,,62,WEAK,Negative,False
HAP.NCRO,binary,Meropenem,continuous,,,62,WEAK,Negative,False
HAP.NCRO,binary,Minocycline,continuous,,,62,WEAK,Negative,False
HAP.NCRO,binary,Cefuroxime,continuous,,,62,WEAK,Negative,False
HAP.NCRO,binary,Cefoperazone.Sulbactam,continuous,,,62,WEAK,Negative,False
HAP.NCRO,binary,Trimethoprim.Sulfamethoxazole,continuous,,,62,WEAK,Negative,False
HAP.NCRO,binary,Cefotaxime,continuous,,,62,WEAK,Negative,False
HAP.NCRO,binary,Ceftazidime,continuous,,,62,WEAK,Negative,False
HAP.NCRO,binary,Tigecycline,continuous,,,62,WEAK,Negative,False
HAP.NCRO,binary,Piperacillin.Tazobactam,continuous,,,62,WEAK,Negative,False
HAP.NCRO,binary,Ceftazidime.Avibactam,binary,,,62,WEAK,Negative,False
HAP.NCRO,binary,Nitrofurantoin,continuous,,,62,WEAK,Negative,False
HAP.NCRO,binary,ESBL.producer,binary,,,62,WEAK,Negative,False
HAP.NCRO,binary,AmpC,binary,,,62,WEAK,Negative,False
HAP.NCRO,binary,Carbapenemase,binary,,,62,WEAK,Negative,False
HAP.NCRO,binary,MRSA,binary,,,62,WEAK,Negative,False
HAP.NCRO,binary,VAN,binary,,,62,WEAK,Negative,False
HAP.NCRO,binary,Ceftazidime.Avibactam.T,binary,,,62,WEAK,Negative,False
HAP.NCRO,binary,Ceftazidime.Avibactam.Aztreonam.T,binary,,,62,WEAK,Negative,False
HAP.NCRO,binary,Ceftazidime.Avibactam.Aztreonam.Synergy.T,continuous,,,62,WEAK,Negative,False
HAP.NCRO,binary,Polymyxin.Colistin.Inclusion.T,binary,,,62,WEAK,Negative,False
HAP.NCRO,binary,Clinical.Improvement,continuous,,,62,WEAK,Negative,False
HAP.NCRO,binary,ICU.Stay.in.28.Days,continuous,,,62,WEAK,Negative,False
HAP.NCRO,binary,GW.Stay.in.28.Days,continuous,,,62,WEAK,Negative,False
HAP.NCRO,binary,Total.Hospital.Stay.in.28.Days,continuous,,,62,WEAK,Negative,False
HAP.NCRO,binary,Mortality.in.ICU,binary,,,62,WEAK,Negative,False
HAP.NCRO,binary,Mortality.in.Hospital,binary,,,62,WEAK,Negative,False
HAP.NCRO,binary,Mortality.post.28.Day.Discharge,binary,,,62,WEAK,Negative,False
HAP.NCRO,binary,Overall.Mortality,binary,,,62,WEAK,Negative,False
HAP.NCRO,binary,Relapse.post.28.Day.Discharge,binary,,,62,WEAK,Negative,False
HAP.NCRO,binary,Other.Illness.Leading.to.Hospitalization.post.28.Days.Discharge,binary,,,62,WEAK,Negative,False
VAP.NCRO,binary,CAP.NCRO,binary,,,62,WEAK,Negative,False
VAP.NCRO,binary,BSI.NCRO,binary,,,62,WEAK,Negative,False
VAP.NCRO,binary,Other.NCRO,binary,,,62,WEAK,Negative,False
VAP.NCRO,binary,Hospitalization.in.past.6.Months,binary,,,62,WEAK,Negative,False
VAP.NCRO,binary,CV.Catheter.in.6.Months,binary,,,62,WEAK,Negative,False
VAP.NCRO,binary,CV.Catheter.Now,binary,,,62,WEAK,Negative,False
VAP.NCRO,binary,Urinary.Catheter.in.6.Months,binary,,,62,WEAK,Negative,False
VAP.NCRO,binary,Urinary.Catheter.Now,binary,,,62,WEAK,Negative,False
VAP.NCRO,binary,Surgery.in.last.3.Months,binary,,,62,WEAK,Negative,False
VAP.NCRO,binary,Past.CREPA.infection,continuous,,,62,WEAK,Negative,False
VAP.NCRO,binary,Endoscopy.in.1.week,binary,,,62,WEAK,Negative,False
VAP.NCRO,binary,Dialysis.in.1.week,binary,,,62,WEAK,Negative,False
VAP.NCRO,binary,Immunosuppressive.drugs.in.1.week,binary,,,62,WEAK,Negative,False
VAP.NCRO,binary,Inotropes,binary,,,62,WEAK,Negative,False
VAP.NCRO,binary,Dialysis.on.Day.1,binary,,,62,WEAK,Negative,False
VAP.NCRO,binary,Ventilation,binary,,,62,WEAK,Negative,False
VAP.NCRO,binary,Overall.organ.support,binary,,,62,WEAK,Negative,False
VAP.NCRO,binary,Neutropenia,binary,,,62,WEAK,Negative,False
VAP.NCRO,binary,HIV.Present,binary,,,62,WEAK,Negative,False
VAP.NCRO,binary,TB,binary,,,62,WEAK,Negative,False
VAP.NCRO,binary,Any.Viral.Infection,binary,,,62,WEAK,Negative,False
VAP.NCRO,binary,Any.Fungal.Infection,binary,,,61,WEAK,Negative,False
VAP.NCRO,binary,Hemat.Malignancy,binary,,,62,WEAK,Negative,False
VAP.NCRO,binary,Solid.Organ,binary,,,62,WEAK,Negative,False
VAP.NCRO,binary,APACHEII,continuous,,,62,WEAK,Negative,False
VAP.NCRO,binary,SOFA,continuous,,,62,WEAK,Negative,False
VAP.NCRO,binary,Hb,binary,,,62,WEAK,Negative,False
VAP.NCRO,binary,TLC,binary,,,62,WEAK,Negative,False
VAP.NCRO,binary,ANC,binary,,,62,WEAK,Negative,False
VAP.NCRO,binary,Lympho,binary,,,62,WEAK,Negative,False
VAP.NCRO,binary,Platelet,binary,,,62,WEAK,Negative,False
VAP.NCRO,binary,INR,binary,,,62,WEAK,Negative,False
VAP.NCRO,binary,Bil,binary,,,62,WEAK,Negative,False
VAP.NCRO,binary,SGPT,binary,,,62,WEAK,Negative,False
VAP.NCRO,binary,SGOT,binary,,,62,WEAK,Negative,False
VAP.NCRO,binary,Albumin,binary,,,62,WEAK,Negative,False
VAP.NCRO,binary,Total.Protein,binary,,,62,WEAK,Negative,False
VAP.NCRO,binary,Globulin,binary,,,62,WEAK,Negative,False
VAP.NCRO,binary,ALP,binary,,,62,WEAK,Negative,False
VAP.NCRO,binary,Creatinine,binary,,,62,WEAK,Negative,False
VAP.NCRO,binary,Sodium,binary,,,62,WEAK,Negative,False
VAP.NCRO,binary,Potassium,binary,,,62,WEAK,Negative,False
VAP.NCRO,binary,Urea,binary,,,62,WEAK,Negative,False
VAP.NCRO,binary,Calcium,binary,,,62,WEAK,Negative,False
VAP.NCRO,binary,Magnesium,binary,,,62,WEAK,Negative,False
VAP.NCRO,binary,Procalcitonin,binary,,,62,WEAK,Negative,False
VAP.NCRO,binary,P.C.Z.A.E,ordinal,,,62,WEAK,Negative,False
VAP.NCRO,binary,P.C.only.E,ordinal,,,62,WEAK,Negative,False
VAP.NCRO,binary,Z.A.only.E,ordinal,,,62,WEAK,Negative,False
VAP.NCRO,binary,Neither.Abx.E,ordinal,,,62,WEAK,Negative,False
VAP.NCRO,binary,P.C.Z.A.T,ordinal,,,62,WEAK,Negative,False
VAP.NCRO,binary,P.C.only.T,ordinal,,,62,WEAK,Negative,False
VAP.NCRO,binary,Z.A.only.T,ordinal,,,62,WEAK,Negative,False
VAP.NCRO,binary,Neither.Abx.T,ordinal,,,62,WEAK,Negative,False
VAP.NCRO,binary,Amoxicillin.Clavulanic.Acid,continuous,,,62,WEAK,Negative,False
VAP.NCRO,binary,Amikacin,continuous,,,62,WEAK,Negative,False
VAP.NCRO,binary,Aztreonam,continuous,,,62,WEAK,Negative,False
VAP.NCRO,binary,Chloramphenicol,continuous,,,62,WEAK,Negative,False
VAP.NCRO,binary,Ciprofloxacin,continuous,,,62,WEAK,Negative,False
VAP.NCRO,binary,Colistin,continuous,,,62,WEAK,Negative,False
VAP.NCRO,binary,Doxycycline,continuous,,,62,WEAK,Negative,False
VAP.NCRO,binary,Ertapenem,continuous,,,62,WEAK,Negative,False
VAP.NCRO,binary,Cefepime,continuous,,,62,WEAK,Negative,False
VAP.NCRO,binary,Fosfomycin,continuous,,,62,WEAK,Negative,False
VAP.NCRO,binary,Cefoxitin,continuous,,,62,WEAK,Negative,False
VAP.NCRO,binary,Gentamicin,continuous,,,62,WEAK,Negative,False
VAP.NCRO,binary,Imipenem,continuous,,,62,WEAK,Negative,False
VAP.NCRO,binary,Levofloxacin,continuous,,,62,WEAK,Negative,False
VAP.NCRO,binary,Meropenem,continuous,,,62,WEAK,Negative,False
VAP.NCRO,binary,Minocycline,continuous,,,62,WEAK,Negative,False
VAP.NCRO,binary,Cefuroxime,continuous,,,62,WEAK,Negative,False
VAP.NCRO,binary,Cefoperazone.Sulbactam,continuous,,,62,WEAK,Negative,False
VAP.NCRO,binary,Trimethoprim.Sulfamethoxazole,continuous,,,62,WEAK,Negative,False
VAP.NCRO,binary,Cefotaxime,continuous,,,62,WEAK,Negative,False
VAP.NCRO,binary,Ceftazidime,continuous,,,62,WEAK,Negative,False
VAP.NCRO,binary,Tigecycline,continuous,,,62,WEAK,Negative,False
VAP.NCRO,binary,Piperacillin.Tazobactam,continuous,,,62,WEAK,Negative,False
VAP.NCRO,binary,Ceftazidime.Avibactam,binary,,,62,WEAK,Negative,False
VAP.NCRO,binary,Nitrofurantoin,continuous,,,62,WEAK,Negative,False
VAP.NCRO,binary,ESBL.producer,binary,,,62,WEAK,Negative,False
VAP.NCRO,binary,AmpC,binary,,,62,WEAK,Negative,False
VAP.NCRO,binary,Carbapenemase,binary,,,62,WEAK,Negative,False
VAP.NCRO,binary,MRSA,binary,,,62,WEAK,Negative,False
VAP.NCRO,binary,VAN,binary,,,62,WEAK,Negative,False
VAP.NCRO,binary,Ceftazidime.Avibactam.T,binary,,,62,WEAK,Negative,False
VAP.NCRO,binary,Ceftazidime.Avibactam.Aztreonam.T,binary,,,62,WEAK,Negative,False
VAP.NCRO,binary,Ceftazidime.Avibactam.Aztreonam.Synergy.T,continuous,,,62,WEAK,Negative,False
VAP.NCRO,binary,Polymyxin.Colistin.Inclusion.T,binary,,,62,WEAK,Negative,False
VAP.NCRO,binary,Clinical.Improvement,continuous,,,62,WEAK,Negative,False
VAP.NCRO,binary,ICU.Stay.in.28.Days,continuous,,,62,WEAK,Negative,False
VAP.NCRO,binary,GW.Stay.in.28.Days,continuous,,,62,WEAK,Negative,False
VAP.NCRO,binary,Total.Hospital.Stay.in.28.Days,continuous,,,62,WEAK,Negative,False
VAP.NCRO,binary,Mortality.in.ICU,binary,,,62,WEAK,Negative,False
VAP.NCRO,binary,Mortality.in.Hospital,binary,,,62,WEAK,Negative,False
VAP.NCRO,binary,Mortality.post.28.Day.Discharge,binary,,,62,WEAK,Negative,False
VAP.NCRO,binary,Overall.Mortality,binary,,,62,WEAK,Negative,False
VAP.NCRO,binary,Relapse.post.28.Day.Discharge,binary,,,62,WEAK,Negative,False
VAP.NCRO,binary,Other.Illness.Leading.to.Hospitalization.post.28.Days.Discharge,binary,,,62,WEAK,Negative,False
CAP.NCRO,binary,BSI.NCRO,binary,,,62,WEAK,Negative,False
CAP.NCRO,binary,Other.NCRO,binary,,,62,WEAK,Negative,False
CAP.NCRO,binary,Hospitalization.in.past.6.Months,binary,,,62,WEAK,Negative,False
CAP.NCRO,binary,CV.Catheter.in.6.Months,binary,,,62,WEAK,Negative,False
CAP.NCRO,binary,CV.Catheter.Now,binary,,,62,WEAK,Negative,False
CAP.NCRO,binary,Urinary.Catheter.in.6.Months,binary,,,62,WEAK,Negative,False
CAP.NCRO,binary,Urinary.Catheter.Now,binary,,,62,WEAK,Negative,False
CAP.NCRO,binary,Surgery.in.last.3.Months,binary,,,62,WEAK,Negative,False
CAP.NCRO,binary,Past.CREPA.infection,continuous,,,62,WEAK,Negative,False
CAP.NCRO,binary,Endoscopy.in.1.week,binary,,,62,WEAK,Negative,False
CAP.NCRO,binary,Dialysis.in.1.week,binary,,,62,WEAK,Negative,False
CAP.NCRO,binary,Immunosuppressive.drugs.in.1.week,binary,,,62,WEAK,Negative,False
CAP.NCRO,binary,Inotropes,binary,,,62,WEAK,Negative,False
CAP.NCRO,binary,Dialysis.on.Day.1,binary,,,62,WEAK,Negative,False
CAP.NCRO,binary,Ventilation,binary,,,62,WEAK,Negative,False
CAP.NCRO,binary,Overall.organ.support,binary,,,62,WEAK,Negative,False
CAP.NCRO,binary,Neutropenia,binary,,,62,WEAK,Negative,False
CAP.NCRO,binary,HIV.Present,binary,,,62,WEAK,Negative,False
CAP.NCRO,binary,TB,binary,,,62,WEAK,Negative,False
CAP.NCRO,binary,Any.Viral.Infection,binary,,,62,WEAK,Negative,False
CAP.NCRO,binary,Any.Fungal.Infection,binary,,,61,WEAK,Negative,False
CAP.NCRO,binary,Hemat.Malignancy,binary,,,62,WEAK,Negative,False
CAP.NCRO,binary,Solid.Organ,binary,,,62,WEAK,Negative,False
CAP.NCRO,binary,APACHEII,continuous,,,62,WEAK,Negative,False
CAP.NCRO,binary,SOFA,continuous,,,62,WEAK,Negative,False
CAP.NCRO,binary,Hb,binary,,,62,WEAK,Negative,False
CAP.NCRO,binary,TLC,binary,,,62,WEAK,Negative,False
CAP.NCRO,binary,ANC,binary,,,62,WEAK,Negative,False
CAP.NCRO,binary,Lympho,binary,,,62,WEAK,Negative,False
CAP.NCRO,binary,Platelet,binary,,,62,WEAK,Negative,False
CAP.NCRO,binary,INR,binary,,,62,WEAK,Negative,False
CAP.NCRO,binary,Bil,binary,,,62,WEAK,Negative,False
CAP.NCRO,binary,SGPT,binary,,,62,WEAK,Negative,False
CAP.NCRO,binary,SGOT,binary,,,62,WEAK,Negative,False
CAP.NCRO,binary,Albumin,binary,,,62,WEAK,Negative,False
CAP.NCRO,binary,Total.Protein,binary,,,62,WEAK,Negative,False
CAP.NCRO,binary,Globulin,binary,,,62,WEAK,Negative,False
CAP.NCRO,binary,ALP,binary,,,62,WEAK,Negative,False
CAP.NCRO,binary,Creatinine,binary,,,62,WEAK,Negative,False
CAP.NCRO,binary,Sodium,binary,,,62,WEAK,Negative,False
CAP.NCRO,binary,Potassium,binary,,,62,WEAK,Negative,False
CAP.NCRO,binary,Urea,binary,,,62,WEAK,Negative,False
CAP.NCRO,binary,Calcium,binary,,,62,WEAK,Negative,False
CAP.NCRO,binary,Magnesium,binary,,,62,WEAK,Negative,False
CAP.NCRO,binary,Procalcitonin,binary,,,62,WEAK,Negative,False
CAP.NCRO,binary,P.C.Z.A.E,ordinal,,,62,WEAK,Negative,False
CAP.NCRO,binary,P.C.only.E,ordinal,,,62,WEAK,Negative,False
CAP.NCRO,binary,Z.A.only.E,ordinal,,,62,WEAK,Negative,False
CAP.NCRO,binary,Neither.Abx.E,ordinal,,,62,WEAK,Negative,False
CAP.NCRO,binary,P.C.Z.A.T,ordinal,,,62,WEAK,Negative,False
CAP.NCRO,binary,P.C.only.T,ordinal,,,62,WEAK,Negative,False
CAP.NCRO,binary,Z.A.only.T,ordinal,,,62,WEAK,Negative,False
CAP.NCRO,binary,Neither.Abx.T,ordinal,,,62,WEAK,Negative,False
CAP.NCRO,binary,Amoxicillin.Clavulanic.Acid,continuous,,,62,WEAK,Negative,False
CAP.NCRO,binary,Amikacin,continuous,,,62,WEAK,Negative,False
CAP.NCRO,binary,Aztreonam,continuous,,,62,WEAK,Negative,False
CAP.NCRO,binary,Chloramphenicol,continuous,,,62,WEAK,Negative,False
CAP.NCRO,binary,Ciprofloxacin,continuous,,,62,WEAK,Negative,False
CAP.NCRO,binary,Colistin,continuous,,,62,WEAK,Negative,False
CAP.NCRO,binary,Doxycycline,continuous,,,62,WEAK,Negative,False
CAP.NCRO,binary,Ertapenem,continuous,,,62,WEAK,Negative,False
CAP.NCRO,binary,Cefepime,continuous,,,62,WEAK,Negative,False
CAP.NCRO,binary,Fosfomycin,continuous,,,62,WEAK,Negative,False
CAP.NCRO,binary,Cefoxitin,continuous,,,62,WEAK,Negative,False
CAP.NCRO,binary,Gentamicin,continuous,,,62,WEAK,Negative,False
CAP.NCRO,binary,Imipenem,continuous,,,62,WEAK,Negative,False
CAP.NCRO,binary,Levofloxacin,continuous,,,62,WEAK,Negative,False
CAP.NCRO,binary,Meropenem,continuous,,,62,WEAK,Negative,False
CAP.NCRO,binary,Minocycline,continuous,,,62,WEAK,Negative,False
CAP.NCRO,binary,Cefuroxime,continuous,,,62,WEAK,Negative,False
CAP.NCRO,binary,Cefoperazone.Sulbactam,continuous,,,62,WEAK,Negative,False
CAP.NCRO,binary,Trimethoprim.Sulfamethoxazole,continuous,,,62,WEAK,Negative,False
CAP.NCRO,binary,Cefotaxime,continuous,,,62,WEAK,Negative,False
CAP.NCRO,binary,Ceftazidime,continuous,,,62,WEAK,Negative,False
CAP.NCRO,binary,Tigecycline,continuous,,,62,WEAK,Negative,False
CAP.NCRO,binary,Piperacillin.Tazobactam,continuous,,,62,WEAK,Negative,False
CAP.NCRO,binary,Ceftazidime.Avibactam,binary,,,62,WEAK,Negative,False
CAP.NCRO,binary,Nitrofurantoin,continuous,,,62,WEAK,Negative,False
CAP.NCRO,binary,ESBL.producer,binary,,,62,WEAK,Negative,False
CAP.NCRO,binary,AmpC,binary,,,62,WEAK,Negative,False
CAP.NCRO,binary,Carbapenemase,binary,,,62,WEAK,Negative,False
CAP.NCRO,binary,MRSA,binary,,,62,WEAK,Negative,False
CAP.NCRO,binary,VAN,binary,,,62,WEAK,Negative,False
CAP.NCRO,binary,Ceftazidime.Avibactam.T,binary,,,62,WEAK,Negative,False
CAP.NCRO,binary,Ceftazidime.Avibactam.Aztreonam.T,binary,,,62,WEAK,Negative,False
CAP.NCRO,binary,Ceftazidime.Avibactam.Aztreonam.Synergy.T,continuous,,,62,WEAK,Negative,False
CAP.NCRO,binary,Polymyxin.Colistin.Inclusion.T,binary,,,62,WEAK,Negative,False
CAP.NCRO,binary,Clinical.Improvement,continuous,,,62,WEAK,Negative,False
CAP.NCRO,binary,ICU.Stay.in.28.Days,continuous,,,62,WEAK,Negative,False
CAP.NCRO,binary,GW.Stay.in.28.Days,continuous,,,62,WEAK,Negative,False
CAP.NCRO,binary,Total.Hospital.Stay.in.28.Days,continuous,,,62,WEAK,Negative,False
CAP.NCRO,binary,Mortality.in.ICU,binary,,,62,WEAK,Negative,False
CAP.NCRO,binary,Mortality.in.Hospital,binary,,,62,WEAK,Negative,False
CAP.NCRO,binary,Mortality.post.28.Day.Discharge,binary,,,62,WEAK,Negative,False
CAP.NCRO,binary,Overall.Mortality,binary,,,62,WEAK,Negative,False
CAP.NCRO,binary,Relapse.post.28.Day.Discharge,binary,,,62,WEAK,Negative,False
CAP.NCRO,binary,Other.Illness.Leading.to.Hospitalization.post.28.Days.Discharge,binary,,,62,WEAK,Negative,False
BSI.NCRO,binary,Other.NCRO,binary,,,62,WEAK,Negative,False
BSI.NCRO,binary,Hospitalization.in.past.6.Months,binary,,,62,WEAK,Negative,False
BSI.NCRO,binary,CV.Catheter.in.6.Months,binary,,,62,WEAK,Negative,False
BSI.NCRO,binary,CV.Catheter.Now,binary,,,62,WEAK,Negative,False
BSI.NCRO,binary,Urinary.Catheter.in.6.Months,binary,,,62,WEAK,Negative,False
BSI.NCRO,binary,Urinary.Catheter.Now,binary,,,62,WEAK,Negative,False
BSI.NCRO,binary,Surgery.in.last.3.Months,binary,,,62,WEAK,Negative,False
BSI.NCRO,binary,Past.CREPA.infection,continuous,,,62,WEAK,Negative,False
BSI.NCRO,binary,Endoscopy.in.1.week,binary,,,62,WEAK,Negative,False
BSI.NCRO,binary,Dialysis.in.1.week,binary,,,62,WEAK,Negative,False
BSI.NCRO,binary,Immunosuppressive.drugs.in.1.week,binary,,,62,WEAK,Negative,False
BSI.NCRO,binary,Inotropes,binary,,,62,WEAK,Negative,False
BSI.NCRO,binary,Dialysis.on.Day.1,binary,,,62,WEAK,Negative,False
BSI.NCRO,binary,Ventilation,binary,,,62,WEAK,Negative,False
BSI.NCRO,binary,Overall.organ.support,binary,,,62,WEAK,Negative,False
BSI.NCRO,binary,Neutropenia,binary,,,62,WEAK,Negative,False
BSI.NCRO,binary,HIV.Present,binary,,,62,WEAK,Negative,False
BSI.NCRO,binary,TB,binary,,,62,WEAK,Negative,False
BSI.NCRO,binary,Any.Viral.Infection,binary,,,62,WEAK,Negative,False
BSI.NCRO,binary,Any.Fungal.Infection,binary,,,61,WEAK,Negative,False
BSI.NCRO,binary,Hemat.Malignancy,binary,,,62,WEAK,Negative,False
BSI.NCRO,binary,Solid.Organ,binary,,,62,WEAK,Negative,False
BSI.NCRO,binary,APACHEII,continuous,,,62,WEAK,Negative,False
BSI.NCRO,binary,SOFA,continuous,,,62,WEAK,Negative,False
BSI.NCRO,binary,Hb,binary,,,62,WEAK,Negative,False
BSI.NCRO,binary,TLC,binary,,,62,WEAK,Negative,False
BSI.NCRO,binary,ANC,binary,,,62,WEAK,Negative,False
BSI.NCRO,binary,Lympho,binary,,,62,WEAK,Negative,False
BSI.NCRO,binary,Platelet,binary,,,62,WEAK,Negative,False
BSI.NCRO,binary,INR,binary,,,62,WEAK,Negative,False
BSI.NCRO,binary,Bil,binary,,,62,WEAK,Negative,False
BSI.NCRO,binary,SGPT,binary,,,62,WEAK,Negative,False
BSI.NCRO,binary,SGOT,binary,,,62,WEAK,Negative,False
BSI.NCRO,binary,Albumin,binary,,,62,WEAK,Negative,False
BSI.NCRO,binary,Total.Protein,binary,,,62,WEAK,Negative,False
BSI.NCRO,binary,Globulin,binary,,,62,WEAK,Negative,False
BSI.NCRO,binary,ALP,binary,,,62,WEAK,Negative,False
BSI.NCRO,binary,Creatinine,binary,,,62,WEAK,Negative,False
BSI.NCRO,binary,Sodium,binary,,,62,WEAK,Negative,False
BSI.NCRO,binary,Potassium,binary,,,62,WEAK,Negative,False
BSI.NCRO,binary,Urea,binary,,,62,WEAK,Negative,False
BSI.NCRO,binary,Calcium,binary,,,62,WEAK,Negative,False
BSI.NCRO,binary,Magnesium,binary,,,62,WEAK,Negative,False
BSI.NCRO,binary,Procalcitonin,binary,,,62,WEAK,Negative,False
BSI.NCRO,binary,P.C.Z.A.E,ordinal,,,62,WEAK,Negative,False
BSI.NCRO,binary,P.C.only.E,ordinal,,,62,WEAK,Negative,False
BSI.NCRO,binary,Z.A.only.E,ordinal,,,62,WEAK,Negative,False
BSI.NCRO,binary,Neither.Abx.E,ordinal,,,62,WEAK,Negative,False
BSI.NCRO,binary,P.C.Z.A.T,ordinal,,,62,WEAK,Negative,False
BSI.NCRO,binary,P.C.only.T,ordinal,,,62,WEAK,Negative,False
BSI.NCRO,binary,Z.A.only.T,ordinal,,,62,WEAK,Negative,False
BSI.NCRO,binary,Neither.Abx.T,ordinal,,,62,WEAK,Negative,False
BSI.NCRO,binary,Amoxicillin.Clavulanic.Acid,continuous,,,62,WEAK,Negative,False
BSI.NCRO,binary,Amikacin,continuous,,,62,WEAK,Negative,False
BSI.NCRO,binary,Aztreonam,continuous,,,62,WEAK,Negative,False
BSI.NCRO,binary,Chloramphenicol,continuous,,,62,WEAK,Negative,False
BSI.NCRO,binary,Ciprofloxacin,continuous,,,62,WEAK,Negative,False
BSI.NCRO,binary,Colistin,continuous,,,62,WEAK,Negative,False
BSI.NCRO,binary,Doxycycline,continuous,,,62,WEAK,Negative,False
BSI.NCRO,binary,Ertapenem,continuous,,,62,WEAK,Negative,False
BSI.NCRO,binary,Cefepime,continuous,,,62,WEAK,Negative,False
BSI.NCRO,binary,Fosfomycin,continuous,,,62,WEAK,Negative,False
BSI.NCRO,binary,Cefoxitin,continuous,,,62,WEAK,Negative,False
BSI.NCRO,binary,Gentamicin,continuous,,,62,WEAK,Negative,False
BSI.NCRO,binary,Imipenem,continuous,,,62,WEAK,Negative,False
BSI.NCRO,binary,Levofloxacin,continuous,,,62,WEAK,Negative,False
BSI.NCRO,binary,Meropenem,continuous,,,62,WEAK,Negative,False
BSI.NCRO,binary,Minocycline,continuous,,,62,WEAK,Negative,False
BSI.NCRO,binary,Cefuroxime,continuous,,,62,WEAK,Negative,False
BSI.NCRO,binary,Cefoperazone.Sulbactam,continuous,,,62,WEAK,Negative,False
BSI.NCRO,binary,Trimethoprim.Sulfamethoxazole,continuous,,,62,WEAK,Negative,False
BSI.NCRO,binary,Cefotaxime,continuous,,,62,WEAK,Negative,False
BSI.NCRO,binary,Ceftazidime,continuous,,,62,WEAK,Negative,False
BSI.NCRO,binary,Tigecycline,continuous,,,62,WEAK,Negative,False
BSI.NCRO,binary,Piperacillin.Tazobactam,continuous,,,62,WEAK,Negative,False
BSI.NCRO,binary,Ceftazidime.Avibactam,binary,,,62,WEAK,Negative,False
BSI.NCRO,binary,Nitrofurantoin,continuous,,,62,WEAK,Negative,False
BSI.NCRO,binary,ESBL.producer,binary,,,62,WEAK,Negative,False
BSI.NCRO,binary,AmpC,binary,,,62,WEAK,Negative,False
BSI.NCRO,binary,Carbapenemase,binary,,,62,WEAK,Negative,False
BSI.NCRO,binary,MRSA,binary,,,62,WEAK,Negative,False
BSI.NCRO,binary,VAN,binary,,,62,WEAK,Negative,False
BSI.NCRO,binary,Ceftazidime.Avibactam.T,binary,,,62,WEAK,Negative,False
BSI.NCRO,binary,Ceftazidime.Avibactam.Aztreonam.T,binary,,,62,WEAK,Negative,False
BSI.NCRO,binary,Ceftazidime.Avibactam.Aztreonam.Synergy.T,continuous,,,62,WEAK,Negative,False
BSI.NCRO,binary,Polymyxin.Colistin.Inclusion.T,binary,,,62,WEAK,Negative,False
BSI.NCRO,binary,Clinical.Improvement,continuous,,,62,WEAK,Negative,False
BSI.NCRO,binary,ICU.Stay.in.28.Days,continuous,,,62,WEAK,Negative,False
BSI.NCRO,binary,GW.Stay.in.28.Days,continuous,,,62,WEAK,Negative,False
BSI.NCRO,binary,Total.Hospital.Stay.in.28.Days,continuous,,,62,WEAK,Negative,False
BSI.NCRO,binary,Mortality.in.ICU,binary,,,62,WEAK,Negative,False
BSI.NCRO,binary,Mortality.in.Hospital,binary,,,62,WEAK,Negative,False
BSI.NCRO,binary,Mortality.post.28.Day.Discharge,binary,,,62,WEAK,Negative,False
BSI.NCRO,binary,Overall.Mortality,binary,,,62,WEAK,Negative,False
BSI.NCRO,binary,Relapse.post.28.Day.Discharge,binary,,,62,WEAK,Negative,False
BSI.NCRO,binary,Other.Illness.Leading.to.Hospitalization.post.28.Days.Discharge,binary,,,62,WEAK,Negative,False
Other.NCRO,binary,Urinary.Catheter.Now,binary,,,62,WEAK,Negative,False
Other.NCRO,binary,Dialysis.on.Day.1,binary,,,62,WEAK,Negative,False
Other.NCRO,binary,HIV.Present,binary,,,62,WEAK,Negative,False
Other.NCRO,binary,TB,binary,,,62,WEAK,Negative,False
Other.NCRO,binary,ESBL.producer,binary,,,62,WEAK,Negative,False
Other.NCRO,binary,AmpC,binary,,,62,WEAK,Negative,False
Other.NCRO,binary,MRSA,binary,,,62,WEAK,Negative,False
Other.NCRO,binary,VAN,binary,,,62,WEAK,Negative,False
Hospitalization.in.past.6.Months,binary,Urinary.Catheter.Now,binary,,,62,WEAK,Negative,False
Hospitalization.in.past.6.Months,binary,Dialysis.on.Day.1,binary,,,62,WEAK,Negative,False
Hospitalization.in.past.6.Months,binary,HIV.Present,binary,,,62,WEAK,Negative,False
Hospitalization.in.past.6.Months,binary,TB,binary,,,62,WEAK,Negative,False
Hospitalization.in.past.6.Months,binary,ESBL.producer,binary,,,62,WEAK,Negative,False
Hospitalization.in.past.6.Months,binary,AmpC,binary,,,62,WEAK,Negative,False
Hospitalization.in.past.6.Months,binary,MRSA,binary,,,62,WEAK,Negative,False
Hospitalization.in.past.6.Months,binary,VAN,binary,,,62,WEAK,Negative,False
CV.Catheter.in.6.Months,binary,Urinary.Catheter.Now,binary,,,62,WEAK,Negative,False
CV.Catheter.in.6.Months,binary,Dialysis.on.Day.1,binary,,,62,WEAK,Negative,False
CV.Catheter.in.6.Months,binary,HIV.Present,binary,,,62,WEAK,Negative,False
CV.Catheter.in.6.Months,binary,TB,binary,,,62,WEAK,Negative,False
CV.Catheter.in.6.Months,binary,ESBL.producer,binary,,,62,WEAK,Negative,False
CV.Catheter.in.6.Months,binary,AmpC,binary,,,62,WEAK,Negative,False
CV.Catheter.in.6.Months,binary,MRSA,binary,,,62,WEAK,Negative,False
CV.Catheter.in.6.Months,binary,VAN,binary,,,62,WEAK,Negative,False
CV.Catheter.Now,binary,Urinary.Catheter.Now,binary,,,62,WEAK,Negative,False
CV.Catheter.Now,binary,Dialysis.on.Day.1,binary,,,62,WEAK,Negative,False
CV.Catheter.Now,binary,HIV.Present,binary,,,62,WEAK,Negative,False
CV.Catheter.Now,binary,TB,binary,,,62,WEAK,Negative,False
CV.Catheter.Now,binary,ESBL.producer,binary,,,62,WEAK,Negative,False
CV.Catheter.Now,binary,AmpC,binary,,,62,WEAK,Negative,False
CV.Catheter.Now,binary,MRSA,binary,,,62,WEAK,Negative,False
CV.Catheter.Now,binary,VAN,binary,,,62,WEAK,Negative,False
Urinary.Catheter.in.6.Months,binary,Urinary.Catheter.Now,binary,,,62,WEAK,Negative,False
Urinary.Catheter.in.6.Months,binary,Dialysis.on.Day.1,binary,,,62,WEAK,Negative,False
Urinary.Catheter.in.6.Months,binary,HIV.Present,binary,,,62,WEAK,Negative,False
Urinary.Catheter.in.6.Months,binary,TB,binary,,,62,WEAK,Negative,False
Urinary.Catheter.in.6.Months,binary,ESBL.producer,binary,,,62,WEAK,Negative,False
Urinary.Catheter.in.6.Months,binary,AmpC,binary,,,62,WEAK,Negative,False
Urinary.Catheter.in.6.Months,binary,MRSA,binary,,,62,WEAK,Negative,False
Urinary.Catheter.in.6.Months,binary,VAN,binary,,,62,WEAK,Negative,False
Urinary.Catheter.Now,binary,Surgery.in.last.3.Months,binary,,,62,WEAK,Negative,False
Urinary.Catheter.Now,binary,Past.CREPA.infection,continuous,,,62,WEAK,Negative,False
Urinary.Catheter.Now,binary,Endoscopy.in.1.week,binary,,,62,WEAK,Negative,False
Urinary.Catheter.Now,binary,Dialysis.in.1.week,binary,,,62,WEAK,Negative,False
Urinary.Catheter.Now,binary,Immunosuppressive.drugs.in.1.week,binary,,,62,WEAK,Negative,False
Urinary.Catheter.Now,binary,Inotropes,binary,,,62,WEAK,Negative,False
Urinary.Catheter.Now,binary,Dialysis.on.Day.1,binary,,,62,WEAK,Negative,False
Urinary.Catheter.Now,binary,Ventilation,binary,,,62,WEAK,Negative,False
Urinary.Catheter.Now,binary,Overall.organ.support,binary,,,62,WEAK,Negative,False
Urinary.Catheter.Now,binary,Neutropenia,binary,,,62,WEAK,Negative,False
Urinary.Catheter.Now,binary,HIV.Present,binary,,,62,WEAK,Negative,False
Urinary.Catheter.Now,binary,TB,binary,,,62,WEAK,Negative,False
Urinary.Catheter.Now,binary,Any.Viral.Infection,binary,,,62,WEAK,Negative,False
Urinary.Catheter.Now,binary,Any.Fungal.Infection,binary,,,61,WEAK,Negative,False
Urinary.Catheter.Now,binary,Hemat.Malignancy,binary,,,62,WEAK,Negative,False
Urinary.Catheter.Now,binary,Solid.Organ,binary,,,62,WEAK,Negative,False
Urinary.Catheter.Now,binary,APACHEII,continuous,,,62,WEAK,Negative,False
Urinary.Catheter.Now,binary,SOFA,continuous,,,62,WEAK,Negative,False
Urinary.Catheter.Now,binary,Hb,binary,,,62,WEAK,Negative,False
Urinary.Catheter.Now,binary,TLC,binary,,,62,WEAK,Negative,False
Urinary.Catheter.Now,binary,ANC,binary,,,62,WEAK,Negative,False
Urinary.Catheter.Now,binary,Lympho,binary,,,62,WEAK,Negative,False
Urinary.Catheter.Now,binary,Platelet,binary,,,62,WEAK,Negative,False
Urinary.Catheter.Now,binary,INR,binary,,,62,WEAK,Negative,False
Urinary.Catheter.Now,binary,Bil,binary,,,62,WEAK,Negative,False
Urinary.Catheter.Now,binary,SGPT,binary,,,62,WEAK,Negative,False
Urinary.Catheter.Now,binary,SGOT,binary,,,62,WEAK,Negative,False
Urinary.Catheter.Now,binary,Albumin,binary,,,62,WEAK,Negative,False
Urinary.Catheter.Now,binary,Total.Protein,binary,,,62,WEAK,Negative,False
Urinary.Catheter.Now,binary,Globulin,binary,,,62,WEAK,Negative,False
Urinary.Catheter.Now,binary,ALP,binary,,,62,WEAK,Negative,False
Urinary.Catheter.Now,binary,Creatinine,binary,,,62,WEAK,Negative,False
Urinary.Catheter.Now,binary,Sodium,binary,,,62,WEAK,Negative,False
Urinary.Catheter.Now,binary,Potassium,binary,,,62,WEAK,Negative,False
Urinary.Catheter.Now,binary,Urea,binary,,,62,WEAK,Negative,False
Urinary.Catheter.Now,binary,Calcium,binary,,,62,WEAK,Negative,False
Urinary.Catheter.Now,binary,Magnesium,binary,,,62,WEAK,Negative,False
Urinary.Catheter.Now,binary,Procalcitonin,binary,,,62,WEAK,Negative,False
Urinary.Catheter.Now,binary,P.C.Z.A.E,ordinal,,,62,WEAK,Negative,False
Urinary.Catheter.Now,binary,P.C.only.E,ordinal,,,62,WEAK,Negative,False
Urinary.Catheter.Now,binary,Z.A.only.E,ordinal,,,62,WEAK,Negative,False
Urinary.Catheter.Now,binary,Neither.Abx.E,ordinal,,,62,WEAK,Negative,False
Urinary.Catheter.Now,binary,P.C.Z.A.T,ordinal,,,62,WEAK,Negative,False
Urinary.Catheter.Now,binary,P.C.only.T,ordinal,,,62,WEAK,Negative,False
Urinary.Catheter.Now,binary,Z.A.only.T,ordinal,,,62,WEAK,Negative,False
Urinary.Catheter.Now,binary,Neither.Abx.T,ordinal,,,62,WEAK,Negative,False
Urinary.Catheter.Now,binary,Amoxicillin.Clavulanic.Acid,continuous,,,62,WEAK,Negative,False
Urinary.Catheter.Now,binary,Amikacin,continuous,,,62,WEAK,Negative,False
Urinary.Catheter.Now,binary,Aztreonam,continuous,,,62,WEAK,Negative,False
Urinary.Catheter.Now,binary,Chloramphenicol,continuous,,,62,WEAK,Negative,False
Urinary.Catheter.Now,binary,Ciprofloxacin,continuous,,,62,WEAK,Negative,False
Urinary.Catheter.Now,binary,Colistin,continuous,,,62,WEAK,Negative,False
Urinary.Catheter.Now,binary,Doxycycline,continuous,,,62,WEAK,Negative,False
Urinary.Catheter.Now,binary,Ertapenem,continuous,,,62,WEAK,Negative,False
Urinary.Catheter.Now,binary,Cefepime,continuous,,,62,WEAK,Negative,False
Urinary.Catheter.Now,binary,Fosfomycin,continuous,,,62,WEAK,Negative,False
Urinary.Catheter.Now,binary,Cefoxitin,continuous,,,62,WEAK,Negative,False
Urinary.Catheter.Now,binary,Gentamicin,continuous,,,62,WEAK,Negative,False
Urinary.Catheter.Now,binary,Imipenem,continuous,,,62,WEAK,Negative,False
Urinary.Catheter.Now,binary,Levofloxacin,continuous,,,62,WEAK,Negative,False
Urinary.Catheter.Now,binary,Meropenem,continuous,,,62,WEAK,Negative,False
Urinary.Catheter.Now,binary,Minocycline,continuous,,,62,WEAK,Negative,False
Urinary.Catheter.Now,binary,Cefuroxime,continuous,,,62,WEAK,Negative,False
Urinary.Catheter.Now,binary,Cefoperazone.Sulbactam,continuous,,,62,WEAK,Negative,False
Urinary.Catheter.Now,binary,Trimethoprim.Sulfamethoxazole,continuous,,,62,WEAK,Negative,False
Urinary.Catheter.Now,binary,Cefotaxime,continuous,,,62,WEAK,Negative,False
Urinary.Catheter.Now,binary,Ceftazidime,continuous,,,62,WEAK,Negative,False
Urinary.Catheter.Now,binary,Tigecycline,continuous,,,62,WEAK,Negative,False
Urinary.Catheter.Now,binary,Piperacillin.Tazobactam,continuous,,,62,WEAK,Negative,False
Urinary.Catheter.Now,binary,Ceftazidime.Avibactam,binary,,,62,WEAK,Negative,False
Urinary.Catheter.Now,binary,Nitrofurantoin,continuous,,,62,WEAK,Negative,False
Urinary.Catheter.Now,binary,ESBL.producer,binary,,,62,WEAK,Negative,False
Urinary.Catheter.Now,binary,AmpC,binary,,,62,WEAK,Negative,False
Urinary.Catheter.Now,binary,Carbapenemase,binary,,,62,WEAK,Negative,False
Urinary.Catheter.Now,binary,MRSA,binary,,,62,WEAK,Negative,False
Urinary.Catheter.Now,binary,VAN,binary,,,62,WEAK,Negative,False
Urinary.Catheter.Now,binary,Ceftazidime.Avibactam.T,binary,,,62,WEAK,Negative,False
Urinary.Catheter.Now,binary,Ceftazidime.Avibactam.Aztreonam.T,binary,,,62,WEAK,Negative,False
Urinary.Catheter.Now,binary,Ceftazidime.Avibactam.Aztreonam.Synergy.T,continuous,,,62,WEAK,Negative,False
Urinary.Catheter.Now,binary,Polymyxin.Colistin.Inclusion.T,binary,,,62,WEAK,Negative,False
Urinary.Catheter.Now,binary,Clinical.Improvement,continuous,,,62,WEAK,Negative,False
Urinary.Catheter.Now,binary,ICU.Stay.in.28.Days,continuous,,,62,WEAK,Negative,False
Urinary.Catheter.Now,binary,GW.Stay.in.28.Days,continuous,,,62,WEAK,Negative,False
Urinary.Catheter.Now,binary,Total.Hospital.Stay.in.28.Days,continuous,,,62,WEAK,Negative,False
Urinary.Catheter.Now,binary,Mortality.in.ICU,binary,,,62,WEAK,Negative,False
Urinary.Catheter.Now,binary,Mortality.in.Hospital,binary,,,62,WEAK,Negative,False
Urinary.Catheter.Now,binary,Mortality.post.28.Day.Discharge,binary,,,62,WEAK,Negative,False
Urinary.Catheter.Now,binary,Overall.Mortality,binary,,,62,WEAK,Negative,False
Urinary.Catheter.Now,binary,Relapse.post.28.Day.Discharge,binary,,,62,WEAK,Negative,False
Urinary.Catheter.Now,binary,Other.Illness.Leading.to.Hospitalization.post.28.Days.Discharge,binary,,,62,WEAK,Negative,False
Surgery.in.last.3.Months,binary,Dialysis.on.Day.1,binary,,,62,WEAK,Negative,False
Surgery.in.last.3.Months,binary,HIV.Present,binary,,,62,WEAK,Negative,False
Surgery.in.last.3.Months,binary,TB,binary,,,62,WEAK,Negative,False
Surgery.in.last.3.Months,binary,ESBL.producer,binary,,,62,WEAK,Negative,False
Surgery.in.last.3.Months,binary,AmpC,binary,,,62,WEAK,Negative,False
Surgery.in.last.3.Months,binary,MRSA,binary,,,62,WEAK,Negative,False
Surgery.in.last.3.Months,binary,VAN,binary,,,62,WEAK,Negative,False
Past.CREPA.infection,continuous,Dialysis.on.Day.1,binary,,,62,WEAK,Negative,False
Past.CREPA.infection,continuous,HIV.Present,binary,,,62,WEAK,Negative,False
Past.CREPA.infection,continuous,TB,binary,,,62,WEAK,Negative,False
Past.CREPA.infection,continuous,ESBL.producer,binary,,,62,WEAK,Negative,False
Past.CREPA.infection,continuous,AmpC,binary,,,62,WEAK,Negative,False
Past.CREPA.infection,continuous,MRSA,binary,,,62,WEAK,Negative,False
Past.CREPA.infection,continuous,VAN,binary,,,62,WEAK,Negative,False
Endoscopy.in.1.week,binary,Dialysis.on.Day.1,binary,,,62,WEAK,Negative,False
Endoscopy.in.1.week,binary,HIV.Present,binary,,,62,WEAK,Negative,False
Endoscopy.in.1.week,binary,TB,binary,,,62,WEAK,Negative,False
Endoscopy.in.1.week,binary,ESBL.producer,binary,,,62,WEAK,Negative,False
Endoscopy.in.1.week,binary,AmpC,binary,,,62,WEAK,Negative,False
Endoscopy.in.1.week,binary,MRSA,binary,,,62,WEAK,Negative,False
Endoscopy.in.1.week,binary,VAN,binary,,,62,WEAK,Negative,False
Dialysis.in.1.week,binary,Dialysis.on.Day.1,binary,,,62,WEAK,Negative,False
Dialysis.in.1.week,binary,HIV.Present,binary,,,62,WEAK,Negative,False
Dialysis.in.1.week,binary,TB,binary,,,62,WEAK,Negative,False
Dialysis.in.1.week,binary,ESBL.producer,binary,,,62,WEAK,Negative,False
Dialysis.in.1.week,binary,AmpC,binary,,,62,WEAK,Negative,False
Dialysis.in.1.week,binary,MRSA,binary,,,62,WEAK,Negative,False
Dialysis.in.1.week,binary,VAN,binary,,,62,WEAK,Negative,False
Immunosuppressive.drugs.in.1.week,binary,Dialysis.on.Day.1,binary,,,62,WEAK,Negative,False
Immunosuppressive.drugs.in.1.week,binary,HIV.Present,binary,,,62,WEAK,Negative,False
Immunosuppressive.drugs.in.1.week,binary,TB,binary,,,62,WEAK,Negative,False
Immunosuppressive.drugs.in.1.week,binary,ESBL.producer,binary,,,62,WEAK,Negative,False
Immunosuppressive.drugs.in.1.week,binary,AmpC,binary,,,62,WEAK,Negative,False
Immunosuppressive.drugs.in.1.week,binary,MRSA,binary,,,62,WEAK,Negative,False
Immunosuppressive.drugs.in.1.week,binary,VAN,binary,,,62,WEAK,Negative,False
Inotropes,binary,Dialysis.on.Day.1,binary,,,62,WEAK,Negative,False
Inotropes,binary,HIV.Present,binary,,,62,WEAK,Negative,False
Inotropes,binary,TB,binary,,,62,WEAK,Negative,False
Inotropes,binary,ESBL.producer,binary,,,62,WEAK,Negative,False
Inotropes,binary,AmpC,binary,,,62,WEAK,Negative,False
Inotropes,binary,MRSA,binary,,,62,WEAK,Negative,False
Inotropes,binary,VAN,binary,,,62,WEAK,Negative,False
Dialysis.on.Day.1,binary,Ventilation,binary,,,62,WEAK,Negative,False
Dialysis.on.Day.1,binary,Overall.organ.support,binary,,,62,WEAK,Negative,False
Dialysis.on.Day.1,binary,Neutropenia,binary,,,62,WEAK,Negative,False
Dialysis.on.Day.1,binary,HIV.Present,binary,,,62,WEAK,Negative,False
Dialysis.on.Day.1,binary,TB,binary,,,62,WEAK,Negative,False
Dialysis.on.Day.1,binary,Any.Viral.Infection,binary,,,62,WEAK,Negative,False
Dialysis.on.Day.1,binary,Any.Fungal.Infection,binary,,,61,WEAK,Negative,False
Dialysis.on.Day.1,binary,Hemat.Malignancy,binary,,,62,WEAK,Negative,False
Dialysis.on.Day.1,binary,Solid.Organ,binary,,,62,WEAK,Negative,False
Dialysis.on.Day.1,binary,APACHEII,continuous,,,62,WEAK,Negative,False
Dialysis.on.Day.1,binary,SOFA,continuous,,,62,WEAK,Negative,False
Dialysis.on.Day.1,binary,Hb,binary,,,62,WEAK,Negative,False
Dialysis.on.Day.1,binary,TLC,binary,,,62,WEAK,Negative,False
Dialysis.on.Day.1,binary,ANC,binary,,,62,WEAK,Negative,False
Dialysis.on.Day.1,binary,Lympho,binary,,,62,WEAK,Negative,False
Dialysis.on.Day.1,binary,Platelet,binary,,,62,WEAK,Negative,False
Dialysis.on.Day.1,binary,INR,binary,,,62,WEAK,Negative,False
Dialysis.on.Day.1,binary,Bil,binary,,,62,WEAK,Negative,False
Dialysis.on.Day.1,binary,SGPT,binary,,,62,WEAK,Negative,False
Dialysis.on.Day.1,binary,SGOT,binary,,,62,WEAK,Negative,False
Dialysis.on.Day.1,binary,Albumin,binary,,,62,WEAK,Negative,False
Dialysis.on.Day.1,binary,Total.Protein,binary,,,62,WEAK,Negative,False
Dialysis.on.Day.1,binary,Globulin,binary,,,62,WEAK,Negative,False
Dialysis.on.Day.1,binary,ALP,binary,,,62,WEAK,Negative,False
Dialysis.on.Day.1,binary,Creatinine,binary,,,62,WEAK,Negative,False
Dialysis.on.Day.1,binary,Sodium,binary,,,62,WEAK,Negative,False
Dialysis.on.Day.1,binary,Potassium,binary,,,62,WEAK,Negative,False
Dialysis.on.Day.1,binary,Urea,binary,,,62,WEAK,Negative,False
Dialysis.on.Day.1,binary,Calcium,binary,,,62,WEAK,Negative,False
Dialysis.on.Day.1,binary,Magnesium,binary,,,62,WEAK,Negative,False
Dialysis.on.Day.1,binary,Procalcitonin,binary,,,62,WEAK,Negative,False
Dialysis.on.Day.1,binary,P.C.Z.A.E,ordinal,,,62,WEAK,Negative,False
Dialysis.on.Day.1,binary,P.C.only.E,ordinal,,,62,WEAK,Negative,False
Dialysis.on.Day.1,binary,Z.A.only.E,ordinal,,,62,WEAK,Negative,False
Dialysis.on.Day.1,binary,Neither.Abx.E,ordinal,,,62,WEAK,Negative,False
Dialysis.on.Day.1,binary,P.C.Z.A.T,ordinal,,,62,WEAK,Negative,False
Dialysis.on.Day.1,binary,P.C.only.T,ordinal,,,62,WEAK,Negative,False
Dialysis.on.Day.1,binary,Z.A.only.T,ordinal,,,62,WEAK,Negative,False
Dialysis.on.Day.1,binary,Neither.Abx.T,ordinal,,,62,WEAK,Negative,False
Dialysis.on.Day.1,binary,Amoxicillin.Clavulanic.Acid,continuous,,,62,WEAK,Negative,False
Dialysis.on.Day.1,binary,Amikacin,continuous,,,62,WEAK,Negative,False
Dialysis.on.Day.1,binary,Aztreonam,continuous,,,62,WEAK,Negative,False
Dialysis.on.Day.1,binary,Chloramphenicol,continuous,,,62,WEAK,Negative,False
Dialysis.on.Day.1,binary,Ciprofloxacin,continuous,,,62,WEAK,Negative,False
Dialysis.on.Day.1,binary,Colistin,continuous,,,62,WEAK,Negative,False
Dialysis.on.Day.1,binary,Doxycycline,continuous,,,62,WEAK,Negative,False
Dialysis.on.Day.1,binary,Ertapenem,continuous,,,62,WEAK,Negative,False
Dialysis.on.Day.1,binary,Cefepime,continuous,,,62,WEAK,Negative,False
Dialysis.on.Day.1,binary,Fosfomycin,continuous,,,62,WEAK,Negative,False
Dialysis.on.Day.1,binary,Cefoxitin,continuous,,,62,WEAK,Negative,False
Dialysis.on.Day.1,binary,Gentamicin,continuous,,,62,WEAK,Negative,False
Dialysis.on.Day.1,binary,Imipenem,continuous,,,62,WEAK,Negative,False
Dialysis.on.Day.1,binary,Levofloxacin,continuous,,,62,WEAK,Negative,False
Dialysis.on.Day.1,binary,Meropenem,continuous,,,62,WEAK,Negative,False
Dialysis.on.Day.1,binary,Minocycline,continuous,,,62,WEAK,Negative,False
Dialysis.on.Day.1,binary,Cefuroxime,continuous,,,62,WEAK,Negative,False
Dialysis.on.Day.1,binary,Cefoperazone.Sulbactam,continuous,,,62,WEAK,Negative,False
Dialysis.on.Day.1,binary,Trimethoprim.Sulfamethoxazole,continuous,,,62,WEAK,Negative,False
Dialysis.on.Day.1,binary,Cefotaxime,continuous,,,62,WEAK,Negative,False
Dialysis.on.Day.1,binary,Ceftazidime,continuous,,,62,WEAK,Negative,False
Dialysis.on.Day.1,binary,Tigecycline,continuous,,,62,WEAK,Negative,False
Dialysis.on.Day.1,binary,Piperacillin.Tazobactam,continuous,,,62,WEAK,Negative,False
Dialysis.on.Day.1,binary,Ceftazidime.Avibactam,binary,,,62,WEAK,Negative,False
Dialysis.on.Day.1,binary,Nitrofurantoin,continuous,,,62,WEAK,Negative,False
Dialysis.on.Day.1,binary,ESBL.producer,binary,,,62,WEAK,Negative,False
Dialysis.on.Day.1,binary,AmpC,binary,,,62,WEAK,Negative,False
Dialysis.on.Day.1,binary,Carbapenemase,binary,,,62,WEAK,Negative,False
Dialysis.on.Day.1,binary,MRSA,binary,,,62,WEAK,Negative,False
Dialysis.on.Day.1,binary,VAN,binary,,,62,WEAK,Negative,False
Dialysis.on.Day.1,binary,Ceftazidime.Avibactam.T,binary,,,62,WEAK,Negative,False
Dialysis.on.Day.1,binary,Ceftazidime.Avibactam.Aztreonam.T,binary,,,62,WEAK,Negative,False
Dialysis.on.Day.1,binary,Ceftazidime.Avibactam.Aztreonam.Synergy.T,continuous,,,62,WEAK,Negative,False
Dialysis.on.Day.1,binary,Polymyxin.Colistin.Inclusion.T,binary,,,62,WEAK,Negative,False
Dialysis.on.Day.1,binary,Clinical.Improvement,continuous,,,62,WEAK,Negative,False
Dialysis.on.Day.1,binary,ICU.Stay.in.28.Days,continuous,,,62,WEAK,Negative,False
Dialysis.on.Day.1,binary,GW.Stay.in.28.Days,continuous,,,62,WEAK,Negative,False
Dialysis.on.Day.1,binary,Total.Hospital.Stay.in.28.Days,continuous,,,62,WEAK,Negative,False
Dialysis.on.Day.1,binary,Mortality.in.ICU,binary,,,62,WEAK,Negative,False
Dialysis.on.Day.1,binary,Mortality.in.Hospital,binary,,,62,WEAK,Negative,False
Dialysis.on.Day.1,binary,Mortality.post.28.Day.Discharge,binary,,,62,WEAK,Negative,False
Dialysis.on.Day.1,binary,Overall.Mortality,binary,,,62,WEAK,Negative,False
Dialysis.on.Day.1,binary,Relapse.post.28.Day.Discharge,binary,,,62,WEAK,Negative,False
Dialysis.on.Day.1,binary,Other.Illness.Leading.to.Hospitalization.post.28.Days.Discharge,binary,,,62,WEAK,Negative,False
Ventilation,binary,HIV.Present,binary,,,62,WEAK,Negative,False
Ventilation,binary,TB,binary,,,62,WEAK,Negative,False
Ventilation,binary,ESBL.producer,binary,,,62,WEAK,Negative,False
Ventilation,binary,AmpC,binary,,,62,WEAK,Negative,False
Ventilation,binary,MRSA,binary,,,62,WEAK,Negative,False
Ventilation,binary,VAN,binary,,,62,WEAK,Negative,False
Overall.organ.support,binary,HIV.Present,binary,,,62,WEAK,Negative,False
Overall.organ.support,binary,TB,binary,,,62,WEAK,Negative,False
Overall.organ.support,binary,ESBL.producer,binary,,,62,WEAK,Negative,False
Overall.organ.support,binary,AmpC,binary,,,62,WEAK,Negative,False
Overall.organ.support,binary,MRSA,binary,,,62,WEAK,Negative,False
Overall.organ.support,binary,VAN,binary,,,62,WEAK,Negative,False
Neutropenia,binary,HIV.Present,binary,,,62,WEAK,Negative,False
Neutropenia,binary,TB,binary,,,62,WEAK,Negative,False
Neutropenia,binary,ESBL.producer,binary,,,62,WEAK,Negative,False
Neutropenia,binary,AmpC,binary,,,62,WEAK,Negative,False
Neutropenia,binary,MRSA,binary,,,62,WEAK,Negative,False
Neutropenia,binary,VAN,binary,,,62,WEAK,Negative,False
HIV.Present,binary,TB,binary,,,62,WEAK,Negative,False
HIV.Present,binary,Any.Viral.Infection,binary,,,62,WEAK,Negative,False
HIV.Present,binary,Any.Fungal.Infection,binary,,,61,WEAK,Negative,False
HIV.Present,binary,Hemat.Malignancy,binary,,,62,WEAK,Negative,False
HIV.Present,binary,Solid.Organ,binary,,,62,WEAK,Negative,False
HIV.Present,binary,APACHEII,continuous,,,62,WEAK,Negative,False
HIV.Present,binary,SOFA,continuous,,,62,WEAK,Negative,False
HIV.Present,binary,Hb,binary,,,62,WEAK,Negative,False
HIV.Present,binary,TLC,binary,,,62,WEAK,Negative,False
HIV.Present,binary,ANC,binary,,,62,WEAK,Negative,False
HIV.Present,binary,Lympho,binary,,,62,WEAK,Negative,False
HIV.Present,binary,Platelet,binary,,,62,WEAK,Negative,False
HIV.Present,binary,INR,binary,,,62,WEAK,Negative,False
HIV.Present,binary,Bil,binary,,,62,WEAK,Negative,False
HIV.Present,binary,SGPT,binary,,,62,WEAK,Negative,False
HIV.Present,binary,SGOT,binary,,,62,WEAK,Negative,False
HIV.Present,binary,Albumin,binary,,,62,WEAK,Negative,False
HIV.Present,binary,Total.Protein,binary,,,62,WEAK,Negative,False
HIV.Present,binary,Globulin,binary,,,62,WEAK,Negative,False
HIV.Present,binary,ALP,binary,,,62,WEAK,Negative,False
HIV.Present,binary,Creatinine,binary,,,62,WEAK,Negative,False
HIV.Present,binary,Sodium,binary,,,62,WEAK,Negative,False
HIV.Present,binary,Potassium,binary,,,62,WEAK,Negative,False
HIV.Present,binary,Urea,binary,,,62,WEAK,Negative,False
HIV.Present,binary,Calcium,binary,,,62,WEAK,Negative,False
HIV.Present,binary,Magnesium,binary,,,62,WEAK,Negative,False
HIV.Present,binary,Procalcitonin,binary,,,62,WEAK,Negative,False
HIV.Present,binary,P.C.Z.A.E,ordinal,,,62,WEAK,Negative,False
HIV.Present,binary,P.C.only.E,ordinal,,,62,WEAK,Negative,False
HIV.Present,binary,Z.A.only.E,ordinal,,,62,WEAK,Negative,False
HIV.Present,binary,Neither.Abx.E,ordinal,,,62,WEAK,Negative,False
HIV.Present,binary,P.C.Z.A.T,ordinal,,,62,WEAK,Negative,False
HIV.Present,binary,P.C.only.T,ordinal,,,62,WEAK,Negative,False
HIV.Present,binary,Z.A.only.T,ordinal,,,62,WEAK,Negative,False
HIV.Present,binary,Neither.Abx.T,ordinal,,,62,WEAK,Negative,False
HIV.Present,binary,Amoxicillin.Clavulanic.Acid,continuous,,,62,WEAK,Negative,False
HIV.Present,binary,Amikacin,continuous,,,62,WEAK,Negative,False
HIV.Present,binary,Aztreonam,continuous,,,62,WEAK,Negative,False
HIV.Present,binary,Chloramphenicol,continuous,,,62,WEAK,Negative,False
HIV.Present,binary,Ciprofloxacin,continuous,,,62,WEAK,Negative,False
HIV.Present,binary,Colistin,continuous,,,62,WEAK,Negative,False
HIV.Present,binary,Doxycycline,continuous,,,62,WEAK,Negative,False
HIV.Present,binary,Ertapenem,continuous,,,62,WEAK,Negative,False
HIV.Present,binary,Cefepime,continuous,,,62,WEAK,Negative,False
HIV.Present,binary,Fosfomycin,continuous,,,62,WEAK,Negative,False
HIV.Present,binary,Cefoxitin,continuous,,,62,WEAK,Negative,False
HIV.Present,binary,Gentamicin,continuous,,,62,WEAK,Negative,False
HIV.Present,binary,Imipenem,continuous,,,62,WEAK,Negative,False
HIV.Present,binary,Levofloxacin,continuous,,,62,WEAK,Negative,False
HIV.Present,binary,Meropenem,continuous,,,62,WEAK,Negative,False
HIV.Present,binary,Minocycline,continuous,,,62,WEAK,Negative,False
HIV.Present,binary,Cefuroxime,continuous,,,62,WEAK,Negative,False
HIV.Present,binary,Cefoperazone.Sulbactam,continuous,,,62,WEAK,Negative,False
HIV.Present,binary,Trimethoprim.Sulfamethoxazole,continuous,,,62,WEAK,Negative,False
HIV.Present,binary,Cefotaxime,continuous,,,62,WEAK,Negative,False
HIV.Present,binary,Ceftazidime,continuous,,,62,WEAK,Negative,False
HIV.Present,binary,Tigecycline,continuous,,,62,WEAK,Negative,False
HIV.Present,binary,Piperacillin.Tazobactam,continuous,,,62,WEAK,Negative,False
HIV.Present,binary,Ceftazidime.Avibactam,binary,,,62,WEAK,Negative,False
HIV.Present,binary,Nitrofurantoin,continuous,,,62,WEAK,Negative,False
HIV.Present,binary,ESBL.producer,binary,,,62,WEAK,Negative,False
HIV.Present,binary,AmpC,binary,,,62,WEAK,Negative,False
HIV.Present,binary,Carbapenemase,binary,,,62,WEAK,Negative,False
HIV.Present,binary,MRSA,binary,,,62,WEAK,Negative,False
HIV.Present,binary,VAN,binary,,,62,WEAK,Negative,False
HIV.Present,binary,Ceftazidime.Avibactam.T,binary,,,62,WEAK,Negative,False
HIV.Present,binary,Ceftazidime.Avibactam.Aztreonam.T,binary,,,62,WEAK,Negative,False
HIV.Present,binary,Ceftazidime.Avibactam.Aztreonam.Synergy.T,continuous,,,62,WEAK,Negative,False
HIV.Present,binary,Polymyxin.Colistin.Inclusion.T,binary,,,62,WEAK,Negative,False
HIV.Present,binary,Clinical.Improvement,continuous,,,62,WEAK,Negative,False
HIV.Present,binary,ICU.Stay.in.28.Days,continuous,,,62,WEAK,Negative,False
HIV.Present,binary,GW.Stay.in.28.Days,continuous,,,62,WEAK,Negative,False
HIV.Present,binary,Total.Hospital.Stay.in.28.Days,continuous,,,62,WEAK,Negative,False
HIV.Present,binary,Mortality.in.ICU,binary,,,62,WEAK,Negative,False
HIV.Present,binary,Mortality.in.Hospital,binary,,,62,WEAK,Negative,False
HIV.Present,binary,Mortality.post.28.Day.Discharge,binary,,,62,WEAK,Negative,False
HIV.Present,binary,Overall.Mortality,binary,,,62,WEAK,Negative,False
HIV.Present,binary,Relapse.post.28.Day.Discharge,binary,,,62,WEAK,Negative,False
HIV.Present,binary,Other.Illness.Leading.to.Hospitalization.post.28.Days.Discharge,binary,,,62,WEAK,Negative,False
TB,binary,Any.Viral.Infection,binary,,,62,WEAK,Negative,False
TB,binary,Any.Fungal.Infection,binary,,,61,WEAK,Negative,False
TB,binary,Hemat.Malignancy,binary,,,62,WEAK,Negative,False
TB,binary,Solid.Organ,binary,,,62,WEAK,Negative,False
TB,binary,APACHEII,continuous,,,62,WEAK,Negative,False
TB,binary,SOFA,continuous,,,62,WEAK,Negative,False
TB,binary,Hb,binary,,,62,WEAK,Negative,False
TB,binary,TLC,binary,,,62,WEAK,Negative,False
TB,binary,ANC,binary,,,62,WEAK,Negative,False
TB,binary,Lympho,binary,,,62,WEAK,Negative,False
TB,binary,Platelet,binary,,,62,WEAK,Negative,False
TB,binary,INR,binary,,,62,WEAK,Negative,False
TB,binary,Bil,binary,,,62,WEAK,Negative,False
TB,binary,SGPT,binary,,,62,WEAK,Negative,False
TB,binary,SGOT,binary,,,62,WEAK,Negative,False
TB,binary,Albumin,binary,,,62,WEAK,Negative,False
TB,binary,Total.Protein,binary,,,62,WEAK,Negative,False
TB,binary,Globulin,binary,,,62,WEAK,Negative,False
TB,binary,ALP,binary,,,62,WEAK,Negative,False
TB,binary,Creatinine,binary,,,62,WEAK,Negative,False
TB,binary,Sodium,binary,,,62,WEAK,Negative,False
TB,binary,Potassium,binary,,,62,WEAK,Negative,False
TB,binary,Urea,binary,,,62,WEAK,Negative,False
TB,binary,Calcium,binary,,,62,WEAK,Negative,False
TB,binary,Magnesium,binary,,,62,WEAK,Negative,False
TB,binary,Procalcitonin,binary,,,62,WEAK,Negative,False
TB,binary,P.C.Z.A.E,ordinal,,,62,WEAK,Negative,False
TB,binary,P.C.only.E,ordinal,,,62,WEAK,Negative,False
TB,binary,Z.A.only.E,ordinal,,,62,WEAK,Negative,False
TB,binary,Neither.Abx.E,ordinal,,,62,WEAK,Negative,False
TB,binary,P.C.Z.A.T,ordinal,,,62,WEAK,Negative,False
TB,binary,P.C.only.T,ordinal,,,62,WEAK,Negative,False
TB,binary,Z.A.only.T,ordinal,,,62,WEAK,Negative,False
TB,binary,Neither.Abx.T,ordinal,,,62,WEAK,Negative,False
TB,binary,Amoxicillin.Clavulanic.Acid,continuous,,,62,WEAK,Negative,False
TB,binary,Amikacin,continuous,,,62,WEAK,Negative,False
TB,binary,Aztreonam,continuous,,,62,WEAK,Negative,False
TB,binary,Chloramphenicol,continuous,,,62,WEAK,Negative,False
TB,binary,Ciprofloxacin,continuous,,,62,WEAK,Negative,False
TB,binary,Colistin,continuous,,,62,WEAK,Negative,False
TB,binary,Doxycycline,continuous,,,62,WEAK,Negative,False
TB,binary,Ertapenem,continuous,,,62,WEAK,Negative,False
TB,binary,Cefepime,continuous,,,62,WEAK,Negative,False
TB,binary,Fosfomycin,continuous,,,62,WEAK,Negative,False
TB,binary,Cefoxitin,continuous,,,62,WEAK,Negative,False
TB,binary,Gentamicin,continuous,,,62,WEAK,Negative,False
TB,binary,Imipenem,continuous,,,62,WEAK,Negative,False
TB,binary,Levofloxacin,continuous,,,62,WEAK,Negative,False
TB,binary,Meropenem,continuous,,,62,WEAK,Negative,False
TB,binary,Minocycline,continuous,,,62,WEAK,Negative,False
TB,binary,Cefuroxime,continuous,,,62,WEAK,Negative,False
TB,binary,Cefoperazone.Sulbactam,continuous,,,62,WEAK,Negative,False
TB,binary,Trimethoprim.Sulfamethoxazole,continuous,,,62,WEAK,Negative,False
TB,binary,Cefotaxime,continuous,,,62,WEAK,Negative,False
TB,binary,Ceftazidime,continuous,,,62,WEAK,Negative,False
TB,binary,Tigecycline,continuous,,,62,WEAK,Negative,False
TB,binary,Piperacillin.Tazobactam,continuous,,,62,WEAK,Negative,False
TB,binary,Ceftazidime.Avibactam,binary,,,62,WEAK,Negative,False
TB,binary,Nitrofurantoin,continuous,,,62,WEAK,Negative,False
TB,binary,ESBL.producer,binary,,,62,WEAK,Negative,False
TB,binary,AmpC,binary,,,62,WEAK,Negative,False
TB,binary,Carbapenemase,binary,,,62,WEAK,Negative,False
TB,binary,MRSA,binary,,,62,WEAK,Negative,False
TB,binary,VAN,binary,,,62,WEAK,Negative,False
TB,binary,Ceftazidime.Avibactam.T,binary,,,62,WEAK,Negative,False
TB,binary,Ceftazidime.Avibactam.Aztreonam.T,binary,,,62,WEAK,Negative,False
TB,binary,Ceftazidime.Avibactam.Aztreonam.Synergy.T,continuous,,,62,WEAK,Negative,False
TB,binary,Polymyxin.Colistin.Inclusion.T,binary,,,62,WEAK,Negative,False
TB,binary,Clinical.Improvement,continuous,,,62,WEAK,Negative,False
TB,binary,ICU.Stay.in.28.Days,continuous,,,62,WEAK,Negative,False
TB,binary,GW.Stay.in.28.Days,continuous,,,62,WEAK,Negative,False
TB,binary,Total.Hospital.Stay.in.28.Days,continuous,,,62,WEAK,Negative,False
TB,binary,Mortality.in.ICU,binary,,,62,WEAK,Negative,False
TB,binary,Mortality.in.Hospital,binary,,,62,WEAK,Negative,False
TB,binary,Mortality.post.28.Day.Discharge,binary,,,62,WEAK,Negative,False
TB,binary,Overall.Mortality,binary,,,62,WEAK,Negative,False
TB,binary,Relapse.post.28.Day.Discharge,binary,,,62,WEAK,Negative,False
TB,binary,Other.Illness.Leading.to.Hospitalization.post.28.Days.Discharge,binary,,,62,WEAK,Negative,False
Any.Viral.Infection,binary,ESBL.producer,binary,,,62,WEAK,Negative,False
Any.Viral.Infection,binary,AmpC,binary,,,62,WEAK,Negative,False
Any.Viral.Infection,binary,MRSA,binary,,,62,WEAK,Negative,False
Any.Viral.Infection,binary,VAN,binary,,,62,WEAK,Negative,False
Any.Fungal.Infection,binary,ESBL.producer,binary,,,61,WEAK,Negative,False
Any.Fungal.Infection,binary,AmpC,binary,,,61,WEAK,Negative,False
Any.Fungal.Infection,binary,MRSA,binary,,,61,WEAK,Negative,False
Any.Fungal.Infection,binary,VAN,binary,,,61,WEAK,Negative,False
Hemat.Malignancy,binary,ESBL.producer,binary,,,62,WEAK,Negative,False
Hemat.Malignancy,binary,AmpC,binary,,,62,WEAK,Negative,False
Hemat.Malignancy,binary,MRSA,binary,,,62,WEAK,Negative,False
Hemat.Malignancy,binary,VAN,binary,,,62,WEAK,Negative,False
Solid.Organ,binary,ESBL.producer,binary,,,62,WEAK,Negative,False
Solid.Organ,binary,AmpC,binary,,,62,WEAK,Negative,False
Solid.Organ,binary,MRSA,binary,,,62,WEAK,Negative,False
Solid.Organ,binary,VAN,binary,,,62,WEAK,Negative,False
APACHEII,continuous,ESBL.producer,binary,,,62,WEAK,Negative,False
APACHEII,continuous,AmpC,binary,,,62,WEAK,Negative,False
APACHEII,continuous,MRSA,binary,,,62,WEAK,Negative,False
APACHEII,continuous,VAN,binary,,,62,WEAK,Negative,False
SOFA,continuous,ESBL.producer,binary,,,62,WEAK,Negative,False
SOFA,continuous,AmpC,binary,,,62,WEAK,Negative,False
SOFA,continuous,MRSA,binary,,,62,WEAK,Negative,False
SOFA,continuous,VAN,binary,,,62,WEAK,Negative,False
Hb,binary,ESBL.producer,binary,,,62,WEAK,Negative,False
Hb,binary,AmpC,binary,,,62,WEAK,Negative,False
Hb,binary,MRSA,binary,,,62,WEAK,Negative,False
Hb,binary,VAN,binary,,,62,WEAK,Negative,False
TLC,binary,ESBL.producer,binary,,,62,WEAK,Negative,False
TLC,binary,AmpC,binary,,,62,WEAK,Negative,False
TLC,binary,MRSA,binary,,,62,WEAK,Negative,False
TLC,binary,VAN,binary,,,62,WEAK,Negative,False
ANC,binary,ESBL.producer,binary,,,62,WEAK,Negative,False
ANC,binary,AmpC,binary,,,62,WEAK,Negative,False
ANC,binary,MRSA,binary,,,62,WEAK,Negative,False
ANC,binary,VAN,binary,,,62,WEAK,Negative,False
Lympho,binary,ESBL.producer,binary,,,62,WEAK,Negative,False
Lympho,binary,AmpC,binary,,,62,WEAK,Negative,False
Lympho,binary,MRSA,binary,,,62,WEAK,Negative,False
Lympho,binary,VAN,binary,,,62,WEAK,Negative,False
Platelet,binary,ESBL.producer,binary,,,62,WEAK,Negative,False
Platelet,binary,AmpC,binary,,,62,WEAK,Negative,False
Platelet,binary,MRSA,binary,,,62,WEAK,Negative,False
Platelet,binary,VAN,binary,,,62,WEAK,Negative,False
INR,binary,ESBL.producer,binary,,,62,WEAK,Negative,False
INR,binary,AmpC,binary,,,62,WEAK,Negative,False
INR,binary,MRSA,binary,,,62,WEAK,Negative,False
INR,binary,VAN,binary,,,62,WEAK,Negative,False
Bil,binary,ESBL.producer,binary,,,62,WEAK,Negative,False
Bil,binary,AmpC,binary,,,62,WEAK,Negative,False
Bil,binary,MRSA,binary,,,62,WEAK,Negative,False
Bil,binary,VAN,binary,,,62,WEAK,Negative,False
SGPT,binary,ESBL.producer,binary,,,62,WEAK,Negative,False
SGPT,binary,AmpC,binary,,,62,WEAK,Negative,False
SGPT,binary,MRSA,binary,,,62,WEAK,Negative,False
SGPT,binary,VAN,binary,,,62,WEAK,Negative,False
SGOT,binary,ESBL.producer,binary,,,62,WEAK,Negative,False
SGOT,binary,AmpC,binary,,,62,WEAK,Negative,False
SGOT,binary,MRSA,binary,,,62,WEAK,Negative,False
SGOT,binary,VAN,binary,,,62,WEAK,Negative,False
Albumin,binary,ESBL.producer,binary,,,62,WEAK,Negative,False
Albumin,binary,AmpC,binary,,,62,WEAK,Negative,False
Albumin,binary,MRSA,binary,,,62,WEAK,Negative,False
Albumin,binary,VAN,binary,,,62,WEAK,Negative,False
Total.Protein,binary,ESBL.producer,binary,,,62,WEAK,Negative,False
Total.Protein,binary,AmpC,binary,,,62,WEAK,Negative,False
Total.Protein,binary,MRSA,binary,,,62,WEAK,Negative,False
Total.Protein,binary,VAN,binary,,,62,WEAK,Negative,False
Globulin,binary,ESBL.producer,binary,,,62,WEAK,Negative,False
Globulin,binary,AmpC,binary,,,62,WEAK,Negative,False
Globulin,binary,MRSA,binary,,,62,WEAK,Negative,False
Globulin,binary,VAN,binary,,,62,WEAK,Negative,False
ALP,binary,ESBL.producer,binary,,,62,WEAK,Negative,False
ALP,binary,AmpC,binary,,,62,WEAK,Negative,False
ALP,binary,MRSA,binary,,,62,WEAK,Negative,False
ALP,binary,VAN,binary,,,62,WEAK,Negative,False
Creatinine,binary,ESBL.producer,binary,,,62,WEAK,Negative,False
Creatinine,binary,AmpC,binary,,,62,WEAK,Negative,False
Creatinine,binary,MRSA,binary,,,62,WEAK,Negative,False
Creatinine,binary,VAN,binary,,,62,WEAK,Negative,False
Sodium,binary,ESBL.producer,binary,,,62,WEAK,Negative,False
Sodium,binary,AmpC,binary,,,62,WEAK,Negative,False
Sodium,binary,MRSA,binary,,,62,WEAK,Negative,False
Sodium,binary,VAN,binary,,,62,WEAK,Negative,False
Potassium,binary,ESBL.producer,binary,,,62,WEAK,Negative,False
Potassium,binary,AmpC,binary,,,62,WEAK,Negative,False
Potassium,binary,MRSA,binary,,,62,WEAK,Negative,False
Potassium,binary,VAN,binary,,,62,WEAK,Negative,False
Urea,binary,ESBL.producer,binary,,,62,WEAK,Negative,False
Urea,binary,AmpC,binary,,,62,WEAK,Negative,False
Urea,binary,MRSA,binary,,,62,WEAK,Negative,False
Urea,binary,VAN,binary,,,62,WEAK,Negative,False
Calcium,binary,ESBL.producer,binary,,,62,WEAK,Negative,False
Calcium,binary,AmpC,binary,,,62,WEAK,Negative,False
Calcium,binary,MRSA,binary,,,62,WEAK,Negative,False
Calcium,binary,VAN,binary,,,62,WEAK,Negative,False
Magnesium,binary,ESBL.producer,binary,,,62,WEAK,Negative,False
Magnesium,binary,AmpC,binary,,,62,WEAK,Negative,False
Magnesium,binary,MRSA,binary,,,62,WEAK,Negative,False
Magnesium,binary,VAN,binary,,,62,WEAK,Negative,False
Procalcitonin,binary,ESBL.producer,binary,,,62,WEAK,Negative,False
Procalcitonin,binary,AmpC,binary,,,62,WEAK,Negative,False
Procalcitonin,binary,MRSA,binary,,,62,WEAK,Negative,False
Procalcitonin,binary,VAN,binary,,,62,WEAK,Negative,False
P.C.Z.A.E,ordinal,ESBL.producer,binary,,,62,WEAK,Negative,False
P.C.Z.A.E,ordinal,AmpC,binary,,,62,WEAK,Negative,False
P.C.Z.A.E,ordinal,MRSA,binary,,,62,WEAK,Negative,False
P.C.Z.A.E,ordinal,VAN,binary,,,62,WEAK,Negative,False
P.C.only.E,ordinal,ESBL.producer,binary,,,62,WEAK,Negative,False
P.C.only.E,ordinal,AmpC,binary,,,62,WEAK,Negative,False
P.C.only.E,ordinal,MRSA,binary,,,62,WEAK,Negative,False
P.C.only.E,ordinal,VAN,binary,,,62,WEAK,Negative,False
Z.A.only.E,ordinal,ESBL.producer,binary,,,62,WEAK,Negative,False
Z.A.only.E,ordinal,AmpC,binary,,,62,WEAK,Negative,False
Z.A.only.E,ordinal,MRSA,binary,,,62,WEAK,Negative,False
Z.A.only.E,ordinal,VAN,binary,,,62,WEAK,Negative,False
Neither.Abx.E,ordinal,ESBL.producer,binary,,,62,WEAK,Negative,False
Neither.Abx.E,ordinal,AmpC,binary,,,62,WEAK,Negative,False
Neither.Abx.E,ordinal,MRSA,binary,,,62,WEAK,Negative,False
Neither.Abx.E,ordinal,VAN,binary,,,62,WEAK,Negative,False
P.C.Z.A.T,ordinal,ESBL.producer,binary,,,62,WEAK,Negative,False
P.C.Z.A.T,ordinal,AmpC,binary,,,62,WEAK,Negative,False
P.C.Z.A.T,ordinal,MRSA,binary,,,62,WEAK,Negative,False
P.C.Z.A.T,ordinal,VAN,binary,,,62,WEAK,Negative,False
P.C.only.T,ordinal,ESBL.producer,binary,,,62,WEAK,Negative,False
P.C.only.T,ordinal,AmpC,binary,,,62,WEAK,Negative,False
P.C.only.T,ordinal,MRSA,binary,,,62,WEAK,Negative,False
P.C.only.T,ordinal,VAN,binary,,,62,WEAK,Negative,False
Z.A.only.T,ordinal,ESBL.producer,binary,,,62,WEAK,Negative,False
Z.A.only.T,ordinal,AmpC,binary,,,62,WEAK,Negative,False
Z.A.only.T,ordinal,MRSA,binary,,,62,WEAK,Negative,False
Z.A.only.T,ordinal,VAN,binary,,,62,WEAK,Negative,False
Neither.Abx.T,ordinal,ESBL.producer,binary,,,62,WEAK,Negative,False
Neither.Abx.T,ordinal,AmpC,binary,,,62,WEAK,Negative,False
Neither.Abx.T,ordinal,MRSA,binary,,,62,WEAK,Negative,False
Neither.Abx.T,ordinal,VAN,binary,,,62,WEAK,Negative,False
Amoxicillin.Clavulanic.Acid,continuous,ESBL.producer,binary,,,62,WEAK,Negative,False
Amoxicillin.Clavulanic.Acid,continuous,AmpC,binary,,,62,WEAK,Negative,False
Amoxicillin.Clavulanic.Acid,continuous,MRSA,binary,,,62,WEAK,Negative,False
Amoxicillin.Clavulanic.Acid,continuous,VAN,binary,,,62,WEAK,Negative,False
Amikacin,continuous,ESBL.producer,binary,,,62,WEAK,Negative,False
Amikacin,continuous,AmpC,binary,,,62,WEAK,Negative,False
Amikacin,continuous,MRSA,binary,,,62,WEAK,Negative,False
Amikacin,continuous,VAN,binary,,,62,WEAK,Negative,False
Aztreonam,continuous,ESBL.producer,binary,,,62,WEAK,Negative,False
Aztreonam,continuous,AmpC,binary,,,62,WEAK,Negative,False
Aztreonam,continuous,MRSA,binary,,,62,WEAK,Negative,False
Aztreonam,continuous,VAN,binary,,,62,WEAK,Negative,False
Chloramphenicol,continuous,ESBL.producer,binary,,,62,WEAK,Negative,False
Chloramphenicol,continuous,AmpC,binary,,,62,WEAK,Negative,False
Chloramphenicol,continuous,MRSA,binary,,,62,WEAK,Negative,False
Chloramphenicol,continuous,VAN,binary,,,62,WEAK,Negative,False
Ciprofloxacin,continuous,ESBL.producer,binary,,,62,WEAK,Negative,False
Ciprofloxacin,continuous,AmpC,binary,,,62,WEAK,Negative,False
Ciprofloxacin,continuous,MRSA,binary,,,62,WEAK,Negative,False
Ciprofloxacin,continuous,VAN,binary,,,62,WEAK,Negative,False
Colistin,continuous,ESBL.producer,binary,,,62,WEAK,Negative,False
Colistin,continuous,AmpC,binary,,,62,WEAK,Negative,False
Colistin,continuous,MRSA,binary,,,62,WEAK,Negative,False
Colistin,continuous,VAN,binary,,,62,WEAK,Negative,False
Doxycycline,continuous,ESBL.producer,binary,,,62,WEAK,Negative,False
Doxycycline,continuous,AmpC,binary,,,62,WEAK,Negative,False
Doxycycline,continuous,MRSA,binary,,,62,WEAK,Negative,False
Doxycycline,continuous,VAN,binary,,,62,WEAK,Negative,False
Ertapenem,continuous,ESBL.producer,binary,,,62,WEAK,Negative,False
Ertapenem,continuous,AmpC,binary,,,62,WEAK,Negative,False
Ertapenem,continuous,MRSA,binary,,,62,WEAK,Negative,False
Ertapenem,continuous,VAN,binary,,,62,WEAK,Negative,False
Cefepime,continuous,ESBL.producer,binary,,,62,WEAK,Negative,False
Cefepime,continuous,AmpC,binary,,,62,WEAK,Negative,False
Cefepime,continuous,MRSA,binary,,,62,WEAK,Negative,False
Cefepime,continuous,VAN,binary,,,62,WEAK,Negative,False
Fosfomycin,continuous,ESBL.producer,binary,,,62,WEAK,Negative,False
Fosfomycin,continuous,AmpC,binary,,,62,WEAK,Negative,False
Fosfomycin,continuous,MRSA,binary,,,62,WEAK,Negative,False
Fosfomycin,continuous,VAN,binary,,,62,WEAK,Negative,False
Cefoxitin,continuous,ESBL.producer,binary,,,62,WEAK,Negative,False
Cefoxitin,continuous,AmpC,binary,,,62,WEAK,Negative,False
Cefoxitin,continuous,MRSA,binary,,,62,WEAK,Negative,False
Cefoxitin,continuous,VAN,binary,,,62,WEAK,Negative,False
Gentamicin,continuous,ESBL.producer,binary,,,62,WEAK,Negative,False
Gentamicin,continuous,AmpC,binary,,,62,WEAK,Negative,False
Gentamicin,continuous,MRSA,binary,,,62,WEAK,Negative,False
Gentamicin,continuous,VAN,binary,,,62,WEAK,Negative,False
Imipenem,continuous,ESBL.producer,binary,,,62,WEAK,Negative,False
Imipenem,continuous,AmpC,binary,,,62,WEAK,Negative,False
Imipenem,continuous,MRSA,binary,,,62,WEAK,Negative,False
Imipenem,continuous,VAN,binary,,,62,WEAK,Negative,False
Levofloxacin,continuous,ESBL.producer,binary,,,62,WEAK,Negative,False
Levofloxacin,continuous,AmpC,binary,,,62,WEAK,Negative,False
Levofloxacin,continuous,MRSA,binary,,,62,WEAK,Negative,False
Levofloxacin,continuous,VAN,binary,,,62,WEAK,Negative,False
Meropenem,continuous,ESBL.producer,binary,,,62,WEAK,Negative,False
Meropenem,continuous,AmpC,binary,,,62,WEAK,Negative,False
Meropenem,continuous,MRSA,binary,,,62,WEAK,Negative,False
Meropenem,continuous,VAN,binary,,,62,WEAK,Negative,False
Minocycline,continuous,ESBL.producer,binary,,,62,WEAK,Negative,False
Minocycline,continuous,AmpC,binary,,,62,WEAK,Negative,False
Minocycline,continuous,MRSA,binary,,,62,WEAK,Negative,False
Minocycline,continuous,VAN,binary,,,62,WEAK,Negative,False
Cefuroxime,continuous,ESBL.producer,binary,,,62,WEAK,Negative,False
Cefuroxime,continuous,AmpC,binary,,,62,WEAK,Negative,False
Cefuroxime,continuous,MRSA,binary,,,62,WEAK,Negative,False
Cefuroxime,continuous,VAN,binary,,,62,WEAK,Negative,False
Cefoperazone.Sulbactam,continuous,ESBL.producer,binary,,,62,WEAK,Negative,False
Cefoperazone.Sulbactam,continuous,AmpC,binary,,,62,WEAK,Negative,False
Cefoperazone.Sulbactam,continuous,MRSA,binary,,,62,WEAK,Negative,False
Cefoperazone.Sulbactam,continuous,VAN,binary,,,62,WEAK,Negative,False
Trimethoprim.Sulfamethoxazole,continuous,ESBL.producer,binary,,,62,WEAK,Negative,False
Trimethoprim.Sulfamethoxazole,continuous,AmpC,binary,,,62,WEAK,Negative,False
Trimethoprim.Sulfamethoxazole,continuous,MRSA,binary,,,62,WEAK,Negative,False
Trimethoprim.Sulfamethoxazole,continuous,VAN,binary,,,62,WEAK,Negative,False
Cefotaxime,continuous,ESBL.producer,binary,,,62,WEAK,Negative,False
Cefotaxime,continuous,AmpC,binary,,,62,WEAK,Negative,False
Cefotaxime,continuous,MRSA,binary,,,62,WEAK,Negative,False
Cefotaxime,continuous,VAN,binary,,,62,WEAK,Negative,False
Ceftazidime,continuous,ESBL.producer,binary,,,62,WEAK,Negative,False
Ceftazidime,continuous,AmpC,binary,,,62,WEAK,Negative,False
Ceftazidime,continuous,MRSA,binary,,,62,WEAK,Negative,False
Ceftazidime,continuous,VAN,binary,,,62,WEAK,Negative,False
Tigecycline,continuous,ESBL.producer,binary,,,62,WEAK,Negative,False
Tigecycline,continuous,AmpC,binary,,,62,WEAK,Negative,False
Tigecycline,continuous,MRSA,binary,,,62,WEAK,Negative,False
Tigecycline,continuous,VAN,binary,,,62,WEAK,Negative,False
Piperacillin.Tazobactam,continuous,ESBL.producer,binary,,,62,WEAK,Negative,False
Piperacillin.Tazobactam,continuous,AmpC,binary,,,62,WEAK,Negative,False
Piperacillin.Tazobactam,continuous,MRSA,binary,,,62,WEAK,Negative,False
Piperacillin.Tazobactam,continuous,VAN,binary,,,62,WEAK,Negative,False
Ceftazidime.Avibactam,binary,ESBL.producer,binary,,,62,WEAK,Negative,False
Ceftazidime.Avibactam,binary,AmpC,binary,,,62,WEAK,Negative,False
Ceftazidime.Avibactam,binary,MRSA,binary,,,62,WEAK,Negative,False
Ceftazidime.Avibactam,binary,VAN,binary,,,62,WEAK,Negative,False
Nitrofurantoin,continuous,ESBL.producer,binary,,,62,WEAK,Negative,False
Nitrofurantoin,continuous,AmpC,binary,,,62,WEAK,Negative,False
Nitrofurantoin,continuous,MRSA,binary,,,62,WEAK,Negative,False
Nitrofurantoin,continuous,VAN,binary,,,62,WEAK,Negative,False
ESBL.producer,binary,AmpC,binary,,,62,WEAK,Negative,False
ESBL.producer,binary,Carbapenemase,binary,,,62,WEAK,Negative,False
ESBL.producer,binary,MRSA,binary,,,62,WEAK,Negative,False
ESBL.producer,binary,VAN,binary,,,62,WEAK,Negative,False
ESBL.producer,binary,Ceftazidime.Avibactam.T,binary,,,62,WEAK,Negative,False
ESBL.producer,binary,Ceftazidime.Avibactam.Aztreonam.T,binary,,,62,WEAK,Negative,False
ESBL.producer,binary,Ceftazidime.Avibactam.Aztreonam.Synergy.T,continuous,,,62,WEAK,Negative,False
ESBL.producer,binary,Polymyxin.Colistin.Inclusion.T,binary,,,62,WEAK,Negative,False
ESBL.producer,binary,Clinical.Improvement,continuous,,,62,WEAK,Negative,False
ESBL.producer,binary,ICU.Stay.in.28.Days,continuous,,,62,WEAK,Negative,False
ESBL.producer,binary,GW.Stay.in.28.Days,continuous,,,62,WEAK,Negative,False
ESBL.producer,binary,Total.Hospital.Stay.in.28.Days,continuous,,,62,WEAK,Negative,False
ESBL.producer,binary,Mortality.in.ICU,binary,,,62,WEAK,Negative,False
ESBL.producer,binary,Mortality.in.Hospital,binary,,,62,WEAK,Negative,False
ESBL.producer,binary,Mortality.post.28.Day.Discharge,binary,,,62,WEAK,Negative,False
ESBL.producer,binary,Overall.Mortality,binary,,,62,WEAK,Negative,False
ESBL.producer,binary,Relapse.post.28.Day.Discharge,binary,,,62,WEAK,Negative,False
ESBL.producer,binary,Other.Illness.Leading.to.Hospitalization.post.28.Days.Discharge,binary,,,62,WEAK,Negative,False
AmpC,binary,Carbapenemase,binary,,,62,WEAK,Negative,False
AmpC,binary,MRSA,binary,,,62,WEAK,Negative,False
AmpC,binary,VAN,binary,,,62,WEAK,Negative,False
AmpC,binary,Ceftazidime.Avibactam.T,binary,,,62,WEAK,Negative,False
AmpC,binary,Ceftazidime.Avibactam.Aztreonam.T,binary,,,62,WEAK,Negative,False
AmpC,binary,Ceftazidime.Avibactam.Aztreonam.Synergy.T,continuous,,,62,WEAK,Negative,False
AmpC,binary,Polymyxin.Colistin.Inclusion.T,binary,,,62,WEAK,Negative,False
AmpC,binary,Clinical.Improvement,continuous,,,62,WEAK,Negative,False
AmpC,binary,ICU.Stay.in.28.Days,continuous,,,62,WEAK,Negative,False
AmpC,binary,GW.Stay.in.28.Days,continuous,,,62,WEAK,Negative,False
AmpC,binary,Total.Hospital.Stay.in.28.Days,continuous,,,62,WEAK,Negative,False
AmpC,binary,Mortality.in.ICU,binary,,,62,WEAK,Negative,False
AmpC,binary,Mortality.in.Hospital,binary,,,62,WEAK,Negative,False
AmpC,binary,Mortality.post.28.Day.Discharge,binary,,,62,WEAK,Negative,False
AmpC,binary,Overall.Mortality,binary,,,62,WEAK,Negative,False
AmpC,binary,Relapse.post.28.Day.Discharge,binary,,,62,WEAK,Negative,False
AmpC,binary,Other.Illness.Leading.to.Hospitalization.post.28.Days.Discharge,binary,,,62,WEAK,Negative,False
Carbapenemase,binary,MRSA,binary,,,62,WEAK,Negative,False
Carbapenemase,binary,VAN,binary,,,62,WEAK,Negative,False
MRSA,binary,VAN,binary,,,62,WEAK,Negative,False
MRSA,binary,Ceftazidime.Avibactam.T,binary,,,62,WEAK,Negative,False
MRSA,binary,Ceftazidime.Avibactam.Aztreonam.T,binary,,,62,WEAK,Negative,False
MRSA,binary,Ceftazidime.Avibactam.Aztreonam.Synergy.T,continuous,,,62,WEAK,Negative,False
MRSA,binary,Polymyxin.Colistin.Inclusion.T,binary,,,62,WEAK,Negative,False
MRSA,binary,Clinical.Improvement,continuous,,,62,WEAK,Negative,False
MRSA,binary,ICU.Stay.in.28.Days,continuous,,,62,WEAK,Negative,False
MRSA,binary,GW.Stay.in.28.Days,continuous,,,62,WEAK,Negative,False
MRSA,binary,Total.Hospital.Stay.in.28.Days,continuous,,,62,WEAK,Negative,False
MRSA,binary,Mortality.in.ICU,binary,,,62,WEAK,Negative,False
MRSA,binary,Mortality.in.Hospital,binary,,,62,WEAK,Negative,False
MRSA,binary,Mortality.post.28.Day.Discharge,binary,,,62,WEAK,Negative,False
MRSA,binary,Overall.Mortality,binary,,,62,WEAK,Negative,False
MRSA,binary,Relapse.post.28.Day.Discharge,binary,,,62,WEAK,Negative,False
MRSA,binary,Other.Illness.Leading.to.Hospitalization.post.28.Days.Discharge,binary,,,62,WEAK,Negative,False
VAN,binary,Ceftazidime.Avibactam.T,binary,,,62,WEAK,Negative,False
VAN,binary,Ceftazidime.Avibactam.Aztreonam.T,binary,,,62,WEAK,Negative,False
VAN,binary,Ceftazidime.Avibactam.Aztreonam.Synergy.T,continuous,,,62,WEAK,Negative,False
VAN,binary,Polymyxin.Colistin.Inclusion.T,binary,,,62,WEAK,Negative,False
VAN,binary,Clinical.Improvement,continuous,,,62,WEAK,Negative,False
VAN,binary,ICU.Stay.in.28.Days,continuous,,,62,WEAK,Negative,False
VAN,binary,GW.Stay.in.28.Days,continuous,,,62,WEAK,Negative,False
VAN,binary,Total.Hospital.Stay.in.28.Days,continuous,,,62,WEAK,Negative,False
VAN,binary,Mortality.in.ICU,binary,,,62,WEAK,Negative,False
VAN,binary,Mortality.in.Hospital,binary,,,62,WEAK,Negative,False
VAN,binary,Mortality.post.28.Day.Discharge,binary,,,62,WEAK,Negative,False
VAN,binary,Overall.Mortality,binary,,,62,WEAK,Negative,False
VAN,binary,Relapse.post.28.Day.Discharge,binary,,,62,WEAK,Negative,False
VAN,binary,Other.Illness.Leading.to.Hospitalization.post.28.Days.Discharge,binary,,,62,WEAK,Negative,False
