outcome,predictor,beta_coefficient,ci_lower,ci_upper,p_value,regression_type,p_gt_0.2
ICU Stay in 28 Days,Patient ID,0.038628689032309635,-0.02944054466914897,0.10669792273376824,0.2511317270187659,linear,True
ICU Stay in 28 Days,Age,-0.008895532991918496,-0.15702704216538801,0.139235976181551,0.9018030543268717,linear,True
ICU Stay in 28 Days,Male,-0.423076923076922,-5.196745298016481,4.350591451862638,0.855538196274067,linear,True
ICU Stay in 28 Days,Female,0.423076923076922,-4.350591451862638,5.196745298016481,0.855538196274067,linear,True
ICU Stay in 28 Days,Height,-0.3023813613149524,-0.8340658771790245,0.22930315454911965,0.2501363630891149,linear,True
ICU Stay in 28 Days,Weight,-0.054035980227019526,-0.21378206887915388,0.10571010842511483,0.48949972572059997,linear,True
ICU Stay in 28 Days,NDM,-3.0294117647058854,-8.24481127201833,2.185987742606559,0.24049003129521115,linear,True
ICU Stay in 28 Days,OXA48,2.9841269841269833,-1.6758565839187192,7.644110552172686,0.19722465191333305,linear,False
ICU Stay in 28 Days,P/C in vitro,-3.571428571428572,-11.818930389356453,4.676073246499308,0.37804560876004006,linear,True
ICU Stay in 28 Days,Z-A invitro,-1.6785714285714297,-6.769030646324337,3.4118877891814776,0.5003721862746566,linear,True
ICU Stay in 28 Days,HTN,-2.1249999999999996,-7.003204304758654,2.7532043047586554,0.37526444310103657,linear,True
ICU Stay in 28 Days,DM,0.9538461538461527,-3.8040316380248407,5.7117239457171465,0.6809713793068779,linear,True
ICU Stay in 28 Days,COPD,-0.27272727272727426,-11.885579471177113,11.340124925722566,0.96150863000412,linear,True
ICU Stay in 28 Days,Hypothyroidism,2.4523809523809508,-5.878857284015707,10.783619188777608,0.547007127336536,linear,True
ICU Stay in 28 Days,UTI.CRO,-1.7058823529411777,-7.0435874811704595,3.6318227752881045,0.5135227007202159,linear,True
ICU Stay in 28 Days,IAI.CRO,4.134920634920631,-0.34037278033457063,8.610214050175832,0.06835205452656376,linear,False
ICU Stay in 28 Days,HAP.CRO,-1.9285714285714297,-10.288124309014044,6.430981451871186,0.6363482515103887,linear,True
ICU Stay in 28 Days,BSI.CRO,-2.3777777777777804,-8.017347960196913,3.2617924046413527,0.39050757874391184,linear,True
ICU Stay in 28 Days,Other.CRO,-2.3636363636363633,-13.927506784067125,9.200234056794399,0.6751097615810255,linear,True
ICU Stay in 28 Days,Hospitalization in past 6 Months,-0.6384615384615401,-5.407195462905008,4.130272385981929,0.7834062854157804,linear,True
ICU Stay in 28 Days,CV Catheter in 6 Months,-4.11904761904762,-12.313800158870885,4.075704920775644,0.30776506150653005,linear,True
ICU Stay in 28 Days,Urinary Catheter in 6 Months,-4.11904761904762,-12.313800158870885,4.075704920775644,0.30776506150653005,linear,True
ICU Stay in 28 Days,Surgery in last 3 Months,-3.6607142857142865,-8.53239142877639,1.2109628573478162,0.13307284567391556,linear,False
ICU Stay in 28 Days,Past CREPA infection,-4.5166666666666675,-11.243656171769928,2.2103228384365936,0.17720891721767984,linear,False
ICU Stay in 28 Days,Endoscopy in 1 week,-5.499999999999999,-16.842129068603434,5.842129068603435,0.32472158732745837,linear,True
ICU Stay in 28 Days,Immunosuppressive drugs in 1 week,3.076923076923073,-1.4919958557834434,7.64584200962959,0.17596388928516174,linear,False
ICU Stay in 28 Days,Inotropes,-1.1307692307692294,-5.880658287839981,3.619119826301522,0.6256857725192219,linear,True
ICU Stay in 28 Days,Ventilation,3.6076923076923064,-0.8805521654614656,8.095936780846078,0.10943684328924362,linear,False
ICU Stay in 28 Days,Overall organ support,2.017857142857143,-3.0471693262385995,7.0828836119528855,0.41670593711488213,linear,True
ICU Stay in 28 Days,Neutropenia,-4.454545454545453,-15.890766033410612,6.981675124319706,0.4270045592692648,linear,True
ICU Stay in 28 Days,Any Viral Infection,-2.7,-7.519285771905171,2.1192857719051705,0.25704230913051623,linear,True
ICU Stay in 28 Days,Any Fungal Infection,7.250000000000004,1.93798363863268,12.562016361367329,0.00984460190475104,linear,False
ICU Stay in 28 Days,Hemat Malignancy,0.8947368421052637,-5.340446029982907,7.129919714193434,0.7683149541320727,linear,True
ICU Stay in 28 Days,Solid Organ,0.1274509803921562,-5.265790227758476,5.520692188542789,0.9612684596558776,linear,True
ICU Stay in 28 Days,APACHEII,-0.025049115913555964,-0.3474916155854193,0.2973933837583074,0.8731998305691954,linear,True
ICU Stay in 28 Days,SOFA,0.08133848133848115,-0.5355238542584422,0.6982008169354044,0.7865990425222524,linear,True
ICU Stay in 28 Days,Hb,-3.916666666666666,-10.720669690719298,2.8873363573859656,0.2446022843666569,linear,True
ICU Stay in 28 Days,TLC,1.0294117647058803,-4.343870382254653,6.402693911666414,0.6943484682424428,linear,True
ICU Stay in 28 Days,ANC,0.37499999999999667,-4.769324887709637,5.5193248877096295,0.8809530861335129,linear,True
ICU Stay in 28 Days,Lympho,1.5909090909090926,-3.094995672895217,6.276813854713402,0.4879176473688984,linear,True
ICU Stay in 28 Days,Platelet,-0.8484848484848457,-5.574019617913487,3.8770499209437954,0.712592694070221,linear,True
ICU Stay in 28 Days,Bil,2.1923076923076916,-2.480482528156685,6.865097912772068,0.3403286955899368,linear,True
ICU Stay in 28 Days,SGPT,4.142857142857143,-0.6486345289856192,8.934348814699906,0.08655563838222596,linear,False
ICU Stay in 28 Days,SGOT,1.9393939393939388,-2.7193978735522046,6.598185752340082,0.3964288730805175,linear,True
ICU Stay in 28 Days,Albumin,2.736842105263158,-3.386866009136099,8.860550219662414,0.3632262674573903,linear,True
ICU Stay in 28 Days,Total Protein,1.8124999999999996,-3.268492593696816,6.8934925936968146,0.46639886274346787,linear,True
ICU Stay in 28 Days,Globulin,3.455357142857144,-1.447110550242673,8.357824835956961,0.15752944888500695,linear,False
ICU Stay in 28 Days,ALP,0.4615384615384618,-4.311395943259622,5.234472866336545,0.8425579091283047,linear,True
ICU Stay in 28 Days,Creatinine,-0.6666666666666674,-5.509995911271183,4.176662577937849,0.7774905504357065,linear,True
ICU Stay in 28 Days,Sodium,-0.03571428571428359,-5.182827704015885,5.111399132587318,0.9886232823602539,linear,True
ICU Stay in 28 Days,Potassium,-1.6111111111111134,-7.306245411412632,4.084023189190405,0.5626005225916846,linear,True
ICU Stay in 28 Days,Urea,0.0012701791457559635,-0.07464104543087255,0.07718140372238447,0.972570258708039,linear,True
ICU Stay in 28 Days,Calcium,2.2539682539682517,-2.4897753313576447,6.997711839294148,0.33434350013642483,linear,True
ICU Stay in 28 Days,Magnesium,-0.022727272727272707,-4.763912356172509,4.718457810717964,0.9921402738179652,linear,True
ICU Stay in 28 Days,Procalcitonin,-2.9833333333333343,-9.884110625244741,3.9174439585780725,0.3788168519626813,linear,True
ICU Stay in 28 Days,P/C+Z-A.E,8.476190476190473,1.002771202072025,15.94960975030892,0.028109309403269694,linear,False
ICU Stay in 28 Days,P/C only.E,-0.31578947368421106,-6.562535537293819,5.9309565899253975,0.9172703805816951,linear,True
ICU Stay in 28 Days,Z-A only.E,0.7727272727272732,-10.835488972274913,12.38094351772946,0.891216147422476,linear,True
ICU Stay in 28 Days,Neither Abx.E,-3.9473684210526305,-9.933471896825177,2.0387350547199152,0.18474495352598072,linear,False
ICU Stay in 28 Days,P/C+Z-A.T,0.17777777777777565,-5.563529275085885,5.919084830641435,0.9492650883585723,linear,True
ICU Stay in 28 Days,P/C only.T,0.5921052631578951,-5.650504164721301,6.834714691037092,0.8455291203774737,linear,True
ICU Stay in 28 Days,Z-A only.T,-0.3333333333333336,-6.073214252878201,5.406547586211533,0.9050214007573285,linear,True
ICU Stay in 28 Days,Neither Abx.T,-3.9473684210526305,-9.933471896825177,2.0387350547199152,0.18474495352598072,linear,False
ICU Stay in 28 Days,Amoxicillin/Clavulanic Acid,0.7878787878787896,-3.066744685598132,4.642502261355712,0.675109761581025,linear,True
ICU Stay in 28 Days,Amikacin,-0.8428571428571414,-3.273751740965354,1.5880374552510712,0.4788247143664464,linear,True
ICU Stay in 28 Days,Chloramphenicol,2.018018018018018,-0.39947014330270836,4.435506179338744,0.09721924921520979,linear,False
ICU Stay in 28 Days,Colistin,-7.66666666666667,-10.732078722281235,-4.601254611052104,3.7331016170001806e-05,linear,False
ICU Stay in 28 Days,Ceftriaxone,0.666666666666667,-1.6578381307496368,2.9911714640829707,0.557262044154985,linear,True
ICU Stay in 28 Days,Doxycycline,-0.6131386861313876,-3.89214000625169,2.6658626339889153,0.7012902040511437,linear,True
ICU Stay in 28 Days,Ertapenem,1.833333333333335,-1.947376356201145,5.614043022867815,0.324721587327458,linear,True
ICU Stay in 28 Days,Fosfomycin,-1.2380952380952377,-5.402989108973344,2.926798632782869,0.5430873207609204,linear,True
ICU Stay in 28 Days,Nitrofurantoin,-0.48768472906404026,-3.1820202644620172,2.206650806333937,0.7103826070558232,linear,True
ICU Stay in 28 Days,Gentamicin,-0.854166666666667,-3.3100683987714006,1.6017350654380667,0.47747957374908534,linear,True
ICU Stay in 28 Days,Meropenem,-2.4772727272727297,-8.174163875032207,3.2196184204867477,0.3760874832398745,linear,True
ICU Stay in 28 Days,Minocycline,-0.3148936170212762,-2.8234418083793553,2.1936545743368026,0.7965967485426916,linear,True
ICU Stay in 28 Days,Cefuroxime,0.2777777777777779,-2.521132504769615,3.0766880603251705,0.8384732403458446,linear,True
ICU Stay in 28 Days,Cefoperazone/Sulbactam,1.4848484848484866,-2.327225041439901,5.296922011136875,0.4270045592692641,linear,True
ICU Stay in 28 Days,Trimethoprim/Sulfamethoxazole,0.6608187134502939,-2.269394886440396,3.5910323133409836,0.6439074428985152,linear,True
ICU Stay in 28 Days,Cefotaxime,1.4848484848484866,-2.327225041439901,5.296922011136875,0.4270045592692641,linear,True
ICU Stay in 28 Days,Ceftazidime,1.4848484848484866,-2.327225041439901,5.296922011136875,0.4270045592692641,linear,True
ICU Stay in 28 Days,Tigecycline,-1.2846715328467173,-4.523403974890291,1.954060909196857,0.41870204061858285,linear,True
ICU Stay in 28 Days,Piperacillin/Tazobactam,1.620437956204381,-1.587131776044997,4.828007688453759,0.3053810207684505,linear,True
ICU Stay in 28 Days,Ceftazidime/Avibactam,-1.611111111111112,-7.306245411412627,4.084023189190402,0.5626005225916846,linear,True
ICU Stay in 28 Days,Ceftazidime/Avibactam.T,2.8916666666666666,-1.9046651894270274,7.687998522760361,0.2237001372437883,linear,True
ICU Stay in 28 Days,Ceftazidime-Avibactam/Aztreonam.T,2.761538461538463,-1.8486930727151365,7.371769995792063,0.2265968369209273,linear,True
ICU Stay in 28 Days,Ceftazidime-Avibactam/Aztreonam Synergy.T,-0.6220930232558125,-4.765953739978071,3.521767693466446,0.7579673501812818,linear,True
ICU Stay in 28 Days,Polymyxin/Colistin Inclusion.T,3.2750000000000004,-1.4703107323271105,8.020310732327111,0.16594175636690928,linear,False
ICU Stay in 28 Days,Clinical Improvement,-2.390350877192984,-5.83090528124996,1.0502035268639918,0.16326342375919498,linear,False
ICU Stay in 28 Days,GW Stay in 28 Days,-0.28978978978978964,-0.6822977255481132,0.1027181459685339,0.13961934893873448,linear,False
ICU Stay in 28 Days,Total Hospital stay in 28 days,0.4329583179638508,0.11957453819664648,0.7463420977310551,0.00910179162752563,linear,False
ICU Stay in 28 Days,Mortality in ICU,0.43333333333333357,-5.3051720505638205,6.171838717230488,0.8767145894111711,linear,True
ICU Stay in 28 Days,Mortality in Hospital,-1.3181818181818148,-12.916276823525083,10.279913187161453,0.8154445802683203,linear,True
ICU Stay in 28 Days,Mortality post 28 Day Discharge,-3.40909090909091,-14.91909569734695,8.10091387916513,0.5445463560549839,linear,True
ICU Stay in 28 Days,Overall Mortality,-0.5803571428571426,-5.720753508941478,4.560039223227193,0.8166451682127885,linear,True
ICU Stay in 28 Days,Relapse post 28 Day Discharge,1.8181818181818186,-9.765982043575415,13.402345679939051,0.7473494437149459,linear,True
ICU Stay in 28 Days,Other Illness Leading to Hospitalization post 28 Days Discharge,1.8181818181818186,-9.765982043575415,13.402345679939051,0.7473494437149459,linear,True
GW Stay in 28 Days,Patient ID,-0.030762749681965608,-0.10654551512254276,0.04502001575861154,0.40808063058140165,linear,True
GW Stay in 28 Days,Age,-0.1100766703176341,-0.2646598025346341,0.04450646189936591,0.153490931878687,linear,False
GW Stay in 28 Days,Male,-0.7153846153846142,-5.942826877297547,4.5120576465283175,0.7787391267834103,linear,True
GW Stay in 28 Days,Female,0.7153846153846142,-4.5120576465283175,5.942826877297545,0.7787391267834103,linear,True
GW Stay in 28 Days,Height,0.08744205088033763,-0.5132244368990819,0.6881085386597572,0.7650665362554734,linear,True
GW Stay in 28 Days,Weight,-0.05834050988219361,-0.23352921209604313,0.11684819233165591,0.4961839487180527,linear,True
GW Stay in 28 Days,NDM,2.7450980392156845,-3.0350304032539714,8.52522648168534,0.33456789701985123,linear,True
GW Stay in 28 Days,OXA48,-1.77777777777778,-7.036248232196094,3.4806926766405346,0.4897317502359461,linear,True
GW Stay in 28 Days,P/C in vitro,-1.857142857142858,-11.033028832758419,7.318743118472703,0.6781036691446819,linear,True
GW Stay in 28 Days,Z-A invitro,-1.8750000000000018,-7.453187327509763,3.7031873275097595,0.49220842088415684,linear,True
GW Stay in 28 Days,HTN,-0.8749999999999996,-6.311895853385147,4.561895853385149,0.7411805166865595,linear,True
GW Stay in 28 Days,DM,-2.8230769230769233,-7.901485673100485,2.2553318269466387,0.2606428185073418,linear,True
GW Stay in 28 Days,COPD,-5.954545454545455,-18.39614867974485,6.487057770653941,0.3309202846749579,linear,True
GW Stay in 28 Days,Hypothyroidism,-0.21428571428571597,-9.428281512807734,8.999710084236304,0.9618826757190514,linear,True
GW Stay in 28 Days,UTI.CRO,-3.8725490196078445,-9.518196228969874,1.7730981897541849,0.16842836696021857,linear,False
GW Stay in 28 Days,IAI.CRO,-1.1428571428571437,-6.437515347814157,4.151801062099869,0.6581113728743875,linear,True
GW Stay in 28 Days,HAP.CRO,-0.7619047619047628,-9.969924402367464,8.446114878557939,0.8650262576162123,linear,True
GW Stay in 28 Days,BSI.CRO,2.177777777777777,-4.038862899401475,8.39441845495703,0.4743427919800385,linear,True
GW Stay in 28 Days,Other.CRO,17.045454545454547,6.933114748619111,27.157794342289982,0.0021052771214522675,linear,False
GW Stay in 28 Days,Hospitalization in past 6 Months,-2.646153846153846,-7.744144850140529,2.4518371578328364,0.29263382184545905,linear,True
GW Stay in 28 Days,CV Catheter in 6 Months,-3.500000000000001,-12.576584091555418,5.576584091555417,0.4315835918585575,linear,True
GW Stay in 28 Days,Urinary Catheter in 6 Months,-3.500000000000001,-12.576584091555418,5.576584091555417,0.4315835918585575,linear,True
GW Stay in 28 Days,Surgery in last 3 Months,-1.6160714285714282,-7.210920237452464,3.978777380309608,0.5544708739289086,linear,True
GW Stay in 28 Days,Past CREPA infection,4.949999999999998,-2.4248840687910977,12.324884068791095,0.17734954612376494,linear,False
GW Stay in 28 Days,Endoscopy in 1 week,1.3636363636363638,-11.352989175427348,14.080261902700075,0.825688530044812,linear,True
GW Stay in 28 Days,Immunosuppressive drugs in 1 week,-6.0076923076923086,-10.4796711186689,-1.5357134967157169,0.010880531615123817,linear,False
GW Stay in 28 Days,Inotropes,2.4692307692307693,-2.647007730466008,7.585469268927547,0.32696037064906014,linear,True
GW Stay in 28 Days,Ventilation,-1.761538461538462,-6.937686205599896,3.414609282522972,0.4868935714376523,linear,True
GW Stay in 28 Days,Overall organ support,0.5892857142857132,-5.047085063147424,6.225656491718851,0.8299759354771955,linear,True
GW Stay in 28 Days,Neutropenia,7.636363636363636,-4.614602510493159,19.88732978322043,0.20894420969520897,linear,True
GW Stay in 28 Days,Any Viral Infection,-2.216666666666667,-7.574426426614074,3.14109309328074,0.3992860079075438,linear,True
GW Stay in 28 Days,Any Fungal Infection,-4.7763157894736885,-11.274329255141037,1.7216976761936609,0.14128627078070605,linear,False
GW Stay in 28 Days,Hemat Malignancy,-0.8421052631578958,-7.681428612903558,5.9972180865877665,0.8003987074424178,linear,True
GW Stay in 28 Days,Solid Organ,3.1960784313725474,-2.536119382050175,8.92827624479527,0.2592581147115461,linear,True
GW Stay in 28 Days,APACHEII,-0.03936289643558799,-0.39261876554220604,0.31389297267103006,0.8189916419112343,linear,True
GW Stay in 28 Days,SOFA,-0.2231660231660234,-0.8930175969225728,0.44668555059052595,0.4960021314350405,linear,True
GW Stay in 28 Days,Hb,-1.8833333333333309,-9.545223163437955,5.7785564967712935,0.6145576067706381,linear,True
GW Stay in 28 Days,TLC,0.9411764705882331,-4.9562256154388065,6.838578556615272,0.7432626288104403,linear,True
GW Stay in 28 Days,ANC,-0.026785714285717216,-5.669483908584484,5.6159124800130495,0.9922167038061479,linear,True
GW Stay in 28 Days,Lympho,3.3712121212121224,-1.5962185542293628,8.338642796653607,0.17278411973339985,linear,False
GW Stay in 28 Days,Platelet,4.242424242424242,-0.5855496094550876,9.070398094303572,0.0818872144995547,linear,False
GW Stay in 28 Days,Bil,-1.9384615384615387,-7.101570321041411,3.2246472441183336,0.44364494605910904,linear,True
GW Stay in 28 Days,SGPT,1.2589285714285718,-4.354786069696919,6.872643212554063,0.645750138804369,linear,True
GW Stay in 28 Days,SGOT,-0.4621212121212121,-5.655572770051512,4.731330345809088,0.8549675307458708,linear,True
GW Stay in 28 Days,Albumin,-1.5789473684210547,-8.391359279648738,5.233464542806629,0.6347894662409714,linear,True
GW Stay in 28 Days,Total Protein,0.38392857142856984,-5.256092217614281,6.023949360471422,0.8887737788616288,linear,True
GW Stay in 28 Days,Globulin,-2.080357142857142,-7.643530228811356,3.4828159430970715,0.4454342099510172,linear,True
GW Stay in 28 Days,ALP,0.876923076923077,-4.345449973319819,6.099296127165974,0.7304151374983767,linear,True
GW Stay in 28 Days,Creatinine,2.9682539682539675,-2.178388459324366,8.1148963958323,0.24373529158335194,linear,True
GW Stay in 28 Days,Sodium,-1.4642857142857135,-7.0677330910923475,4.13916166252092,0.592548183636162,linear,True
GW Stay in 28 Days,Potassium,5.500000000000002,-0.27871836778269277,11.278718367782696,0.061040703881435725,linear,False
GW Stay in 28 Days,Urea,-0.04164012367738226,-0.12268881952946326,0.03940857217469873,0.29745228142396646,linear,True
GW Stay in 28 Days,Calcium,0.04761904761904656,-5.272336282753461,5.367574377991554,0.9853242270939538,linear,True
GW Stay in 28 Days,Magnesium,1.1590909090909096,-4.011908726423222,6.330090544605042,0.6459071706807928,linear,True
GW Stay in 28 Days,Procalcitonin,4.183333333333331,-3.288679152780073,11.655345819446735,0.2573569058907773,linear,True
GW Stay in 28 Days,P/C+Z-A.E,-3.500000000000001,-12.576584091555418,5.576584091555417,0.4315835918585575,linear,True
GW Stay in 28 Days,P/C only.E,-2.6578947368421075,-9.400855861100133,4.085066387415917,0.4215779083823187,linear,True
GW Stay in 28 Days,Z-A only.E,4.499999999999999,-8.066828530572739,17.06682853057274,0.4647181240665956,linear,True
GW Stay in 28 Days,Neither Abx.E,4.605263157894738,-1.9181304404015878,11.128656756191063,0.1568895579067789,linear,False
GW Stay in 28 Days,P/C+Z-A.T,1.922222222222222,-4.311749492999729,8.156193937444174,0.5283030097366769,linear,True
GW Stay in 28 Days,P/C only.T,1.5789473684210529,-5.233464542806633,8.39135927964874,0.6347894662409718,linear,True
GW Stay in 28 Days,Z-A only.T,-3.4444444444444446,-9.541985357597358,2.65309646870847,0.253242211397621,linear,True
GW Stay in 28 Days,Neither Abx.T,4.605263157894738,-1.9181304404015878,11.128656756191063,0.1568895579067789,linear,False
GW Stay in 28 Days,Amoxicillin/Clavulanic Acid,-5.681818181818184,-9.052598114096664,-2.311038249539705,0.0021052771214522675,linear,False
GW Stay in 28 Days,Amikacin,1.585714285714286,-1.0142698303690205,4.185698401797593,0.21855628648821018,linear,True
GW Stay in 28 Days,Chloramphenicol,0.06306306306306345,-2.7708283931369744,2.896954519263101,0.9635259476938057,linear,True
GW Stay in 28 Days,Colistin,1.3333333333333333,-3.7139623843851313,6.380629051051797,0.5885484765884346,linear,True
GW Stay in 28 Days,Ceftriaxone,0.8833333333333337,-1.6550123869890498,3.4216790536557173,0.47723691103484284,linear,True
GW Stay in 28 Days,Doxycycline,1.0510948905109483,-2.5248585506406824,4.6270483316625795,0.5475816868660603,linear,True
GW Stay in 28 Days,Ertapenem,-0.4545454545454567,-4.6934206342333615,3.784329725142448,0.8256885300448112,linear,True
GW Stay in 28 Days,Fosfomycin,-1.75,-6.288292045777712,2.7882920457777116,0.4315835918585577,linear,True
GW Stay in 28 Days,Nitrofurantoin,-1.4704433497536948,-4.358039429971063,1.4171527304636733,0.3016308859216944,linear,True
GW Stay in 28 Days,Gentamicin,1.108333333333333,-1.5705465466403692,3.787213213307035,0.3992860079075438,linear,True
GW Stay in 28 Days,Meropenem,2.9772727272727266,-3.2435288853269775,9.19807433987243,0.33092028467495854,linear,True
GW Stay in 28 Days,Minocycline,-2.438297872340426,-4.960808548698999,0.08421280401814712,0.05743052405989281,linear,False
GW Stay in 28 Days,Cefuroxime,-1.2063492063492078,-4.228670633565211,1.8159722208667954,0.41583593856405426,linear,True
GW Stay in 28 Days,Cefoperazone/Sulbactam,-2.545454545454548,-6.6291099277401475,1.538200836831051,0.20894420969520833,linear,True
GW Stay in 28 Days,Trimethoprim/Sulfamethoxazole,-1.2865497076023376,-4.462446231481289,1.8893468162766145,0.40903001131352096,linear,True
GW Stay in 28 Days,Cefotaxime,-2.545454545454548,-6.6291099277401475,1.538200836831051,0.20894420969520833,linear,True
GW Stay in 28 Days,Ceftazidime,-2.545454545454548,-6.6291099277401475,1.538200836831051,0.20894420969520833,linear,True
GW Stay in 28 Days,Tigecycline,-0.45985401459854064,-4.06143959025385,3.141731561056769,0.7931926191611826,linear,True
GW Stay in 28 Days,Piperacillin/Tazobactam,-2.562043795620437,-5.977178844486278,0.8530912532454034,0.13367296107226714,linear,False
GW Stay in 28 Days,Ceftazidime/Avibactam,-1.655555555555555,-7.905266573088098,4.594155461976988,0.5875212559943486,linear,True
GW Stay in 28 Days,Ceftazidime/Avibactam.T,-1.6166666666666665,-7.018449477134873,3.785116143801541,0.5403821281474472,linear,True
GW Stay in 28 Days,Ceftazidime-Avibactam/Aztreonam.T,-1.4230769230769216,-6.62062295347227,3.774469107318427,0.5751295425926466,linear,True
GW Stay in 28 Days,Ceftazidime-Avibactam/Aztreonam Synergy.T,0.30232558139535004,-4.248973585599622,4.853624748390322,0.8914451254068978,linear,True
GW Stay in 28 Days,Polymyxin/Colistin Inclusion.T,-0.46666666666666656,-5.913928509056035,4.980595175722701,0.8603044486531017,linear,True
GW Stay in 28 Days,Clinical Improvement,3.4780701754385954,-0.14815568830957115,7.104296039186762,0.05922293535580582,linear,False
GW Stay in 28 Days,ICU Stay in 28 Days,-0.3482787340366463,-0.8200074552742319,0.12344998720093936,0.13961934893873448,linear,False
GW Stay in 28 Days,Total Hospital stay in 28 days,0.5670416820361487,0.25365790226894436,0.880425461803353,0.00114368264685783,linear,False
GW Stay in 28 Days,Mortality in ICU,-4.977777777777777,-10.85318820795803,0.8976326524024776,0.09263954620273353,linear,False
GW Stay in 28 Days,Mortality in Hospital,11.818181818181824,0.2712498430824173,23.365113793281232,0.04530165408344353,linear,False
GW Stay in 28 Days,Mortality post 28 Day Discharge,4.499999999999997,-8.066828530572739,17.06682853057273,0.4647181240665957,linear,True
GW Stay in 28 Days,Overall Mortality,-0.7946428571428565,-6.425819176898998,4.836533462613285,0.7720477265777929,linear,True
GW Stay in 28 Days,Relapse post 28 Day Discharge,0.3181818181818179,-12.412673085711614,13.04903672207525,0.959039285430539,linear,True
GW Stay in 28 Days,Other Illness Leading to Hospitalization post 28 Days Discharge,0.3181818181818179,-12.412673085711614,13.04903672207525,0.959039285430539,linear,True
Mortality in ICU,Patient ID,9.785049178041058e-06,-0.029396758417490447,0.02941632851584653,0.9994796361057282,logistic,True
Mortality in ICU,Age,0.010028488435905486,-0.05363888691062197,0.07369586378243294,0.7575335245571033,logistic,True
Mortality in ICU,Male,0.18232346479415062,-1.833993938676906,2.198640868265207,0.8593294884817313,logistic,True
Mortality in ICU,Female,-0.1823118092964847,-2.1986265230786652,1.8340029044856958,0.8593382017754412,logistic,True
Mortality in ICU,Height,0.15748065315218726,-0.12630304128259098,0.44126434758696553,0.2767510909770964,logistic,True
Mortality in ICU,Weight,0.009786750779123613,-0.05785739833237161,0.07743089989061883,0.7767418826126518,logistic,True
Mortality in ICU,NDM,0.4307822315526817,-1.991116453923543,2.8526809170289065,0.7273760557540839,logistic,True
Mortality in ICU,OXA48,-0.04651465411614679,-2.0711649545357536,1.97813564630346,0.9640845604751852,logistic,True
Mortality in ICU,P/C in vitro,1.4469192918570777,-1.5312097248731342,4.425048308587289,0.340972533717832,logistic,True
Mortality in ICU,Z-A invitro,0.6932078819901935,-1.7072349854287565,3.0936507494091434,0.5713904332967829,logistic,True
Mortality in ICU,HTN,-0.9343089633014859,-3.3217362011785148,1.453118274575543,0.4430677620467103,logistic,True
Mortality in ICU,DM,0.8574789730137766,-1.1671601764318416,2.882118122459395,0.40648924281356724,logistic,True
Mortality in ICU,COPD,12.267114079759866,-413.75017485434483,438.2844030138646,0.9549937493893378,logistic,True
Mortality in ICU,Hypothyroidism,-8.967317832352414,-228.53003396712356,210.59539830241872,0.9361988492449268,logistic,True
Mortality in ICU,UTI.CRO,2.0149059895801584,-0.16174426529767283,4.19155624445799,0.06962825636643957,logistic,False
Mortality in ICU,IAI.CRO,-1.1631911155371386,-3.543540483937398,1.2171582528631208,0.3381818267892819,logistic,True
Mortality in ICU,HAP.CRO,-8.967317832352256,-228.53003396710625,210.59539830240175,0.9361988492449229,logistic,True
Mortality in ICU,BSI.CRO,-0.13352210330778538,-2.590459950479819,2.3234157438642478,0.9151744720709686,logistic,True
Mortality in ICU,Other.CRO,-14.389615661771572,-4830.061223238543,4801.281991915001,0.9953271913136051,logistic,True
Mortality in ICU,Hospitalization in past 6 Months,-0.18231180929648397,-2.198626523078664,1.834002904485696,0.8593382017754416,logistic,True
Mortality in ICU,CV Catheter in 6 Months,-8.967317832352402,-228.53003396712216,210.59539830241738,0.9361988492449265,logistic,True
Mortality in ICU,Urinary Catheter in 6 Months,-8.967317832352402,-228.53003396712216,210.59539830241738,0.9361988492449265,logistic,True
Mortality in ICU,Surgery in last 3 Months,-16.47037960551869,-4160.222810710676,4127.282051499639,0.993784249581176,logistic,True
Mortality in ICU,Past CREPA infection,-14.260815332393102,-2462.994815181165,2434.4731845163788,0.9908928714487202,logistic,True
Mortality in ICU,Endoscopy in 1 week,-14.38961566177174,-4830.061223238949,4801.281991915405,0.9953271913136055,logistic,True
Mortality in ICU,Immunosuppressive drugs in 1 week,0.8574789730137762,-1.167160176431842,2.8821181224593944,0.40648924281356746,logistic,True
Mortality in ICU,Inotropes,1.3862950053611196,-0.9918309803055125,3.7644209910277517,0.2532323859394693,logistic,True
Mortality in ICU,Ventilation,2.079449832556642,-0.3210133515256546,4.479913016638939,0.0895344747949934,logistic,False
Mortality in ICU,Overall organ support,13.78921637531053,-1070.6147439946365,1098.1931767452577,0.9801165525509842,logistic,True
Mortality in ICU,Neutropenia,-14.389615661772131,-4830.06122323989,4801.281991916346,0.9953271913136063,logistic,True
Mortality in ICU,Any Viral Infection,1.3609767584222399,-0.7042119274797687,3.4261654443242486,0.19648434193342945,logistic,False
Mortality in ICU,Any Fungal Infection,3.238674268897412,0.5426330291028822,5.934715508691942,0.0185503126280742,logistic,False
Mortality in ICU,Hemat Malignancy,1.6739775175549971,-0.6416306771881948,3.9895857122981893,0.15651843075803945,logistic,False
Mortality in ICU,Solid Organ,-2.0149059062837953,-4.19155727125823,0.1617454586906395,0.06962841028065811,logistic,False
Mortality in ICU,APACHEII,0.1962758904821675,0.0067481751584028415,0.3858036058059322,0.04238206704304963,logistic,False
Mortality in ICU,SOFA,0.38471690295527255,0.03197933946509052,0.7374544664454545,0.03254474100856661,logistic,False
Mortality in ICU,Hb,13.483560122360611,-1646.7473869364558,1673.714507181177,0.9872999367531506,logistic,True
Mortality in ICU,TLC,13.635729179718606,-1119.3637321056995,1146.6351904651365,0.9811809999439333,logistic,True
Mortality in ICU,ANC,13.789216375133673,-1070.6147439948134,1098.1931767450808,0.9801165525512392,logistic,True
Mortality in ICU,Lympho,-1.60944006715011,-3.989780982353624,0.7709008480534043,0.18510248706023824,logistic,False
Mortality in ICU,Platelet,-0.40536770471259076,-2.4190244820840716,1.6082890726588903,0.6931684877400004,logistic,True
Mortality in ICU,Bil,-0.1823118092964847,-2.1986265230786652,1.8340029044856958,0.8593382017754412,logistic,True
Mortality in ICU,SGPT,-16.47037960551854,-4160.222810710367,4127.282051499331,0.9937842495811755,logistic,True
Mortality in ICU,SGOT,-0.40536770471259054,-2.4190244820840716,1.6082890726588905,0.6931684877400006,logistic,True
Mortality in ICU,Albumin,13.514712900998024,-1397.309204721606,1424.3386305236022,0.9850205230648812,logistic,True
Mortality in ICU,Total Protein,0.6932078819901938,-1.7072349854287556,3.0936507494091434,0.5713904332967825,logistic,True
Mortality in ICU,Globulin,-0.5499191622171299,-2.6151262197131104,1.5152878952788504,0.6017432661352453,logistic,True
Mortality in ICU,ALP,0.18232346479415104,-1.833993938676905,2.198640868265207,0.8593294884817311,logistic,True
Mortality in ICU,Creatinine,1.1631512142023113,-1.2172170766009474,3.5435195050055697,0.3382022379098224,logistic,True
Mortality in ICU,Sodium,0.6932078819901935,-1.707234985428757,3.093650749409144,0.571390433296783,logistic,True
Mortality in ICU,Potassium,-14.549324765881385,-2054.3471896232863,2025.2485400915234,0.9888460238431849,logistic,True
Mortality in ICU,Urea,0.012999917070845576,-0.01750043293640376,0.043500267078094915,0.40350402923806206,logistic,True
Mortality in ICU,Calcium,1.1631512142023104,-1.2172170766009482,3.543519505005569,0.33820223790982273,logistic,True
Mortality in ICU,Magnesium,0.4054650191222397,-1.608205560427876,2.4191355986723555,0.6931005699007979,logistic,True
Mortality in ICU,Procalcitonin,-14.260815332393008,-2462.994815181047,2434.473184516261,0.9908928714487198,logistic,True
Mortality in ICU,P/C+Z-A.E,-8.96731783235242,-228.53003396712415,210.5953983024193,0.9361988492449269,logistic,True
Mortality in ICU,P/C only.E,1.6739775175549974,-0.6416306771881946,3.9895857122981893,0.15651843075803945,logistic,False
Mortality in ICU,Z-A only.E,-14.389615661771469,-4830.061223238294,4801.281991914751,0.9953271913136049,logistic,True
Mortality in ICU,Neither Abx.E,-14.131287865718045,-1934.4377515016454,1906.175175770209,0.9884924122581631,logistic,True
Mortality in ICU,P/C+Z-A.T,1.203973050689713,-0.9726752770233398,3.3806213784027657,0.2783124450129568,logistic,True
Mortality in ICU,P/C only.T,-14.131287865718043,-1934.4377515016436,1906.1751757702073,0.9884924122581631,logistic,True
Mortality in ICU,Z-A only.T,-0.13352210330778513,-2.5904599504798185,2.323415743864248,0.9151744720709688,logistic,True
Mortality in ICU,Neither Abx.T,-14.131287865718045,-1934.4377515016454,1906.175175770209,0.9884924122581631,logistic,True
Mortality in ICU,Amoxicillin/Clavulanic Acid,3.833878116036291,-374.9715979911846,382.6393542232572,0.9841736150720157,logistic,True
Mortality in ICU,Amikacin,0.5114857671774199,-0.5295848631488534,1.5525563975036931,0.3355751617096898,logistic,True
Mortality in ICU,Chloramphenicol,0.5940138440751429,-0.4298959321734436,1.6179236203237295,0.2555136570056491,logistic,True
Mortality in ICU,Colistin,1.4522287028694931,-1.3432393937221403,4.247696799461126,0.3085879608567088,logistic,True
Mortality in ICU,Ceftriaxone,0.23105405411359942,-0.6485047090877589,1.1106128173149576,0.6066444981905401,logistic,True
Mortality in ICU,Doxycycline,0.7368541068091646,-0.4757646761338662,1.9494728897521956,0.23366053218347704,logistic,True
Mortality in ICU,Ertapenem,3.8338781159941306,-374.9715978969698,382.6393541289581,0.9841736150682522,logistic,True
Mortality in ICU,Fosfomycin,0.7234619374727155,-0.765602256401842,2.212526131347273,0.3409709024224905,logistic,True
Mortality in ICU,Nitrofurantoin,1.5892783569159739,-0.048774863704492244,3.22733157753644,0.05722296183428253,logistic,False
Mortality in ICU,Gentamicin,7.781959535908706,-1166.711316116859,1182.2752351886766,0.9896386968762441,logistic,True
Mortality in ICU,Meropenem,-7.181743409992549,-614.7690580622653,600.4055712422802,0.9815170838963474,logistic,True
Mortality in ICU,Minocycline,1.0256102162830256,-0.18716346140128493,2.2383838939673364,0.0974206416935333,logistic,False
Mortality in ICU,Cefuroxime,5.484598547703048,-3085.389924116689,3096.3591212120955,0.9972250782142627,logistic,True
Mortality in ICU,Cefoperazone/Sulbactam,3.833878116055449,-374.9715979911654,382.63935422327637,0.9841736150719367,logistic,True
Mortality in ICU,Trimethoprim/Sulfamethoxazole,5.360339424669961,-249.37382419531374,260.09450304465366,0.9671019512408525,logistic,True
Mortality in ICU,Cefotaxime,3.833878116055449,-374.9715979911654,382.63935422327637,0.9841736150719367,logistic,True
Mortality in ICU,Ceftazidime,3.833878116055449,-374.9715979911654,382.63935422327637,0.9841736150719367,logistic,True
Mortality in ICU,Tigecycline,0.4015462673148316,-0.846192250564801,1.649284785194464,0.5282013005383113,logistic,True
Mortality in ICU,Piperacillin/Tazobactam,7.665667996367475,-3731.024769042249,3746.356105034984,0.9967936016063895,logistic,True
Mortality in ICU,Ceftazidime/Avibactam,-0.1335221033077855,-2.590459950479819,2.3234157438642478,0.9151744720709686,logistic,True
Mortality in ICU,Ceftazidime/Avibactam.T,0.9343113870638875,-1.4531063209746653,3.32172909510244,0.4430647586794101,logistic,True
Mortality in ICU,Ceftazidime-Avibactam/Aztreonam.T,0.18232346479415037,-1.8339939386769057,2.1986408682652065,0.8593294884817315,logistic,True
Mortality in ICU,Ceftazidime-Avibactam/Aztreonam Synergy.T,-0.03419486290489565,-1.77457312897488,1.7061834031650889,0.969281639110539,logistic,True
Mortality in ICU,Polymyxin/Colistin Inclusion.T,0.9343113870638867,-1.453106320974665,3.3217290951024387,0.4430647586794104,logistic,True
Mortality in ICU,Clinical Improvement,-1.3302976278889456,-3.1772892602509746,0.5166940044730837,0.1580483050996988,logistic,False
Mortality in ICU,ICU Stay in 28 Days,0.015159760407147768,-0.16611031006754118,0.19642983088183674,0.8697993578743171,logistic,True
Mortality in ICU,GW Stay in 28 Days,-0.2892732370231359,-0.6394204029781865,0.060873928931914734,0.10540003934819082,logistic,False
Mortality in ICU,Total Hospital stay in 28 days,-0.15997850802258165,-0.4010099863416243,0.08105297029646105,0.19330083324861302,logistic,False
Mortality in ICU,Mortality in Hospital,-14.38961566177209,-4830.0612232397925,4801.281991916248,0.9953271913136063,logistic,True
Mortality in ICU,Mortality post 28 Day Discharge,-14.389615661771526,-4830.061223238431,4801.281991914889,0.995327191313605,logistic,True
Mortality in ICU,Overall Mortality,17.232422247579223,-1693.6195904405295,1728.084434935688,0.9842495188154157,logistic,True
Mortality in ICU,Relapse post 28 Day Discharge,-14.389615661771735,-4830.061223238937,4801.281991915393,0.9953271913136055,logistic,True
Mortality in ICU,Other Illness Leading to Hospitalization post 28 Days Discharge,-14.389615661771735,-4830.061223238937,4801.281991915393,0.9953271913136055,logistic,True
Mortality in Hospital,Patient ID,0.4353869011693876,-0.7712917287985277,1.642065531137303,0.47945274511023817,logistic,True
Mortality in Hospital,Age,-0.012031476807808143,-0.13343674884038145,0.10937379522476516,0.8459911807842737,logistic,True
Mortality in Hospital,Male,10.461436177037298,-390.90471368519627,411.82758603927084,0.9592572955597414,logistic,True
Mortality in Hospital,Female,-12.944710789852145,-1402.2007160990488,1376.3112945193443,0.9854295125393994,logistic,True
Mortality in Hospital,Height,0.2740914303424252,-0.32543412679969386,0.8736169874845443,0.3702220897170393,logistic,True
Mortality in Hospital,Weight,-0.03359158729233761,-0.180865200190982,0.1136820256063068,0.6548407600906045,logistic,True
Mortality in Hospital,NDM,8.415392818793578,-206.6870303376819,223.51781597526906,0.9388788068615732,logistic,True
Mortality in Hospital,OXA48,10.464374169862227,-430.4732069919701,451.4019553316946,0.9629005290639675,logistic,True
Mortality in Hospital,P/C in vitro,-12.167515620696099,-2731.0877278173057,2706.7526965759134,0.9930017728750891,logistic,True
Mortality in Hospital,Z-A invitro,-12.231104306811995,-555.7636089240791,531.3014003104552,0.9648206737802907,logistic,True
Mortality in Hospital,HTN,11.893411382318993,-500.2866443788001,524.073467143438,0.9636987133512745,logistic,True
Mortality in Hospital,DM,13.102233213232418,-1128.3682977447281,1154.572764171193,0.9820513354591333,logistic,True
Mortality in Hospital,COPD,-9.106416214837664,-861.8418055361265,843.6289731064512,0.9833010312251357,logistic,True
Mortality in Hospital,Hypothyroidism,-12.167515620692706,-2731.0877278126873,2706.7526965713023,0.9930017728750792,logistic,True
Mortality in Hospital,UTI.CRO,-12.043974942786539,-1331.9797256233726,1307.8917757377997,0.9857313773176073,logistic,True
Mortality in Hospital,IAI.CRO,-12.733515767853318,-1384.156382563688,1358.6893510279815,0.9854808522044485,logistic,True
Mortality in Hospital,HAP.CRO,-12.16751562069782,-2731.08772781965,2706.752696578254,0.9930017728750942,logistic,True
Mortality in Hospital,BSI.CRO,10.289261751825874,-148.18381710888806,168.76234061253982,0.8987381219373607,logistic,True
Mortality in Hospital,Other.CRO,-9.106416214837664,-861.8418055361265,843.6289731064512,0.9833010312251357,logistic,True
Mortality in Hospital,Hospitalization in past 6 Months,-12.944710789851271,-1402.2007160984394,1376.3112945187368,0.9854295125393939,logistic,True
Mortality in Hospital,CV Catheter in 6 Months,-12.16751562069786,-2731.087727819703,2706.752696578307,0.9930017728750943,logistic,True
Mortality in Hospital,Urinary Catheter in 6 Months,-12.16751562069786,-2731.087727819703,2706.752696578307,0.9930017728750943,logistic,True
Mortality in Hospital,Surgery in last 3 Months,-12.227925541617362,-1309.4575975552896,1285.0017464720547,0.9852599363525921,logistic,True
Mortality in Hospital,Past CREPA infection,-12.179391897027768,-2188.8941572481567,2164.535373454101,0.9912500911440236,logistic,True
Mortality in Hospital,Endoscopy in 1 week,-9.106416214862655,-861.8418055467977,843.6289731170724,0.9833010312252983,logistic,True
Mortality in Hospital,Immunosuppressive drugs in 1 week,-12.944710789851323,-1402.2007160984754,1376.3112945187727,0.9854295125393943,logistic,True
Mortality in Hospital,Inotropes,10.461436177043751,-390.9047136870584,411.82758604114593,0.9592572955599058,logistic,True
Mortality in Hospital,Ventilation,-12.944710789850905,-1402.2007160981848,1376.311294518483,0.9854295125393917,logistic,True
Mortality in Hospital,Overall organ support,12.385390748676436,-1391.0895418902749,1415.8603233876277,0.9862002394244244,logistic,True
Mortality in Hospital,Neutropenia,-9.106416214848572,-861.8418055407831,843.628973111086,0.9833010312252066,logistic,True
Mortality in Hospital,Any Viral Infection,-12.455387221098254,-1325.9715617069899,1301.0607872647931,0.9851719186535546,logistic,True
Mortality in Hospital,Any Fungal Infection,-12.014953248336878,-1701.9764552616316,1677.9465487649577,0.9888821868214828,logistic,True
Mortality in Hospital,Hemat Malignancy,-12.01495324834057,-1701.9764552647541,1677.946548768073,0.9888821868214999,logistic,True
Mortality in Hospital,Solid Organ,8.415392818792661,-206.68703033682,223.51781597440532,0.9388788068613352,logistic,True
Mortality in Hospital,APACHEII,0.19686304929639428,-0.16849783816177097,0.5622239367545595,0.2909389684360447,logistic,True
Mortality in Hospital,SOFA,0.3410764919133358,-0.2645289761158157,0.9466819599424873,0.26965817958338567,logistic,True
Mortality in Hospital,Hb,9.911477062618953,-690.4605320982743,710.2834862235121,0.9778720048072543,logistic,True
Mortality in Hospital,TLC,8.41539281879541,-206.6870303379676,223.51781597555845,0.9388788068616415,logistic,True
Mortality in Hospital,ANC,12.38539074869832,-1391.0895420100974,1415.8603235074938,0.9862002394255782,logistic,True
Mortality in Hospital,Lympho,-9.843064320869543,-278.7899739138537,259.10384527211465,0.9428153319195617,logistic,True
Mortality in Hospital,Platelet,12.839640134341725,-1085.4269105709288,1111.1061908396125,0.9817191979676084,logistic,True
Mortality in Hospital,Bil,13.102233213263705,-1128.368297744697,1154.5727641712242,0.9820513354590905,logistic,True
Mortality in Hospital,SGPT,-12.227925541620232,-1309.4575975571554,1285.001746473915,0.9852599363526099,logistic,True
Mortality in Hospital,SGOT,-9.843064320869543,-278.78997391385514,259.1038452721161,0.942815331919562,logistic,True
Mortality in Hospital,Albumin,11.769347926456623,-1482.9669792926634,1506.5056751455768,0.9876871461016221,logistic,True
Mortality in Hospital,Total Protein,12.385390748668275,-1391.0895419701794,1415.8603234675159,0.986200239425219,logistic,True
Mortality in Hospital,Globulin,-12.231104306812224,-555.7636089241415,531.3014003105171,0.9648206737802941,logistic,True
Mortality in Hospital,ALP,10.46143617704001,-390.90471368706216,411.8275860411422,0.9592572955599203,logistic,True
Mortality in Hospital,Creatinine,10.464374169851727,-430.4732069895029,451.4019553292064,0.9629005290637964,logistic,True
Mortality in Hospital,Sodium,12.385390748675315,-1391.089541890276,1415.8603233876265,0.9862002394244256,logistic,True
Mortality in Hospital,Potassium,10.289261751826196,-148.18381710883023,168.7623406124826,0.898738121937321,logistic,True
Mortality in Hospital,Urea,-0.2765571732999219,-0.7934794379053047,0.2403650913054609,0.2943645604941566,logistic,True
Mortality in Hospital,Calcium,10.464374169859001,-430.4732069894956,451.40195532921365,0.9629005290637705,logistic,True
Mortality in Hospital,Magnesium,-12.639604639055854,-1006.5494933904442,981.2702841123325,0.9801148136808071,logistic,True
Mortality in Hospital,Procalcitonin,-12.179391897024034,-2188.8941572440867,2164.535373450039,0.99125009114401,logistic,True
Mortality in Hospital,P/C+Z-A.E,-12.167515620697865,-2731.0877278197104,2706.7526965783145,0.9930017728750943,logistic,True
Mortality in Hospital,P/C only.E,-12.01495324833682,-1701.9764552615818,1677.9465487649084,0.9888821868214824,logistic,True
Mortality in Hospital,Z-A only.E,-9.106416214839932,-861.8418055370951,843.6289731074153,0.9833010312251504,logistic,True
Mortality in Hospital,Neither Abx.E,-12.014953248343025,-1701.9764552668341,1677.946548770148,0.9888821868215112,logistic,True
Mortality in Hospital,P/C+Z-A.T,10.289261751826102,-148.1838171087728,168.76234061242502,0.8987381219372854,logistic,True
Mortality in Hospital,P/C only.T,-12.014953248340543,-1701.9764552647332,1677.946548768052,0.9888821868214998,logistic,True
Mortality in Hospital,Z-A only.T,-9.2956287342194,-386.4945021653529,367.9032446969141,0.9614763264429297,logistic,True
Mortality in Hospital,Neither Abx.T,-12.014953248343025,-1701.9764552668341,1677.946548770148,0.9888821868215112,logistic,True
Mortality in Hospital,Amoxicillin/Clavulanic Acid,3.9084804378012477,-1049.0202904868058,1056.8372513624083,0.9941951196696,logistic,True
Mortality in Hospital,Amikacin,-11.729775623181913,-2404.2993953908594,2380.8398441444956,0.9923333331761796,logistic,True
Mortality in Hospital,Chloramphenicol,-0.2407481065500305,-2.682619740009931,2.20112352690987,0.8467741104252396,logistic,True
Mortality in Hospital,Colistin,-1.509927091715885e-06,-3.923634755243311,3.9236317353891272,0.9999993981950934,logistic,True
Mortality in Hospital,Ceftriaxone,5.032536985145617,-387.19912074226795,397.2641947125592,0.9799374231932743,logistic,True
Mortality in Hospital,Doxycycline,-4.838267079242698,-553.2194152086923,543.542881050207,0.9862033441724395,logistic,True
Mortality in Hospital,Ertapenem,3.908480437320534,-1049.0202882943597,1056.8372491690009,0.9941951196582243,logistic,True
Mortality in Hospital,Fosfomycin,-5.975845594940133,-1226.3543665211077,1214.4026753312273,0.9923425124800018,logistic,True
Mortality in Hospital,Nitrofurantoin,-12.12601050667078,-1696.257803456579,1672.0057824432374,0.9887405907878086,logistic,True
Mortality in Hospital,Gentamicin,4.074425059521877,-72.18459603584877,80.33344615489251,0.9165992226512442,logistic,True
Mortality in Hospital,Meropenem,4.997479595123326,-659.8491373023904,669.844096492637,0.9882455582354803,logistic,True
Mortality in Hospital,Minocycline,-1.1548938292154929,-4.214283570276829,1.9044959118458438,0.4593789540149259,logistic,True
Mortality in Hospital,Cefuroxime,3.8472126717081254,-658.9019313028455,666.5963566462617,0.9909223005031665,logistic,True
Mortality in Hospital,Cefoperazone/Sulbactam,3.9084804372669852,-1049.0202903186537,1056.8372511931875,0.9941951196694634,logistic,True
Mortality in Hospital,Trimethoprim/Sulfamethoxazole,6.135749857722332,-1387.8596975082048,1400.1311972236497,0.9931168211195368,logistic,True
Mortality in Hospital,Cefotaxime,3.9084804372669852,-1049.0202903186537,1056.8372511931875,0.9941951196694634,logistic,True
Mortality in Hospital,Ceftazidime,3.9084804372669852,-1049.0202903186537,1056.8372511931875,0.9941951196694634,logistic,True
Mortality in Hospital,Tigecycline,-0.6213564889185614,-4.634226753054775,3.3915137752176525,0.7615220984583404,logistic,True
Mortality in Hospital,Piperacillin/Tazobactam,5.772450977157238,-1397.613678767485,1409.1585807217994,0.9935676965917395,logistic,True
Mortality in Hospital,Ceftazidime/Avibactam,-9.295628734222662,-386.4945021659699,367.9032446975246,0.9614763264429789,logistic,True
Mortality in Hospital,Ceftazidime/Avibactam.T,8.406216576460947,-165.0530902406355,181.86552339355737,0.9243274305734213,logistic,True
Mortality in Hospital,Ceftazidime-Avibactam/Aztreonam.T,10.461436177041824,-390.90471368706034,411.827586041144,0.9592572955599132,logistic,True
Mortality in Hospital,Ceftazidime-Avibactam/Aztreonam Synergy.T,-12.706285984856347,-987.5826716569588,962.1700996872462,0.9796197271292808,logistic,True
Mortality in Hospital,Polymyxin/Colistin Inclusion.T,8.40621657646094,-165.0530902406355,181.86552339355737,0.9243274305734213,logistic,True
Mortality in Hospital,Clinical Improvement,0.5153075208039655,-2.4917877581991883,3.5224027998071197,0.7369711351011242,logistic,True
Mortality in Hospital,ICU Stay in 28 Days,-0.06734812637920523,-0.6038774707651897,0.4691812180067792,0.8056624901585898,logistic,True
Mortality in Hospital,GW Stay in 28 Days,0.27382074258418776,-0.09100876807917652,0.638650253247552,0.14128030684055076,logistic,False
Mortality in Hospital,Total Hospital stay in 28 days,0.23496920755919656,-0.13712023558790595,0.607058650706299,0.2158312264617368,logistic,True
Mortality in Hospital,Mortality in ICU,-9.295628734219404,-386.4945021653536,367.9032446969148,0.9614763264429298,logistic,True
Mortality in Hospital,Mortality post 28 Day Discharge,-9.106416214862655,-861.8418055467977,843.6289731170724,0.9833010312252983,logistic,True
Mortality in Hospital,Overall Mortality,9.916753057841543,-160.9698584548986,180.80336457058166,0.9094446652899976,logistic,True
Mortality in Hospital,Relapse post 28 Day Discharge,-9.106416214862646,-861.841805546794,843.6289731170688,0.9833010312252982,logistic,True
Mortality in Hospital,Other Illness Leading to Hospitalization post 28 Days Discharge,-9.106416214862646,-861.841805546794,843.6289731170688,0.9833010312252982,logistic,True
Mortality post 28 Day Discharge,Patient ID,-27.615675813529897,-568915670.0533196,568915614.821968,0.9999999240905311,logistic,True
Mortality post 28 Day Discharge,Age,-0.11741670146205514,-0.2947923305258571,0.059958927601746856,0.19448319124422864,logistic,False
Mortality post 28 Day Discharge,Male,-12.832039548984923,-1010.1984862727176,984.5344071747478,0.9798820806201718,logistic,True
Mortality post 28 Day Discharge,Female,13.102233213209834,-1128.3682977447509,1154.5727641711703,0.9820513354591642,logistic,True
Mortality post 28 Day Discharge,Height,-0.03422270308470586,-0.48031047005754945,0.4118650638881377,0.8804779293688374,logistic,True
Mortality post 28 Day Discharge,Weight,0.021750659468122643,-0.11529847306202544,0.1587997919982707,0.7557549755963033,logistic,True
Mortality post 28 Day Discharge,NDM,8.41539281879269,-206.68703033710753,223.51781597469292,0.9388788068614166,logistic,True
Mortality post 28 Day Discharge,OXA48,10.464374169862403,-430.4732069919699,451.40195533169475,0.9629005290639668,logistic,True
Mortality post 28 Day Discharge,P/C in vitro,-12.167515620692125,-2731.0877278118946,2706.7526965705106,0.9930017728750775,logistic,True
Mortality post 28 Day Discharge,Z-A invitro,-12.231104306812181,-555.7636089241306,531.3014003105062,0.9648206737802935,logistic,True
Mortality post 28 Day Discharge,HTN,-12.455387221097116,-1325.9715617062407,1301.0607872640462,0.9851719186535476,logistic,True
Mortality post 28 Day Discharge,DM,-12.944710789851166,-1402.2007160983676,1376.3112945186654,0.9854295125393933,logistic,True
Mortality post 28 Day Discharge,COPD,-9.10641621485398,-861.8418055430916,843.6289731133836,0.9833010312252418,logistic,True
Mortality post 28 Day Discharge,Hypothyroidism,-12.167515620691912,-2731.0877278116072,2706.752696570223,0.9930017728750768,logistic,True
Mortality post 28 Day Discharge,UTI.CRO,-12.0439749427863,-1331.979725623214,1307.8917757376416,0.9857313773176059,logistic,True
Mortality post 28 Day Discharge,IAI.CRO,11.893716000652391,-554.864412085386,578.6518440866907,0.9671915645556781,logistic,True
Mortality post 28 Day Discharge,HAP.CRO,-12.167515620691674,-2731.087727811283,2706.7526965699,0.9930017728750762,logistic,True
Mortality post 28 Day Discharge,BSI.CRO,-9.295628734217,-386.49450216489896,367.9032446964649,0.9614763264428936,logistic,True
Mortality post 28 Day Discharge,Other.CRO,-9.106416214850277,-861.8418055415005,843.6289731118001,0.9833010312252175,logistic,True
Mortality post 28 Day Discharge,Hospitalization in past 6 Months,-12.944710789852707,-1402.2007160994392,1376.3112945197338,0.9854295125394028,logistic,True
Mortality post 28 Day Discharge,CV Catheter in 6 Months,-12.167515620691654,-2731.0877278112566,2706.7526965698735,0.9930017728750761,logistic,True
Mortality post 28 Day Discharge,Urinary Catheter in 6 Months,-12.167515620691654,-2731.0877278112566,2706.7526965698735,0.9930017728750761,logistic,True
Mortality post 28 Day Discharge,Surgery in last 3 Months,-12.227925541618381,-1309.457597555952,1285.0017464727152,0.9852599363525985,logistic,True
Mortality post 28 Day Discharge,Past CREPA infection,-12.179391897028514,-2188.8941572489684,2164.5353734549117,0.9912500911440264,logistic,True
Mortality post 28 Day Discharge,Endoscopy in 1 week,-9.106416214838463,-861.8418055364642,843.6289731067874,0.9833010312251408,logistic,True
Mortality post 28 Day Discharge,Immunosuppressive drugs in 1 week,-12.94471078985134,-1402.200716098489,1376.3112945187863,0.9854295125393944,logistic,True
Mortality post 28 Day Discharge,Inotropes,-12.832039548985737,-1010.1984862731241,984.5344071751525,0.9798820806201787,logistic,True
Mortality post 28 Day Discharge,Ventilation,-12.944710789849333,-1402.2007160970916,1376.311294517393,0.985429512539382,logistic,True
Mortality post 28 Day Discharge,Overall organ support,-12.231104306812188,-555.7636089241324,531.301400310508,0.9648206737802936,logistic,True
Mortality post 28 Day Discharge,Neutropenia,-9.106416214850277,-861.8418055415005,843.6289731118001,0.9833010312252175,logistic,True
Mortality post 28 Day Discharge,Any Viral Infection,-12.455387221098217,-1325.971561706965,1301.0607872647688,0.9851719186535544,logistic,True
Mortality post 28 Day Discharge,Any Fungal Infection,-12.014953248344286,-1701.9764552679007,1677.9465487712123,0.9888821868215171,logistic,True
Mortality post 28 Day Discharge,Hemat Malignancy,-12.014953248342142,-1701.976455266087,1677.9465487694026,0.9888821868215071,logistic,True
Mortality post 28 Day Discharge,Solid Organ,8.415392818792064,-206.68703033682053,223.51781597440467,0.9388788068613395,logistic,True
Mortality post 28 Day Discharge,APACHEII,-0.8643026064230439,-2.769074137163383,1.0404689243172953,0.37381686377228285,logistic,True
Mortality post 28 Day Discharge,SOFA,-0.20071051470682083,-0.9495344825238137,0.5481134531101721,0.5993485290242231,logistic,True
Mortality post 28 Day Discharge,Hb,9.911477062601719,-690.4605320833982,710.2834862086017,0.9778720048068225,logistic,True
Mortality post 28 Day Discharge,TLC,8.415392818793984,-206.68703033768145,223.5178159752694,0.9388788068615703,logistic,True
Mortality post 28 Day Discharge,ANC,12.385390748650746,-1391.0895419701967,1415.8603234674981,0.9862002394252385,logistic,True
Mortality post 28 Day Discharge,Lympho,12.839640134357035,-1085.4269105709136,1111.1061908396277,0.9817191979675866,logistic,True
Mortality post 28 Day Discharge,Platelet,12.839640134341675,-1085.4269105326434,1111.1061908013266,0.9817191979669713,logistic,True
Mortality post 28 Day Discharge,Bil,13.102233213252873,-1128.3682977447077,1154.5727641712135,0.9820513354591053,logistic,True
Mortality post 28 Day Discharge,SGPT,9.916753057838841,-160.96985845446872,180.80336457014639,0.909444665289794,logistic,True
Mortality post 28 Day Discharge,SGOT,12.839640134340351,-1085.4269105709304,1111.106190839611,0.9817191979676103,logistic,True
Mortality post 28 Day Discharge,Albumin,11.769347926538613,-1482.9669794856165,1506.5056753386937,0.9876871461031262,logistic,True
Mortality post 28 Day Discharge,Total Protein,-12.231104306812782,-555.7636089242943,531.3014003106688,0.9648206737803023,logistic,True
Mortality post 28 Day Discharge,Globulin,12.385390748703248,-1391.0895419701442,1415.8603234675506,0.98620023942518,logistic,True
Mortality post 28 Day Discharge,ALP,10.461436177047545,-390.90471368518604,411.8275860392811,0.9592572955597015,logistic,True
Mortality post 28 Day Discharge,Creatinine,-13.319995726062597,-1169.8828096233312,1143.242818171206,0.9819911436487453,logistic,True
Mortality post 28 Day Discharge,Sodium,12.385390748743045,-1391.0895418902082,1415.8603233876943,0.9862002394243501,logistic,True
Mortality post 28 Day Discharge,Potassium,-9.295628734219466,-386.49450216536536,367.90324469692644,0.9614763264429307,logistic,True
Mortality post 28 Day Discharge,Urea,-0.03666070320664132,-0.14486465255376513,0.07154324614048248,0.5066534281741975,logistic,True
Mortality post 28 Day Discharge,Calcium,10.464374169861554,-430.47320699197076,451.4019553316939,0.9629005290639698,logistic,True
Mortality post 28 Day Discharge,Magnesium,-12.639604639054658,-1006.5494933898482,981.2702841117388,0.9801148136807971,logistic,True
Mortality post 28 Day Discharge,Procalcitonin,-12.179391897028266,-2188.894157248699,2164.535373454642,0.9912500911440255,logistic,True
Mortality post 28 Day Discharge,P/C+Z-A.E,-12.167515620691898,-2731.0877278115877,2706.7526965702036,0.9930017728750768,logistic,True
Mortality post 28 Day Discharge,P/C only.E,-12.014953248346938,-1701.976455270146,1677.9465487734522,0.9888821868215294,logistic,True
Mortality post 28 Day Discharge,Z-A only.E,-9.106416214868851,-861.8418055494312,843.6289731196935,0.9833010312253384,logistic,True
Mortality post 28 Day Discharge,Neither Abx.E,-12.01495324834526,-1701.9764552687245,1677.9465487720338,0.9888821868215216,logistic,True
Mortality post 28 Day Discharge,P/C+Z-A.T,-9.29562873422058,-386.4945021655772,367.903244697136,0.9614763264429476,logistic,True
Mortality post 28 Day Discharge,P/C only.T,-12.014953248342124,-1701.976455266072,1677.9465487693876,0.9888821868215071,logistic,True
Mortality post 28 Day Discharge,Z-A only.T,10.289261751826443,-148.1838171088875,168.76234061254038,0.8987381219373551,logistic,True
Mortality post 28 Day Discharge,Neither Abx.T,-12.01495324834526,-1701.9764552687245,1677.9465487720338,0.9888821868215216,logistic,True
Mortality post 28 Day Discharge,Amoxicillin/Clavulanic Acid,3.908480437576562,-1049.0202896435972,1056.8372505187504,0.9941951196652837,logistic,True
Mortality post 28 Day Discharge,Amikacin,12.100366809312519,-2339.0839955527163,2363.2847291713415,0.9919519134355216,logistic,True
Mortality post 28 Day Discharge,Chloramphenicol,8.129521844911995,-1478.8172897457637,1495.0763334355877,0.9914503288676557,logistic,True
Mortality post 28 Day Discharge,Colistin,-1.5099270916569857e-06,-3.92363475524331,3.9236317353891264,0.9999993981950934,logistic,True
Mortality post 28 Day Discharge,Ceftriaxone,-3.983985880577385,-651.5046635713132,643.5366918101585,0.990378522340999,logistic,True
Mortality post 28 Day Discharge,Doxycycline,1.4943303346922099,-0.3057828519107322,3.294443521295152,0.10373125978458797,logistic,False
Mortality post 28 Day Discharge,Ertapenem,3.9084804370385258,-1049.0202889693885,1056.8372498434658,0.994195119662363,logistic,True
Mortality post 28 Day Discharge,Fosfomycin,-5.975845594551848,-1226.3543660479584,1214.4026748588547,0.992342512477533,logistic,True
Mortality post 28 Day Discharge,Nitrofurantoin,-12.126010506669582,-1696.2578034555668,1672.0057824422274,0.988740590787803,logistic,True
Mortality post 28 Day Discharge,Gentamicin,4.074425059521278,-72.18459603552897,80.33344615457152,0.9165992226509072,logistic,True
Mortality post 28 Day Discharge,Meropenem,4.9974795949030275,-659.8491371327449,669.8440963225509,0.9882455582329954,logistic,True
Mortality post 28 Day Discharge,Minocycline,0.30340166366617094,-1.8176272887892009,2.4244306161215428,0.7791996381092838,logistic,True
Mortality post 28 Day Discharge,Cefuroxime,3.8472126715910484,-658.9019307981706,666.5963561413527,0.990922300496529,logistic,True
Mortality post 28 Day Discharge,Cefoperazone/Sulbactam,3.908480437326933,-1049.0202899812207,1056.8372508558746,0.9941951196675145,logistic,True
Mortality post 28 Day Discharge,Trimethoprim/Sulfamethoxazole,6.135749861879034,-1387.8596994612587,1400.1311991850168,0.9931168211245378,logistic,True
Mortality post 28 Day Discharge,Cefotaxime,3.908480437326933,-1049.0202899812207,1056.8372508558746,0.9941951196675145,logistic,True
Mortality post 28 Day Discharge,Ceftazidime,3.908480437326933,-1049.0202899812207,1056.8372508558746,0.9941951196675145,logistic,True
Mortality post 28 Day Discharge,Tigecycline,7.962341642383116,-904.8231582955095,920.7478415802757,0.9863592242116654,logistic,True
Mortality post 28 Day Discharge,Piperacillin/Tazobactam,-1.4943282596803937,-3.2944340957730693,0.30577757641228165,0.1037303286322406,logistic,False
Mortality post 28 Day Discharge,Ceftazidime/Avibactam,-9.295628734219049,-386.4945021652865,367.9032446968484,0.9614763264429245,logistic,True
Mortality post 28 Day Discharge,Ceftazidime/Avibactam.T,8.406216576460515,-165.05309024056052,181.86552339348154,0.9243274305733923,logistic,True
Mortality post 28 Day Discharge,Ceftazidime-Avibactam/Aztreonam.T,10.46143617704457,-390.904713685189,411.8275860392781,0.9592572955597131,logistic,True
Mortality post 28 Day Discharge,Ceftazidime-Avibactam/Aztreonam Synergy.T,-12.706285984854965,-987.5826716562839,962.170099686574,0.9796197271292689,logistic,True
Mortality post 28 Day Discharge,Polymyxin/Colistin Inclusion.T,-13.458632349240249,-1133.6516083552685,1106.7343436567878,0.9812130577057198,logistic,True
Mortality post 28 Day Discharge,Clinical Improvement,0.5153075208039657,-2.4917877581991883,3.5224027998071197,0.7369711351011241,logistic,True
Mortality post 28 Day Discharge,ICU Stay in 28 Days,-0.33752250739654777,-1.2224057884884298,0.5473607736953342,0.45470608938135615,logistic,True
Mortality post 28 Day Discharge,GW Stay in 28 Days,0.10576613083533601,-0.17771041064663087,0.3892426723173029,0.46461443031143623,logistic,True
Mortality post 28 Day Discharge,Total Hospital stay in 28 days,0.025104754603838434,-0.27107357030444157,0.32128307951211843,0.8680538226038845,logistic,True
Mortality post 28 Day Discharge,Mortality in ICU,-9.295628734219067,-386.4945021652899,367.90324469685174,0.9614763264429247,logistic,True
Mortality post 28 Day Discharge,Mortality in Hospital,-9.106416214862335,-861.8418055466497,843.6289731169251,0.983301031225296,logistic,True
Mortality post 28 Day Discharge,Overall Mortality,9.916753057839006,-160.96985845468478,180.8033645703628,0.9094446652899065,logistic,True
Mortality post 28 Day Discharge,Relapse post 28 Day Discharge,-9.106416214838465,-861.8418055364651,843.6289731067883,0.9833010312251409,logistic,True
Mortality post 28 Day Discharge,Other Illness Leading to Hospitalization post 28 Days Discharge,-9.106416214838465,-861.8418055364651,843.6289731067883,0.9833010312251409,logistic,True
Overall Mortality,Patient ID,-0.00013368606714387802,-0.026491278451279566,0.02622390631699181,0.9920683889478733,logistic,True
Overall Mortality,Age,-0.01538510463432692,-0.0708235552336969,0.04005334596504306,0.5864944284525114,logistic,True
Overall Mortality,Male,0.036373494211032184,-1.7570742847728824,1.8298212731949466,0.9682919101695222,logistic,True
Overall Mortality,Female,-0.036359104209712445,-1.8298059593783205,1.7570877509588956,0.9683044315340733,logistic,True
Overall Mortality,Height,0.16798628941648414,-0.09211559323159851,0.4280881720645668,0.20557077031236248,logistic,True
Overall Mortality,Weight,0.0059333853417078055,-0.05467837397828784,0.06654514466170346,0.8478486470521054,logistic,True
Overall Mortality,NDM,1.003300296814193,-1.3629641623566653,3.3695647559850515,0.4059577099829882,logistic,True
Overall Mortality,OXA48,0.664975844616968,-1.249345559548621,2.5792972487825567,0.49597864702806993,logistic,True
Overall Mortality,P/C in vitro,0.9163115779096963,-2.01272448572731,3.8453476415467027,0.5397773360503245,logistic,True
Overall Mortality,Z-A invitro,-0.8109917648244023,-2.687504284725291,1.0655207550764865,0.39696288032057103,logistic,True
Overall Mortality,HTN,-0.40547640260597967,-2.3324971391212532,1.521544333909294,0.6800402567836155,logistic,True
Overall Mortality,DM,0.7985085591004901,-1.0084875848136379,2.605504703014618,0.3864326982195062,logistic,True
Overall Mortality,COPD,15.012604607230083,-2168.75465978168,2198.77986899614,0.9892495979445077,logistic,True
Overall Mortality,Hypothyroidism,-9.100256039944716,-194.61808044267872,176.41756836278927,0.9234072833921507,logistic,True
Overall Mortality,UTI.CRO,1.1786645847889279,-0.7750056896973807,3.1323348592752365,0.23702258186796554,logistic,True
Overall Mortality,IAI.CRO,-0.6649914752123716,-2.579310557525199,1.2493276071004558,0.49596799718733775,logistic,True
Overall Mortality,HAP.CRO,-9.100256039944595,-194.6180804426674,176.41756836277824,0.9234072833921471,logistic,True
Overall Mortality,BSI.CRO,0.5500493354251192,-1.5151377866143685,2.615236457464607,0.6016537401676169,logistic,True
Overall Mortality,Other.CRO,-14.733343676458812,-4554.630985702015,4525.164298349098,0.9949249481652248,logistic,True
Overall Mortality,Hospitalization in past 6 Months,-0.9162954214901473,-2.8266276872642306,0.9940368442839358,0.347165554052994,logistic,True
Overall Mortality,CV Catheter in 6 Months,-9.100256039944602,-194.61808044266806,176.41756836277884,0.9234072833921473,logistic,True
Overall Mortality,Urinary Catheter in 6 Months,-9.100256039944602,-194.61808044266806,176.41756836277884,0.9234072833921473,logistic,True
Overall Mortality,Surgery in last 3 Months,-15.087785825714409,-1601.9542352596984,1571.7786636082694,0.9851321507384606,logistic,True
Overall Mortality,Past CREPA infection,-9.004863510920458,-148.1697769605488,130.1600499387079,0.8990810808691541,logistic,True
Overall Mortality,Endoscopy in 1 week,-14.733343676459137,-4554.630985702753,4525.164298349834,0.9949249481652255,logistic,True
Overall Mortality,Immunosuppressive drugs in 1 week,-0.036359104209711696,-1.8298059593783198,1.7570877509588962,0.968304431534074,logistic,True
Overall Mortality,Inotropes,0.9163429062543472,-0.9939861458755949,2.8266719583842894,0.3471397561024294,logistic,True
Overall Mortality,Ventilation,0.7985085591004905,-1.0084875848136376,2.6055047030146183,0.386432698219506,logistic,True
Overall Mortality,Overall organ support,1.2809317206181794,-1.0655719067967355,3.627435348033094,0.28465361666682876,logistic,True
Overall Mortality,Neutropenia,-14.733343676458283,-4554.630985700814,4525.164298347897,0.9949249481652236,logistic,True
Overall Mortality,Any Viral Infection,0.5007808935768968,-1.3318015982597586,2.333363385413552,0.592242070197026,logistic,True
Overall Mortality,Any Fungal Infection,2.4203682391412182,-0.09726983403951106,4.9380063123219475,0.05953250765647714,logistic,False
Overall Mortality,Hemat Malignancy,1.0296262417390536,-1.1803817754936397,3.239634258971747,0.3611728103321683,logistic,True
Overall Mortality,Solid Organ,-1.17868269635238,-3.132350016007658,0.7749846233028983,0.23701466704790197,logistic,True
Overall Mortality,APACHEII,0.13963256654692519,-0.007157145382497232,0.2864222784763476,0.062265493069658076,logistic,False
Overall Mortality,SOFA,0.3604146033087869,0.052830446659237085,0.6679987599583367,0.02164125192075495,logistic,False
Overall Mortality,Hb,16.69690657708677,-6496.505064284601,6529.8988774387735,0.9959910762429929,logistic,True
Overall Mortality,TLC,14.003422692646117,-1036.5620625569404,1064.5689079422327,0.9791574994546389,logistic,True
Overall Mortality,ANC,16.39771200109854,-3038.4230377586923,3071.2184617608896,0.9916058318726683,logistic,True
Overall Mortality,Lympho,-1.1676040728939456,-3.081923114745739,0.7467149689578476,0.2319134568063589,logistic,True
Overall Mortality,Platelet,0.5390001501345283,-1.2544473153127524,2.332447615581809,0.5558312292968004,logistic,True
Overall Mortality,Bil,0.7985085591004905,-1.0084875848136376,2.6055047030146183,0.386432698219506,logistic,True
Overall Mortality,SGPT,-1.2809301075340593,-3.627425636589689,1.0655654215215706,0.2846525609534414,logistic,True
Overall Mortality,SGOT,-0.2874598496256457,-2.07665247543465,1.5017327761833588,0.7528400453587938,logistic,True
Overall Mortality,Albumin,16.493385862362747,-4878.454173998537,4911.440945723262,0.9947307746617445,logistic,True
Overall Mortality,Total Protein,0.12785837658542162,-1.823175183575857,2.0788919367467003,0.8977979132387125,logistic,True
Overall Mortality,Globulin,-0.8109917648244014,-2.6875042847252892,1.0655207550764865,0.39696288032057125,logistic,True
Overall Mortality,ALP,0.9163429062543467,-0.9939861458755959,2.8266719583842894,0.34713975610242986,logistic,True
Overall Mortality,Creatinine,0.6649758446169676,-1.2493455595486198,2.579297248782555,0.49597864702806993,logistic,True
Overall Mortality,Sodium,1.2809317206181796,-1.0655719067967366,3.627435348033096,0.284653616666829,logistic,True
Overall Mortality,Potassium,-0.6931761677699233,-3.0936305730445977,1.7072782375047513,0.5714098856892724,logistic,True
Overall Mortality,Urea,-0.0014523001064881292,-0.030167970084687773,0.027263369871711518,0.9210386047338393,logistic,True
Overall Mortality,Calcium,1.7917590265818293,-0.5410586504375063,4.124576703601165,0.13222573761497755,logistic,False
Overall Mortality,Magnesium,-0.5390096634357584,-2.3324563644703193,1.2544370375988023,0.555824086829493,logistic,True
Overall Mortality,Procalcitonin,-9.004863510920352,-148.16977696054133,130.1600499387006,0.89908108086915,logistic,True
Overall Mortality,P/C+Z-A.E,-9.10025603994459,-194.61808044266692,176.41756836277776,0.923407283392147,logistic,True
Overall Mortality,P/C only.E,1.0296262417390534,-1.1803817754936399,3.239634258971747,0.3611728103321685,logistic,True
Overall Mortality,Z-A only.E,-14.733343676458812,-4554.630985702015,4525.164298349098,0.9949249481652248,logistic,True
Overall Mortality,Neither Abx.E,-16.76836664209051,-5633.208689398676,5599.671956114495,0.9953310923189895,logistic,True
Overall Mortality,P/C+Z-A.T,1.6582737925173834,-0.44790709331854184,3.7644546783533084,0.12279393917319585,logistic,False
Overall Mortality,P/C only.T,-16.768366642091067,-5633.208689400243,5599.671956116062,0.9953310923189906,logistic,True
Overall Mortality,Z-A only.T,0.5500493354251194,-1.5151377866143685,2.615236457464607,0.6016537401676169,logistic,True
Overall Mortality,Neither Abx.T,-16.76836664209051,-5633.208689398676,5599.671956114495,0.9953310923189895,logistic,True
Overall Mortality,Amoxicillin/Clavulanic Acid,2.6547718038553807,-48.64677265137835,53.956316259089114,0.919213122982742,logistic,True
Overall Mortality,Amikacin,0.4896089349574122,-0.4422997897567805,1.421517659671605,0.3031360088398868,logistic,True
Overall Mortality,Chloramphenicol,0.9279442994967201,-0.12640417744831278,1.9822927764417528,0.08452981696762267,logistic,False
Overall Mortality,Colistin,1.068055018513525,-1.3851961941801914,3.521306231207241,0.3934951951239962,logistic,True
Overall Mortality,Ceftriaxone,0.5972605347325566,-0.27111126075242997,1.4656323302175431,0.17764210202329334,logistic,False
Overall Mortality,Doxycycline,7.4585345803689425,-942.207294915088,957.1243640758258,0.9877184353834276,logistic,True
Overall Mortality,Ertapenem,2.6547718038551245,-48.646772651378605,53.95631625908886,0.9192131229827498,logistic,True
Overall Mortality,Fosfomycin,0.4582486141024839,-1.0062706861037056,1.9227679143086736,0.539695556502086,logistic,True
Overall Mortality,Nitrofurantoin,1.0986309063543112,-0.2001895513440508,2.397451364052673,0.09734346973618907,logistic,False
Overall Mortality,Gentamicin,6.803534882544829,-326.93459703619124,340.54166680128094,0.9681285813225574,logistic,True
Overall Mortality,Meropenem,-5.172804451090424,-111.04833294090568,100.70272403872482,0.9237121632799359,logistic,True
Overall Mortality,Minocycline,0.6714876479305826,-0.32277248219710797,1.665747778058273,0.18560621664293842,logistic,False
Overall Mortality,Cefuroxime,2.8326758705990245,-42.929201978468164,48.594553719666216,0.9034356466366849,logistic,True
Overall Mortality,Cefoperazone/Sulbactam,2.6547718038552484,-48.6467726518467,53.9563162595572,0.9192131229834809,logistic,True
Overall Mortality,Trimethoprim/Sulfamethoxazole,4.314859258610252,-65.80714456799032,74.43686308521083,0.9040049873995494,logistic,True
Overall Mortality,Cefotaxime,2.6547718038552484,-48.6467726518467,53.9563162595572,0.9192131229834809,logistic,True
Overall Mortality,Ceftazidime,2.6547718038552484,-48.6467726518467,53.9563162595572,0.9192131229834809,logistic,True
Overall Mortality,Tigecycline,0.9307777805431983,-0.3441706211920226,2.2057261822784193,0.15246623808974177,logistic,False
Overall Mortality,Piperacillin/Tazobactam,-0.1776411546618496,-1.3428898398372295,0.9876075305135305,0.765096607359032,logistic,True
Overall Mortality,Ceftazidime/Avibactam,-0.6931761677699233,-3.0936305730445977,1.7072782375047513,0.5714098856892724,logistic,True
Overall Mortality,Ceftazidime/Avibactam.T,1.5404577855805537,-0.7956187477455694,3.8765343189066765,0.19620436372549477,logistic,False
Overall Mortality,Ceftazidime-Avibactam/Aztreonam.T,0.916342906254347,-0.9939861458755953,2.8266719583842894,0.34713975610242964,logistic,True
Overall Mortality,Ceftazidime-Avibactam/Aztreonam Synergy.T,-0.8448681616265525,-2.5218513668988423,0.8321150436457372,0.3234296503697084,logistic,True
Overall Mortality,Polymyxin/Colistin Inclusion.T,0.405525107197896,-1.5214932237314616,2.3325434381272534,0.6800035771123076,logistic,True
Overall Mortality,Clinical Improvement,-0.7504237153741989,-2.218253164146751,0.7174057333983533,0.31633097514230846,logistic,True
Overall Mortality,ICU Stay in 28 Days,-0.02263088460189398,-0.20418064678112044,0.1589188775773325,0.806985209429707,logistic,True
Overall Mortality,GW Stay in 28 Days,-0.025212669449332065,-0.18692744702446823,0.1365021081258041,0.7599285829295734,logistic,True
Overall Mortality,Total Hospital stay in 28 days,-0.035177088300555735,-0.18151056557703205,0.11115638897592056,0.6375296770879126,logistic,True
Overall Mortality,Mortality in ICU,15.402326340624487,-669.7560920076886,700.5607446889377,0.9648566644395763,logistic,True
Overall Mortality,Mortality in Hospital,15.012604607222924,-2168.754659781687,2198.779868996133,0.9892495979445128,logistic,True
Overall Mortality,Mortality post 28 Day Discharge,15.012604607231125,-2168.754659781679,2198.779868996141,0.989249597944507,logistic,True
Overall Mortality,Relapse post 28 Day Discharge,-14.733343676458936,-4554.630985702298,4525.164298349379,0.994924948165225,logistic,True
Overall Mortality,Other Illness Leading to Hospitalization post 28 Days Discharge,-14.733343676458936,-4554.630985702298,4525.164298349379,0.994924948165225,logistic,True
Relapse post 28 Day Discharge,Patient ID,0.00718767069217752,-0.05419261086999941,0.06856795225435444,0.8184701781435271,logistic,True
Relapse post 28 Day Discharge,Age,0.0866468246515619,-0.09765210033745539,0.27094574964057916,0.3568087065265616,logistic,True
Relapse post 28 Day Discharge,Male,10.461436177043794,-390.90471368705835,411.827586041146,0.9592572955599056,logistic,True
Relapse post 28 Day Discharge,Female,-12.944710789849939,-1402.2007160975143,1376.3112945178143,0.9854295125393857,logistic,True
Relapse post 28 Day Discharge,Height,0.09391550824168321,-0.424873746536175,0.6127047630195415,0.7227328052775779,logistic,True
Relapse post 28 Day Discharge,Weight,-0.039890646369524586,-0.19071333619640035,0.11093204345735119,0.6041896313142091,logistic,True
Relapse post 28 Day Discharge,NDM,-10.365926638167059,-199.80246535993922,179.0706120836051,0.914591595891748,logistic,True
Relapse post 28 Day Discharge,OXA48,10.464374169859154,-430.4732069894955,451.40195532921376,0.96290052906377,logistic,True
Relapse post 28 Day Discharge,P/C in vitro,-12.167515620689242,-2731.087727807975,2706.7526965665966,0.9930017728750691,logistic,True
Relapse post 28 Day Discharge,Z-A invitro,12.385390748650444,-1391.0895418903008,1415.8603233876017,0.9862002394244533,logistic,True
Relapse post 28 Day Discharge,HTN,11.893411382323412,-500.2866443787957,524.0734671434425,0.9636987133512611,logistic,True
Relapse post 28 Day Discharge,DM,-12.944710789850205,-1402.2007160976996,1376.3112945179992,0.9854295125393874,logistic,True
Relapse post 28 Day Discharge,COPD,-9.106416214860763,-861.8418055459779,843.6289731162562,0.9833010312252858,logistic,True
Relapse post 28 Day Discharge,Hypothyroidism,14.497859069875043,-587.0185085428054,616.0142266825555,0.9623224135326534,logistic,True
Relapse post 28 Day Discharge,UTI.CRO,-12.0439749427852,-1331.9797256224876,1307.8917757369175,0.9857313773175993,logistic,True
Relapse post 28 Day Discharge,IAI.CRO,11.893716000637962,-554.8644120827698,578.6518440840457,0.9671915645555658,logistic,True
Relapse post 28 Day Discharge,HAP.CRO,-12.167515620691654,-2731.0877278112566,2706.7526965698735,0.9930017728750761,logistic,True
Relapse post 28 Day Discharge,BSI.CRO,-9.295628734219193,-386.4945021653138,367.90324469687545,0.9614763264429266,logistic,True
Relapse post 28 Day Discharge,Other.CRO,-9.106416214866268,-861.8418055483351,843.6289731186025,0.9833010312253218,logistic,True
Relapse post 28 Day Discharge,Hospitalization in past 6 Months,13.102233213227528,-1128.368297723241,1154.572764149696,0.9820513354588021,logistic,True
Relapse post 28 Day Discharge,CV Catheter in 6 Months,-12.167515620692265,-2731.0877278120884,2706.7526965707034,0.9930017728750778,logistic,True
Relapse post 28 Day Discharge,Urinary Catheter in 6 Months,-12.167515620692265,-2731.0877278120884,2706.7526965707034,0.9930017728750778,logistic,True
Relapse post 28 Day Discharge,Surgery in last 3 Months,9.916753057839127,-160.96985845446844,180.80336457014667,0.9094446652897913,logistic,True
Relapse post 28 Day Discharge,Past CREPA infection,-12.179391897028927,-2188.8941572494195,2164.535373455362,0.991250091144028,logistic,True
Relapse post 28 Day Discharge,Endoscopy in 1 week,-9.106416214848943,-861.8418055409327,843.6289731112347,0.9833010312252088,logistic,True
Relapse post 28 Day Discharge,Immunosuppressive drugs in 1 week,13.102233213243792,-1128.3682977447168,1154.5727641712044,0.9820513354591177,logistic,True
Relapse post 28 Day Discharge,Inotropes,10.461436177044504,-390.90471368518905,411.82758603927806,0.9592572955597133,logistic,True
Relapse post 28 Day Discharge,Ventilation,13.1022332132605,-1128.368297787684,1154.5727642142049,0.9820513354597706,logistic,True
Relapse post 28 Day Discharge,Overall organ support,12.385390748718091,-1391.0895419701296,1415.8603234675656,0.9862002394251634,logistic,True
Relapse post 28 Day Discharge,Neutropenia,-9.10641621486626,-861.8418055483313,843.6289731185988,0.9833010312253216,logistic,True
Relapse post 28 Day Discharge,Any Viral Infection,-12.45538722109778,-1325.9715617066777,1301.0607872644823,0.9851719186535517,logistic,True
Relapse post 28 Day Discharge,Any Fungal Infection,-12.014953248340376,-1701.9764552645918,1677.946548767911,0.988882186821499,logistic,True
Relapse post 28 Day Discharge,Hemat Malignancy,-12.014953248338655,-1701.9764552631357,1677.9465487664586,0.988882186821491,logistic,True
Relapse post 28 Day Discharge,Solid Organ,8.415392818794198,-206.68703033796882,223.51781597555723,0.9388788068616503,logistic,True
Relapse post 28 Day Discharge,APACHEII,0.07293753198896046,-0.20206754060681387,0.3479426045847348,0.6031844784286959,logistic,True
Relapse post 28 Day Discharge,SOFA,0.06129715250091872,-0.43506199301550047,0.5576562980173378,0.8087469153127306,logistic,True
Relapse post 28 Day Discharge,Hb,9.91147706261201,-690.4605320982812,710.2834862235052,0.9778720048072699,logistic,True
Relapse post 28 Day Discharge,TLC,8.415392818792434,-206.68703033682021,223.5178159744051,0.9388788068613368,logistic,True
Relapse post 28 Day Discharge,ANC,-12.231104306812526,-555.763608924224,531.3014003105989,0.9648206737802986,logistic,True
Relapse post 28 Day Discharge,Lympho,-9.843064320869441,-278.78997391384,259.1038452721012,0.9428153319195594,logistic,True
Relapse post 28 Day Discharge,Platelet,12.839640134355859,-1085.4269105709147,1111.1061908396266,0.9817191979675882,logistic,True
Relapse post 28 Day Discharge,Bil,-12.944710789850408,-1402.2007160978405,1376.3112945181397,0.9854295125393886,logistic,True
Relapse post 28 Day Discharge,SGPT,9.916753057838811,-160.96985845446875,180.80336457014636,0.9094446652897942,logistic,True
Relapse post 28 Day Discharge,SGOT,12.839640134340272,-1085.4269105135022,1111.1061907821827,0.9817191979666547,logistic,True
Relapse post 28 Day Discharge,Albumin,11.769347926479046,-1482.9669794374174,1506.5056752903754,0.9876871461027911,logistic,True
Relapse post 28 Day Discharge,Total Protein,12.3853907487413,-1391.0895419701064,1415.8603234675888,0.9862002394251376,logistic,True
Relapse post 28 Day Discharge,Globulin,12.385390748710323,-1391.0895419701371,1415.8603234675577,0.9862002394251721,logistic,True
Relapse post 28 Day Discharge,ALP,10.46143617704533,-390.9047136851882,411.8275860392789,0.9592572955597101,logistic,True
Relapse post 28 Day Discharge,Creatinine,-13.319995726062809,-1169.8828096234536,1143.2428181713278,0.981991143648747,logistic,True
Relapse post 28 Day Discharge,Sodium,-12.231104306813045,-555.7636089243659,531.30140031074,0.9648206737803062,logistic,True
Relapse post 28 Day Discharge,Potassium,-9.29562873422005,-386.49450216547547,367.9032446970354,0.9614763264429395,logistic,True
Relapse post 28 Day Discharge,Urea,0.021648765601743968,-0.03342250030339322,0.07672003150688116,0.4410206848683976,logistic,True
Relapse post 28 Day Discharge,Calcium,-13.31999572606341,-1169.8828096238026,1143.242818171676,0.9819911436487515,logistic,True
Relapse post 28 Day Discharge,Magnesium,12.650562329970942,-1081.9249197650875,1107.2260444250292,0.9819276292579561,logistic,True
Relapse post 28 Day Discharge,Procalcitonin,-12.179391897024264,-2188.8941572443364,2164.535373450288,0.9912500911440109,logistic,True
Relapse post 28 Day Discharge,P/C+Z-A.E,-12.167515620692162,-2731.0877278119474,2706.7526965705633,0.9930017728750776,logistic,True
Relapse post 28 Day Discharge,P/C only.E,-12.014953248347737,-1701.9764552708207,1677.9465487741254,0.9888821868215331,logistic,True
Relapse post 28 Day Discharge,Z-A only.E,-9.106416214873915,-861.8418055516008,843.628973121853,0.9833010312253715,logistic,True
Relapse post 28 Day Discharge,Neither Abx.E,-12.014953248342104,-1701.976455266054,1677.9465487693697,0.988882186821507,logistic,True
Relapse post 28 Day Discharge,P/C+Z-A.T,10.28926175182614,-148.1838171088878,168.76234061254007,0.8987381219373581,logistic,True
Relapse post 28 Day Discharge,P/C only.T,-12.01495324833864,-1701.9764552631234,1677.9465487664463,0.9888821868214909,logistic,True
Relapse post 28 Day Discharge,Z-A only.T,-9.295628734219425,-386.4945021653576,367.90324469691876,0.9614763264429301,logistic,True
Relapse post 28 Day Discharge,Neither Abx.T,-12.014953248342104,-1701.976455266054,1677.9465487693697,0.988882186821507,logistic,True
Relapse post 28 Day Discharge,Amoxicillin/Clavulanic Acid,3.9084804372060327,-1049.0202891379076,1056.8372500123196,0.9941951196630442,logistic,True
Relapse post 28 Day Discharge,Amikacin,-11.729775622363192,-2404.2993945983812,2380.8398433536545,0.9923333331741779,logistic,True
Relapse post 28 Day Discharge,Chloramphenicol,-0.24074810655003043,-2.682619740009932,2.201123526909871,0.8467741104252398,logistic,True
Relapse post 28 Day Discharge,Colistin,-1.5099270918398364e-06,-3.923634755243311,3.9236317353891272,0.9999993981950933,logistic,True
Relapse post 28 Day Discharge,Ceftriaxone,-3.983985880584221,-651.5046635779574,643.536691816789,0.990378522341081,logistic,True
Relapse post 28 Day Discharge,Doxycycline,-4.838267079233547,-553.2194152036241,543.542881045157,0.9862033441723382,logistic,True
Relapse post 28 Day Discharge,Ertapenem,3.9084804370833384,-1049.0202901501507,1056.8372510243175,0.9941951196688062,logistic,True
Relapse post 28 Day Discharge,Fosfomycin,-5.975845594508935,-1226.3543660479154,1214.4026748588976,0.992342512477588,logistic,True
Relapse post 28 Day Discharge,Nitrofurantoin,-12.126010506668624,-1696.2578034547596,1672.0057824414225,0.9887405907877985,logistic,True
Relapse post 28 Day Discharge,Gentamicin,-5.987110943994092,-272.5838802481269,260.6096583601387,0.9648916547842915,logistic,True
Relapse post 28 Day Discharge,Meropenem,4.997479594755648,-659.8491376424914,669.8440968320027,0.988245558242351,logistic,True
Relapse post 28 Day Discharge,Minocycline,13.638764154902685,-2183.708853426389,2210.9863817361943,0.9902937003932711,logistic,True
Relapse post 28 Day Discharge,Cefuroxime,3.8472126715860115,-658.9019306299123,666.5963559730843,0.9909223004942362,logistic,True
Relapse post 28 Day Discharge,Cefoperazone/Sulbactam,3.908480437340113,-1049.0202891377735,1056.8372500124538,0.994195119662845,logistic,True
Relapse post 28 Day Discharge,Trimethoprim/Sulfamethoxazole,-1.4242090183038807,-3.3080470825779735,0.45962904597021215,0.13840381369940497,logistic,False
Relapse post 28 Day Discharge,Cefotaxime,3.908480437340113,-1049.0202891377735,1056.8372500124538,0.994195119662845,logistic,True
Relapse post 28 Day Discharge,Ceftazidime,3.908480437340113,-1049.0202891377735,1056.8372500124538,0.994195119662845,logistic,True
Relapse post 28 Day Discharge,Tigecycline,-0.6213564889185618,-4.634226753054777,3.391513775217653,0.7615220984583404,logistic,True
Relapse post 28 Day Discharge,Piperacillin/Tazobactam,5.77245097606768,-1397.6136791679821,1409.1585811201173,0.9935676965947843,logistic,True
Relapse post 28 Day Discharge,Ceftazidime/Avibactam,10.289261751825912,-148.183817108773,168.76234061242482,0.8987381219372872,logistic,True
Relapse post 28 Day Discharge,Ceftazidime/Avibactam.T,8.406216576461155,-165.05309024063527,181.8655233935576,0.9243274305734194,logistic,True
Relapse post 28 Day Discharge,Ceftazidime-Avibactam/Aztreonam.T,10.461436177044137,-390.904713687058,411.82758604114633,0.9592572955599042,logistic,True
Relapse post 28 Day Discharge,Ceftazidime-Avibactam/Aztreonam Synergy.T,-12.706285984854517,-987.5826716560653,962.1700996863563,0.9796197271292651,logistic,True
Relapse post 28 Day Discharge,Polymyxin/Colistin Inclusion.T,8.406216576461677,-165.05309024078556,181.8655233937089,0.9243274305734803,logistic,True
Relapse post 28 Day Discharge,Clinical Improvement,0.5153075208039647,-2.491787758199189,3.522402799807119,0.7369711351011246,logistic,True
Relapse post 28 Day Discharge,ICU Stay in 28 Days,0.05048102756352896,-0.2454053882688808,0.3463674433959387,0.738086464171342,logistic,True
Relapse post 28 Day Discharge,GW Stay in 28 Days,0.009433271890584566,-0.3312090591881377,0.35007560296930684,0.9567148729824501,logistic,True
Relapse post 28 Day Discharge,Total Hospital stay in 28 days,0.04710213418901307,-0.23892614864343223,0.3331304170214584,0.746877013562666,logistic,True
Relapse post 28 Day Discharge,Mortality in ICU,-9.295628734218099,-386.4945021651077,367.9032446966715,0.9614763264429103,logistic,True
Relapse post 28 Day Discharge,Mortality in Hospital,-9.106416214872564,-861.8418055510223,843.6289731212772,0.9833010312253627,logistic,True
Relapse post 28 Day Discharge,Mortality post 28 Day Discharge,-9.10641621487392,-861.8418055516023,843.6289731218545,0.9833010312253715,logistic,True
Relapse post 28 Day Discharge,Overall Mortality,-12.22792554161965,-1309.457597556777,1285.0017464735377,0.9852599363526063,logistic,True
Relapse post 28 Day Discharge,Other Illness Leading to Hospitalization post 28 Days Discharge,27.698417825195097,-5945.229386872027,6000.626222522417,0.9927481323428623,logistic,True
Other Illness Leading to Hospitalization post 28 Days Discharge,Patient ID,0.00718767069217752,-0.05419261086999941,0.06856795225435444,0.8184701781435271,logistic,True
Other Illness Leading to Hospitalization post 28 Days Discharge,Age,0.0866468246515619,-0.09765210033745539,0.27094574964057916,0.3568087065265616,logistic,True
Other Illness Leading to Hospitalization post 28 Days Discharge,Male,10.461436177043794,-390.90471368705835,411.827586041146,0.9592572955599056,logistic,True
Other Illness Leading to Hospitalization post 28 Days Discharge,Female,-12.944710789849939,-1402.2007160975143,1376.3112945178143,0.9854295125393857,logistic,True
Other Illness Leading to Hospitalization post 28 Days Discharge,Height,0.09391550824168321,-0.424873746536175,0.6127047630195415,0.7227328052775779,logistic,True
Other Illness Leading to Hospitalization post 28 Days Discharge,Weight,-0.039890646369524586,-0.19071333619640035,0.11093204345735119,0.6041896313142091,logistic,True
Other Illness Leading to Hospitalization post 28 Days Discharge,NDM,-10.365926638167059,-199.80246535993922,179.0706120836051,0.914591595891748,logistic,True
Other Illness Leading to Hospitalization post 28 Days Discharge,OXA48,10.464374169859154,-430.4732069894955,451.40195532921376,0.96290052906377,logistic,True
Other Illness Leading to Hospitalization post 28 Days Discharge,P/C in vitro,-12.167515620689242,-2731.087727807975,2706.7526965665966,0.9930017728750691,logistic,True
Other Illness Leading to Hospitalization post 28 Days Discharge,Z-A invitro,12.385390748650444,-1391.0895418903008,1415.8603233876017,0.9862002394244533,logistic,True
Other Illness Leading to Hospitalization post 28 Days Discharge,HTN,11.893411382323412,-500.2866443787957,524.0734671434425,0.9636987133512611,logistic,True
Other Illness Leading to Hospitalization post 28 Days Discharge,DM,-12.944710789850205,-1402.2007160976996,1376.3112945179992,0.9854295125393874,logistic,True
Other Illness Leading to Hospitalization post 28 Days Discharge,COPD,-9.106416214860763,-861.8418055459779,843.6289731162562,0.9833010312252858,logistic,True
Other Illness Leading to Hospitalization post 28 Days Discharge,Hypothyroidism,14.497859069875043,-587.0185085428054,616.0142266825555,0.9623224135326534,logistic,True
Other Illness Leading to Hospitalization post 28 Days Discharge,UTI.CRO,-12.0439749427852,-1331.9797256224876,1307.8917757369175,0.9857313773175993,logistic,True
Other Illness Leading to Hospitalization post 28 Days Discharge,IAI.CRO,11.893716000637962,-554.8644120827698,578.6518440840457,0.9671915645555658,logistic,True
Other Illness Leading to Hospitalization post 28 Days Discharge,HAP.CRO,-12.167515620691654,-2731.0877278112566,2706.7526965698735,0.9930017728750761,logistic,True
Other Illness Leading to Hospitalization post 28 Days Discharge,BSI.CRO,-9.295628734219193,-386.4945021653138,367.90324469687545,0.9614763264429266,logistic,True
Other Illness Leading to Hospitalization post 28 Days Discharge,Other.CRO,-9.106416214866268,-861.8418055483351,843.6289731186025,0.9833010312253218,logistic,True
Other Illness Leading to Hospitalization post 28 Days Discharge,Hospitalization in past 6 Months,13.102233213227528,-1128.368297723241,1154.572764149696,0.9820513354588021,logistic,True
Other Illness Leading to Hospitalization post 28 Days Discharge,CV Catheter in 6 Months,-12.167515620692265,-2731.0877278120884,2706.7526965707034,0.9930017728750778,logistic,True
Other Illness Leading to Hospitalization post 28 Days Discharge,Urinary Catheter in 6 Months,-12.167515620692265,-2731.0877278120884,2706.7526965707034,0.9930017728750778,logistic,True
Other Illness Leading to Hospitalization post 28 Days Discharge,Surgery in last 3 Months,9.916753057839127,-160.96985845446844,180.80336457014667,0.9094446652897913,logistic,True
Other Illness Leading to Hospitalization post 28 Days Discharge,Past CREPA infection,-12.179391897028927,-2188.8941572494195,2164.535373455362,0.991250091144028,logistic,True
Other Illness Leading to Hospitalization post 28 Days Discharge,Endoscopy in 1 week,-9.106416214848943,-861.8418055409327,843.6289731112347,0.9833010312252088,logistic,True
Other Illness Leading to Hospitalization post 28 Days Discharge,Immunosuppressive drugs in 1 week,13.102233213243792,-1128.3682977447168,1154.5727641712044,0.9820513354591177,logistic,True
Other Illness Leading to Hospitalization post 28 Days Discharge,Inotropes,10.461436177044504,-390.90471368518905,411.82758603927806,0.9592572955597133,logistic,True
Other Illness Leading to Hospitalization post 28 Days Discharge,Ventilation,13.1022332132605,-1128.368297787684,1154.5727642142049,0.9820513354597706,logistic,True
Other Illness Leading to Hospitalization post 28 Days Discharge,Overall organ support,12.385390748718091,-1391.0895419701296,1415.8603234675656,0.9862002394251634,logistic,True
Other Illness Leading to Hospitalization post 28 Days Discharge,Neutropenia,-9.10641621486626,-861.8418055483313,843.6289731185988,0.9833010312253216,logistic,True
Other Illness Leading to Hospitalization post 28 Days Discharge,Any Viral Infection,-12.45538722109778,-1325.9715617066777,1301.0607872644823,0.9851719186535517,logistic,True
Other Illness Leading to Hospitalization post 28 Days Discharge,Any Fungal Infection,-12.014953248340376,-1701.9764552645918,1677.946548767911,0.988882186821499,logistic,True
Other Illness Leading to Hospitalization post 28 Days Discharge,Hemat Malignancy,-12.014953248338655,-1701.9764552631357,1677.9465487664586,0.988882186821491,logistic,True
Other Illness Leading to Hospitalization post 28 Days Discharge,Solid Organ,8.415392818794198,-206.68703033796882,223.51781597555723,0.9388788068616503,logistic,True
Other Illness Leading to Hospitalization post 28 Days Discharge,APACHEII,0.07293753198896046,-0.20206754060681387,0.3479426045847348,0.6031844784286959,logistic,True
Other Illness Leading to Hospitalization post 28 Days Discharge,SOFA,0.06129715250091872,-0.43506199301550047,0.5576562980173378,0.8087469153127306,logistic,True
Other Illness Leading to Hospitalization post 28 Days Discharge,Hb,9.91147706261201,-690.4605320982812,710.2834862235052,0.9778720048072699,logistic,True
Other Illness Leading to Hospitalization post 28 Days Discharge,TLC,8.415392818792434,-206.68703033682021,223.5178159744051,0.9388788068613368,logistic,True
Other Illness Leading to Hospitalization post 28 Days Discharge,ANC,-12.231104306812526,-555.763608924224,531.3014003105989,0.9648206737802986,logistic,True
Other Illness Leading to Hospitalization post 28 Days Discharge,Lympho,-9.843064320869441,-278.78997391384,259.1038452721012,0.9428153319195594,logistic,True
Other Illness Leading to Hospitalization post 28 Days Discharge,Platelet,12.839640134355859,-1085.4269105709147,1111.1061908396266,0.9817191979675882,logistic,True
Other Illness Leading to Hospitalization post 28 Days Discharge,Bil,-12.944710789850408,-1402.2007160978405,1376.3112945181397,0.9854295125393886,logistic,True
Other Illness Leading to Hospitalization post 28 Days Discharge,SGPT,9.916753057838811,-160.96985845446875,180.80336457014636,0.9094446652897942,logistic,True
Other Illness Leading to Hospitalization post 28 Days Discharge,SGOT,12.839640134340272,-1085.4269105135022,1111.1061907821827,0.9817191979666547,logistic,True
Other Illness Leading to Hospitalization post 28 Days Discharge,Albumin,11.769347926479046,-1482.9669794374174,1506.5056752903754,0.9876871461027911,logistic,True
Other Illness Leading to Hospitalization post 28 Days Discharge,Total Protein,12.3853907487413,-1391.0895419701064,1415.8603234675888,0.9862002394251376,logistic,True
Other Illness Leading to Hospitalization post 28 Days Discharge,Globulin,12.385390748710323,-1391.0895419701371,1415.8603234675577,0.9862002394251721,logistic,True
Other Illness Leading to Hospitalization post 28 Days Discharge,ALP,10.46143617704533,-390.9047136851882,411.8275860392789,0.9592572955597101,logistic,True
Other Illness Leading to Hospitalization post 28 Days Discharge,Creatinine,-13.319995726062809,-1169.8828096234536,1143.2428181713278,0.981991143648747,logistic,True
Other Illness Leading to Hospitalization post 28 Days Discharge,Sodium,-12.231104306813045,-555.7636089243659,531.30140031074,0.9648206737803062,logistic,True
Other Illness Leading to Hospitalization post 28 Days Discharge,Potassium,-9.29562873422005,-386.49450216547547,367.9032446970354,0.9614763264429395,logistic,True
Other Illness Leading to Hospitalization post 28 Days Discharge,Urea,0.021648765601743968,-0.03342250030339322,0.07672003150688116,0.4410206848683976,logistic,True
Other Illness Leading to Hospitalization post 28 Days Discharge,Calcium,-13.31999572606341,-1169.8828096238026,1143.242818171676,0.9819911436487515,logistic,True
Other Illness Leading to Hospitalization post 28 Days Discharge,Magnesium,12.650562329970942,-1081.9249197650875,1107.2260444250292,0.9819276292579561,logistic,True
Other Illness Leading to Hospitalization post 28 Days Discharge,Procalcitonin,-12.179391897024264,-2188.8941572443364,2164.535373450288,0.9912500911440109,logistic,True
Other Illness Leading to Hospitalization post 28 Days Discharge,P/C+Z-A.E,-12.167515620692162,-2731.0877278119474,2706.7526965705633,0.9930017728750776,logistic,True
Other Illness Leading to Hospitalization post 28 Days Discharge,P/C only.E,-12.014953248347737,-1701.9764552708207,1677.9465487741254,0.9888821868215331,logistic,True
Other Illness Leading to Hospitalization post 28 Days Discharge,Z-A only.E,-9.106416214873915,-861.8418055516008,843.628973121853,0.9833010312253715,logistic,True
Other Illness Leading to Hospitalization post 28 Days Discharge,Neither Abx.E,-12.014953248342104,-1701.976455266054,1677.9465487693697,0.988882186821507,logistic,True
Other Illness Leading to Hospitalization post 28 Days Discharge,P/C+Z-A.T,10.28926175182614,-148.1838171088878,168.76234061254007,0.8987381219373581,logistic,True
Other Illness Leading to Hospitalization post 28 Days Discharge,P/C only.T,-12.01495324833864,-1701.9764552631234,1677.9465487664463,0.9888821868214909,logistic,True
Other Illness Leading to Hospitalization post 28 Days Discharge,Z-A only.T,-9.295628734219425,-386.4945021653576,367.90324469691876,0.9614763264429301,logistic,True
Other Illness Leading to Hospitalization post 28 Days Discharge,Neither Abx.T,-12.014953248342104,-1701.976455266054,1677.9465487693697,0.988882186821507,logistic,True
Other Illness Leading to Hospitalization post 28 Days Discharge,Amoxicillin/Clavulanic Acid,3.9084804372060327,-1049.0202891379076,1056.8372500123196,0.9941951196630442,logistic,True
Other Illness Leading to Hospitalization post 28 Days Discharge,Amikacin,-11.729775622363192,-2404.2993945983812,2380.8398433536545,0.9923333331741779,logistic,True
Other Illness Leading to Hospitalization post 28 Days Discharge,Chloramphenicol,-0.24074810655003043,-2.682619740009932,2.201123526909871,0.8467741104252398,logistic,True
Other Illness Leading to Hospitalization post 28 Days Discharge,Colistin,-1.5099270918398364e-06,-3.923634755243311,3.9236317353891272,0.9999993981950933,logistic,True
Other Illness Leading to Hospitalization post 28 Days Discharge,Ceftriaxone,-3.983985880584221,-651.5046635779574,643.536691816789,0.990378522341081,logistic,True
Other Illness Leading to Hospitalization post 28 Days Discharge,Doxycycline,-4.838267079233547,-553.2194152036241,543.542881045157,0.9862033441723382,logistic,True
Other Illness Leading to Hospitalization post 28 Days Discharge,Ertapenem,3.9084804370833384,-1049.0202901501507,1056.8372510243175,0.9941951196688062,logistic,True
Other Illness Leading to Hospitalization post 28 Days Discharge,Fosfomycin,-5.975845594508935,-1226.3543660479154,1214.4026748588976,0.992342512477588,logistic,True
Other Illness Leading to Hospitalization post 28 Days Discharge,Nitrofurantoin,-12.126010506668624,-1696.2578034547596,1672.0057824414225,0.9887405907877985,logistic,True
Other Illness Leading to Hospitalization post 28 Days Discharge,Gentamicin,-5.987110943994092,-272.5838802481269,260.6096583601387,0.9648916547842915,logistic,True
Other Illness Leading to Hospitalization post 28 Days Discharge,Meropenem,4.997479594755648,-659.8491376424914,669.8440968320027,0.988245558242351,logistic,True
Other Illness Leading to Hospitalization post 28 Days Discharge,Minocycline,13.638764154902685,-2183.708853426389,2210.9863817361943,0.9902937003932711,logistic,True
Other Illness Leading to Hospitalization post 28 Days Discharge,Cefuroxime,3.8472126715860115,-658.9019306299123,666.5963559730843,0.9909223004942362,logistic,True
Other Illness Leading to Hospitalization post 28 Days Discharge,Cefoperazone/Sulbactam,3.908480437340113,-1049.0202891377735,1056.8372500124538,0.994195119662845,logistic,True
Other Illness Leading to Hospitalization post 28 Days Discharge,Trimethoprim/Sulfamethoxazole,-1.4242090183038807,-3.3080470825779735,0.45962904597021215,0.13840381369940497,logistic,False
Other Illness Leading to Hospitalization post 28 Days Discharge,Cefotaxime,3.908480437340113,-1049.0202891377735,1056.8372500124538,0.994195119662845,logistic,True
Other Illness Leading to Hospitalization post 28 Days Discharge,Ceftazidime,3.908480437340113,-1049.0202891377735,1056.8372500124538,0.994195119662845,logistic,True
Other Illness Leading to Hospitalization post 28 Days Discharge,Tigecycline,-0.6213564889185618,-4.634226753054777,3.391513775217653,0.7615220984583404,logistic,True
Other Illness Leading to Hospitalization post 28 Days Discharge,Piperacillin/Tazobactam,5.77245097606768,-1397.6136791679821,1409.1585811201173,0.9935676965947843,logistic,True
Other Illness Leading to Hospitalization post 28 Days Discharge,Ceftazidime/Avibactam,10.289261751825912,-148.183817108773,168.76234061242482,0.8987381219372872,logistic,True
Other Illness Leading to Hospitalization post 28 Days Discharge,Ceftazidime/Avibactam.T,8.406216576461155,-165.05309024063527,181.8655233935576,0.9243274305734194,logistic,True
Other Illness Leading to Hospitalization post 28 Days Discharge,Ceftazidime-Avibactam/Aztreonam.T,10.461436177044137,-390.904713687058,411.82758604114633,0.9592572955599042,logistic,True
Other Illness Leading to Hospitalization post 28 Days Discharge,Ceftazidime-Avibactam/Aztreonam Synergy.T,-12.706285984854517,-987.5826716560653,962.1700996863563,0.9796197271292651,logistic,True
Other Illness Leading to Hospitalization post 28 Days Discharge,Polymyxin/Colistin Inclusion.T,8.406216576461677,-165.05309024078556,181.8655233937089,0.9243274305734803,logistic,True
Other Illness Leading to Hospitalization post 28 Days Discharge,Clinical Improvement,0.5153075208039647,-2.491787758199189,3.522402799807119,0.7369711351011246,logistic,True
Other Illness Leading to Hospitalization post 28 Days Discharge,ICU Stay in 28 Days,0.05048102756352896,-0.2454053882688808,0.3463674433959387,0.738086464171342,logistic,True
Other Illness Leading to Hospitalization post 28 Days Discharge,GW Stay in 28 Days,0.009433271890584566,-0.3312090591881377,0.35007560296930684,0.9567148729824501,logistic,True
Other Illness Leading to Hospitalization post 28 Days Discharge,Total Hospital stay in 28 days,0.04710213418901307,-0.23892614864343223,0.3331304170214584,0.746877013562666,logistic,True
Other Illness Leading to Hospitalization post 28 Days Discharge,Mortality in ICU,-9.295628734218099,-386.4945021651077,367.9032446966715,0.9614763264429103,logistic,True
Other Illness Leading to Hospitalization post 28 Days Discharge,Mortality in Hospital,-9.106416214872564,-861.8418055510223,843.6289731212772,0.9833010312253627,logistic,True
Other Illness Leading to Hospitalization post 28 Days Discharge,Mortality post 28 Day Discharge,-9.10641621487392,-861.8418055516023,843.6289731218545,0.9833010312253715,logistic,True
Other Illness Leading to Hospitalization post 28 Days Discharge,Overall Mortality,-12.22792554161965,-1309.457597556777,1285.0017464735377,0.9852599363526063,logistic,True
Other Illness Leading to Hospitalization post 28 Days Discharge,Relapse post 28 Day Discharge,27.698417825195097,-5945.229386872027,6000.626222522417,0.9927481323428623,logistic,True
