Variable1,Variable1_Type,Variable2,Variable2_Type,Correlation,P_Value,N,Strength,Direction,Significant
Other.CRO,binary,TB,binary,1.0,0.0,20,STRONG,Positive,True
Neither.Abx.E,binary,Neither.Abx.T,binary,1.0,0.0,20,STRONG,Positive,True
Male,binary,Female,binary,-1.0,0.0,20,STRONG,Negative,True
Ventilation,binary,Overall.organ.support,binary,1.0,0.0,20,STRONG,Positive,True
APACHEII,continuous,SOFA,continuous,0.9237,6.273729600094294e-09,20,STRONG,Positive,True
Hemat.Malignancy,binary,Solid.Organ,binary,-0.866,8.039302405188584e-07,20,STRONG,Negative,True
CV.Catheter.in.6.Months,binary,Urinary.Catheter.in.6.Months,binary,0.8018,2.1301261274686007e-05,20,STRONG,Positive,True
Mortality.post.28.Day.Discharge,binary,Other.Illness.Leading.to.Hospitalization.post.28.Days.Discharge,binary,0.7935,2.9815091607778595e-05,20,STRONG,Positive,True
Neither.Abx.E,binary,Other.Illness.Leading.to.Hospitalization.post.28.Days.Discharge,binary,0.7935,2.9815091607778595e-05,20,STRONG,Positive,True
Neither.Abx.E,binary,Relapse.post.28.Day.Discharge,binary,0.7935,2.9815091607778595e-05,20,STRONG,Positive,True
Neither.Abx.T,binary,Relapse.post.28.Day.Discharge,binary,0.7935,2.9815091607778595e-05,20,STRONG,Positive,True
Neither.Abx.T,binary,Other.Illness.Leading.to.Hospitalization.post.28.Days.Discharge,binary,0.7935,2.9815091607778595e-05,20,STRONG,Positive,True
TLC,binary,Total.Protein,binary,0.7619,9.470843715038778e-05,20,STRONG,Positive,True
Clinical.Improvement,ordinal,GW.Stay.in.28.Days,continuous,0.7469,0.0001544709587892725,20,MODERATE,Positive,True
CKD,ordinal,HAP.NCRO,binary,0.7255,0.0002945641553666008,20,MODERATE,Positive,True
Clinical.Improvement,ordinal,Overall.Mortality,binary,-0.6946,0.0006783892282780971,20,MODERATE,Negative,True
TB,binary,Ampicillin.Sulbactam,ordinal,-0.6882,0.0007944876741378332,20,MODERATE,Negative,True
HAP.NCRO,binary,Procalcitonin,binary,0.6882,0.0007944876741378332,20,MODERATE,Positive,True
P.C.Z.A.T,binary,Ampicillin.Sulbactam,ordinal,-0.6882,0.0007944876741378332,20,MODERATE,Negative,True
P.C.Z.A.T,binary,Trimethoprim.Sulfamethoxazole,ordinal,-0.6882,0.0007944876741378332,20,MODERATE,Negative,True
Other.CRO,binary,Ampicillin.Sulbactam,ordinal,-0.6882,0.0007944876741378332,20,MODERATE,Negative,True
P.C.Z.A.T,binary,Mortality.post.28.Day.Discharge,binary,0.6882,0.0007944876741378332,20,MODERATE,Positive,True
COPD,binary,HAP.CRO,binary,0.6875,0.0008092907604634597,20,MODERATE,Positive,True
Clinical.Improvement,ordinal,Mortality.in.ICU,binary,-0.684,0.0008820842186187278,20,MODERATE,Negative,True
Neutropenia,binary,Hemat.Malignancy,binary,0.6667,0.0013268722363871158,20,MODERATE,Positive,True
Globulin,binary,Procalcitonin,binary,-0.6667,0.0013268722363871158,20,MODERATE,Negative,True
Trimethoprim.Sulfamethoxazole,ordinal,Meropenem.T,binary,0.6667,0.0013268722363871158,20,MODERATE,Positive,True
Hospitalization.in.past.6.Months,binary,Urinary.Catheter.in.6.Months,binary,0.6667,0.0013268722363871158,20,MODERATE,Positive,True
ICU.Stay.in.28.Days,continuous,Total.Hospital.Stay,continuous,0.6437,0.0021937330745578102,20,MODERATE,Positive,True
Sodium,binary,P.C.only.T,binary,-0.6383,0.0024575666658596335,20,MODERATE,Negative,True
Mortality.in.ICU,binary,Overall.Mortality,binary,0.6383,0.0024575666658596335,20,MODERATE,Positive,True
Any.Viral.Infection,binary,Solid.Organ,binary,-0.6383,0.0024575666658596335,20,MODERATE,Negative,True
CAP.CRO,binary,CV.Catheter.in.6.Months,binary,0.6299,0.0029128032112876235,20,MODERATE,Positive,True
Inotropes,binary,ICU.Stay.in.28.Days,continuous,0.6291,0.0029642915453215284,20,MODERATE,Positive,True
Lympho,binary,Clinical.Improvement,ordinal,0.622,0.003411413501886898,20,MODERATE,Positive,True
GW.Stay.in.28.Days,continuous,Mortality.in.ICU,binary,-0.6214,0.003448031688931482,20,MODERATE,Negative,True
SGPT,binary,SGOT,binary,0.6124,0.004103192076699419,20,MODERATE,Positive,True
Relapse.post.28.Day.Discharge,binary,Other.Illness.Leading.to.Hospitalization.post.28.Days.Discharge,binary,0.6078,0.0044679826846550875,20,MODERATE,Positive,True
P.C.only.E,binary,P.C.only.T,binary,-0.5922,0.005944648522397794,20,MODERATE,Negative,True
SOFA,continuous,Total.Protein,binary,-0.5908,0.0060877329704710735,20,MODERATE,Negative,True
Surgery.in.last.3.Months,binary,SGPT,binary,-0.5791,0.007464555598788966,20,MODERATE,Negative,True
Urinary.Catheter.in.6.Months,binary,Total.Protein,binary,-0.5791,0.007464555598788966,20,MODERATE,Negative,True
CAP.CRO,binary,Neither.Abx.E,binary,0.5774,0.00768541214031432,20,MODERATE,Positive,True
CAP.CRO,binary,Lympho,binary,0.5774,0.00768541214031432,20,MODERATE,Positive,True
Male,binary,VAP.CRO,binary,-0.5774,0.00768541214031432,20,MODERATE,Negative,True
Lympho,binary,Mortality.in.ICU,binary,-0.5774,0.00768541214031432,20,MODERATE,Negative,True
Female,binary,VAP.CRO,binary,0.5774,0.00768541214031432,20,MODERATE,Positive,True
Neutropenia,binary,Solid.Organ,binary,-0.5774,0.00768541214031432,20,MODERATE,Negative,True
Neutropenia,binary,Potassium,binary,0.5774,0.00768541214031432,20,MODERATE,Positive,True
CAP.CRO,binary,Albumin,binary,-0.5774,0.00768541214031432,20,MODERATE,Negative,True
Neutropenia,binary,Sodium,binary,-0.5774,0.00768541214031432,20,MODERATE,Negative,True
CAP.CRO,binary,Neither.Abx.T,binary,0.5774,0.00768541214031432,20,MODERATE,Positive,True
Any.Viral.Infection,binary,Hemat.Malignancy,binary,0.5528,0.011480551262471566,20,MODERATE,Positive,True
APACHEII,continuous,ALP,binary,0.5503,0.011938632263696562,20,MODERATE,Positive,True
Neither.Abx.T,binary,P.C.Sulbactam.T,ordinal,-0.5476,0.01245290465551351,20,MODERATE,Negative,True
Neither.Abx.E,binary,P.C.Sulbactam.T,ordinal,-0.5476,0.01245290465551351,20,MODERATE,Negative,True
Past.CREPA.infection,binary,P.C.Z.A.E,binary,0.5461,0.012733673447849515,20,MODERATE,Positive,True
P.C.Z.A.T,binary,Other.Illness.Leading.to.Hospitalization.post.28.Days.Discharge,binary,0.5461,0.012733673447849515,20,MODERATE,Positive,True
Inotropes,binary,Total.Hospital.Stay,continuous,0.5396,0.014057920674783377,20,MODERATE,Positive,True
Meropenem.T,binary,GW.Stay.in.28.Days,continuous,0.5382,0.014374513971189011,20,MODERATE,Positive,True
Hospitalization.in.past.6.Months,binary,CV.Catheter.in.6.Months,binary,0.5345,0.015180791322443028,20,MODERATE,Positive,True
SOFA,continuous,TLC,binary,-0.5336,0.0153818562897665,20,MODERATE,Negative,True
ALP,binary,Calcium,binary,0.5334,0.015437238360088222,20,MODERATE,Positive,True
CV.Catheter.in.6.Months,binary,Total.Protein,binary,-0.5238,0.01776448893812587,20,MODERATE,Negative,True
CV.Catheter.in.6.Months,binary,P.C.only.E,binary,0.5238,0.01776448893812587,20,MODERATE,Positive,True
Total.Protein,binary,P.C.only.E,binary,-0.5238,0.01776448893812587,20,MODERATE,Negative,True
Surgery.in.last.3.Months,binary,Immunosuppressive.drugs.in.1.week,binary,0.5238,0.01776448893812587,20,MODERATE,Positive,True
CAP.CRO,binary,P.C.only.T,binary,-0.5222,0.01817271537656706,20,MODERATE,Negative,True
Age,continuous,SOFA,continuous,0.5178,0.019350603809618866,20,MODERATE,Positive,True
Calcium,binary,Relapse.post.28.Day.Discharge,binary,-0.5145,0.020286142101848266,20,MODERATE,Negative,True
Past.CREPA.infection,binary,SGPT,binary,-0.5145,0.020286142101848266,20,MODERATE,Negative,True
Calcium,binary,Other.Illness.Leading.to.Hospitalization.post.28.Days.Discharge,binary,-0.5145,0.020286142101848266,20,MODERATE,Negative,True
Age,continuous,APACHEII,continuous,0.5138,0.02049147491262113,20,MODERATE,Positive,True
P.C.Z.A.T,binary,Minocycline,ordinal,0.5125,0.02086506399765434,20,MODERATE,Positive,True
NDM,binary,Ampicillin.Sulbactam,ordinal,0.5092,0.021849739285284327,20,MODERATE,Positive,True
Albumin,binary,Total.Protein,binary,0.5092,0.02184973928528439,20,MODERATE,Positive,True
CV.Catheter.in.6.Months,binary,Albumin,binary,-0.5092,0.021849739285284327,20,MODERATE,Negative,True
Total.Protein,binary,Mortality.in.Hospital,binary,-0.5092,0.021849739285284327,20,MODERATE,Negative,True
TLC,binary,Albumin,binary,0.5092,0.021849739285284327,20,MODERATE,Positive,True
TLC,binary,Mortality.in.Hospital,binary,-0.5092,0.021849739285284327,20,MODERATE,Negative,True
ANC,binary,Total.Protein,binary,0.5092,0.02184973928528439,20,MODERATE,Positive,True
Neutropenia,binary,Any.Fungal.Infection,binary,0.5092,0.02184973928528439,20,MODERATE,Positive,True
Hypothyroidism,binary,P.C.only.E,binary,0.5092,0.02184973928528439,20,MODERATE,Positive,True
P.C.only.E,binary,Mortality.in.Hospital,binary,0.5092,0.021849739285284327,20,MODERATE,Positive,True
TLC,binary,ANC,binary,0.5092,0.021849739285284327,20,MODERATE,Positive,True
Any.Fungal.Infection,binary,Trimethoprim.Sulfamethoxazole,ordinal,-0.5092,0.021849739285284327,20,MODERATE,Negative,True
Immunosuppressive.drugs.in.1.week,binary,Amikacin,ordinal,-0.5092,0.021849739285284327,20,MODERATE,Negative,True
Procalcitonin,binary,GW.Stay.in.28.Days,continuous,0.5083,0.02212583659582717,20,MODERATE,Positive,True
CV.Catheter.in.6.Months,binary,Any.Viral.Infection,binary,0.5044,0.023323667665014505,20,MODERATE,Positive,True
Height,continuous,Bil,binary,-0.5026,0.02392393065804104,20,MODERATE,Negative,True
Lympho,binary,Overall.Mortality,binary,-0.5025,0.02393891982461493,20,MODERATE,Negative,True
COPD,binary,Lympho,binary,-0.5,0.024769558804109703,20,MODERATE,Negative,True
HAP.CRO,binary,Inotropes,binary,0.5,0.024769558804109703,20,MODERATE,Positive,True
HAP.CRO,binary,Lympho,binary,-0.5,0.024769558804109703,20,MODERATE,Negative,True
Inotropes,binary,Ventilation,binary,0.5,0.024769558804109672,20,MODERATE,Positive,True
COPD,binary,Inotropes,binary,0.5,0.024769558804109703,20,MODERATE,Positive,True
Inotropes,binary,Overall.organ.support,binary,0.5,0.024769558804109672,20,MODERATE,Positive,True
Weight,continuous,Z.A.only.E,binary,0.4982,0.025378523032239336,20,WEAK,Positive,True
Hemat.Malignancy,binary,GW.Stay.in.28.Days,continuous,0.4933,0.027083670920004528,20,WEAK,Positive,True
Age,continuous,NDM,binary,0.4929,0.027235222531907764,20,WEAK,Positive,True
ALP,binary,Magnesium,binary,0.4924,0.027426867779009156,20,WEAK,Positive,True
Age,continuous,Sodium,binary,0.4915,0.02772788512176548,20,WEAK,Positive,True
COPD,binary,TLC,binary,-0.491,0.027928734793418775,20,WEAK,Negative,True
Ventilation,binary,Creatinine,binary,0.491,0.027928734793418775,20,WEAK,Positive,True
Globulin,binary,P.C.only.E,binary,-0.491,0.027928734793418775,20,WEAK,Negative,True
Overall.organ.support,binary,Creatinine,binary,0.491,0.027928734793418775,20,WEAK,Positive,True
NDM,binary,Globulin,binary,0.491,0.027928734793418775,20,WEAK,Positive,True
Overall.organ.support,binary,Relapse.post.28.Day.Discharge,binary,-0.4901,0.028258066481521703,20,WEAK,Negative,True
Ventilation,binary,Relapse.post.28.Day.Discharge,binary,-0.4901,0.028258066481521703,20,WEAK,Negative,True
Meropenem.T,binary,Other.Illness.Leading.to.Hospitalization.post.28.Days.Discharge,binary,-0.4901,0.028258066481521703,20,WEAK,Negative,True
GW.Stay.in.28.Days,continuous,Overall.Mortality,binary,-0.4868,0.029506293218559153,20,WEAK,Negative,True
Immunosuppressive.drugs.in.1.week,binary,P.C.Sulbactam.T,ordinal,-0.485,0.030206805738665025,20,WEAK,Negative,True
APACHEII,continuous,Total.Protein,binary,-0.4836,0.030749561724872084,20,WEAK,Negative,True
SOFA,continuous,ALP,binary,0.4828,0.031078399853720694,20,WEAK,Positive,True
Weight,continuous,VAP.CRO,binary,0.481,0.03180863134121128,20,WEAK,Positive,True
Age,continuous,Globulin,binary,0.4778,0.03311215703530388,20,WEAK,Positive,True
Surgery.in.last.3.Months,binary,ICU.Stay.in.28.Days,continuous,0.4766,0.03360407591626924,20,WEAK,Positive,True
GW.Stay.in.28.Days,continuous,Total.Hospital.Stay,continuous,0.4758,0.03395178405215976,20,WEAK,Positive,True
Total.Hospital.Stay,continuous,Relapse.post.28.Day.Discharge,binary,-0.4753,0.03416735413563382,20,WEAK,Negative,True
SOFA,continuous,Magnesium,binary,0.4724,0.03543110243740388,20,WEAK,Positive,True
Height,continuous,Solid.Organ,binary,-0.4717,0.03577673444912328,20,WEAK,Negative,True
CKD,ordinal,Procalcitonin,binary,0.4716,0.035815091770398655,20,WEAK,Positive,True
CAP.CRO,binary,Urinary.Catheter.in.6.Months,binary,0.4714,0.03588799881362989,20,WEAK,Positive,True
Solid.Organ,binary,Calcium,binary,-0.4714,0.03588799881362989,20,WEAK,Negative,True
Solid.Organ,binary,Magnesium,binary,-0.4714,0.03588799881362989,20,WEAK,Negative,True
Platelet,binary,Potassium,binary,0.4714,0.03588799881362989,20,WEAK,Positive,True
Sodium,binary,Calcium,binary,-0.4714,0.03588799881362989,20,WEAK,Negative,True
Potassium,binary,Calcium,binary,0.4714,0.03588799881362989,20,WEAK,Positive,True
Sodium,binary,Potassium,binary,-0.4667,0.03805538154050296,20,WEAK,Negative,True
Z.A.only.E,binary,P.C.only.T,binary,0.4644,0.039117834522409904,20,WEAK,Positive,True
Past.CREPA.infection,binary,Any.Viral.Infection,binary,0.4644,0.039117834522409904,20,WEAK,Positive,True
Magnesium,binary,ICU.Stay.in.28.Days,continuous,0.4637,0.039465953719059185,20,WEAK,Positive,True
Minocycline,ordinal,Overall.Mortality,binary,0.4631,0.039772145345175126,20,WEAK,Positive,True
P.C.Z.A.T,binary,Meropenem.T,binary,-0.4588,0.04186110551426142,20,WEAK,Negative,True
HAP.NCRO,binary,Globulin,binary,-0.4588,0.04186110551426142,20,WEAK,Negative,True
HAP.CRO,binary,P.C.Z.A.T,binary,0.4588,0.04186110551426142,20,WEAK,Positive,True
Z.A.only.T,binary,Meropenem.T,binary,-0.4588,0.04186110551426142,20,WEAK,Negative,True
COPD,binary,P.C.Z.A.E,binary,0.4588,0.04186110551426142,20,WEAK,Positive,True
HAP.CRO,binary,P.C.Z.A.E,binary,0.4588,0.04186110551426142,20,WEAK,Positive,True
Calcium,binary,Magnesium,binary,0.4583,0.04211264202397668,20,WEAK,Positive,True
Lympho,binary,GW.Stay.in.28.Days,continuous,0.4574,0.04256640496714301,20,WEAK,Positive,True
SOFA,continuous,Overall.Mortality,binary,0.4564,0.043078979897472475,20,WEAK,Positive,True
DM,binary,Hypothyroidism,binary,0.4543,0.044215258705731245,20,WEAK,Positive,True
DM,binary,Neutropenia,binary,0.4543,0.044215258705731245,20,WEAK,Positive,True
Any.Viral.Infection,binary,APACHEII,continuous,0.4542,0.044248052206597006,20,WEAK,Positive,True
SOFA,continuous,Mortality.in.Hospital,binary,0.4512,0.04582178697546725,20,WEAK,Positive,True
Procalcitonin,binary,Total.Hospital.Stay,continuous,0.4497,0.046659965611201684,20,WEAK,Positive,True
APACHEII,continuous,Mortality.in.Hospital,binary,0.449,0.047033466225764084,20,WEAK,Positive,True
Neither.Abx.E,binary,Amikacin,ordinal,-0.4444,0.049607842719054954,20,WEAK,Negative,True
ANC,binary,Albumin,binary,0.4444,0.049607842719054954,20,WEAK,Positive,True
Amikacin,ordinal,Mortality.post.28.Day.Discharge,binary,-0.4444,0.049607842719054954,20,WEAK,Negative,True
Trimethoprim.Sulfamethoxazole,ordinal,Mortality.post.28.Day.Discharge,binary,-0.4444,0.049607842719054954,20,WEAK,Negative,True
Neither.Abx.T,binary,Mortality.post.28.Day.Discharge,binary,0.4444,0.049607842719054954,20,WEAK,Positive,True
Neither.Abx.E,binary,Mortality.post.28.Day.Discharge,binary,0.4444,0.049607842719054954,20,WEAK,Positive,True
Neither.Abx.T,binary,Amikacin,ordinal,-0.4444,0.049607842719054954,20,WEAK,Negative,True
Albumin,binary,Neither.Abx.E,binary,-0.4444,0.049607842719054954,20,WEAK,Negative,True
Albumin,binary,Neither.Abx.T,binary,-0.4444,0.049607842719054954,20,WEAK,Negative,True
Ampicillin.Sulbactam,ordinal,Mortality.post.28.Day.Discharge,binary,-0.4444,0.049607842719054954,20,WEAK,Negative,True
Albumin,binary,Mortality.in.Hospital,binary,-0.4444,0.049607842719054954,20,WEAK,Negative,True
Trimethoprim.Sulfamethoxazole,ordinal,Ampicillin.Sulbactam,ordinal,0.4444,0.049607842719054954,20,WEAK,Positive,True
ANC,binary,Mortality.in.Hospital,binary,-0.4444,0.049607842719054954,20,WEAK,Negative,True
APACHEII,continuous,Magnesium,binary,0.4435,0.050154213296583205,20,WEAK,Positive,False
CV.Catheter.in.6.Months,binary,Urea,binary,0.4364,0.05437101667889855,20,WEAK,Positive,False
HTN,binary,Total.Protein,binary,-0.4364,0.05437101667889845,20,WEAK,Negative,False
Male,binary,TLC,binary,-0.4364,0.05437101667889845,20,WEAK,Negative,False
Female,binary,TLC,binary,0.4364,0.05437101667889845,20,WEAK,Positive,False
Surgery.in.last.3.Months,binary,SGOT,binary,-0.4364,0.05437101667889855,20,WEAK,Negative,False
Inotropes,binary,Any.Fungal.Infection,binary,0.4364,0.05437101667889845,20,WEAK,Positive,False
CV.Catheter.in.6.Months,binary,Lympho,binary,0.4364,0.05437101667889855,20,WEAK,Positive,False
HTN,binary,P.C.only.E,binary,0.4364,0.05437101667889845,20,WEAK,Positive,False
APACHEII,continuous,TLC,binary,-0.4362,0.054523444556903146,20,WEAK,Negative,False
DM,binary,Any.Fungal.Infection,binary,0.4346,0.05548933562575819,20,WEAK,Positive,False
DM,binary,P.C.only.E,binary,0.4346,0.05548933562575819,20,WEAK,Positive,False
Male,binary,Clinical.Improvement,ordinal,-0.4344,0.055642318247874224,20,WEAK,Negative,False
Female,binary,Clinical.Improvement,ordinal,0.4344,0.055642318247874224,20,WEAK,Positive,False
P.C.Sulbactam.T,ordinal,GW.Stay.in.28.Days,continuous,0.4316,0.05739991075999056,20,WEAK,Positive,False
NDM,binary,Creatinine,binary,-0.4286,0.059379774686065714,20,WEAK,Negative,False
Total.Hospital.Stay,continuous,Overall.Mortality,binary,-0.4286,0.05933540922228925,20,WEAK,Negative,False
Immunosuppressive.drugs.in.1.week,binary,P.C.only.E,binary,-0.4286,0.059379774686065714,20,WEAK,Negative,False
Immunosuppressive.drugs.in.1.week,binary,Total.Protein,binary,0.4286,0.059379774686065714,20,WEAK,Positive,False
Hospitalization.in.past.6.Months,binary,ICU.Stay.in.28.Days,continuous,0.428,0.05973979830883736,20,WEAK,Positive,False
Age,continuous,ALP,binary,0.4278,0.05986986926866422,20,WEAK,Positive,False
Height,continuous,Other.Illness.Leading.to.Hospitalization.post.28.Days.Discharge,binary,0.4259,0.06113766053803402,20,WEAK,Positive,False
Weight,continuous,Meropenem.T,binary,-0.423,0.06311072013244133,20,WEAK,Negative,False
Weight,continuous,HAP.CRO,binary,-0.423,0.06311072013244133,20,WEAK,Negative,False
Neither.Abx.T,binary,Total.Hospital.Stay,continuous,-0.4207,0.06474419260870368,20,WEAK,Negative,False
Neither.Abx.E,binary,Total.Hospital.Stay,continuous,-0.4207,0.06474419260870368,20,WEAK,Negative,False
Male,binary,Other.Illness.Leading.to.Hospitalization.post.28.Days.Discharge,binary,0.4201,0.06516948808048839,20,WEAK,Positive,False
Urea,binary,Other.Illness.Leading.to.Hospitalization.post.28.Days.Discharge,binary,-0.4201,0.06516948808048839,20,WEAK,Negative,False
Urea,binary,Z.A.only.E,binary,0.4201,0.06516948808048839,20,WEAK,Positive,False
Lympho,binary,Relapse.post.28.Day.Discharge,binary,0.4201,0.06516948808048839,20,WEAK,Positive,False
Past.CREPA.infection,binary,SGOT,binary,-0.4201,0.06516948808048839,20,WEAK,Negative,False
Female,binary,Other.Illness.Leading.to.Hospitalization.post.28.Days.Discharge,binary,-0.4201,0.06516948808048839,20,WEAK,Negative,False
Inotropes,binary,Relapse.post.28.Day.Discharge,binary,-0.4201,0.06516948808048839,20,WEAK,Negative,False
DM,binary,Hemat.Malignancy,binary,0.4193,0.06571510341057007,20,WEAK,Positive,False
Female,binary,Minocycline,ordinal,-0.4189,0.06604267199902723,20,WEAK,Negative,False
Male,binary,Minocycline,ordinal,0.4189,0.06604267199902723,20,WEAK,Positive,False
CKD,ordinal,Hypothyroidism,binary,0.4161,0.06803728865383515,20,WEAK,Positive,False
Total.Hospital.Stay,continuous,Other.Illness.Leading.to.Hospitalization.post.28.Days.Discharge,binary,-0.4144,0.06928708251717003,20,WEAK,Negative,False
P.C.only.T,binary,Overall.Mortality,binary,-0.4141,0.06946941191098843,20,WEAK,Negative,False
Any.Viral.Infection,binary,P.C.only.T,binary,-0.4141,0.06946941191098843,20,WEAK,Negative,False
Male,binary,GW.Stay.in.28.Days,continuous,-0.4126,0.07062365315389554,20,WEAK,Negative,False
Female,binary,GW.Stay.in.28.Days,continuous,0.4126,0.07062365315389554,20,WEAK,Positive,False
Age,continuous,Overall.Mortality,binary,0.4104,0.07230888342930225,20,WEAK,Positive,False
Inotropes,binary,Calcium,binary,0.4082,0.07394020035116582,20,WEAK,Positive,False
Inotropes,binary,Magnesium,binary,0.4082,0.07394020035116582,20,WEAK,Positive,False
HAP.CRO,binary,Urinary.Catheter.in.6.Months,binary,-0.4082,0.07394020035116583,20,WEAK,Negative,False
Hemat.Malignancy,binary,Calcium,binary,0.4082,0.07394020035116583,20,WEAK,Positive,False
Hemat.Malignancy,binary,Platelet,binary,0.4082,0.07394020035116583,20,WEAK,Positive,False
Calcium,binary,Mortality.post.28.Day.Discharge,binary,-0.4082,0.07394020035116583,20,WEAK,Negative,False
Female,binary,Calcium,binary,0.4082,0.07394020035116582,20,WEAK,Positive,False
Male,binary,Calcium,binary,-0.4082,0.07394020035116582,20,WEAK,Negative,False
Calcium,binary,Neither.Abx.E,binary,-0.4082,0.07394020035116583,20,WEAK,Negative,False
Calcium,binary,Neither.Abx.T,binary,-0.4082,0.07394020035116583,20,WEAK,Negative,False
Albumin,binary,Calcium,binary,0.4082,0.07394020035116583,20,WEAK,Positive,False
Urinary.Catheter.in.6.Months,binary,Urea,binary,0.4082,0.07394020035116582,20,WEAK,Positive,False
Urinary.Catheter.in.6.Months,binary,ANC,binary,-0.4082,0.07394020035116583,20,WEAK,Negative,False
Urinary.Catheter.in.6.Months,binary,Albumin,binary,-0.4082,0.07394020035116583,20,WEAK,Negative,False
SGOT,binary,Calcium,binary,0.4082,0.07394020035116582,20,WEAK,Positive,False
Hospitalization.in.past.6.Months,binary,Urea,binary,0.4082,0.07394020035116582,20,WEAK,Positive,False
ANC,binary,Calcium,binary,0.4082,0.07394020035116583,20,WEAK,Positive,False
Hospitalization.in.past.6.Months,binary,Mortality.post.28.Day.Discharge,binary,-0.4082,0.07394020035116583,20,WEAK,Negative,False
BSI.CRO,binary,P.C.only.T,binary,0.4062,0.07555817758794225,20,WEAK,Positive,False
Age,continuous,Mortality.in.Hospital,binary,0.4054,0.0761652766691269,20,WEAK,Positive,False
VAP.CRO,binary,Z.A.only.E,binary,0.4042,0.07711268133966767,20,WEAK,Positive,False
Z.A.only.E,binary,Mortality.in.ICU,binary,0.4042,0.07711268133966767,20,WEAK,Positive,False
CAP.CRO,binary,Relapse.post.28.Day.Discharge,binary,0.4042,0.07711268133966767,20,WEAK,Positive,False
Sodium,binary,Z.A.only.E,binary,-0.4042,0.07711268133966767,20,WEAK,Negative,False
Past.CREPA.infection,binary,Potassium,binary,0.4042,0.07711268133966767,20,WEAK,Positive,False
CAP.CRO,binary,Other.Illness.Leading.to.Hospitalization.post.28.Days.Discharge,binary,0.4042,0.07711268133966767,20,WEAK,Positive,False
ICU.Stay.in.28.Days,continuous,Relapse.post.28.Day.Discharge,binary,-0.4037,0.07750919978284265,20,WEAK,Negative,False
Height,continuous,Meropenem.T,binary,-0.4019,0.07895538650252965,20,WEAK,Negative,False
Height,continuous,Any.Viral.Infection,binary,0.4018,0.07908485194135373,20,WEAK,Positive,False
Inotropes,binary,Urea,binary,0.4,0.08055387210850923,20,WEAK,Positive,False
Age,continuous,Bil,binary,-0.3981,0.08213024813147633,20,WEAK,Negative,False
Solid.Organ,binary,Z.A.only.T,binary,-0.3974,0.08276084085658228,20,WEAK,Negative,False
P.C.Z.A.E,binary,Mortality.in.ICU,binary,0.3974,0.08276084085658242,20,WEAK,Positive,False
Other.CRO,binary,Sodium,binary,-0.3974,0.08276084085658242,20,WEAK,Negative,False
VAP.CRO,binary,Z.A.only.T,binary,0.3974,0.08276084085658228,20,WEAK,Positive,False
BSI.CRO,binary,HAP.NCRO,binary,0.3974,0.08276084085658228,20,WEAK,Positive,False
HAP.NCRO,binary,Sodium,binary,-0.3974,0.08276084085658242,20,WEAK,Negative,False
Other.CRO,binary,Potassium,binary,0.3974,0.08276084085658242,20,WEAK,Positive,False
TB,binary,Potassium,binary,0.3974,0.08276084085658242,20,WEAK,Positive,False
TB,binary,Sodium,binary,-0.3974,0.08276084085658242,20,WEAK,Negative,False
Potassium,binary,P.C.Z.A.E,binary,0.3974,0.08276084085658228,20,WEAK,Positive,False
Z.A.only.T,binary,Mortality.in.ICU,binary,0.3974,0.08276084085658242,20,WEAK,Positive,False
P.C.Sulbactam.T,ordinal,Clinical.Improvement,ordinal,0.3973,0.08278960751240554,20,WEAK,Positive,False
SOFA,continuous,Minocycline,ordinal,0.3963,0.08365967270235729,20,WEAK,Positive,False
Clinical.Improvement,ordinal,Mortality.post.28.Day.Discharge,binary,-0.3949,0.08485747455826237,20,WEAK,Negative,False
Trimethoprim.Sulfamethoxazole,ordinal,Clinical.Improvement,ordinal,0.3949,0.08485747455826237,20,WEAK,Positive,False
Any.Viral.Infection,binary,ALP,binary,0.3939,0.08568594723977668,20,WEAK,Positive,False
Height,continuous,Weight,continuous,0.3937,0.0859233494088663,20,WEAK,Positive,False
Globulin,binary,GW.Stay.in.28.Days,continuous,-0.3924,0.08701638806269786,20,WEAK,Negative,False
Height,continuous,Hemat.Malignancy,binary,0.3911,0.08818700327593078,20,WEAK,Positive,False
APACHEII,continuous,Amikacin,ordinal,0.3911,0.08818700327593088,20,WEAK,Positive,False
HAP.NCRO,binary,GW.Stay.in.28.Days,continuous,0.391,0.08828844572645625,20,WEAK,Positive,False
Female,binary,Total.Hospital.Stay,continuous,0.383,0.09558148211023972,20,WEAK,Positive,False
Male,binary,Total.Hospital.Stay,continuous,-0.383,0.09558148211023972,20,WEAK,Negative,False
Height,continuous,HTN,binary,-0.3824,0.09612602960347753,20,WEAK,Negative,False
Male,binary,Height,continuous,0.3824,0.09612602960347753,20,WEAK,Positive,False
Female,binary,Height,continuous,-0.3824,0.09612602960347753,20,WEAK,Negative,False
Magnesium,binary,Total.Hospital.Stay,continuous,0.382,0.09651047144113666,20,WEAK,Positive,False
SOFA,continuous,Z.A.only.T,binary,0.3807,0.09773661088680591,20,WEAK,Positive,False
P.C.only.T,binary,Other.Illness.Leading.to.Hospitalization.post.28.Days.Discharge,binary,-0.38,0.0984187650625051,20,WEAK,Negative,False
ALP,binary,Relapse.post.28.Day.Discharge,binary,-0.38,0.0984187650625051,20,WEAK,Negative,False
ALP,binary,Other.Illness.Leading.to.Hospitalization.post.28.Days.Discharge,binary,-0.38,0.0984187650625051,20,WEAK,Negative,False
P.C.only.T,binary,Minocycline,ordinal,-0.3789,0.09948994288035902,20,WEAK,Negative,False
Height,continuous,TB,binary,-0.3788,0.0995360481307766,20,WEAK,Negative,False
Height,continuous,Other.CRO,binary,-0.3788,0.0995360481307766,20,WEAK,Negative,False
APACHEII,continuous,Z.A.only.T,binary,0.3788,0.0995360481307766,20,WEAK,Positive,False
Age,continuous,Z.A.only.T,binary,0.3787,0.09967435274990238,20,WEAK,Positive,False
Age,continuous,Other.CRO,binary,-0.3787,0.09967435274990238,20,WEAK,Negative,False
Age,continuous,TB,binary,-0.3787,0.09967435274990238,20,WEAK,Negative,False
Trimethoprim.Sulfamethoxazole,ordinal,ICU.Stay.in.28.Days,continuous,-0.3786,0.09974390790829568,20,WEAK,Negative,False
Weight,continuous,TB,binary,-0.3782,0.10008916547882893,20,WEAK,Negative,False
Weight,continuous,Other.CRO,binary,-0.3782,0.10008916547882893,20,WEAK,Negative,False
Any.Fungal.Infection,binary,Sodium,binary,-0.378,0.10036562194728656,20,WEAK,Negative,False
Sodium,binary,P.C.only.E,binary,0.378,0.10036562194728656,20,WEAK,Positive,False
Bil,binary,Mortality.in.ICU,binary,0.378,0.10036562194728656,20,WEAK,Positive,False
CAP.CRO,binary,Any.Fungal.Infection,binary,-0.378,0.10036562194728656,20,WEAK,Negative,False
TLC,binary,Potassium,binary,0.378,0.10036562194728656,20,WEAK,Positive,False
CAP.CRO,binary,Total.Protein,binary,-0.378,0.10036562194728656,20,WEAK,Negative,False
TLC,binary,Sodium,binary,-0.378,0.10036562194728656,20,WEAK,Negative,False
NDM,binary,Solid.Organ,binary,-0.378,0.10036562194728656,20,WEAK,Negative,False
Total.Protein,binary,Sodium,binary,-0.378,0.10036562194728656,20,WEAK,Negative,False
Any.Fungal.Infection,binary,Potassium,binary,0.378,0.10036562194728656,20,WEAK,Positive,False
Any.Fungal.Infection,binary,Mortality.in.ICU,binary,0.378,0.10036562194728656,20,WEAK,Positive,False
Bil,binary,Potassium,binary,0.378,0.10036562194728656,20,WEAK,Positive,False
NDM,binary,CAP.CRO,binary,0.378,0.10036562194728656,20,WEAK,Positive,False
VAP.CRO,binary,Immunosuppressive.drugs.in.1.week,binary,0.378,0.10036562194728656,20,WEAK,Positive,False
VAP.CRO,binary,Surgery.in.last.3.Months,binary,0.378,0.10036562194728656,20,WEAK,Positive,False
CAP.CRO,binary,Creatinine,binary,0.378,0.10036562194728656,20,WEAK,Positive,False
CAP.CRO,binary,P.C.only.E,binary,0.378,0.10036562194728656,20,WEAK,Positive,False
VAP.CRO,binary,Total.Protein,binary,0.378,0.10036562194728656,20,WEAK,Positive,False
BSI.CRO,binary,Bil,binary,0.378,0.10036562194728656,20,WEAK,Positive,False
VAP.CRO,binary,TLC,binary,0.378,0.10036562194728656,20,WEAK,Positive,False
Bil,binary,Sodium,binary,-0.378,0.10036562194728656,20,WEAK,Negative,False
Z.A.only.T,binary,P.C.Sulbactam.T,ordinal,-0.3769,0.10144638118727865,20,WEAK,Negative,False
Height,continuous,Hypothyroidism,binary,-0.3766,0.1017011086666698,20,WEAK,Negative,False
Age,continuous,P.C.only.T,binary,-0.3754,0.10284104172752716,20,WEAK,Negative,False
Hospitalization.in.past.6.Months,binary,Calcium,binary,0.375,0.10327938654879654,20,WEAK,Positive,False
Platelet,binary,SGPT,binary,0.375,0.10327938654879654,20,WEAK,Positive,False
Magnesium,binary,P.C.Sulbactam.T,ordinal,-0.3748,0.1035179268706443,20,WEAK,Negative,False
Total.Protein,binary,P.C.only.T,binary,0.3728,0.1054414903164183,20,WEAK,Positive,False
Surgery.in.last.3.Months,binary,Overall.Mortality,binary,-0.3728,0.1054414903164183,20,WEAK,Negative,False
CV.Catheter.in.6.Months,binary,P.C.only.T,binary,-0.3728,0.1054414903164183,20,WEAK,Negative,False
NDM,binary,Any.Viral.Infection,binary,0.3728,0.1054414903164183,20,WEAK,Positive,False
Total.Hospital.Stay,continuous,Mortality.in.ICU,binary,-0.3719,0.10642809131471768,20,WEAK,Negative,False
Weight,continuous,Mortality.in.ICU,binary,0.3707,0.107571095524137,20,WEAK,Positive,False
CKD,ordinal,Total.Hospital.Stay,continuous,0.3701,0.10820210425249313,20,WEAK,Positive,False
CV.Catheter.in.6.Months,binary,APACHEII,continuous,0.3698,0.10852567314870888,20,WEAK,Positive,False
Weight,continuous,NDM,binary,0.3693,0.10910053828503016,20,WEAK,Positive,False
Mortality.post.28.Day.Discharge,binary,Overall.Mortality,binary,0.3685,0.10986793929626806,20,WEAK,Positive,False
Neutropenia,binary,Any.Viral.Infection,binary,0.3685,0.10986793929626806,20,WEAK,Positive,False
Trimethoprim.Sulfamethoxazole,ordinal,Overall.Mortality,binary,-0.3685,0.10986793929626806,20,WEAK,Negative,False
Any.Viral.Infection,binary,Albumin,binary,-0.3685,0.10986793929626806,20,WEAK,Negative,False
Neutropenia,binary,P.C.only.T,binary,0.3685,0.10986793929626806,20,WEAK,Positive,False
ALP,binary,Mortality.in.Hospital,binary,0.3685,0.10986793929626806,20,WEAK,Positive,False
Mortality.in.Hospital,binary,Overall.Mortality,binary,0.3685,0.10986793929626806,20,WEAK,Positive,False
Any.Viral.Infection,binary,Mortality.in.Hospital,binary,0.3685,0.10986793929626806,20,WEAK,Positive,False
ANC,binary,Overall.Mortality,binary,-0.3685,0.10986793929626806,20,WEAK,Negative,False
CKD,ordinal,ALP,binary,0.368,0.11039934460538232,20,WEAK,Positive,False
DM,binary,Overall.organ.support,binary,0.3669,0.11155368004324742,20,WEAK,Positive,False
DM,binary,Ventilation,binary,0.3669,0.11155368004324742,20,WEAK,Positive,False
SOFA,continuous,Lympho,binary,-0.3668,0.11164187833843994,20,WEAK,Negative,False
Immunosuppressive.drugs.in.1.week,binary,Clinical.Improvement,ordinal,-0.3662,0.11224812066429367,20,WEAK,Negative,False
Any.Fungal.Infection,binary,Clinical.Improvement,ordinal,-0.3662,0.11224812066429367,20,WEAK,Negative,False
SOFA,continuous,GW.Stay.in.28.Days,continuous,-0.3647,0.11392822860654807,20,WEAK,Negative,False
Surgery.in.last.3.Months,binary,Total.Hospital.Stay,continuous,0.3609,0.11800999661915658,20,WEAK,Positive,False
HAP.NCRO,binary,Total.Hospital.Stay,continuous,0.3594,0.11960282684909632,20,WEAK,Positive,False
Trimethoprim.Sulfamethoxazole,ordinal,GW.Stay.in.28.Days,continuous,0.3588,0.12032028925648,20,WEAK,Positive,False
Weight,continuous,COPD,binary,-0.358,0.12123717200356054,20,WEAK,Negative,False
Age,continuous,Any.Viral.Infection,binary,0.358,0.12120648242110155,20,WEAK,Positive,False
COPD,binary,Clinical.Improvement,ordinal,-0.3579,0.12132040968048086,20,WEAK,Negative,False
Meropenem.T,binary,Clinical.Improvement,ordinal,0.3579,0.12132040968048086,20,WEAK,Positive,False
HAP.CRO,binary,Clinical.Improvement,ordinal,-0.3579,0.12132040968048086,20,WEAK,Negative,False
Ventilation,binary,Calcium,binary,0.3572,0.12205829246280527,20,WEAK,Positive,False
Platelet,binary,Globulin,binary,0.3572,0.12205829246280529,20,WEAK,Positive,False
Hemat.Malignancy,binary,Magnesium,binary,0.3572,0.12205829246280527,20,WEAK,Positive,False
Overall.organ.support,binary,Platelet,binary,0.3572,0.12205829246280527,20,WEAK,Positive,False
Overall.organ.support,binary,Calcium,binary,0.3572,0.12205829246280527,20,WEAK,Positive,False
Ventilation,binary,Platelet,binary,0.3572,0.12205829246280527,20,WEAK,Positive,False
HAP.CRO,binary,Hospitalization.in.past.6.Months,binary,-0.3572,0.12205829246280527,20,WEAK,Negative,False
COPD,binary,Magnesium,binary,0.3572,0.12205829246280527,20,WEAK,Positive,False
Urinary.Catheter.in.6.Months,binary,TLC,binary,-0.3563,0.12303435412418114,20,WEAK,Negative,False
Immunosuppressive.drugs.in.1.week,binary,Magnesium,binary,0.3563,0.12303435412418114,20,WEAK,Positive,False
Magnesium,binary,P.C.only.E,binary,0.3563,0.12303435412418114,20,WEAK,Positive,False
NDM,binary,Platelet,binary,0.3563,0.12303435412418114,20,WEAK,Positive,False
Immunosuppressive.drugs.in.1.week,binary,SGPT,binary,-0.3563,0.12303435412418114,20,WEAK,Negative,False
Urinary.Catheter.in.6.Months,binary,P.C.only.E,binary,0.3563,0.12303435412418114,20,WEAK,Positive,False
Surgery.in.last.3.Months,binary,Platelet,binary,-0.3563,0.12303435412418114,20,WEAK,Negative,False
Urinary.Catheter.in.6.Months,binary,Bil,binary,0.3563,0.12303435412418114,20,WEAK,Positive,False
TLC,binary,Calcium,binary,0.3563,0.12303435412418114,20,WEAK,Positive,False
CV.Catheter.in.6.Months,binary,Magnesium,binary,0.3563,0.12303435412418114,20,WEAK,Positive,False
Age,continuous,P.C.Sulbactam.T,ordinal,-0.3563,0.12303407566977016,20,WEAK,Negative,False
SOFA,continuous,Relapse.post.28.Day.Discharge,binary,-0.3547,0.12494732377589081,20,WEAK,Negative,False
SOFA,continuous,Mortality.in.ICU,binary,0.353,0.12688371373959828,20,WEAK,Positive,False
APACHEII,continuous,Minocycline,ordinal,0.3525,0.12743878291735386,20,WEAK,Positive,False
Any.Fungal.Infection,binary,GW.Stay.in.28.Days,continuous,-0.3523,0.1276414987186866,20,WEAK,Negative,False
Any.Fungal.Infection,binary,P.C.Z.A.T,binary,0.3504,0.1298210799753706,20,WEAK,Positive,False
Any.Fungal.Infection,binary,Minocycline,ordinal,0.3504,0.12989860348775992,20,WEAK,Positive,False
CV.Catheter.in.6.Months,binary,Minocycline,ordinal,0.3504,0.12989860348775992,20,WEAK,Positive,False
TLC,binary,Minocycline,ordinal,-0.3504,0.12989860348775992,20,WEAK,Negative,False
P.C.only.E,binary,Minocycline,ordinal,0.3504,0.12989860348775992,20,WEAK,Positive,False
Creatinine,binary,P.C.Z.A.E,binary,-0.3504,0.1298210799753706,20,WEAK,Negative,False
Other.CRO,binary,Bil,binary,0.3504,0.1298210799753706,20,WEAK,Positive,False
Any.Fungal.Infection,binary,P.C.Z.A.E,binary,0.3504,0.1298210799753706,20,WEAK,Positive,False
NDM,binary,Other.CRO,binary,-0.3504,0.1298210799753706,20,WEAK,Negative,False
NDM,binary,P.C.Z.A.T,binary,-0.3504,0.1298210799753706,20,WEAK,Negative,False
NDM,binary,TB,binary,-0.3504,0.1298210799753706,20,WEAK,Negative,False
NDM,binary,HAP.NCRO,binary,-0.3504,0.1298210799753706,20,WEAK,Negative,False
Immunosuppressive.drugs.in.1.week,binary,Z.A.only.T,binary,0.3504,0.1298210799753706,20,WEAK,Positive,False
Total.Protein,binary,Minocycline,ordinal,-0.3504,0.12989860348775992,20,WEAK,Negative,False
NDM,binary,Minocycline,ordinal,-0.3504,0.12989860348775992,20,WEAK,Negative,False
TB,binary,Bil,binary,0.3504,0.1298210799753706,20,WEAK,Positive,False
APACHEII,continuous,Overall.Mortality,binary,0.3494,0.1310635183597931,20,WEAK,Positive,False
SOFA,continuous,ANC,binary,-0.3493,0.13110120446115217,20,WEAK,Negative,False
Total.Hospital.Stay,continuous,Mortality.post.28.Day.Discharge,binary,-0.3482,0.1325124933998191,20,WEAK,Negative,False
NDM,binary,P.C.Sulbactam.T,ordinal,-0.3479,0.1327919670844424,20,WEAK,Negative,False
Calcium,binary,Total.Hospital.Stay,continuous,0.3465,0.1345470518831123,20,WEAK,Positive,False
Female,binary,CAP.CRO,binary,-0.3464,0.13459627440392588,20,WEAK,Negative,False
Urea,binary,Mortality.in.ICU,binary,0.3464,0.13459627440392588,20,WEAK,Positive,False
Male,binary,Sodium,binary,0.3464,0.13459627440392588,20,WEAK,Positive,False
Male,binary,CAP.CRO,binary,0.3464,0.13459627440392588,20,WEAK,Positive,False
Female,binary,Sodium,binary,-0.3464,0.13459627440392588,20,WEAK,Negative,False
Solid.Organ,binary,SGOT,binary,-0.3464,0.13459627440392583,20,WEAK,Negative,False
Hemat.Malignancy,binary,Clinical.Improvement,ordinal,0.3455,0.1356476892094636,20,WEAK,Positive,False
APACHEII,continuous,GW.Stay.in.28.Days,continuous,-0.3453,0.13590730941542645,20,WEAK,Negative,False
SGPT,binary,P.C.Sulbactam.T,ordinal,0.3452,0.13608659827320568,20,WEAK,Positive,False
Magnesium,binary,Other.Illness.Leading.to.Hospitalization.post.28.Days.Discharge,binary,-0.343,0.1387381850508507,20,WEAK,Negative,False
Hospitalization.in.past.6.Months,binary,Z.A.only.E,binary,0.343,0.1387381850508507,20,WEAK,Positive,False
Hospitalization.in.past.6.Months,binary,Past.CREPA.infection,binary,0.343,0.1387381850508507,20,WEAK,Positive,False
Platelet,binary,Z.A.only.E,binary,0.343,0.1387381850508507,20,WEAK,Positive,False
Magnesium,binary,Relapse.post.28.Day.Discharge,binary,-0.343,0.1387381850508507,20,WEAK,Negative,False
SGPT,binary,Minocycline,ordinal,0.342,0.1399739689674196,20,WEAK,Positive,False
Urea,binary,GW.Stay.in.28.Days,continuous,-0.3408,0.1414043128004469,20,WEAK,Negative,False
APACHEII,continuous,Relapse.post.28.Day.Discharge,binary,-0.3407,0.14152050290279042,20,WEAK,Negative,False
TB,binary,APACHEII,continuous,-0.3389,0.14377231308655047,20,WEAK,Negative,False
Other.CRO,binary,APACHEII,continuous,-0.3389,0.14377231308655047,20,WEAK,Negative,False
Height,continuous,P.C.Z.A.T,binary,0.3389,0.14377231308655047,20,WEAK,Positive,False
Age,continuous,HAP.NCRO,binary,-0.3388,0.14393326157179717,20,WEAK,Negative,False
Globulin,binary,Total.Hospital.Stay,continuous,-0.3373,0.14588163601458426,20,WEAK,Negative,False
Age,continuous,HAP.CRO,binary,0.3366,0.1466924849457967,20,WEAK,Positive,False
Surgery.in.last.3.Months,binary,Past.CREPA.infection,binary,0.3361,0.14735126963786113,20,WEAK,Positive,False
Bil,binary,Z.A.only.E,binary,0.3361,0.14735126963786113,20,WEAK,Positive,False
Surgery.in.last.3.Months,binary,Z.A.only.E,binary,0.3361,0.14735126963786113,20,WEAK,Positive,False
Past.CREPA.infection,binary,Any.Fungal.Infection,binary,0.3361,0.14735126963786113,20,WEAK,Positive,False
Any.Fungal.Infection,binary,Z.A.only.E,binary,0.3361,0.14735126963786113,20,WEAK,Positive,False
Creatinine,binary,Z.A.only.E,binary,-0.3361,0.14735126963786113,20,WEAK,Negative,False
Immunosuppressive.drugs.in.1.week,binary,Z.A.only.E,binary,0.3361,0.14735126963786113,20,WEAK,Positive,False
CV.Catheter.in.6.Months,binary,Past.CREPA.infection,binary,0.3361,0.14735126963786113,20,WEAK,Positive,False
Past.CREPA.infection,binary,Creatinine,binary,-0.3361,0.14735126963786113,20,WEAK,Negative,False
Any.Viral.Infection,binary,SOFA,continuous,0.3336,0.15066501844641805,20,WEAK,Positive,False
Lympho,binary,Trimethoprim.Sulfamethoxazole,ordinal,0.3333,0.1509504521842673,20,WEAK,Positive,False
Lympho,binary,Ampicillin.Sulbactam,ordinal,0.3333,0.1509504521842673,20,WEAK,Positive,False
Female,binary,ANC,binary,0.3333,0.1509504521842673,20,WEAK,Positive,False
Male,binary,Albumin,binary,-0.3333,0.1509504521842673,20,WEAK,Negative,False
Female,binary,Albumin,binary,0.3333,0.1509504521842673,20,WEAK,Positive,False
CAP.CRO,binary,Sodium,binary,0.3333,0.15095045218426734,20,WEAK,Positive,False
Inotropes,binary,Trimethoprim.Sulfamethoxazole,ordinal,-0.3333,0.1509504521842673,20,WEAK,Negative,False
VAP.CRO,binary,BSI.CRO,binary,-0.3333,0.15095045218426734,20,WEAK,Negative,False
Inotropes,binary,Neither.Abx.T,binary,-0.3333,0.1509504521842673,20,WEAK,Negative,False
Inotropes,binary,Amikacin,ordinal,0.3333,0.1509504521842673,20,WEAK,Positive,False
VAP.CRO,binary,CAP.CRO,binary,-0.3333,0.15095045218426734,20,WEAK,Negative,False
Urea,binary,Mortality.post.28.Day.Discharge,binary,-0.3333,0.1509504521842673,20,WEAK,Negative,False
Urea,binary,Neither.Abx.E,binary,-0.3333,0.1509504521842673,20,WEAK,Negative,False
Urea,binary,Neither.Abx.T,binary,-0.3333,0.1509504521842673,20,WEAK,Negative,False
Urea,binary,Amikacin,ordinal,0.3333,0.1509504521842673,20,WEAK,Positive,False
Urea,binary,Ampicillin.Sulbactam,ordinal,0.3333,0.1509504521842673,20,WEAK,Positive,False
HTN,binary,Hypothyroidism,binary,0.3333,0.1509504521842673,20,WEAK,Positive,False
ANC,binary,SGOT,binary,0.3333,0.15095045218426734,20,WEAK,Positive,False
Inotropes,binary,Procalcitonin,binary,0.3333,0.1509504521842673,20,WEAK,Positive,False
Inotropes,binary,Albumin,binary,0.3333,0.1509504521842673,20,WEAK,Positive,False
SGOT,binary,Albumin,binary,0.3333,0.1509504521842673,20,WEAK,Positive,False
SGOT,binary,Procalcitonin,binary,0.3333,0.1509504521842673,20,WEAK,Positive,False
SGOT,binary,Ampicillin.Sulbactam,ordinal,0.3333,0.1509504521842673,20,WEAK,Positive,False
Lympho,binary,Procalcitonin,binary,0.3333,0.1509504521842673,20,WEAK,Positive,False
Lympho,binary,Albumin,binary,-0.3333,0.1509504521842673,20,WEAK,Negative,False
Female,binary,Neither.Abx.T,binary,-0.3333,0.1509504521842673,20,WEAK,Negative,False
Neutropenia,binary,Lympho,binary,0.3333,0.15095045218426734,20,WEAK,Positive,False
Female,binary,Neither.Abx.E,binary,-0.3333,0.1509504521842673,20,WEAK,Negative,False
Hypothyroidism,binary,Lympho,binary,0.3333,0.15095045218426734,20,WEAK,Positive,False
Female,binary,Mortality.post.28.Day.Discharge,binary,-0.3333,0.1509504521842673,20,WEAK,Negative,False
Lympho,binary,Neither.Abx.E,binary,0.3333,0.1509504521842673,20,WEAK,Positive,False
HTN,binary,Albumin,binary,-0.3333,0.1509504521842673,20,WEAK,Negative,False
HTN,binary,Procalcitonin,binary,-0.3333,0.1509504521842673,20,WEAK,Negative,False
HTN,binary,Mortality.in.Hospital,binary,0.3333,0.1509504521842673,20,WEAK,Positive,False
HTN,binary,Mortality.post.28.Day.Discharge,binary,-0.3333,0.1509504521842673,20,WEAK,Negative,False
Lympho,binary,Neither.Abx.T,binary,0.3333,0.1509504521842673,20,WEAK,Positive,False
HTN,binary,Ampicillin.Sulbactam,ordinal,0.3333,0.1509504521842673,20,WEAK,Positive,False
Inotropes,binary,Neither.Abx.E,binary,-0.3333,0.1509504521842673,20,WEAK,Negative,False
Inotropes,binary,ANC,binary,0.3333,0.1509504521842673,20,WEAK,Positive,False
ANC,binary,Urea,binary,-0.3333,0.15095045218426734,20,WEAK,Negative,False
Male,binary,Neither.Abx.E,binary,0.3333,0.1509504521842673,20,WEAK,Positive,False
Male,binary,Mortality.post.28.Day.Discharge,binary,0.3333,0.1509504521842673,20,WEAK,Positive,False
CAP.CRO,binary,BSI.CRO,binary,-0.3333,0.15095045218426734,20,WEAK,Negative,False
CAP.CRO,binary,Mortality.in.ICU,binary,-0.3333,0.15095045218426734,20,WEAK,Negative,False
Male,binary,Hypothyroidism,binary,-0.3333,0.1509504521842673,20,WEAK,Negative,False
Male,binary,Neither.Abx.T,binary,0.3333,0.1509504521842673,20,WEAK,Positive,False
Female,binary,Hypothyroidism,binary,0.3333,0.1509504521842673,20,WEAK,Positive,False
Male,binary,ANC,binary,-0.3333,0.1509504521842673,20,WEAK,Negative,False
Height,continuous,Neutropenia,binary,0.3331,0.15119634649914845,20,WEAK,Positive,False
Age,continuous,Albumin,binary,-0.333,0.15136019849081242,20,WEAK,Negative,False
Female,binary,CKD,ordinal,0.3329,0.15155241782202514,20,WEAK,Positive,False
CKD,ordinal,SGOT,binary,0.3329,0.15155241782202514,20,WEAK,Positive,False
CKD,ordinal,Lympho,binary,0.3329,0.15155241782202514,20,WEAK,Positive,False
CKD,ordinal,Inotropes,binary,0.3329,0.15155241782202514,20,WEAK,Positive,False
Male,binary,CKD,ordinal,-0.3329,0.15155241782202514,20,WEAK,Negative,False
Weight,continuous,Hypothyroidism,binary,-0.3326,0.1518513818398932,20,WEAK,Negative,False
Age,continuous,Creatinine,binary,-0.3318,0.15301084081373006,20,WEAK,Negative,False
Solid.Organ,binary,GW.Stay.in.28.Days,continuous,-0.3314,0.15344920472968698,20,WEAK,Negative,False
Platelet,binary,Overall.Mortality,binary,0.3282,0.1576739555881304,20,WEAK,Positive,False
SGPT,binary,Overall.Mortality,binary,0.3282,0.1576739555881304,20,WEAK,Positive,False
Any.Viral.Infection,binary,Calcium,binary,0.3282,0.1576739555881304,20,WEAK,Positive,False
Hospitalization.in.past.6.Months,binary,ALP,binary,0.3282,0.1576739555881304,20,WEAK,Positive,False
P.C.only.E,binary,Meropenem.T,binary,0.3273,0.1589072599372211,20,WEAK,Positive,False
Creatinine,binary,Meropenem.T,binary,-0.3273,0.1589072599372211,20,WEAK,Negative,False
Immunosuppressive.drugs.in.1.week,binary,Globulin,binary,0.3273,0.1589072599372211,20,WEAK,Positive,False
NDM,binary,Hemat.Malignancy,binary,0.3273,0.1589072599372211,20,WEAK,Positive,False
NDM,binary,Ventilation,binary,-0.3273,0.1589072599372211,20,WEAK,Negative,False
Ventilation,binary,P.C.only.E,binary,0.3273,0.1589072599372211,20,WEAK,Positive,False
HAP.CRO,binary,CV.Catheter.in.6.Months,binary,-0.3273,0.1589072599372211,20,WEAK,Negative,False
Overall.organ.support,binary,Any.Fungal.Infection,binary,0.3273,0.1589072599372211,20,WEAK,Positive,False
Globulin,binary,Creatinine,binary,-0.3273,0.1589072599372211,20,WEAK,Negative,False
Ventilation,binary,Any.Fungal.Infection,binary,0.3273,0.1589072599372211,20,WEAK,Positive,False
NDM,binary,Overall.organ.support,binary,-0.3273,0.1589072599372211,20,WEAK,Negative,False
Overall.organ.support,binary,P.C.only.E,binary,0.3273,0.1589072599372211,20,WEAK,Positive,False
HAP.CRO,binary,Bil,binary,-0.3273,0.1589072599372211,20,WEAK,Negative,False
Albumin,binary,Relapse.post.28.Day.Discharge,binary,-0.3267,0.15971068077877607,20,WEAK,Negative,False
Albumin,binary,Other.Illness.Leading.to.Hospitalization.post.28.Days.Discharge,binary,-0.3267,0.15971068077877607,20,WEAK,Negative,False
ANC,binary,Z.A.only.E,binary,-0.3267,0.15971068077877607,20,WEAK,Negative,False
Mortality.post.28.Day.Discharge,binary,Relapse.post.28.Day.Discharge,binary,0.3267,0.15971068077877607,20,WEAK,Positive,False
Z.A.only.E,binary,Trimethoprim.Sulfamethoxazole,ordinal,-0.3267,0.15971068077877607,20,WEAK,Negative,False
Past.CREPA.infection,binary,Neither.Abx.E,binary,0.3267,0.15971068077877607,20,WEAK,Positive,False
Amikacin,ordinal,Relapse.post.28.Day.Discharge,binary,-0.3267,0.15971068077877607,20,WEAK,Negative,False
Past.CREPA.infection,binary,Neither.Abx.T,binary,0.3267,0.15971068077877607,20,WEAK,Positive,False
Ampicillin.Sulbactam,ordinal,Other.Illness.Leading.to.Hospitalization.post.28.Days.Discharge,binary,-0.3267,0.15971068077877607,20,WEAK,Negative,False
Trimethoprim.Sulfamethoxazole,ordinal,Other.Illness.Leading.to.Hospitalization.post.28.Days.Discharge,binary,-0.3267,0.15971068077877607,20,WEAK,Negative,False
Neutropenia,binary,Z.A.only.E,binary,0.3267,0.15971068077877607,20,WEAK,Positive,False
Amikacin,ordinal,Other.Illness.Leading.to.Hospitalization.post.28.Days.Discharge,binary,-0.3267,0.15971068077877607,20,WEAK,Negative,False
Past.CREPA.infection,binary,Neutropenia,binary,0.3267,0.15971068077877607,20,WEAK,Positive,False
Past.CREPA.infection,binary,Albumin,binary,-0.3267,0.15971068077877607,20,WEAK,Negative,False
APACHEII,continuous,Meropenem.T,binary,-0.3259,0.16083622144049728,20,WEAK,Negative,False
Age,continuous,Meropenem.T,binary,-0.3258,0.16100352375898463,20,WEAK,Negative,False
APACHEII,continuous,ICU.Stay.in.28.Days,continuous,0.325,0.1620857700243718,20,WEAK,Positive,False
P.C.Sulbactam.T,ordinal,Mortality.in.ICU,binary,-0.3236,0.16402425475525614,20,WEAK,Negative,False
Amikacin,ordinal,P.C.Sulbactam.T,ordinal,0.3221,0.1660702186424301,20,WEAK,Positive,False
Age,continuous,SGOT,binary,-0.3214,0.16698871408280283,20,WEAK,Negative,False
Age,continuous,Procalcitonin,binary,-0.3185,0.1710626439251164,20,WEAK,Negative,False
Weight,continuous,Mortality.in.Hospital,binary,-0.3182,0.17157381147429052,20,WEAK,Negative,False
Weight,continuous,Trimethoprim.Sulfamethoxazole,ordinal,-0.3182,0.17157381147429052,20,WEAK,Negative,False
DM,binary,Inotropes,binary,0.3145,0.17687964807940035,20,WEAK,Positive,False
Lympho,binary,ICU.Stay.in.28.Days,continuous,-0.3145,0.17680998621206978,20,WEAK,Negative,False
HTN,binary,DM,binary,0.3145,0.17687964807940035,20,WEAK,Positive,False
Minocycline,ordinal,P.C.Sulbactam.T,ordinal,0.3143,0.1770878118766952,20,WEAK,Positive,False
GW.Stay.in.28.Days,continuous,Other.Illness.Leading.to.Hospitalization.post.28.Days.Discharge,binary,-0.314,0.17759591748788311,20,WEAK,Negative,False
P.C.only.E,binary,GW.Stay.in.28.Days,continuous,0.3132,0.17880131962121787,20,WEAK,Positive,False
DM,binary,P.C.Z.A.T,binary,0.3126,0.1795701932443693,20,WEAK,Positive,False
Weight,continuous,Urea,binary,0.3124,0.17993168253834496,20,WEAK,Positive,False
Weight,continuous,Any.Fungal.Infection,binary,0.3124,0.17985586476965512,20,WEAK,Positive,False
Any.Fungal.Infection,binary,Calcium,binary,0.3118,0.1807989940859814,20,WEAK,Positive,False
Hospitalization.in.past.6.Months,binary,Bil,binary,0.3118,0.1807989940859815,20,WEAK,Positive,False
Any.Fungal.Infection,binary,Platelet,binary,0.3118,0.1807989940859814,20,WEAK,Positive,False
Urinary.Catheter.in.6.Months,binary,Immunosuppressive.drugs.in.1.week,binary,-0.3118,0.1807989940859815,20,WEAK,Negative,False
Bil,binary,SGPT,binary,0.3118,0.1807989940859814,20,WEAK,Positive,False
SGPT,binary,P.C.only.E,binary,0.3118,0.1807989940859815,20,WEAK,Positive,False
SGPT,binary,Total.Protein,binary,-0.3118,0.1807989940859815,20,WEAK,Negative,False
Bil,binary,Calcium,binary,0.3118,0.1807989940859814,20,WEAK,Positive,False
Hospitalization.in.past.6.Months,binary,Total.Protein,binary,-0.3118,0.1807989940859815,20,WEAK,Negative,False
Platelet,binary,Bil,binary,0.3118,0.1807989940859815,20,WEAK,Positive,False
Past.CREPA.infection,binary,P.C.Sulbactam.T,ordinal,-0.3112,0.181682389065506,20,WEAK,Negative,False
Solid.Organ,binary,APACHEII,continuous,-0.3111,0.1818528492600687,20,WEAK,Negative,False
P.C.Z.A.T,binary,P.C.Sulbactam.T,ordinal,0.3104,0.18294542741228242,20,WEAK,Positive,False
HAP.NCRO,binary,P.C.Sulbactam.T,ordinal,0.3104,0.18294542741228242,20,WEAK,Positive,False
Age,continuous,Magnesium,binary,0.3103,0.18297939399295013,20,WEAK,Positive,False
DM,binary,APACHEII,continuous,0.3098,0.18383973764470923,20,WEAK,Positive,False
Age,continuous,Height,continuous,0.3096,0.18413975436661903,20,WEAK,Positive,False
DM,binary,Relapse.post.28.Day.Discharge,binary,-0.3083,0.18607550123771996,20,WEAK,Negative,False
Height,continuous,APACHEII,continuous,0.307,0.187933953812316,20,WEAK,Positive,False
SOFA,continuous,Neither.Abx.E,binary,-0.3057,0.18997414466611792,20,WEAK,Negative,False
SOFA,continuous,Neither.Abx.T,binary,-0.3057,0.18997414466611792,20,WEAK,Negative,False
SOFA,continuous,Amikacin,ordinal,0.3057,0.18997414466611792,20,WEAK,Positive,False
CV.Catheter.in.6.Months,binary,ICU.Stay.in.28.Days,continuous,0.3051,0.1909310314415738,20,WEAK,Positive,False
Ventilation,binary,Total.Hospital.Stay,continuous,0.3046,0.19156851331003866,20,WEAK,Positive,False
Overall.organ.support,binary,Total.Hospital.Stay,continuous,0.3046,0.19156851331003866,20,WEAK,Positive,False
Height,continuous,Albumin,binary,-0.3042,0.1922747476216202,20,WEAK,Negative,False
Height,continuous,Mortality.post.28.Day.Discharge,binary,0.3042,0.1922747476216202,20,WEAK,Positive,False
Inotropes,binary,APACHEII,continuous,0.3042,0.19227474762162022,20,WEAK,Positive,False
Age,continuous,Lympho,binary,-0.3041,0.19245107822162255,20,WEAK,Negative,False
NDM,binary,Total.Hospital.Stay,continuous,-0.3039,0.1927057699930659,20,WEAK,Negative,False
DM,binary,P.C.Sulbactam.T,ordinal,0.3039,0.19272465090441507,20,WEAK,Positive,False
P.C.only.E,binary,Total.Hospital.Stay,continuous,0.3039,0.1927057699930659,20,WEAK,Positive,False
DM,binary,Potassium,binary,0.3026,0.19468255703740586,20,WEAK,Positive,False
DM,binary,Solid.Organ,binary,-0.3026,0.19468255703740586,20,WEAK,Negative,False
Minocycline,ordinal,Ampicillin.Sulbactam,ordinal,-0.3025,0.194850080391133,20,WEAK,Negative,False
Albumin,binary,Minocycline,ordinal,-0.3025,0.194850080391133,20,WEAK,Negative,False
Minocycline,ordinal,Mortality.in.Hospital,binary,0.3025,0.194850080391133,20,WEAK,Positive,False
Minocycline,ordinal,Mortality.post.28.Day.Discharge,binary,0.3025,0.194850080391133,20,WEAK,Positive,False
ANC,binary,Minocycline,ordinal,-0.3025,0.194850080391133,20,WEAK,Negative,False
Minocycline,ordinal,Trimethoprim.Sulfamethoxazole,ordinal,-0.3025,0.194850080391133,20,WEAK,Negative,False
Any.Viral.Infection,binary,Mortality.post.28.Day.Discharge,binary,-0.3015,0.19639447228338278,20,WEAK,Negative,False
Male,binary,P.C.only.T,binary,-0.3015,0.19639447228338278,20,WEAK,Negative,False
Male,binary,Any.Viral.Infection,binary,0.3015,0.19639447228338278,20,WEAK,Positive,False
COPD,binary,Any.Viral.Infection,binary,0.3015,0.19639447228338253,20,WEAK,Positive,False
Female,binary,P.C.only.T,binary,0.3015,0.19639447228338278,20,WEAK,Positive,False
ALP,binary,Mortality.post.28.Day.Discharge,binary,-0.3015,0.19639447228338278,20,WEAK,Negative,False
P.C.only.T,binary,Mortality.post.28.Day.Discharge,binary,-0.3015,0.19639447228338278,20,WEAK,Negative,False
Albumin,binary,P.C.only.T,binary,0.3015,0.19639447228338278,20,WEAK,Positive,False
HTN,binary,P.C.only.T,binary,-0.3015,0.19639447228338278,20,WEAK,Negative,False
Neutropenia,binary,Overall.Mortality,binary,-0.3015,0.19639447228338278,20,WEAK,Negative,False
HTN,binary,Any.Viral.Infection,binary,0.3015,0.19639447228338278,20,WEAK,Positive,False
Meropenem.T,binary,Overall.Mortality,binary,-0.3015,0.19639447228338253,20,WEAK,Negative,False
P.C.only.T,binary,Neither.Abx.T,binary,-0.3015,0.19639447228338278,20,WEAK,Negative,False
ALP,binary,Neither.Abx.T,binary,-0.3015,0.19639447228338278,20,WEAK,Negative,False
Hypothyroidism,binary,Any.Viral.Infection,binary,-0.3015,0.19639447228338278,20,WEAK,Negative,False
COPD,binary,ALP,binary,0.3015,0.19639447228338253,20,WEAK,Positive,False
Overall.organ.support,binary,P.C.only.T,binary,-0.3015,0.19639447228338253,20,WEAK,Negative,False
Female,binary,Overall.Mortality,binary,-0.3015,0.19639447228338278,20,WEAK,Negative,False
Ventilation,binary,P.C.only.T,binary,-0.3015,0.19639447228338253,20,WEAK,Negative,False
Procalcitonin,binary,Overall.Mortality,binary,-0.3015,0.19639447228338278,20,WEAK,Negative,False
Sodium,binary,Total.Hospital.Stay,continuous,-0.3015,0.19639447228338278,20,WEAK,Negative,False
HAP.CRO,binary,Overall.Mortality,binary,0.3015,0.19639447228338253,20,WEAK,Positive,False
P.C.only.T,binary,Mortality.in.Hospital,binary,-0.3015,0.19639447228338278,20,WEAK,Negative,False
Hypothyroidism,binary,Overall.Mortality,binary,-0.3015,0.19639447228338278,20,WEAK,Negative,False
Hypothyroidism,binary,P.C.only.T,binary,-0.3015,0.19639447228338278,20,WEAK,Negative,False
COPD,binary,Overall.Mortality,binary,0.3015,0.19639447228338253,20,WEAK,Positive,False
HTN,binary,ALP,binary,0.3015,0.19639447228338278,20,WEAK,Positive,False
Any.Viral.Infection,binary,Amikacin,ordinal,0.3015,0.19639447228338278,20,WEAK,Positive,False
Neither.Abx.E,binary,P.C.only.T,binary,-0.3015,0.19639447228338278,20,WEAK,Negative,False
Any.Viral.Infection,binary,Ampicillin.Sulbactam,ordinal,0.3015,0.19639447228338278,20,WEAK,Positive,False
Female,binary,Any.Viral.Infection,binary,-0.3015,0.19639447228338278,20,WEAK,Negative,False
ALP,binary,Ampicillin.Sulbactam,ordinal,0.3015,0.19639447228338278,20,WEAK,Positive,False
ALP,binary,Trimethoprim.Sulfamethoxazole,ordinal,0.3015,0.19639447228338278,20,WEAK,Positive,False
Male,binary,Overall.Mortality,binary,0.3015,0.19639447228338278,20,WEAK,Positive,False
Male,binary,ALP,binary,-0.3015,0.19639447228338278,20,WEAK,Negative,False
Female,binary,ALP,binary,0.3015,0.19639447228338278,20,WEAK,Positive,False
Any.Viral.Infection,binary,Trimethoprim.Sulfamethoxazole,ordinal,0.3015,0.19639447228338278,20,WEAK,Positive,False
ALP,binary,Neither.Abx.E,binary,-0.3015,0.19639447228338278,20,WEAK,Negative,False
Inotropes,binary,ALP,binary,0.3015,0.19639447228338278,20,WEAK,Positive,False
CKD,ordinal,Any.Viral.Infection,binary,-0.3011,0.19704603309477461,20,WEAK,Negative,False
CKD,ordinal,Overall.Mortality,binary,-0.3011,0.19704603309477461,20,WEAK,Negative,False
Weight,continuous,Potassium,binary,-0.3006,0.19781442669064953,20,WEAK,Negative,False
TB,binary,SOFA,continuous,-0.3005,0.19789943234342883,20,WEAK,Negative,False
Other.CRO,binary,SOFA,continuous,-0.3005,0.19789943234342883,20,WEAK,Negative,False
Age,continuous,GW.Stay.in.28.Days,continuous,-0.2996,0.19937437698098237,20,WEAK,Negative,False
Clinical.Improvement,ordinal,Total.Hospital.Stay,continuous,0.2995,0.199603083989298,20,WEAK,Positive,False
Z.A.only.T,binary,Total.Hospital.Stay,continuous,-0.2995,0.19951042679790557,20,WEAK,Negative,False
NDM,binary,ICU.Stay.in.28.Days,continuous,-0.2955,0.20587475309701606,20,WEAK,Negative,False
Calcium,binary,ICU.Stay.in.28.Days,continuous,0.2943,0.20789328048491013,20,WEAK,Positive,False
Weight,continuous,Immunosuppressive.drugs.in.1.week,binary,0.2935,0.2091212666000154,20,WEAK,Positive,False
DM,binary,Minocycline,ordinal,0.2927,0.21040881412248233,20,WEAK,Positive,False
Height,continuous,Past.CREPA.infection,binary,0.2921,0.21147370173650676,20,WEAK,Positive,False
SOFA,continuous,Procalcitonin,binary,-0.2911,0.21302041320269793,20,WEAK,Negative,False
CAP.CRO,binary,P.C.Sulbactam.T,ordinal,-0.2901,0.2147071182937272,20,WEAK,Negative,False
Potassium,binary,Overall.Mortality,binary,-0.2901,0.2146587759901724,20,WEAK,Negative,False
Sodium,binary,Overall.Mortality,binary,0.2901,0.2146587759901724,20,WEAK,Positive,False
Overall.organ.support,binary,Potassium,binary,0.2887,0.21707033162684222,20,WEAK,Positive,False
BSI.CRO,binary,Ventilation,binary,-0.2887,0.21707033162684208,20,WEAK,Negative,False
COPD,binary,Mortality.in.ICU,binary,0.2887,0.21707033162684222,20,WEAK,Positive,False
COPD,binary,CAP.CRO,binary,-0.2887,0.21707033162684222,20,WEAK,Negative,False
BSI.CRO,binary,Meropenem.T,binary,0.2887,0.21707033162684208,20,WEAK,Positive,False
HAP.CRO,binary,Sodium,binary,0.2887,0.21707033162684222,20,WEAK,Positive,False
HAP.CRO,binary,BSI.CRO,binary,-0.2887,0.21707033162684222,20,WEAK,Negative,False
HAP.CRO,binary,VAP.CRO,binary,-0.2887,0.21707033162684222,20,WEAK,Negative,False
HAP.CRO,binary,CAP.CRO,binary,-0.2887,0.21707033162684222,20,WEAK,Negative,False
Hemat.Malignancy,binary,Potassium,binary,0.2887,0.21707033162684222,20,WEAK,Positive,False
Ventilation,binary,Solid.Organ,binary,-0.2887,0.21707033162684222,20,WEAK,Negative,False
Globulin,binary,Potassium,binary,0.2887,0.21707033162684222,20,WEAK,Positive,False
COPD,binary,VAP.CRO,binary,-0.2887,0.21707033162684222,20,WEAK,Negative,False
COPD,binary,Sodium,binary,0.2887,0.21707033162684222,20,WEAK,Positive,False
BSI.CRO,binary,Globulin,binary,-0.2887,0.21707033162684208,20,WEAK,Negative,False
Ventilation,binary,Potassium,binary,0.2887,0.21707033162684222,20,WEAK,Positive,False
Ventilation,binary,Sodium,binary,-0.2887,0.21707033162684222,20,WEAK,Negative,False
VAP.CRO,binary,Meropenem.T,binary,-0.2887,0.21707033162684208,20,WEAK,Negative,False
Meropenem.T,binary,Mortality.in.ICU,binary,-0.2887,0.21707033162684222,20,WEAK,Negative,False
BSI.CRO,binary,Overall.organ.support,binary,-0.2887,0.21707033162684208,20,WEAK,Negative,False
Overall.organ.support,binary,Solid.Organ,binary,-0.2887,0.21707033162684222,20,WEAK,Negative,False
Potassium,binary,Meropenem.T,binary,0.2887,0.21707033162684208,20,WEAK,Positive,False
Hemat.Malignancy,binary,Mortality.in.ICU,binary,-0.2887,0.21707033162684222,20,WEAK,Negative,False
Overall.organ.support,binary,Sodium,binary,-0.2887,0.21707033162684222,20,WEAK,Negative,False
Hemat.Malignancy,binary,Sodium,binary,-0.2887,0.21707033162684222,20,WEAK,Negative,False
Any.Viral.Infection,binary,Magnesium,binary,0.2872,0.21951196897486366,20,WEAK,Positive,False
Urinary.Catheter.in.6.Months,binary,Any.Viral.Infection,binary,0.2872,0.21951196897486386,20,WEAK,Positive,False
TLC,binary,P.C.only.E,binary,-0.2857,0.22203494893940115,20,WEAK,Negative,False
CV.Catheter.in.6.Months,binary,TLC,binary,-0.2857,0.22203494893940115,20,WEAK,Negative,False
Any.Fungal.Infection,binary,Bil,binary,0.2857,0.22203494893940115,20,WEAK,Positive,False
Bil,binary,Total.Protein,binary,-0.2857,0.22203494893940115,20,WEAK,Negative,False
Immunosuppressive.drugs.in.1.week,binary,P.C.only.T,binary,0.2851,0.22305317081089712,20,WEAK,Positive,False
CV.Catheter.in.6.Months,binary,ALP,binary,0.2851,0.22305317081089712,20,WEAK,Positive,False
Bil,binary,P.C.only.T,binary,0.2851,0.22305317081089712,20,WEAK,Positive,False
Any.Viral.Infection,binary,Total.Protein,binary,-0.2851,0.22305317081089712,20,WEAK,Negative,False
Total.Protein,binary,ALP,binary,-0.2851,0.22305317081089712,20,WEAK,Negative,False
Any.Viral.Infection,binary,TLC,binary,-0.2851,0.22305317081089712,20,WEAK,Negative,False
Any.Viral.Infection,binary,P.C.only.E,binary,0.2851,0.22305317081089712,20,WEAK,Positive,False
TLC,binary,Overall.Mortality,binary,-0.2851,0.22305317081089712,20,WEAK,Negative,False
Total.Protein,binary,Overall.Mortality,binary,-0.2851,0.22305317081089712,20,WEAK,Negative,False
ALP,binary,P.C.only.E,binary,0.2851,0.22305317081089712,20,WEAK,Positive,False
Any.Fungal.Infection,binary,Overall.Mortality,binary,0.2851,0.22305317081089712,20,WEAK,Positive,False
Creatinine,binary,P.C.only.T,binary,-0.2851,0.22305317081089712,20,WEAK,Negative,False
Surgery.in.last.3.Months,binary,P.C.only.T,binary,0.2851,0.22305317081089712,20,WEAK,Positive,False
ALP,binary,Creatinine,binary,-0.2851,0.22305317081089712,20,WEAK,Negative,False
Any.Viral.Infection,binary,Any.Fungal.Infection,binary,0.2851,0.22305317081089712,20,WEAK,Positive,False
Weight,continuous,CKD,ordinal,-0.2845,0.22405744848970852,20,WEAK,Negative,False
Age,continuous,Total.Protein,binary,-0.2844,0.22432455799660778,20,WEAK,Negative,False
Minocycline,ordinal,GW.Stay.in.28.Days,continuous,-0.2843,0.22448275134925846,20,WEAK,Negative,False
GW.Stay.in.28.Days,continuous,Mortality.in.Hospital,binary,0.284,0.2248890973514661,20,WEAK,Positive,False
TLC,binary,GW.Stay.in.28.Days,continuous,0.2838,0.22527237080777374,20,WEAK,Positive,False
Platelet,binary,Z.A.only.T,binary,-0.281,0.23013377921316108,20,WEAK,Negative,False
Urinary.Catheter.in.6.Months,binary,TB,binary,0.281,0.23013377921316108,20,WEAK,Positive,False
HAP.NCRO,binary,Platelet,binary,-0.281,0.23013377921316108,20,WEAK,Negative,False
Calcium,binary,P.C.Z.A.T,binary,-0.281,0.23013377921316108,20,WEAK,Negative,False
SGPT,binary,Z.A.only.T,binary,-0.281,0.23013377921316108,20,WEAK,Negative,False
Other.CRO,binary,SGPT,binary,-0.281,0.23013377921316108,20,WEAK,Negative,False
Other.CRO,binary,Urinary.Catheter.in.6.Months,binary,0.281,0.23013377921316108,20,WEAK,Positive,False
TB,binary,SGPT,binary,-0.281,0.23013377921316108,20,WEAK,Negative,False
Magnesium,binary,Z.A.only.T,binary,0.281,0.23013377921316108,20,WEAK,Positive,False
SGPT,binary,P.C.Z.A.E,binary,-0.281,0.23013377921316108,20,WEAK,Negative,False
Hospitalization.in.past.6.Months,binary,Z.A.only.T,binary,-0.281,0.23013377921316108,20,WEAK,Negative,False
Hospitalization.in.past.6.Months,binary,P.C.Z.A.T,binary,-0.281,0.23013377921316108,20,WEAK,Negative,False
Age,continuous,Past.CREPA.infection,binary,0.2798,0.23218706106558817,20,WEAK,Positive,False
Urea,binary,ICU.Stay.in.28.Days,continuous,0.2796,0.23254617597028474,20,WEAK,Positive,False
Meropenem.T,binary,P.C.Sulbactam.T,ordinal,0.2778,0.2356553733375879,20,WEAK,Positive,False
Immunosuppressive.drugs.in.1.week,binary,ICU.Stay.in.28.Days,continuous,0.2765,0.2380389404575619,20,WEAK,Positive,False
Z.A.only.E,binary,GW.Stay.in.28.Days,continuous,-0.2763,0.2382872266560827,20,WEAK,Negative,False
Past.CREPA.infection,binary,GW.Stay.in.28.Days,continuous,-0.2763,0.2382872266560827,20,WEAK,Negative,False
APACHEII,continuous,Albumin,binary,-0.2752,0.24025045288850264,20,WEAK,Negative,False
APACHEII,continuous,Procalcitonin,binary,-0.2752,0.24025045288850264,20,WEAK,Negative,False
Age,continuous,ANC,binary,-0.2751,0.24043517050885505,20,WEAK,Negative,False
Any.Fungal.Infection,binary,Relapse.post.28.Day.Discharge,binary,-0.275,0.24060040430650412,20,WEAK,Negative,False
Bil,binary,Relapse.post.28.Day.Discharge,binary,-0.275,0.24060040430650412,20,WEAK,Negative,False
Bil,binary,Other.Illness.Leading.to.Hospitalization.post.28.Days.Discharge,binary,-0.275,0.24060040430650412,20,WEAK,Negative,False
Past.CREPA.infection,binary,Bil,binary,-0.275,0.24060040430650412,20,WEAK,Negative,False
Creatinine,binary,Other.Illness.Leading.to.Hospitalization.post.28.Days.Discharge,binary,0.275,0.24060040430650412,20,WEAK,Positive,False
NDM,binary,Relapse.post.28.Day.Discharge,binary,0.275,0.24060040430650412,20,WEAK,Positive,False
P.C.only.E,binary,Z.A.only.E,binary,-0.275,0.24060040430650412,20,WEAK,Negative,False
P.C.only.E,binary,Relapse.post.28.Day.Discharge,binary,-0.275,0.24060040430650412,20,WEAK,Negative,False
P.C.only.E,binary,Other.Illness.Leading.to.Hospitalization.post.28.Days.Discharge,binary,-0.275,0.24060040430650412,20,WEAK,Negative,False
NDM,binary,Past.CREPA.infection,binary,0.275,0.24060040430650412,20,WEAK,Positive,False
NDM,binary,Z.A.only.E,binary,0.275,0.24060040430650412,20,WEAK,Positive,False
Past.CREPA.infection,binary,P.C.only.E,binary,-0.275,0.24060040430650412,20,WEAK,Negative,False
Immunosuppressive.drugs.in.1.week,binary,Minocycline,ordinal,-0.2742,0.24203623439645597,20,WEAK,Negative,False
Surgery.in.last.3.Months,binary,Minocycline,ordinal,-0.2742,0.24203623439645597,20,WEAK,Negative,False
Creatinine,binary,Minocycline,ordinal,0.2742,0.24203623439645597,20,WEAK,Positive,False
P.C.Sulbactam.T,ordinal,Total.Hospital.Stay,continuous,0.2733,0.2435850086935901,20,WEAK,Positive,False
Platelet,binary,Ampicillin.Sulbactam,ordinal,-0.2722,0.24569579560631127,20,WEAK,Negative,False
Platelet,binary,Mortality.in.Hospital,binary,0.2722,0.24569579560631127,20,WEAK,Positive,False
SGPT,binary,Mortality.post.28.Day.Discharge,binary,0.2722,0.24569579560631127,20,WEAK,Positive,False
Magnesium,binary,Neither.Abx.E,binary,-0.2722,0.24569579560631127,20,WEAK,Negative,False
Magnesium,binary,Mortality.post.28.Day.Discharge,binary,-0.2722,0.24569579560631127,20,WEAK,Negative,False
Magnesium,binary,Neither.Abx.T,binary,-0.2722,0.24569579560631127,20,WEAK,Negative,False
Magnesium,binary,Ampicillin.Sulbactam,ordinal,0.2722,0.24569579560631127,20,WEAK,Positive,False
Hospitalization.in.past.6.Months,binary,Albumin,binary,-0.2722,0.24569579560631127,20,WEAK,Negative,False
ANC,binary,SGPT,binary,-0.2722,0.24569579560631127,20,WEAK,Negative,False
Hospitalization.in.past.6.Months,binary,Procalcitonin,binary,0.2722,0.24569579560631127,20,WEAK,Positive,False
ANC,binary,Platelet,binary,-0.2722,0.24569579560631127,20,WEAK,Negative,False
ANC,binary,Magnesium,binary,0.2722,0.24569579560631127,20,WEAK,Positive,False
SGPT,binary,Procalcitonin,binary,0.2722,0.24569579560631127,20,WEAK,Positive,False
Albumin,binary,Magnesium,binary,0.2722,0.24569579560631127,20,WEAK,Positive,False
Urinary.Catheter.in.6.Months,binary,Amikacin,ordinal,0.2722,0.24569579560631127,20,WEAK,Positive,False
Urinary.Catheter.in.6.Months,binary,Trimethoprim.Sulfamethoxazole,ordinal,0.2722,0.24569579560631127,20,WEAK,Positive,False
Hospitalization.in.past.6.Months,binary,ANC,binary,-0.2722,0.24569579560631127,20,WEAK,Negative,False
Magnesium,binary,Trimethoprim.Sulfamethoxazole,ordinal,0.2722,0.24569579560631127,20,WEAK,Positive,False
SGPT,binary,Trimethoprim.Sulfamethoxazole,ordinal,-0.2722,0.24569579560631127,20,WEAK,Negative,False
Platelet,binary,Mortality.post.28.Day.Discharge,binary,0.2722,0.24569579560631127,20,WEAK,Positive,False
Neutropenia,binary,Calcium,binary,0.2722,0.24569579560631127,20,WEAK,Positive,False
Calcium,binary,Procalcitonin,binary,0.2722,0.24569579560631127,20,WEAK,Positive,False
Neutropenia,binary,Platelet,binary,0.2722,0.24569579560631127,20,WEAK,Positive,False
SGPT,binary,Mortality.in.Hospital,binary,0.2722,0.24569579560631127,20,WEAK,Positive,False
Platelet,binary,Trimethoprim.Sulfamethoxazole,ordinal,-0.2722,0.24569579560631127,20,WEAK,Negative,False
Urinary.Catheter.in.6.Months,binary,Mortality.post.28.Day.Discharge,binary,-0.2722,0.24569579560631127,20,WEAK,Negative,False
CKD,ordinal,Calcium,binary,0.2718,0.24637678378084515,20,WEAK,Positive,False
P.C.Z.A.T,binary,Clinical.Improvement,ordinal,-0.2718,0.24637678378084552,20,WEAK,Negative,False
CKD,ordinal,Hospitalization.in.past.6.Months,binary,0.2718,0.24637678378084515,20,WEAK,Positive,False
P.C.Z.A.E,binary,Clinical.Improvement,ordinal,-0.2718,0.24637678378084552,20,WEAK,Negative,False
Z.A.only.T,binary,Clinical.Improvement,ordinal,-0.2718,0.24637678378084552,20,WEAK,Negative,False
CKD,ordinal,SGPT,binary,0.2718,0.24637678378084515,20,WEAK,Positive,False
P.C.Sulbactam.T,ordinal,Relapse.post.28.Day.Discharge,binary,-0.2706,0.24850455333858643,20,WEAK,Negative,False
P.C.Sulbactam.T,ordinal,Other.Illness.Leading.to.Hospitalization.post.28.Days.Discharge,binary,-0.2706,0.24850455333858643,20,WEAK,Negative,False
CKD,ordinal,Globulin,binary,-0.2705,0.24878805977807253,20,WEAK,Negative,False
Height,continuous,Calcium,binary,-0.2661,0.25679585158836327,20,WEAK,Negative,False
Age,continuous,SGPT,binary,-0.266,0.2569822182824093,20,WEAK,Negative,False
Globulin,binary,P.C.Sulbactam.T,ordinal,-0.2657,0.2574821702234602,20,WEAK,Negative,False
Age,continuous,TLC,binary,-0.2654,0.25808205233604786,20,WEAK,Negative,False
Age,continuous,Immunosuppressive.drugs.in.1.week,binary,0.2654,0.25808205233604786,20,WEAK,Positive,False
Weight,continuous,CV.Catheter.in.6.Months,binary,0.2651,0.25864066732038393,20,WEAK,Positive,False
Weight,continuous,GW.Stay.in.28.Days,continuous,-0.265,0.2587963397362797,20,WEAK,Negative,False
P.C.only.T,binary,Total.Hospital.Stay,continuous,0.2624,0.26365430361459263,20,WEAK,Positive,False
ANC,binary,ICU.Stay.in.28.Days,continuous,0.2621,0.26425974615130016,20,WEAK,Positive,False
SOFA,continuous,Meropenem.T,binary,-0.262,0.26444867111097725,20,WEAK,Negative,False
SOFA,continuous,Globulin,binary,0.262,0.26444867111097725,20,WEAK,Positive,False
ANC,binary,Total.Hospital.Stay,continuous,0.2611,0.26614310908864103,20,WEAK,Positive,False
Hemat.Malignancy,binary,Total.Hospital.Stay,continuous,0.2611,0.26614310908864075,20,WEAK,Positive,False
Lympho,binary,P.C.Sulbactam.T,ordinal,0.2609,0.26655986384874164,20,WEAK,Positive,False
APACHEII,continuous,Mortality.in.ICU,binary,0.2609,0.2665259802549347,20,WEAK,Positive,False
Height,continuous,BSI.CRO,binary,-0.2609,0.2665259802549347,20,WEAK,Negative,False
Height,continuous,Neither.Abx.T,binary,0.2607,0.2668928061584589,20,WEAK,Positive,False
Height,continuous,Neither.Abx.E,binary,0.2607,0.2668928061584589,20,WEAK,Positive,False
Weight,continuous,SGOT,binary,0.2603,0.26764043020609424,20,WEAK,Positive,False
P.C.Z.A.E,binary,Total.Hospital.Stay,continuous,-0.2596,0.26905918741572804,20,WEAK,Negative,False
Ventilation,binary,Clinical.Improvement,ordinal,-0.2592,0.26988605166526247,20,WEAK,Negative,False
Overall.organ.support,binary,Clinical.Improvement,ordinal,-0.2592,0.26988605166526247,20,WEAK,Negative,False
Sodium,binary,GW.Stay.in.28.Days,continuous,-0.2589,0.2703222231989957,20,WEAK,Negative,False
CV.Catheter.in.6.Months,binary,SOFA,continuous,0.2573,0.27346655788045643,20,WEAK,Positive,False
DM,binary,Magnesium,binary,0.2568,0.2744590438165011,20,WEAK,Positive,False
DM,binary,Hospitalization.in.past.6.Months,binary,-0.2568,0.2744590438165011,20,WEAK,Negative,False
DM,binary,SOFA,continuous,0.2564,0.27528143212323836,20,WEAK,Positive,False
Calcium,binary,GW.Stay.in.28.Days,continuous,0.2563,0.27533764786684234,20,WEAK,Positive,False
CKD,ordinal,GW.Stay.in.28.Days,continuous,0.2553,0.27737441581459543,20,WEAK,Positive,False
Any.Viral.Infection,binary,P.C.Z.A.E,binary,0.2536,0.28059032475085377,20,WEAK,Positive,False
ALP,binary,P.C.Z.A.E,binary,0.2536,0.28059032475085377,20,WEAK,Positive,False
Z.A.only.T,binary,Overall.Mortality,binary,0.2536,0.28059032475085377,20,WEAK,Positive,False
P.C.Z.A.T,binary,Overall.Mortality,binary,0.2536,0.28059032475085377,20,WEAK,Positive,False
Any.Viral.Infection,binary,Z.A.only.T,binary,0.2536,0.28059032475085377,20,WEAK,Positive,False
TB,binary,P.C.only.T,binary,0.2536,0.28059032475085377,20,WEAK,Positive,False
HAP.NCRO,binary,ALP,binary,0.2536,0.28059032475085377,20,WEAK,Positive,False
P.C.Z.A.E,binary,Overall.Mortality,binary,0.2536,0.28059032475085377,20,WEAK,Positive,False
HAP.NCRO,binary,P.C.only.T,binary,0.2536,0.28059032475085377,20,WEAK,Positive,False
ALP,binary,Z.A.only.T,binary,0.2536,0.28059032475085377,20,WEAK,Positive,False
Other.CRO,binary,P.C.only.T,binary,0.2536,0.28059032475085377,20,WEAK,Positive,False
Weight,continuous,Total.Hospital.Stay,continuous,-0.2534,0.2810390687777872,20,WEAK,Negative,False
Solid.Organ,binary,SOFA,continuous,-0.2521,0.28355801593937197,20,WEAK,Negative,False
SOFA,continuous,ICU.Stay.in.28.Days,continuous,0.2518,0.28416668330454065,20,WEAK,Positive,False
DM,binary,Immunosuppressive.drugs.in.1.week,binary,-0.2516,0.2845272755926002,20,WEAK,Negative,False
COPD,binary,SOFA,continuous,0.2511,0.2855885716036262,20,WEAK,Positive,False
Urea,binary,Meropenem.T,binary,0.25,0.2877630679001246,20,WEAK,Positive,False
Ampicillin.Sulbactam,ordinal,Meropenem.T,binary,0.25,0.2877630679001246,20,WEAK,Positive,False
COPD,binary,Mortality.in.Hospital,binary,0.25,0.2877630679001246,20,WEAK,Positive,False
Overall.organ.support,binary,Neither.Abx.T,binary,-0.25,0.2877630679001246,20,WEAK,Negative,False
Female,binary,HAP.CRO,binary,-0.25,0.2877630679001246,20,WEAK,Negative,False
Male,binary,COPD,binary,0.25,0.2877630679001246,20,WEAK,Positive,False
Female,binary,COPD,binary,-0.25,0.2877630679001246,20,WEAK,Negative,False
Meropenem.T,binary,Mortality.post.28.Day.Discharge,binary,-0.25,0.2877630679001246,20,WEAK,Negative,False
Hemat.Malignancy,binary,Mortality.in.Hospital,binary,0.25,0.2877630679001246,20,WEAK,Positive,False
COPD,binary,Meropenem.T,binary,0.25,0.2877630679001246,20,WEAK,Positive,False
Ventilation,binary,Albumin,binary,0.25,0.2877630679001246,20,WEAK,Positive,False
Ventilation,binary,SGOT,binary,0.25,0.28776306790012474,20,WEAK,Positive,False
HAP.CRO,binary,Trimethoprim.Sulfamethoxazole,ordinal,-0.25,0.2877630679001246,20,WEAK,Negative,False
Overall.organ.support,binary,Albumin,binary,0.25,0.2877630679001246,20,WEAK,Positive,False
Overall.organ.support,binary,SGOT,binary,0.25,0.28776306790012474,20,WEAK,Positive,False
Overall.organ.support,binary,Globulin,binary,-0.25,0.2877630679001246,20,WEAK,Negative,False
HAP.CRO,binary,Overall.organ.support,binary,0.25,0.2877630679001246,20,WEAK,Positive,False
Hemat.Malignancy,binary,Lympho,binary,0.25,0.28776306790012474,20,WEAK,Positive,False
Lympho,binary,Globulin,binary,-0.25,0.2877630679001246,20,WEAK,Negative,False
Ventilation,binary,Neither.Abx.E,binary,-0.25,0.2877630679001246,20,WEAK,Negative,False
COPD,binary,Urea,binary,0.25,0.28776306790012474,20,WEAK,Positive,False
Ventilation,binary,Neither.Abx.T,binary,-0.25,0.2877630679001246,20,WEAK,Negative,False
Male,binary,HAP.CRO,binary,0.25,0.2877630679001246,20,WEAK,Positive,False
Ventilation,binary,Amikacin,ordinal,0.25,0.2877630679001246,20,WEAK,Positive,False
Albumin,binary,Meropenem.T,binary,0.25,0.2877630679001246,20,WEAK,Positive,False
COPD,binary,Overall.organ.support,binary,0.25,0.2877630679001246,20,WEAK,Positive,False
Overall.organ.support,binary,Neither.Abx.E,binary,-0.25,0.2877630679001246,20,WEAK,Negative,False
COPD,binary,Ventilation,binary,0.25,0.2877630679001246,20,WEAK,Positive,False
Overall.organ.support,binary,Amikacin,ordinal,0.25,0.2877630679001246,20,WEAK,Positive,False
SGOT,binary,Globulin,binary,-0.25,0.2877630679001246,20,WEAK,Negative,False
Hemat.Malignancy,binary,Meropenem.T,binary,0.25,0.2877630679001246,20,WEAK,Positive,False
Hemat.Malignancy,binary,Procalcitonin,binary,0.25,0.2877630679001246,20,WEAK,Positive,False
Neither.Abx.E,binary,Meropenem.T,binary,-0.25,0.2877630679001246,20,WEAK,Negative,False
Lympho,binary,Meropenem.T,binary,0.25,0.2877630679001246,20,WEAK,Positive,False
Ventilation,binary,Globulin,binary,-0.25,0.2877630679001246,20,WEAK,Negative,False
Ventilation,binary,ANC,binary,0.25,0.2877630679001246,20,WEAK,Positive,False
Ventilation,binary,Hemat.Malignancy,binary,0.25,0.2877630679001246,20,WEAK,Positive,False
Globulin,binary,Meropenem.T,binary,-0.25,0.2877630679001246,20,WEAK,Negative,False
Urinary.Catheter.in.6.Months,binary,Platelet,binary,0.25,0.2877630679001246,20,WEAK,Positive,False
HAP.CRO,binary,SGOT,binary,-0.25,0.28776306790012474,20,WEAK,Negative,False
Hemat.Malignancy,binary,SGOT,binary,0.25,0.28776306790012474,20,WEAK,Positive,False
HAP.CRO,binary,Mortality.in.Hospital,binary,0.25,0.2877630679001246,20,WEAK,Positive,False
HAP.CRO,binary,Globulin,binary,0.25,0.2877630679001246,20,WEAK,Positive,False
HAP.CRO,binary,Mortality.post.28.Day.Discharge,binary,0.25,0.2877630679001246,20,WEAK,Positive,False
Overall.organ.support,binary,ANC,binary,0.25,0.2877630679001246,20,WEAK,Positive,False
HAP.CRO,binary,Ampicillin.Sulbactam,ordinal,-0.25,0.2877630679001246,20,WEAK,Negative,False
Overall.organ.support,binary,Hemat.Malignancy,binary,0.25,0.2877630679001246,20,WEAK,Positive,False
Hypothyroidism,binary,Globulin,binary,-0.25,0.2877630679001246,20,WEAK,Negative,False
Inotropes,binary,Hemat.Malignancy,binary,0.25,0.2877630679001246,20,WEAK,Positive,False
HAP.CRO,binary,Ventilation,binary,0.25,0.2877630679001246,20,WEAK,Positive,False
Inotropes,binary,Globulin,binary,-0.25,0.2877630679001246,20,WEAK,Negative,False
Neither.Abx.T,binary,Meropenem.T,binary,-0.25,0.2877630679001246,20,WEAK,Negative,False
HTN,binary,COPD,binary,0.25,0.2877630679001246,20,WEAK,Positive,False
APACHEII,continuous,Globulin,binary,0.2499,0.28804535128534,20,WEAK,Positive,False
Weight,continuous,Overall.organ.support,binary,-0.2495,0.2887965967253184,20,WEAK,Negative,False
Weight,continuous,Ventilation,binary,-0.2495,0.2887965967253184,20,WEAK,Negative,False
P.C.only.E,binary,Clinical.Improvement,ordinal,0.2478,0.29226589695682514,20,WEAK,Positive,False
CV.Catheter.in.6.Months,binary,Clinical.Improvement,ordinal,0.2478,0.29226589695682514,20,WEAK,Positive,False
Neither.Abx.T,binary,ICU.Stay.in.28.Days,continuous,-0.2475,0.2926703323976173,20,WEAK,Negative,False
Neither.Abx.E,binary,ICU.Stay.in.28.Days,continuous,-0.2475,0.2926703323976173,20,WEAK,Negative,False
Minocycline,ordinal,Clinical.Improvement,ordinal,-0.2474,0.2929341585240905,20,WEAK,Negative,False
Z.A.only.T,binary,GW.Stay.in.28.Days,continuous,-0.2469,0.29392465978502086,20,WEAK,Negative,False
P.C.Z.A.E,binary,GW.Stay.in.28.Days,continuous,-0.2469,0.29392465978502086,20,WEAK,Negative,False
P.C.Z.A.T,binary,GW.Stay.in.28.Days,continuous,-0.2469,0.29392465978502086,20,WEAK,Negative,False
Inotropes,binary,Clinical.Improvement,ordinal,-0.2468,0.2941570935175898,20,WEAK,Negative,False
SOFA,continuous,Clinical.Improvement,ordinal,-0.2462,0.2954598800406337,20,WEAK,Negative,False
APACHEII,continuous,Neither.Abx.E,binary,-0.2462,0.2953191895855707,20,WEAK,Negative,False
APACHEII,continuous,Mortality.post.28.Day.Discharge,binary,-0.2462,0.2953191895855707,20,WEAK,Negative,False
APACHEII,continuous,Neither.Abx.T,binary,-0.2462,0.2953191895855707,20,WEAK,Negative,False
Immunosuppressive.drugs.in.1.week,binary,GW.Stay.in.28.Days,continuous,-0.2447,0.2985200642953044,20,WEAK,Negative,False
DM,binary,Albumin,binary,0.2446,0.29864484606316666,20,WEAK,Positive,False
DM,binary,Neither.Abx.E,binary,-0.2446,0.29864484606316666,20,WEAK,Negative,False
DM,binary,ANC,binary,0.2446,0.29864484606316666,20,WEAK,Positive,False
DM,binary,Neither.Abx.T,binary,-0.2446,0.29864484606316666,20,WEAK,Negative,False
DM,binary,Amikacin,ordinal,0.2446,0.29864484606316666,20,WEAK,Positive,False
DM,binary,Procalcitonin,binary,-0.2446,0.29864484606316666,20,WEAK,Negative,False
SOFA,continuous,Urea,binary,0.2445,0.2987589438111115,20,WEAK,Positive,False
Age,continuous,CKD,ordinal,-0.2444,0.2991394743655929,20,WEAK,Negative,False
Past.CREPA.infection,binary,Total.Hospital.Stay,continuous,-0.2438,0.3003644963032495,20,WEAK,Negative,False
APACHEII,continuous,Urea,binary,0.2433,0.3012184130629421,20,WEAK,Positive,False
Height,continuous,Lympho,binary,0.2433,0.3012184130629421,20,WEAK,Positive,False
HTN,binary,APACHEII,continuous,0.2433,0.3012184130629421,20,WEAK,Positive,False
Age,continuous,HTN,binary,0.2432,0.3014066067762267,20,WEAK,Positive,False
BSI.CRO,binary,Past.CREPA.infection,binary,-0.2425,0.30286967235431683,20,WEAK,Negative,False
Potassium,binary,Relapse.post.28.Day.Discharge,binary,-0.2425,0.30286967235431683,20,WEAK,Negative,False
Potassium,binary,Other.Illness.Leading.to.Hospitalization.post.28.Days.Discharge,binary,-0.2425,0.30286967235431683,20,WEAK,Negative,False
VAP.CRO,binary,Other.Illness.Leading.to.Hospitalization.post.28.Days.Discharge,binary,-0.2425,0.30286967235431683,20,WEAK,Negative,False
CAP.CRO,binary,Z.A.only.E,binary,-0.2425,0.30286967235431683,20,WEAK,Negative,False
Sodium,binary,Relapse.post.28.Day.Discharge,binary,0.2425,0.30286967235431683,20,WEAK,Positive,False
Mortality.in.ICU,binary,Other.Illness.Leading.to.Hospitalization.post.28.Days.Discharge,binary,-0.2425,0.30286967235431683,20,WEAK,Negative,False
Mortality.in.ICU,binary,Relapse.post.28.Day.Discharge,binary,-0.2425,0.30286967235431683,20,WEAK,Negative,False
Sodium,binary,Other.Illness.Leading.to.Hospitalization.post.28.Days.Discharge,binary,0.2425,0.30286967235431683,20,WEAK,Positive,False
BSI.CRO,binary,Relapse.post.28.Day.Discharge,binary,-0.2425,0.30286967235431683,20,WEAK,Negative,False
BSI.CRO,binary,Other.Illness.Leading.to.Hospitalization.post.28.Days.Discharge,binary,-0.2425,0.30286967235431683,20,WEAK,Negative,False
Solid.Organ,binary,Other.Illness.Leading.to.Hospitalization.post.28.Days.Discharge,binary,0.2425,0.30286967235431683,20,WEAK,Positive,False
Solid.Organ,binary,Relapse.post.28.Day.Discharge,binary,0.2425,0.30286967235431683,20,WEAK,Positive,False
DM,binary,P.C.only.T,binary,-0.2423,0.3033127611675087,20,WEAK,Negative,False
SGOT,binary,GW.Stay.in.28.Days,continuous,0.2422,0.30361275822605815,20,WEAK,Positive,False
Urinary.Catheter.in.6.Months,binary,Minocycline,ordinal,0.2422,0.30346763708960456,20,WEAK,Positive,False
Potassium,binary,Minocycline,ordinal,-0.2418,0.30433163781548483,20,WEAK,Negative,False
VAP.CRO,binary,Minocycline,ordinal,-0.2418,0.30433163781548483,20,WEAK,Negative,False
Solid.Organ,binary,Minocycline,ordinal,0.2418,0.30433163781548483,20,WEAK,Positive,False
Sodium,binary,Minocycline,ordinal,0.2418,0.30433163781548483,20,WEAK,Positive,False
ICU.Stay.in.28.Days,continuous,GW.Stay.in.28.Days,continuous,-0.241,0.30608564144725037,20,WEAK,Negative,False
Weight,continuous,Solid.Organ,binary,-0.2405,0.3071098999719045,20,WEAK,Negative,False
SOFA,continuous,P.C.Z.A.E,binary,-0.2404,0.3071999725056833,20,WEAK,Negative,False
Weight,continuous,Z.A.only.T,binary,0.2389,0.31041097548067,20,WEAK,Positive,False
SOFA,continuous,P.C.only.E,binary,0.2382,0.31179540141813267,20,WEAK,Positive,False
CKD,ordinal,ICU.Stay.in.28.Days,continuous,0.2378,0.3127942944831769,20,WEAK,Positive,False
VAP.CRO,binary,Urinary.Catheter.in.6.Months,binary,-0.2357,0.3171132181280723,20,WEAK,Negative,False
CAP.CRO,binary,Calcium,binary,-0.2357,0.3171132181280723,20,WEAK,Negative,False
BSI.CRO,binary,Hospitalization.in.past.6.Months,binary,0.2357,0.3171132181280723,20,WEAK,Positive,False
BSI.CRO,binary,Calcium,binary,0.2357,0.3171132181280723,20,WEAK,Positive,False
Urinary.Catheter.in.6.Months,binary,Potassium,binary,0.2357,0.3171132181280723,20,WEAK,Positive,False
VAP.CRO,binary,Hospitalization.in.past.6.Months,binary,-0.2357,0.3171132181280723,20,WEAK,Negative,False
CAP.CRO,binary,Platelet,binary,0.2357,0.3171132181280723,20,WEAK,Positive,False
CAP.CRO,binary,Hospitalization.in.past.6.Months,binary,0.2357,0.3171132181280723,20,WEAK,Positive,False
Hospitalization.in.past.6.Months,binary,Mortality.in.ICU,binary,0.2357,0.3171132181280723,20,WEAK,Positive,False
Hospitalization.in.past.6.Months,binary,Sodium,binary,-0.2357,0.3171132181280723,20,WEAK,Negative,False
Hospitalization.in.past.6.Months,binary,Potassium,binary,0.2357,0.3171132181280723,20,WEAK,Positive,False
Calcium,binary,Mortality.in.ICU,binary,0.2357,0.3171132181280723,20,WEAK,Positive,False
BSI.CRO,binary,SGPT,binary,0.2357,0.3171132181280723,20,WEAK,Positive,False
VAP.CRO,binary,Platelet,binary,-0.2357,0.3171132181280723,20,WEAK,Negative,False
BSI.CRO,binary,Platelet,binary,-0.2357,0.3171132181280723,20,WEAK,Negative,False
VAP.CRO,binary,SGPT,binary,-0.2357,0.3171132181280723,20,WEAK,Negative,False
SGPT,binary,Potassium,binary,-0.2357,0.3171132181280723,20,WEAK,Negative,False
CAP.CRO,binary,SGPT,binary,0.2357,0.3171132181280723,20,WEAK,Positive,False
Platelet,binary,Sodium,binary,-0.2357,0.3171132181280723,20,WEAK,Negative,False
Hospitalization.in.past.6.Months,binary,Solid.Organ,binary,0.2357,0.3171132181280723,20,WEAK,Positive,False
Sodium,binary,Magnesium,binary,0.2357,0.3171132181280723,20,WEAK,Positive,False
Solid.Organ,binary,Platelet,binary,-0.2357,0.3171132181280723,20,WEAK,Negative,False
Z.A.only.E,binary,Clinical.Improvement,ordinal,-0.235,0.3185738164070658,20,WEAK,Negative,False
Clinical.Improvement,ordinal,Other.Illness.Leading.to.Hospitalization.post.28.Days.Discharge,binary,-0.235,0.3185738164070658,20,WEAK,Negative,False
P.C.only.T,binary,P.C.Sulbactam.T,ordinal,0.2331,0.3226907962950161,20,WEAK,Positive,False
Weight,continuous,Ampicillin.Sulbactam,ordinal,0.2314,0.3262758839410535,20,WEAK,Positive,False
APACHEII,continuous,Z.A.only.E,binary,0.2312,0.3266712010022225,20,WEAK,Positive,False
Height,continuous,Hospitalization.in.past.6.Months,binary,-0.2306,0.32796603396504453,20,WEAK,Negative,False
Procalcitonin,binary,Clinical.Improvement,ordinal,0.2304,0.32852774296508386,20,WEAK,Positive,False
Neutropenia,binary,Clinical.Improvement,ordinal,0.2304,0.32852774296508386,20,WEAK,Positive,False
Albumin,binary,Clinical.Improvement,ordinal,-0.2304,0.32852774296508386,20,WEAK,Negative,False
Clinical.Improvement,ordinal,Mortality.in.Hospital,binary,0.2304,0.32852774296508386,20,WEAK,Positive,False
Hypothyroidism,binary,Clinical.Improvement,ordinal,0.2304,0.32852774296508386,20,WEAK,Positive,False
CKD,ordinal,Clinical.Improvement,ordinal,0.23,0.32921726235903154,20,WEAK,Positive,False
HTN,binary,Other.CRO,binary,-0.2294,0.3305649312781842,20,WEAK,Negative,False
HTN,binary,HAP.NCRO,binary,-0.2294,0.3305649312781842,20,WEAK,Negative,False
HAP.NCRO,binary,Inotropes,binary,0.2294,0.3305649312781844,20,WEAK,Positive,False
Other.CRO,binary,Lympho,binary,-0.2294,0.3305649312781844,20,WEAK,Negative,False
Other.CRO,binary,Inotropes,binary,-0.2294,0.3305649312781844,20,WEAK,Negative,False
HTN,binary,P.C.Z.A.T,binary,-0.2294,0.3305649312781842,20,WEAK,Negative,False
HTN,binary,Z.A.only.T,binary,-0.2294,0.3305649312781842,20,WEAK,Negative,False
HTN,binary,TB,binary,-0.2294,0.3305649312781842,20,WEAK,Negative,False
Lympho,binary,P.C.Z.A.T,binary,-0.2294,0.3305649312781842,20,WEAK,Negative,False
SGOT,binary,P.C.Z.A.E,binary,-0.2294,0.3305649312781842,20,WEAK,Negative,False
Inotropes,binary,P.C.Z.A.E,binary,0.2294,0.3305649312781842,20,WEAK,Positive,False
Other.CRO,binary,SGOT,binary,-0.2294,0.3305649312781844,20,WEAK,Negative,False
Inotropes,binary,Z.A.only.T,binary,-0.2294,0.3305649312781842,20,WEAK,Negative,False
Other.CRO,binary,Urea,binary,-0.2294,0.3305649312781844,20,WEAK,Negative,False
Male,binary,P.C.Z.A.T,binary,0.2294,0.3305649312781842,20,WEAK,Positive,False
Urea,binary,Z.A.only.T,binary,-0.2294,0.3305649312781842,20,WEAK,Negative,False
Male,binary,P.C.Z.A.E,binary,0.2294,0.3305649312781842,20,WEAK,Positive,False
Male,binary,Other.CRO,binary,-0.2294,0.3305649312781842,20,WEAK,Negative,False
Male,binary,Z.A.only.T,binary,-0.2294,0.3305649312781842,20,WEAK,Negative,False
Female,binary,TB,binary,0.2294,0.3305649312781842,20,WEAK,Positive,False
Female,binary,HAP.NCRO,binary,0.2294,0.3305649312781842,20,WEAK,Positive,False
Female,binary,Other.CRO,binary,0.2294,0.3305649312781842,20,WEAK,Positive,False
SGOT,binary,P.C.Z.A.T,binary,-0.2294,0.3305649312781842,20,WEAK,Negative,False
Male,binary,HAP.NCRO,binary,-0.2294,0.3305649312781842,20,WEAK,Negative,False
HAP.NCRO,binary,Lympho,binary,0.2294,0.3305649312781844,20,WEAK,Positive,False
HTN,binary,P.C.Z.A.E,binary,0.2294,0.3305649312781842,20,WEAK,Positive,False
Lympho,binary,Z.A.only.T,binary,-0.2294,0.3305649312781842,20,WEAK,Negative,False
HAP.NCRO,binary,SGOT,binary,0.2294,0.3305649312781844,20,WEAK,Positive,False
HAP.NCRO,binary,Urea,binary,-0.2294,0.3305649312781844,20,WEAK,Negative,False
SGOT,binary,Z.A.only.T,binary,0.2294,0.3305649312781842,20,WEAK,Positive,False
TB,binary,Lympho,binary,-0.2294,0.3305649312781844,20,WEAK,Negative,False
Female,binary,Z.A.only.T,binary,0.2294,0.3305649312781842,20,WEAK,Positive,False
Female,binary,P.C.Z.A.E,binary,-0.2294,0.3305649312781842,20,WEAK,Negative,False
Inotropes,binary,TB,binary,-0.2294,0.3305649312781842,20,WEAK,Negative,False
Inotropes,binary,P.C.Z.A.T,binary,0.2294,0.3305649312781842,20,WEAK,Positive,False
Urea,binary,P.C.Z.A.E,binary,0.2294,0.3305649312781842,20,WEAK,Positive,False
Male,binary,TB,binary,-0.2294,0.3305649312781842,20,WEAK,Negative,False
Urea,binary,P.C.Z.A.T,binary,-0.2294,0.3305649312781842,20,WEAK,Negative,False
TB,binary,SGOT,binary,-0.2294,0.3305649312781844,20,WEAK,Negative,False
Female,binary,P.C.Z.A.T,binary,-0.2294,0.3305649312781842,20,WEAK,Negative,False
Lympho,binary,P.C.Z.A.E,binary,-0.2294,0.3305649312781842,20,WEAK,Negative,False
TB,binary,Urea,binary,-0.2294,0.3305649312781844,20,WEAK,Negative,False
Urinary.Catheter.in.6.Months,binary,Past.CREPA.infection,binary,0.2287,0.3321940139549929,20,WEAK,Positive,False
Hospitalization.in.past.6.Months,binary,Other.Illness.Leading.to.Hospitalization.post.28.Days.Discharge,binary,-0.2287,0.3321940139549929,20,WEAK,Negative,False
Platelet,binary,Relapse.post.28.Day.Discharge,binary,-0.2287,0.3321940139549929,20,WEAK,Negative,False
Hospitalization.in.past.6.Months,binary,Relapse.post.28.Day.Discharge,binary,-0.2287,0.3321940139549929,20,WEAK,Negative,False
Urinary.Catheter.in.6.Months,binary,Z.A.only.E,binary,0.2287,0.3321940139549929,20,WEAK,Positive,False
COPD,binary,APACHEII,continuous,0.2281,0.3333536907511,20,WEAK,Positive,False
Height,continuous,CV.Catheter.in.6.Months,binary,0.2276,0.3345630494425859,20,WEAK,Positive,False
Weight,continuous,HTN,binary,-0.2256,0.33885139024971256,20,WEAK,Negative,False
Bil,binary,GW.Stay.in.28.Days,continuous,-0.2251,0.3400178306568294,20,WEAK,Negative,False
Age,continuous,Clinical.Improvement,ordinal,-0.2239,0.3427491427142394,20,WEAK,Negative,False
Height,continuous,CAP.CRO,binary,0.2208,0.3495969715612812,20,WEAK,Positive,False
Height,continuous,Potassium,binary,-0.2208,0.3495969715612812,20,WEAK,Negative,False
SOFA,continuous,Z.A.only.E,binary,0.2201,0.35103259454707353,20,WEAK,Positive,False
Height,continuous,Z.A.only.T,binary,0.2193,0.35286774149455735,20,WEAK,Positive,False
Any.Fungal.Infection,binary,ICU.Stay.in.28.Days,continuous,0.2193,0.35300337476061977,20,WEAK,Positive,False
Age,continuous,P.C.Z.A.E,binary,0.2192,0.35305405867893935,20,WEAK,Positive,False
Weight,continuous,Relapse.post.28.Day.Discharge,binary,0.2187,0.35421243993679213,20,WEAK,Positive,False
Height,continuous,CKD,ordinal,-0.2184,0.35490413162097234,20,WEAK,Negative,False
Inotropes,binary,SOFA,continuous,0.2183,0.3550638919387177,20,WEAK,Positive,False
TLC,binary,Lympho,binary,0.2182,0.35534583312781826,20,WEAK,Positive,False
NDM,binary,Mortality.in.Hospital,binary,0.2182,0.35534583312781814,20,WEAK,Positive,False
CV.Catheter.in.6.Months,binary,Mortality.post.28.Day.Discharge,binary,-0.2182,0.35534583312781814,20,WEAK,Negative,False
Lympho,binary,P.C.only.E,binary,0.2182,0.35534583312781814,20,WEAK,Positive,False
Surgery.in.last.3.Months,binary,Procalcitonin,binary,-0.2182,0.35534583312781814,20,WEAK,Negative,False
NDM,binary,Inotropes,binary,-0.2182,0.35534583312781826,20,WEAK,Negative,False
NDM,binary,Neither.Abx.E,binary,0.2182,0.35534583312781814,20,WEAK,Positive,False
NDM,binary,Albumin,binary,-0.2182,0.35534583312781814,20,WEAK,Negative,False
NDM,binary,Neutropenia,binary,0.2182,0.35534583312781814,20,WEAK,Positive,False
NDM,binary,SGOT,binary,0.2182,0.35534583312781826,20,WEAK,Positive,False
NDM,binary,Lympho,binary,0.2182,0.35534583312781826,20,WEAK,Positive,False
HAP.CRO,binary,Creatinine,binary,-0.2182,0.35534583312781814,20,WEAK,Negative,False
NDM,binary,HTN,binary,0.2182,0.35534583312781826,20,WEAK,Positive,False
NDM,binary,COPD,binary,-0.2182,0.35534583312781814,20,WEAK,Negative,False
NDM,binary,HAP.CRO,binary,-0.2182,0.35534583312781814,20,WEAK,Negative,False
NDM,binary,Urea,binary,0.2182,0.35534583312781826,20,WEAK,Positive,False
NDM,binary,ANC,binary,-0.2182,0.35534583312781814,20,WEAK,Negative,False
Albumin,binary,Creatinine,binary,-0.2182,0.35534583312781814,20,WEAK,Negative,False
Surgery.in.last.3.Months,binary,ANC,binary,0.2182,0.35534583312781814,20,WEAK,Positive,False
Bil,binary,Neither.Abx.T,binary,-0.2182,0.35534583312781814,20,WEAK,Negative,False
Bil,binary,Amikacin,ordinal,0.2182,0.35534583312781814,20,WEAK,Positive,False
Surgery.in.last.3.Months,binary,Meropenem.T,binary,-0.2182,0.35534583312781814,20,WEAK,Negative,False
Total.Protein,binary,Trimethoprim.Sulfamethoxazole,ordinal,-0.2182,0.35534583312781814,20,WEAK,Negative,False
Total.Protein,binary,Ampicillin.Sulbactam,ordinal,-0.2182,0.35534583312781814,20,WEAK,Negative,False
Total.Protein,binary,Mortality.post.28.Day.Discharge,binary,0.2182,0.35534583312781814,20,WEAK,Positive,False
TLC,binary,Amikacin,ordinal,-0.2182,0.35534583312781814,20,WEAK,Negative,False
TLC,binary,SGOT,binary,0.2182,0.35534583312781826,20,WEAK,Positive,False
Surgery.in.last.3.Months,binary,Mortality.in.Hospital,binary,-0.2182,0.35534583312781814,20,WEAK,Negative,False
Surgery.in.last.3.Months,binary,Mortality.post.28.Day.Discharge,binary,-0.2182,0.35534583312781814,20,WEAK,Negative,False
Surgery.in.last.3.Months,binary,Overall.organ.support,binary,-0.2182,0.35534583312781814,20,WEAK,Negative,False
Bil,binary,Procalcitonin,binary,-0.2182,0.35534583312781814,20,WEAK,Negative,False
Bil,binary,Urea,binary,0.2182,0.35534583312781826,20,WEAK,Positive,False
Surgery.in.last.3.Months,binary,Ventilation,binary,-0.2182,0.35534583312781814,20,WEAK,Negative,False
Total.Protein,binary,Amikacin,ordinal,-0.2182,0.35534583312781814,20,WEAK,Negative,False
Bil,binary,Neither.Abx.E,binary,-0.2182,0.35534583312781814,20,WEAK,Negative,False
Immunosuppressive.drugs.in.1.week,binary,ANC,binary,0.2182,0.35534583312781814,20,WEAK,Positive,False
Total.Protein,binary,Procalcitonin,binary,0.2182,0.35534583312781814,20,WEAK,Positive,False
TLC,binary,Ampicillin.Sulbactam,ordinal,-0.2182,0.35534583312781814,20,WEAK,Negative,False
Lympho,binary,Creatinine,binary,0.2182,0.35534583312781814,20,WEAK,Positive,False
Surgery.in.last.3.Months,binary,Ampicillin.Sulbactam,ordinal,0.2182,0.35534583312781814,20,WEAK,Positive,False
Female,binary,Immunosuppressive.drugs.in.1.week,binary,0.2182,0.35534583312781814,20,WEAK,Positive,False
Urea,binary,P.C.only.E,binary,0.2182,0.35534583312781814,20,WEAK,Positive,False
Inotropes,binary,P.C.only.E,binary,0.2182,0.35534583312781814,20,WEAK,Positive,False
Immunosuppressive.drugs.in.1.week,binary,Meropenem.T,binary,-0.2182,0.35534583312781814,20,WEAK,Negative,False
Male,binary,Any.Fungal.Infection,binary,0.2182,0.35534583312781814,20,WEAK,Positive,False
Lympho,binary,Bil,binary,-0.2182,0.35534583312781814,20,WEAK,Negative,False
Male,binary,Creatinine,binary,0.2182,0.35534583312781814,20,WEAK,Positive,False
Immunosuppressive.drugs.in.1.week,binary,Ampicillin.Sulbactam,ordinal,0.2182,0.35534583312781814,20,WEAK,Positive,False
Immunosuppressive.drugs.in.1.week,binary,Mortality.in.Hospital,binary,-0.2182,0.35534583312781814,20,WEAK,Negative,False
Immunosuppressive.drugs.in.1.week,binary,Albumin,binary,0.2182,0.35534583312781814,20,WEAK,Positive,False
Immunosuppressive.drugs.in.1.week,binary,Lympho,binary,-0.2182,0.35534583312781826,20,WEAK,Negative,False
TLC,binary,Trimethoprim.Sulfamethoxazole,ordinal,-0.2182,0.35534583312781814,20,WEAK,Negative,False
TLC,binary,Mortality.post.28.Day.Discharge,binary,0.2182,0.35534583312781814,20,WEAK,Positive,False
TLC,binary,Urea,binary,-0.2182,0.35534583312781826,20,WEAK,Negative,False
TLC,binary,Procalcitonin,binary,0.2182,0.35534583312781814,20,WEAK,Positive,False
Ventilation,binary,TLC,binary,0.2182,0.35534583312781814,20,WEAK,Positive,False
Any.Fungal.Infection,binary,Neither.Abx.T,binary,-0.2182,0.35534583312781814,20,WEAK,Negative,False
Any.Fungal.Infection,binary,Amikacin,ordinal,0.2182,0.35534583312781814,20,WEAK,Positive,False
Any.Fungal.Infection,binary,Procalcitonin,binary,-0.2182,0.35534583312781814,20,WEAK,Negative,False
Bil,binary,Albumin,binary,0.2182,0.35534583312781814,20,WEAK,Positive,False
Any.Fungal.Infection,binary,Hemat.Malignancy,binary,0.2182,0.35534583312781814,20,WEAK,Positive,False
Any.Fungal.Infection,binary,Mortality.in.Hospital,binary,-0.2182,0.35534583312781814,20,WEAK,Negative,False
Hypothyroidism,binary,Creatinine,binary,0.2182,0.35534583312781814,20,WEAK,Positive,False
Any.Fungal.Infection,binary,Albumin,binary,0.2182,0.35534583312781814,20,WEAK,Positive,False
Bil,binary,SGOT,binary,0.2182,0.35534583312781826,20,WEAK,Positive,False
Creatinine,binary,Neither.Abx.T,binary,0.2182,0.35534583312781814,20,WEAK,Positive,False
CV.Catheter.in.6.Months,binary,Inotropes,binary,0.2182,0.35534583312781826,20,WEAK,Positive,False
CV.Catheter.in.6.Months,binary,Hemat.Malignancy,binary,0.2182,0.35534583312781814,20,WEAK,Positive,False
HTN,binary,TLC,binary,-0.2182,0.35534583312781814,20,WEAK,Negative,False
HTN,binary,Any.Fungal.Infection,binary,0.2182,0.35534583312781814,20,WEAK,Positive,False
HTN,binary,CV.Catheter.in.6.Months,binary,0.2182,0.35534583312781814,20,WEAK,Positive,False
HTN,binary,Surgery.in.last.3.Months,binary,0.2182,0.35534583312781814,20,WEAK,Positive,False
HTN,binary,Immunosuppressive.drugs.in.1.week,binary,-0.2182,0.35534583312781814,20,WEAK,Negative,False
Neutropenia,binary,Total.Protein,binary,0.2182,0.35534583312781814,20,WEAK,Positive,False
Any.Fungal.Infection,binary,Neither.Abx.E,binary,-0.2182,0.35534583312781814,20,WEAK,Negative,False
COPD,binary,Creatinine,binary,-0.2182,0.35534583312781814,20,WEAK,Negative,False
Hypothyroidism,binary,TLC,binary,0.2182,0.35534583312781814,20,WEAK,Positive,False
Neutropenia,binary,TLC,binary,0.2182,0.35534583312781814,20,WEAK,Positive,False
Hypothyroidism,binary,Immunosuppressive.drugs.in.1.week,binary,-0.2182,0.35534583312781814,20,WEAK,Negative,False
Neutropenia,binary,P.C.only.E,binary,-0.2182,0.35534583312781814,20,WEAK,Negative,False
HTN,binary,Bil,binary,0.2182,0.35534583312781814,20,WEAK,Positive,False
Hypothyroidism,binary,Any.Fungal.Infection,binary,-0.2182,0.35534583312781814,20,WEAK,Negative,False
Any.Fungal.Infection,binary,Urea,binary,0.2182,0.35534583312781826,20,WEAK,Positive,False
Any.Fungal.Infection,binary,Lympho,binary,-0.2182,0.35534583312781826,20,WEAK,Negative,False
Any.Fungal.Infection,binary,ANC,binary,0.2182,0.35534583312781814,20,WEAK,Positive,False
Any.Fungal.Infection,binary,Meropenem.T,binary,-0.2182,0.35534583312781814,20,WEAK,Negative,False
HAP.CRO,binary,Any.Fungal.Infection,binary,0.2182,0.35534583312781814,20,WEAK,Positive,False
HAP.CRO,binary,TLC,binary,-0.2182,0.35534583312781814,20,WEAK,Negative,False
CV.Catheter.in.6.Months,binary,Trimethoprim.Sulfamethoxazole,ordinal,0.2182,0.35534583312781814,20,WEAK,Positive,False
CV.Catheter.in.6.Months,binary,Ampicillin.Sulbactam,ordinal,0.2182,0.35534583312781814,20,WEAK,Positive,False
Ventilation,binary,Total.Protein,binary,0.2182,0.35534583312781814,20,WEAK,Positive,False
NDM,binary,Neither.Abx.T,binary,0.2182,0.35534583312781814,20,WEAK,Positive,False
NDM,binary,Amikacin,ordinal,-0.2182,0.35534583312781814,20,WEAK,Negative,False
CV.Catheter.in.6.Months,binary,Globulin,binary,-0.2182,0.35534583312781814,20,WEAK,Negative,False
CV.Catheter.in.6.Months,binary,Amikacin,ordinal,0.2182,0.35534583312781814,20,WEAK,Positive,False
P.C.only.E,binary,Ampicillin.Sulbactam,ordinal,0.2182,0.35534583312781814,20,WEAK,Positive,False
Overall.organ.support,binary,TLC,binary,0.2182,0.35534583312781814,20,WEAK,Positive,False
Creatinine,binary,Mortality.post.28.Day.Discharge,binary,0.2182,0.35534583312781814,20,WEAK,Positive,False
Creatinine,binary,Ampicillin.Sulbactam,ordinal,-0.2182,0.35534583312781814,20,WEAK,Negative,False
Creatinine,binary,Trimethoprim.Sulfamethoxazole,ordinal,-0.2182,0.35534583312781814,20,WEAK,Negative,False
Hemat.Malignancy,binary,P.C.only.E,binary,0.2182,0.35534583312781814,20,WEAK,Positive,False
COPD,binary,Any.Fungal.Infection,binary,0.2182,0.35534583312781814,20,WEAK,Positive,False
COPD,binary,Total.Protein,binary,-0.2182,0.35534583312781814,20,WEAK,Negative,False
P.C.only.E,binary,Amikacin,ordinal,0.2182,0.35534583312781814,20,WEAK,Positive,False
P.C.only.E,binary,Neither.Abx.T,binary,-0.2182,0.35534583312781814,20,WEAK,Negative,False
P.C.only.E,binary,Trimethoprim.Sulfamethoxazole,ordinal,0.2182,0.35534583312781814,20,WEAK,Positive,False
Hemat.Malignancy,binary,Creatinine,binary,-0.2182,0.35534583312781814,20,WEAK,Negative,False
SGOT,binary,Creatinine,binary,0.2182,0.35534583312781814,20,WEAK,Positive,False
Creatinine,binary,Neither.Abx.E,binary,0.2182,0.35534583312781814,20,WEAK,Positive,False
Creatinine,binary,Urea,binary,-0.2182,0.35534583312781826,20,WEAK,Negative,False
Creatinine,binary,Procalcitonin,binary,0.2182,0.35534583312781814,20,WEAK,Positive,False
COPD,binary,P.C.only.E,binary,0.2182,0.35534583312781814,20,WEAK,Positive,False
SGOT,binary,P.C.only.E,binary,0.2182,0.35534583312781814,20,WEAK,Positive,False
Overall.organ.support,binary,Total.Protein,binary,0.2182,0.35534583312781814,20,WEAK,Positive,False
Immunosuppressive.drugs.in.1.week,binary,Procalcitonin,binary,-0.2182,0.35534583312781814,20,WEAK,Negative,False
Female,binary,Creatinine,binary,-0.2182,0.35534583312781814,20,WEAK,Negative,False
Female,binary,Total.Protein,binary,0.2182,0.35534583312781814,20,WEAK,Positive,False
Female,binary,Surgery.in.last.3.Months,binary,0.2182,0.35534583312781814,20,WEAK,Positive,False
Male,binary,Total.Protein,binary,-0.2182,0.35534583312781814,20,WEAK,Negative,False
P.C.only.E,binary,Mortality.post.28.Day.Discharge,binary,-0.2182,0.35534583312781814,20,WEAK,Negative,False
Male,binary,CV.Catheter.in.6.Months,binary,0.2182,0.35534583312781814,20,WEAK,Positive,False
P.C.only.E,binary,Neither.Abx.E,binary,-0.2182,0.35534583312781814,20,WEAK,Negative,False
Total.Protein,binary,Urea,binary,-0.2182,0.35534583312781826,20,WEAK,Negative,False
Female,binary,CV.Catheter.in.6.Months,binary,-0.2182,0.35534583312781814,20,WEAK,Negative,False
Female,binary,Any.Fungal.Infection,binary,-0.2182,0.35534583312781814,20,WEAK,Negative,False
Bil,binary,Mortality.post.28.Day.Discharge,binary,-0.2182,0.35534583312781814,20,WEAK,Negative,False
Bil,binary,Mortality.in.Hospital,binary,-0.2182,0.35534583312781814,20,WEAK,Negative,False
Male,binary,Surgery.in.last.3.Months,binary,-0.2182,0.35534583312781814,20,WEAK,Negative,False
Male,binary,Immunosuppressive.drugs.in.1.week,binary,-0.2182,0.35534583312781814,20,WEAK,Negative,False
Height,continuous,Immunosuppressive.drugs.in.1.week,binary,0.2181,0.3556252922245078,20,WEAK,Positive,False
APACHEII,continuous,P.C.only.E,binary,0.2181,0.3556252922245078,20,WEAK,Positive,False
Any.Fungal.Infection,binary,APACHEII,continuous,0.2181,0.35562529222450784,20,WEAK,Positive,False
CKD,ordinal,Creatinine,binary,0.2179,0.35602963147086986,20,WEAK,Positive,False
CKD,ordinal,Immunosuppressive.drugs.in.1.week,binary,-0.2179,0.35602963147086986,20,WEAK,Negative,False
CKD,ordinal,Any.Fungal.Infection,binary,-0.2179,0.35602963147086986,20,WEAK,Negative,False
CKD,ordinal,Surgery.in.last.3.Months,binary,-0.2179,0.35602963147086986,20,WEAK,Negative,False
CKD,ordinal,TLC,binary,0.2179,0.35602963147086986,20,WEAK,Positive,False
Height,continuous,Procalcitonin,binary,0.2173,0.35749566545570716,20,WEAK,Positive,False
APACHEII,continuous,ANC,binary,-0.2173,0.35749566545570716,20,WEAK,Negative,False
APACHEII,continuous,Ampicillin.Sulbactam,ordinal,0.2173,0.35749566545570716,20,WEAK,Positive,False
Past.CREPA.infection,binary,Other.Illness.Leading.to.Hospitalization.post.28.Days.Discharge,binary,0.2157,0.3610928074793057,20,WEAK,Positive,False
Past.CREPA.infection,binary,Relapse.post.28.Day.Discharge,binary,0.2157,0.3610928074793057,20,WEAK,Positive,False
Past.CREPA.infection,binary,Z.A.only.E,binary,0.2157,0.3610928074793057,20,WEAK,Positive,False
SOFA,continuous,SGPT,binary,0.2139,0.36510785895615383,20,WEAK,Positive,False
COPD,binary,GW.Stay.in.28.Days,continuous,-0.213,0.367193998590535,20,WEAK,Negative,False
HAP.CRO,binary,GW.Stay.in.28.Days,continuous,-0.213,0.367193998590535,20,WEAK,Negative,False
ALP,binary,P.C.only.T,binary,-0.2121,0.3692754435381977,20,WEAK,Negative,False
Sodium,binary,P.C.Sulbactam.T,ordinal,-0.212,0.36956409419721337,20,WEAK,Negative,False
BSI.CRO,binary,P.C.Sulbactam.T,ordinal,0.212,0.36956409419721337,20,WEAK,Positive,False
CKD,ordinal,Sodium,binary,-0.2114,0.37093958692890105,20,WEAK,Negative,False
CKD,ordinal,BSI.CRO,binary,0.2114,0.37093958692890105,20,WEAK,Positive,False
Globulin,binary,Z.A.only.E,binary,0.21,0.3740958888380405,20,WEAK,Positive,False
COPD,binary,Relapse.post.28.Day.Discharge,binary,-0.21,0.3740958888380405,20,WEAK,Negative,False
COPD,binary,Other.Illness.Leading.to.Hospitalization.post.28.Days.Discharge,binary,-0.21,0.3740958888380405,20,WEAK,Negative,False
Globulin,binary,Relapse.post.28.Day.Discharge,binary,0.21,0.3740958888380405,20,WEAK,Positive,False
HAP.CRO,binary,Relapse.post.28.Day.Discharge,binary,-0.21,0.3740958888380405,20,WEAK,Negative,False
HAP.CRO,binary,Z.A.only.E,binary,-0.21,0.3740958888380405,20,WEAK,Negative,False
Hemat.Malignancy,binary,Relapse.post.28.Day.Discharge,binary,-0.21,0.3740958888380405,20,WEAK,Negative,False
Hemat.Malignancy,binary,Other.Illness.Leading.to.Hospitalization.post.28.Days.Discharge,binary,-0.21,0.3740958888380405,20,WEAK,Negative,False
COPD,binary,Z.A.only.E,binary,-0.21,0.3740958888380405,20,WEAK,Negative,False
Globulin,binary,Other.Illness.Leading.to.Hospitalization.post.28.Days.Discharge,binary,0.21,0.3740958888380405,20,WEAK,Positive,False
Past.CREPA.infection,binary,Globulin,binary,0.21,0.3740958888380405,20,WEAK,Positive,False
Ventilation,binary,Minocycline,ordinal,0.2094,0.3755286329413751,20,WEAK,Positive,False
Overall.organ.support,binary,Minocycline,ordinal,0.2094,0.3755286329413751,20,WEAK,Positive,False
Hemat.Malignancy,binary,Minocycline,ordinal,-0.2094,0.3755286329413751,20,WEAK,Negative,False
SOFA,continuous,Other.Illness.Leading.to.Hospitalization.post.28.Days.Discharge,binary,-0.2079,0.37908996851451027,20,WEAK,Negative,False
P.C.only.T,binary,Z.A.only.T,binary,-0.2075,0.38000370195431565,20,WEAK,Negative,False
Other.CRO,binary,Overall.Mortality,binary,-0.2075,0.38000370195431565,20,WEAK,Negative,False
Other.CRO,binary,Any.Viral.Infection,binary,-0.2075,0.38000370195431565,20,WEAK,Negative,False
ALP,binary,P.C.Z.A.T,binary,-0.2075,0.38000370195431565,20,WEAK,Negative,False
Any.Viral.Infection,binary,P.C.Z.A.T,binary,-0.2075,0.38000370195431565,20,WEAK,Negative,False
TB,binary,Any.Viral.Infection,binary,-0.2075,0.38000370195431565,20,WEAK,Negative,False
HAP.NCRO,binary,Any.Viral.Infection,binary,-0.2075,0.38000370195431565,20,WEAK,Negative,False
P.C.Z.A.T,binary,P.C.only.T,binary,-0.2075,0.38000370195431565,20,WEAK,Negative,False
Other.CRO,binary,ALP,binary,-0.2075,0.38000370195431565,20,WEAK,Negative,False
TB,binary,ALP,binary,-0.2075,0.38000370195431565,20,WEAK,Negative,False
TB,binary,Overall.Mortality,binary,-0.2075,0.38000370195431565,20,WEAK,Negative,False
HAP.NCRO,binary,Overall.Mortality,binary,-0.2075,0.38000370195431565,20,WEAK,Negative,False
P.C.Z.A.E,binary,P.C.only.T,binary,-0.2075,0.38000370195431565,20,WEAK,Negative,False
Urinary.Catheter.in.6.Months,binary,P.C.Sulbactam.T,ordinal,-0.2071,0.38096717338553254,20,WEAK,Negative,False
Overall.organ.support,binary,APACHEII,continuous,0.2064,0.3826136169971786,20,WEAK,Positive,False
Ventilation,binary,APACHEII,continuous,0.2064,0.3826136169971786,20,WEAK,Positive,False
DM,binary,Total.Protein,binary,-0.2059,0.3838535145112251,20,WEAK,Negative,False
DM,binary,CV.Catheter.in.6.Months,binary,0.2059,0.3838535145112251,20,WEAK,Positive,False
DM,binary,Bil,binary,0.2059,0.3838535145112251,20,WEAK,Positive,False
NDM,binary,DM,binary,-0.2059,0.3838535145112251,20,WEAK,Negative,False
Female,binary,Platelet,binary,-0.2041,0.38800910715171777,20,WEAK,Negative,False
Female,binary,SGPT,binary,-0.2041,0.38800910715171777,20,WEAK,Negative,False
Male,binary,Magnesium,binary,-0.2041,0.38800910715171777,20,WEAK,Negative,False
Female,binary,Magnesium,binary,0.2041,0.38800910715171777,20,WEAK,Positive,False
Female,binary,Urinary.Catheter.in.6.Months,binary,-0.2041,0.38800910715171777,20,WEAK,Negative,False
Lympho,binary,Calcium,binary,-0.2041,0.38800910715171777,20,WEAK,Negative,False
Urinary.Catheter.in.6.Months,binary,SGOT,binary,-0.2041,0.38800910715171777,20,WEAK,Negative,False
Lympho,binary,SGPT,binary,0.2041,0.38800910715171777,20,WEAK,Positive,False
Urea,binary,Magnesium,binary,0.2041,0.38800910715171777,20,WEAK,Positive,False
Inotropes,binary,SGPT,binary,0.2041,0.38800910715171777,20,WEAK,Positive,False
Male,binary,SGPT,binary,0.2041,0.38800910715171777,20,WEAK,Positive,False
Male,binary,Platelet,binary,0.2041,0.38800910715171777,20,WEAK,Positive,False
SGPT,binary,Urea,binary,0.2041,0.38800910715171777,20,WEAK,Positive,False
HTN,binary,Calcium,binary,0.2041,0.38800910715171777,20,WEAK,Positive,False
Lympho,binary,Magnesium,binary,-0.2041,0.38800910715171777,20,WEAK,Negative,False
Urinary.Catheter.in.6.Months,binary,Lympho,binary,0.2041,0.38800910715171777,20,WEAK,Positive,False
Hospitalization.in.past.6.Months,binary,SGOT,binary,-0.2041,0.38800910715171777,20,WEAK,Negative,False
HTN,binary,Hospitalization.in.past.6.Months,binary,0.2041,0.38800910715171777,20,WEAK,Positive,False
Hospitalization.in.past.6.Months,binary,Inotropes,binary,0.2041,0.38800910715171777,20,WEAK,Positive,False
SGOT,binary,Magnesium,binary,0.2041,0.38800910715171777,20,WEAK,Positive,False
Male,binary,Urinary.Catheter.in.6.Months,binary,0.2041,0.38800910715171777,20,WEAK,Positive,False
Platelet,binary,Urea,binary,0.2041,0.38800910715171777,20,WEAK,Positive,False
Inotropes,binary,Platelet,binary,0.2041,0.38800910715171777,20,WEAK,Positive,False
Any.Viral.Infection,binary,P.C.Sulbactam.T,ordinal,-0.2039,0.38844153149729177,20,WEAK,Negative,False
P.C.Sulbactam.T,ordinal,Overall.Mortality,binary,-0.2039,0.38844153149729177,20,WEAK,Negative,False
SOFA,continuous,Mortality.post.28.Day.Discharge,binary,-0.2038,0.38881147429450685,20,WEAK,Negative,False
Weight,continuous,SGPT,binary,0.2037,0.3890148167434717,20,WEAK,Positive,False
ALP,binary,ICU.Stay.in.28.Days,continuous,0.202,0.3931578096216397,20,WEAK,Positive,False
Solid.Organ,binary,ICU.Stay.in.28.Days,continuous,0.2018,0.3936148900658088,20,WEAK,Positive,False
HAP.CRO,binary,P.C.only.T,binary,-0.201,0.39545050484859817,20,WEAK,Negative,False
Hemat.Malignancy,binary,Overall.Mortality,binary,-0.201,0.39545050484859817,20,WEAK,Negative,False
ALP,binary,Meropenem.T,binary,0.201,0.39545050484859817,20,WEAK,Positive,False
Globulin,binary,Overall.Mortality,binary,0.201,0.39545050484859817,20,WEAK,Positive,False
COPD,binary,P.C.only.T,binary,-0.201,0.39545050484859817,20,WEAK,Negative,False
P.C.only.T,binary,Meropenem.T,binary,0.201,0.39545050484859817,20,WEAK,Positive,False
Overall.organ.support,binary,Overall.Mortality,binary,0.201,0.39545050484859817,20,WEAK,Positive,False
Overall.organ.support,binary,ALP,binary,0.201,0.39545050484859817,20,WEAK,Positive,False
Ventilation,binary,ALP,binary,0.201,0.39545050484859817,20,WEAK,Positive,False
Globulin,binary,P.C.only.T,binary,0.201,0.39545050484859817,20,WEAK,Positive,False
Overall.organ.support,binary,Any.Viral.Infection,binary,0.201,0.39545050484859817,20,WEAK,Positive,False
Ventilation,binary,Any.Viral.Infection,binary,0.201,0.39545050484859817,20,WEAK,Positive,False
Ventilation,binary,Overall.Mortality,binary,0.201,0.39545050484859817,20,WEAK,Positive,False
Weight,continuous,Any.Viral.Infection,binary,0.2006,0.39645132319882703,20,WEAK,Positive,False
Age,continuous,Solid.Organ,binary,-0.2006,0.3963622590277772,20,WEAK,Negative,False
Z.A.only.T,binary,ICU.Stay.in.28.Days,continuous,-0.2004,0.3968105834283067,20,WEAK,Negative,False
Inotropes,binary,Lympho,binary,-0.2,0.3978729793519616,20,WEAK,Negative,False
BSI.CRO,binary,Sodium,binary,-0.2,0.3978729793519616,20,WEAK,Negative,False
Solid.Organ,binary,Sodium,binary,0.2,0.3978729793519616,20,WEAK,Positive,False
Male,binary,SGOT,binary,-0.2,0.3978729793519616,20,WEAK,Negative,False
Male,binary,Urea,binary,0.2,0.3978729793519616,20,WEAK,Positive,False
VAP.CRO,binary,Mortality.in.ICU,binary,0.2,0.3978729793519616,20,WEAK,Positive,False
BSI.CRO,binary,Mortality.in.ICU,binary,0.2,0.3978729793519616,20,WEAK,Positive,False
VAP.CRO,binary,Solid.Organ,binary,-0.2,0.3978729793519616,20,WEAK,Negative,False
Solid.Organ,binary,Potassium,binary,-0.2,0.3978729793519616,20,WEAK,Negative,False
Female,binary,Urea,binary,-0.2,0.3978729793519616,20,WEAK,Negative,False
Lympho,binary,SGOT,binary,0.2,0.3978729793519616,20,WEAK,Positive,False
Inotropes,binary,SGOT,binary,0.2,0.3978729793519616,20,WEAK,Positive,False
VAP.CRO,binary,Sodium,binary,-0.2,0.3978729793519616,20,WEAK,Negative,False
Female,binary,SGOT,binary,0.2,0.3978729793519616,20,WEAK,Positive,False
Calcium,binary,Minocycline,ordinal,-0.1995,0.39908830579096083,20,WEAK,Negative,False
Weight,continuous,P.C.Z.A.E,binary,-0.1991,0.4000958879184182,20,WEAK,Negative,False
COPD,binary,ICU.Stay.in.28.Days,continuous,0.1966,0.4061480172293382,20,WEAK,Positive,False
HAP.CRO,binary,ICU.Stay.in.28.Days,continuous,0.1966,0.4061480172293382,20,WEAK,Positive,False
Meropenem.T,binary,ICU.Stay.in.28.Days,continuous,-0.1966,0.4061480172293382,20,WEAK,Negative,False
Any.Viral.Infection,binary,Minocycline,ordinal,0.1964,0.4064733427007992,20,WEAK,Positive,False
ALP,binary,Minocycline,ordinal,0.1964,0.4064733427007992,20,WEAK,Positive,False
Urinary.Catheter.in.6.Months,binary,SOFA,continuous,0.1961,0.40731743022014044,20,WEAK,Positive,False
Total.Protein,binary,GW.Stay.in.28.Days,continuous,0.1957,0.4082324162574758,20,WEAK,Positive,False
Minocycline,ordinal,Other.Illness.Leading.to.Hospitalization.post.28.Days.Discharge,binary,0.1955,0.408781104439591,20,WEAK,Positive,False
GW.Stay.in.28.Days,continuous,Mortality.post.28.Day.Discharge,binary,-0.1943,0.4116384559217607,20,WEAK,Negative,False
Neither.Abx.T,binary,GW.Stay.in.28.Days,continuous,-0.1943,0.4116384559217607,20,WEAK,Negative,False
Neither.Abx.E,binary,GW.Stay.in.28.Days,continuous,-0.1943,0.4116384559217607,20,WEAK,Negative,False
Clinical.Improvement,ordinal,Relapse.post.28.Day.Discharge,binary,0.1935,0.4135991860166562,20,WEAK,Positive,False
ICU.Stay.in.28.Days,continuous,Overall.Mortality,binary,-0.1932,0.41447566033819416,20,WEAK,Negative,False
Ampicillin.Sulbactam,ordinal,Mortality.in.ICU,binary,0.1925,0.41628327114707014,20,WEAK,Positive,False
VAP.CRO,binary,Mortality.in.Hospital,binary,-0.1925,0.4162832711470701,20,WEAK,Negative,False
Trimethoprim.Sulfamethoxazole,ordinal,Mortality.in.ICU,binary,-0.1925,0.41628327114707014,20,WEAK,Negative,False
Albumin,binary,Mortality.in.ICU,binary,0.1925,0.41628327114707014,20,WEAK,Positive,False
CAP.CRO,binary,Neutropenia,binary,-0.1925,0.4162832711470701,20,WEAK,Negative,False
CAP.CRO,binary,Ampicillin.Sulbactam,ordinal,0.1925,0.4162832711470701,20,WEAK,Positive,False
CAP.CRO,binary,ANC,binary,-0.1925,0.4162832711470701,20,WEAK,Negative,False
Hypothyroidism,binary,Sodium,binary,0.1925,0.41628327114707014,20,WEAK,Positive,False
Hypothyroidism,binary,Potassium,binary,0.1925,0.41628327114707014,20,WEAK,Positive,False
Hypothyroidism,binary,VAP.CRO,binary,0.1925,0.41628327114707014,20,WEAK,Positive,False
Procalcitonin,binary,Mortality.in.ICU,binary,-0.1925,0.41628327114707014,20,WEAK,Negative,False
Hypothyroidism,binary,Solid.Organ,binary,0.1925,0.41628327114707014,20,WEAK,Positive,False
Solid.Organ,binary,Mortality.post.28.Day.Discharge,binary,0.1925,0.4162832711470701,20,WEAK,Positive,False
Solid.Organ,binary,Ampicillin.Sulbactam,ordinal,-0.1925,0.4162832711470701,20,WEAK,Negative,False
Solid.Organ,binary,Mortality.in.Hospital,binary,-0.1925,0.4162832711470701,20,WEAK,Negative,False
Neither.Abx.E,binary,Mortality.in.ICU,binary,-0.1925,0.41628327114707014,20,WEAK,Negative,False
Hypothyroidism,binary,CAP.CRO,binary,0.1925,0.41628327114707014,20,WEAK,Positive,False
Potassium,binary,Amikacin,ordinal,0.1925,0.4162832711470701,20,WEAK,Positive,False
Mortality.in.ICU,binary,Mortality.in.Hospital,binary,-0.1925,0.4162832711470701,20,WEAK,Negative,False
Hypothyroidism,binary,Mortality.in.ICU,binary,-0.1925,0.41628327114707014,20,WEAK,Negative,False
Hypothyroidism,binary,BSI.CRO,binary,-0.1925,0.41628327114707014,20,WEAK,Negative,False
Solid.Organ,binary,Trimethoprim.Sulfamethoxazole,ordinal,-0.1925,0.4162832711470701,20,WEAK,Negative,False
BSI.CRO,binary,Neutropenia,binary,0.1925,0.4162832711470701,20,WEAK,Positive,False
Solid.Organ,binary,Neither.Abx.E,binary,0.1925,0.4162832711470701,20,WEAK,Positive,False
Sodium,binary,Neither.Abx.E,binary,0.1925,0.4162832711470701,20,WEAK,Positive,False
Potassium,binary,Trimethoprim.Sulfamethoxazole,ordinal,0.1925,0.4162832711470701,20,WEAK,Positive,False
BSI.CRO,binary,Neither.Abx.E,binary,-0.1925,0.4162832711470701,20,WEAK,Negative,False
Neither.Abx.T,binary,Mortality.in.ICU,binary,-0.1925,0.41628327114707014,20,WEAK,Negative,False
Potassium,binary,Mortality.in.Hospital,binary,-0.1925,0.4162832711470701,20,WEAK,Negative,False
VAP.CRO,binary,Neither.Abx.T,binary,-0.1925,0.4162832711470701,20,WEAK,Negative,False
VAP.CRO,binary,Neutropenia,binary,0.1925,0.4162832711470701,20,WEAK,Positive,False
VAP.CRO,binary,Albumin,binary,0.1925,0.4162832711470701,20,WEAK,Positive,False
CAP.CRO,binary,Trimethoprim.Sulfamethoxazole,ordinal,0.1925,0.4162832711470701,20,WEAK,Positive,False
ANC,binary,Potassium,binary,0.1925,0.41628327114707014,20,WEAK,Positive,False
CAP.CRO,binary,Mortality.post.28.Day.Discharge,binary,0.1925,0.4162832711470701,20,WEAK,Positive,False
BSI.CRO,binary,Trimethoprim.Sulfamethoxazole,ordinal,0.1925,0.4162832711470701,20,WEAK,Positive,False
Amikacin,ordinal,Mortality.in.ICU,binary,0.1925,0.41628327114707014,20,WEAK,Positive,False
Sodium,binary,Trimethoprim.Sulfamethoxazole,ordinal,0.1925,0.4162832711470701,20,WEAK,Positive,False
Sodium,binary,Amikacin,ordinal,-0.1925,0.4162832711470701,20,WEAK,Negative,False
Solid.Organ,binary,Amikacin,ordinal,-0.1925,0.4162832711470701,20,WEAK,Negative,False
Solid.Organ,binary,Neither.Abx.T,binary,0.1925,0.4162832711470701,20,WEAK,Positive,False
Potassium,binary,Neither.Abx.E,binary,-0.1925,0.4162832711470701,20,WEAK,Negative,False
BSI.CRO,binary,Ampicillin.Sulbactam,ordinal,0.1925,0.4162832711470701,20,WEAK,Positive,False
BSI.CRO,binary,Mortality.in.Hospital,binary,-0.1925,0.4162832711470701,20,WEAK,Negative,False
BSI.CRO,binary,Mortality.post.28.Day.Discharge,binary,-0.1925,0.4162832711470701,20,WEAK,Negative,False
ANC,binary,Sodium,binary,-0.1925,0.41628327114707014,20,WEAK,Negative,False
CAP.CRO,binary,Procalcitonin,binary,0.1925,0.4162832711470701,20,WEAK,Positive,False
Neutropenia,binary,Mortality.in.ICU,binary,-0.1925,0.41628327114707014,20,WEAK,Negative,False
VAP.CRO,binary,ANC,binary,0.1925,0.4162832711470701,20,WEAK,Positive,False
Sodium,binary,Neither.Abx.T,binary,0.1925,0.4162832711470701,20,WEAK,Positive,False
Potassium,binary,Ampicillin.Sulbactam,ordinal,-0.1925,0.4162832711470701,20,WEAK,Negative,False
Sodium,binary,Ampicillin.Sulbactam,ordinal,0.1925,0.4162832711470701,20,WEAK,Positive,False
Sodium,binary,Procalcitonin,binary,-0.1925,0.4162832711470701,20,WEAK,Negative,False
Solid.Organ,binary,Albumin,binary,-0.1925,0.4162832711470701,20,WEAK,Negative,False
Solid.Organ,binary,Procalcitonin,binary,-0.1925,0.4162832711470701,20,WEAK,Negative,False
Potassium,binary,Procalcitonin,binary,-0.1925,0.4162832711470701,20,WEAK,Negative,False
BSI.CRO,binary,Neither.Abx.T,binary,-0.1925,0.4162832711470701,20,WEAK,Negative,False
Albumin,binary,Potassium,binary,0.1925,0.41628327114707014,20,WEAK,Positive,False
Potassium,binary,Neither.Abx.T,binary,-0.1925,0.4162832711470701,20,WEAK,Negative,False
BSI.CRO,binary,Albumin,binary,0.1925,0.4162832711470701,20,WEAK,Positive,False
Albumin,binary,Sodium,binary,-0.1925,0.41628327114707014,20,WEAK,Negative,False
Sodium,binary,Mortality.post.28.Day.Discharge,binary,0.1925,0.4162832711470701,20,WEAK,Positive,False
Sodium,binary,Mortality.in.Hospital,binary,0.1925,0.4162832711470701,20,WEAK,Positive,False
BSI.CRO,binary,Amikacin,ordinal,-0.1925,0.4162832711470701,20,WEAK,Negative,False
BSI.CRO,binary,Procalcitonin,binary,0.1925,0.4162832711470701,20,WEAK,Positive,False
Solid.Organ,binary,ANC,binary,-0.1925,0.4162832711470701,20,WEAK,Negative,False
ANC,binary,Mortality.in.ICU,binary,-0.1925,0.41628327114707014,20,WEAK,Negative,False
Potassium,binary,Mortality.post.28.Day.Discharge,binary,-0.1925,0.4162832711470701,20,WEAK,Negative,False
BSI.CRO,binary,ANC,binary,-0.1925,0.4162832711470701,20,WEAK,Negative,False
VAP.CRO,binary,Trimethoprim.Sulfamethoxazole,ordinal,-0.1925,0.4162832711470701,20,WEAK,Negative,False
VAP.CRO,binary,Ampicillin.Sulbactam,ordinal,0.1925,0.4162832711470701,20,WEAK,Positive,False
VAP.CRO,binary,Amikacin,ordinal,0.1925,0.4162832711470701,20,WEAK,Positive,False
VAP.CRO,binary,Procalcitonin,binary,-0.1925,0.4162832711470701,20,WEAK,Negative,False
CAP.CRO,binary,Mortality.in.Hospital,binary,0.1925,0.4162832711470701,20,WEAK,Positive,False
VAP.CRO,binary,Neither.Abx.E,binary,-0.1925,0.4162832711470701,20,WEAK,Negative,False
Mortality.in.ICU,binary,Mortality.post.28.Day.Discharge,binary,-0.1925,0.4162832711470701,20,WEAK,Negative,False
CAP.CRO,binary,Amikacin,ordinal,-0.1925,0.4162832711470701,20,WEAK,Negative,False
VAP.CRO,binary,Mortality.post.28.Day.Discharge,binary,-0.1925,0.4162832711470701,20,WEAK,Negative,False
CKD,ordinal,Mortality.in.ICU,binary,-0.1922,0.4169419767090119,20,WEAK,Negative,False
CKD,ordinal,Solid.Organ,binary,0.1922,0.4169419767090119,20,WEAK,Positive,False
CKD,ordinal,VAP.CRO,binary,-0.1922,0.4169419767090119,20,WEAK,Negative,False
Any.Viral.Infection,binary,Overall.Mortality,binary,0.1919,0.417594877350866,20,WEAK,Positive,False
ALP,binary,Overall.Mortality,binary,0.1919,0.417594877350866,20,WEAK,Positive,False
APACHEII,continuous,Lympho,binary,-0.1912,0.4193852530509918,20,WEAK,Negative,False
Height,continuous,Mortality.in.ICU,binary,-0.1907,0.4206935146656391,20,WEAK,Negative,False
CKD,ordinal,P.C.Sulbactam.T,ordinal,0.1906,0.4209212382681192,20,WEAK,Positive,False
Age,continuous,BSI.CRO,binary,-0.1906,0.42087218420591993,20,WEAK,Negative,False
SOFA,continuous,Bil,binary,0.1906,0.4209005420607511,20,WEAK,Positive,False
Immunosuppressive.drugs.in.1.week,binary,TLC,binary,0.1905,0.4211710939294915,20,WEAK,Positive,False
Surgery.in.last.3.Months,binary,Total.Protein,binary,0.1905,0.4211710939294915,20,WEAK,Positive,False
Surgery.in.last.3.Months,binary,Bil,binary,-0.1905,0.4211710939294915,20,WEAK,Negative,False
Creatinine,binary,P.C.only.E,binary,0.1905,0.4211710939294915,20,WEAK,Positive,False
Surgery.in.last.3.Months,binary,P.C.only.E,binary,-0.1905,0.4211710939294915,20,WEAK,Negative,False
NDM,binary,Total.Protein,binary,-0.1905,0.4211710939294915,20,WEAK,Negative,False
Bil,binary,Creatinine,binary,0.1905,0.4211710939294915,20,WEAK,Positive,False
Any.Fungal.Infection,binary,Total.Protein,binary,0.1905,0.4211710939294915,20,WEAK,Positive,False
CV.Catheter.in.6.Months,binary,Creatinine,binary,0.1905,0.4211710939294915,20,WEAK,Positive,False
Any.Fungal.Infection,binary,TLC,binary,0.1905,0.4211710939294915,20,WEAK,Positive,False
Any.Fungal.Infection,binary,P.C.only.E,binary,-0.1905,0.4211710939294915,20,WEAK,Negative,False
Immunosuppressive.drugs.in.1.week,binary,Bil,binary,-0.1905,0.4211710939294915,20,WEAK,Negative,False
CV.Catheter.in.6.Months,binary,Immunosuppressive.drugs.in.1.week,binary,-0.1905,0.4211710939294915,20,WEAK,Negative,False
NDM,binary,CV.Catheter.in.6.Months,binary,0.1905,0.4211710939294915,20,WEAK,Positive,False
NDM,binary,Immunosuppressive.drugs.in.1.week,binary,0.1905,0.4211710939294915,20,WEAK,Positive,False
Urinary.Catheter.in.6.Months,binary,ICU.Stay.in.28.Days,continuous,0.1873,0.4291973461465199,20,WEAK,Positive,False
Urinary.Catheter.in.6.Months,binary,P.C.Z.A.T,binary,-0.1873,0.42905718780257857,20,WEAK,Negative,False
Calcium,binary,P.C.Z.A.E,binary,0.1873,0.42905718780257857,20,WEAK,Positive,False
HAP.NCRO,binary,Magnesium,binary,-0.1873,0.4290571878025785,20,WEAK,Negative,False
HAP.NCRO,binary,Hospitalization.in.past.6.Months,binary,0.1873,0.4290571878025785,20,WEAK,Positive,False
HAP.NCRO,binary,Urinary.Catheter.in.6.Months,binary,-0.1873,0.4290571878025785,20,WEAK,Negative,False
SGPT,binary,P.C.Z.A.T,binary,0.1873,0.42905718780257857,20,WEAK,Positive,False
Calcium,binary,Z.A.only.T,binary,0.1873,0.42905718780257857,20,WEAK,Positive,False
HAP.NCRO,binary,SGPT,binary,0.1873,0.4290571878025785,20,WEAK,Positive,False
Platelet,binary,P.C.Z.A.T,binary,0.1873,0.42905718780257857,20,WEAK,Positive,False
TB,binary,Magnesium,binary,-0.1873,0.4290571878025785,20,WEAK,Negative,False
TB,binary,Calcium,binary,0.1873,0.4290571878025785,20,WEAK,Positive,False
Magnesium,binary,P.C.Z.A.E,binary,-0.1873,0.42905718780257857,20,WEAK,Negative,False
TB,binary,Platelet,binary,0.1873,0.4290571878025785,20,WEAK,Positive,False
Platelet,binary,P.C.Z.A.E,binary,0.1873,0.42905718780257857,20,WEAK,Positive,False
HAP.NCRO,binary,Calcium,binary,0.1873,0.4290571878025785,20,WEAK,Positive,False
Urinary.Catheter.in.6.Months,binary,Z.A.only.T,binary,-0.1873,0.42905718780257857,20,WEAK,Negative,False
Urinary.Catheter.in.6.Months,binary,P.C.Z.A.E,binary,-0.1873,0.42905718780257857,20,WEAK,Negative,False
Hospitalization.in.past.6.Months,binary,TB,binary,0.1873,0.42905718780257857,20,WEAK,Positive,False
Other.CRO,binary,Magnesium,binary,-0.1873,0.4290571878025785,20,WEAK,Negative,False
Other.CRO,binary,Platelet,binary,0.1873,0.4290571878025785,20,WEAK,Positive,False
Other.CRO,binary,Hospitalization.in.past.6.Months,binary,0.1873,0.4290571878025785,20,WEAK,Positive,False
Other.CRO,binary,Calcium,binary,0.1873,0.4290571878025785,20,WEAK,Positive,False
Hospitalization.in.past.6.Months,binary,P.C.Z.A.E,binary,0.1873,0.42905718780257857,20,WEAK,Positive,False
Magnesium,binary,P.C.Z.A.T,binary,-0.1873,0.42905718780257857,20,WEAK,Negative,False
Meropenem.T,binary,Total.Hospital.Stay,continuous,0.185,0.4349985173282175,20,WEAK,Positive,False
SGOT,binary,ICU.Stay.in.28.Days,continuous,-0.1835,0.4387461330763012,20,WEAK,Negative,False
Z.A.only.E,binary,Overall.Mortality,binary,0.183,0.4400783044520376,20,WEAK,Positive,False
Overall.Mortality,binary,Other.Illness.Leading.to.Hospitalization.post.28.Days.Discharge,binary,0.183,0.4400783044520376,20,WEAK,Positive,False
Past.CREPA.infection,binary,ALP,binary,0.183,0.4400783044520376,20,WEAK,Positive,False
APACHEII,continuous,Other.Illness.Leading.to.Hospitalization.post.28.Days.Discharge,binary,-0.1825,0.4411258108259565,20,WEAK,Negative,False
CAP.CRO,binary,Clinical.Improvement,ordinal,0.1824,0.4414965063141544,20,WEAK,Positive,False
Solid.Organ,binary,Clinical.Improvement,ordinal,-0.1824,0.4414965063141544,20,WEAK,Negative,False
Sodium,binary,Clinical.Improvement,ordinal,-0.1824,0.4414965063141544,20,WEAK,Negative,False
Potassium,binary,Clinical.Improvement,ordinal,0.1824,0.4414965063141544,20,WEAK,Positive,False
DM,binary,Mortality.in.ICU,binary,-0.1816,0.4436076143795389,20,WEAK,Negative,False
DM,binary,CAP.CRO,binary,-0.1816,0.4436076143795389,20,WEAK,Negative,False
SOFA,continuous,Sodium,binary,0.1815,0.44371371381535574,20,WEAK,Positive,False
Urinary.Catheter.in.6.Months,binary,Clinical.Improvement,ordinal,0.1814,0.44411634873257916,20,WEAK,Positive,False
NDM,binary,SOFA,continuous,0.1811,0.44491683048691205,20,WEAK,Positive,False
P.C.Z.A.T,binary,ICU.Stay.in.28.Days,continuous,0.1804,0.44660248302823635,20,WEAK,Positive,False
Height,continuous,P.C.only.E,binary,-0.1802,0.4471983904745987,20,WEAK,Negative,False
NDM,binary,APACHEII,continuous,0.1802,0.44719839047459875,20,WEAK,Positive,False
Weight,continuous,P.C.only.E,binary,-0.1799,0.44789486645963733,20,WEAK,Negative,False
Neutropenia,binary,GW.Stay.in.28.Days,continuous,0.1794,0.4491912470894005,20,WEAK,Positive,False
Height,continuous,P.C.Z.A.E,binary,-0.1794,0.4490561267013238,20,WEAK,Negative,False
DM,binary,ALP,binary,0.1791,0.44991682611897094,20,WEAK,Positive,False
DM,binary,Any.Viral.Infection,binary,0.1791,0.44991682611897094,20,WEAK,Positive,False
P.C.only.T,binary,Clinical.Improvement,ordinal,0.1786,0.45121998414248354,20,WEAK,Positive,False
SGPT,binary,ICU.Stay.in.28.Days,continuous,-0.1783,0.4518791625515745,20,WEAK,Negative,False
APACHEII,continuous,Calcium,binary,0.1774,0.45431961247463215,20,WEAK,Positive,False
Urinary.Catheter.in.6.Months,binary,APACHEII,continuous,0.1774,0.45431961247463215,20,WEAK,Positive,False
Ampicillin.Sulbactam,ordinal,P.C.Sulbactam.T,ordinal,-0.1772,0.45495682472316684,20,WEAK,Negative,False
P.C.Sulbactam.T,ordinal,Mortality.in.Hospital,binary,0.1772,0.4549568247231668,20,WEAK,Positive,False
ANC,binary,P.C.Sulbactam.T,ordinal,-0.1772,0.45495682472316684,20,WEAK,Negative,False
Neutropenia,binary,P.C.Sulbactam.T,ordinal,0.1772,0.45495682472316684,20,WEAK,Positive,False
Trimethoprim.Sulfamethoxazole,ordinal,P.C.Sulbactam.T,ordinal,-0.1772,0.45495682472316684,20,WEAK,Negative,False
Hypothyroidism,binary,P.C.Sulbactam.T,ordinal,0.1772,0.45495682472316684,20,WEAK,Positive,False
Procalcitonin,binary,P.C.Sulbactam.T,ordinal,0.1772,0.45495682472316684,20,WEAK,Positive,False
Weight,continuous,P.C.Sulbactam.T,ordinal,-0.1769,0.45554545124692286,20,WEAK,Negative,False
Z.A.only.E,binary,Relapse.post.28.Day.Discharge,binary,-0.1765,0.4567219397797954,20,WEAK,Negative,False
Z.A.only.E,binary,Other.Illness.Leading.to.Hospitalization.post.28.Days.Discharge,binary,-0.1765,0.4567219397797954,20,WEAK,Negative,False
Z.A.only.E,binary,Minocycline,ordinal,-0.176,0.4580623518232328,20,WEAK,Negative,False
Minocycline,ordinal,Relapse.post.28.Day.Discharge,binary,-0.176,0.4580623518232327,20,WEAK,Negative,False
Past.CREPA.infection,binary,Minocycline,ordinal,-0.176,0.4580623518232328,20,WEAK,Negative,False
Any.Viral.Infection,binary,Total.Hospital.Stay,continuous,-0.175,0.4606599234101589,20,WEAK,Negative,False
HTN,binary,SOFA,continuous,0.1747,0.4613903978735072,20,WEAK,Positive,False
COPD,binary,Minocycline,ordinal,0.1745,0.4617857190951619,20,WEAK,Positive,False
Globulin,binary,Minocycline,ordinal,-0.1745,0.4617857190951619,20,WEAK,Negative,False
Total.Hospital.Stay,continuous,Mortality.in.Hospital,binary,0.1741,0.4629459078936154,20,WEAK,Positive,False
Potassium,binary,P.C.only.T,binary,0.1741,0.46294590789361545,20,WEAK,Positive,False
VAP.CRO,binary,P.C.only.T,binary,0.1741,0.46294590789361545,20,WEAK,Positive,False
Any.Viral.Infection,binary,Potassium,binary,0.1741,0.46294590789361545,20,WEAK,Positive,False
Solid.Organ,binary,ALP,binary,-0.1741,0.46294590789361545,20,WEAK,Negative,False
Hypothyroidism,binary,Total.Hospital.Stay,continuous,0.1741,0.46294590789361545,20,WEAK,Positive,False
Any.Viral.Infection,binary,Mortality.in.ICU,binary,0.1741,0.46294590789361545,20,WEAK,Positive,False
ALP,binary,Potassium,binary,0.1741,0.46294590789361545,20,WEAK,Positive,False
ALP,binary,Mortality.in.ICU,binary,0.1741,0.46294590789361545,20,WEAK,Positive,False
CAP.CRO,binary,Any.Viral.Infection,binary,0.1741,0.46294590789361545,20,WEAK,Positive,False
BSI.CRO,binary,ALP,binary,0.1741,0.46294590789361545,20,WEAK,Positive,False
Height,continuous,HAP.CRO,binary,0.1738,0.463632997422531,20,WEAK,Positive,False
Neutropenia,binary,APACHEII,continuous,0.1738,0.46363299742253117,20,WEAK,Positive,False
Height,continuous,Trimethoprim.Sulfamethoxazole,ordinal,-0.1738,0.463632997422531,20,WEAK,Negative,False
Age,continuous,Ventilation,binary,-0.1737,0.4638043642623056,20,WEAK,Negative,False
Age,continuous,Amikacin,ordinal,-0.1737,0.4638043642623056,20,WEAK,Negative,False
Age,continuous,Overall.organ.support,binary,-0.1737,0.4638043642623056,20,WEAK,Negative,False
Age,continuous,Ampicillin.Sulbactam,ordinal,0.1737,0.4638043642623056,20,WEAK,Positive,False
Weight,continuous,Neutropenia,binary,0.1736,0.4643174954809411,20,WEAK,Positive,False
CKD,ordinal,CAP.CRO,binary,0.173,0.465854496028418,20,WEAK,Positive,False
CKD,ordinal,Potassium,binary,0.173,0.465854496028418,20,WEAK,Positive,False
Creatinine,binary,Clinical.Improvement,ordinal,-0.1723,0.46747102624874715,20,WEAK,Negative,False
Age,continuous,Total.Hospital.Stay,continuous,-0.1716,0.4693174073723037,20,WEAK,Negative,False
DM,binary,Platelet,binary,0.1712,0.4705290371077556,20,WEAK,Positive,False
DM,binary,SGPT,binary,0.1712,0.4705290371077556,20,WEAK,Positive,False
DM,binary,Calcium,binary,0.1712,0.4705290371077556,20,WEAK,Positive,False
Immunosuppressive.drugs.in.1.week,binary,APACHEII,continuous,0.1707,0.47185034740529697,20,WEAK,Positive,False
APACHEII,continuous,Clinical.Improvement,ordinal,-0.1707,0.4716985696435501,20,WEAK,Negative,False
Height,continuous,Creatinine,binary,0.1707,0.47185034740529697,20,WEAK,Positive,False
Age,continuous,Mortality.in.ICU,binary,0.1705,0.47224228869289325,20,WEAK,Positive,False
P.C.only.E,binary,P.C.Sulbactam.T,ordinal,0.1687,0.4771195420643034,20,WEAK,Positive,False
Any.Fungal.Infection,binary,P.C.Sulbactam.T,ordinal,0.1687,0.4771195420643034,20,WEAK,Positive,False
DM,binary,Other.CRO,binary,-0.1683,0.47803005673408916,20,WEAK,Negative,False
DM,binary,HAP.NCRO,binary,-0.1683,0.47803005673408916,20,WEAK,Negative,False
DM,binary,TB,binary,-0.1683,0.47803005673408916,20,WEAK,Negative,False
DM,binary,P.C.Z.A.E,binary,-0.1683,0.47803005673408916,20,WEAK,Negative,False
DM,binary,Z.A.only.T,binary,-0.1683,0.47803005673408916,20,WEAK,Negative,False
Minocycline,ordinal,ICU.Stay.in.28.Days,continuous,0.1671,0.4812875013982379,20,WEAK,Positive,False
Any.Viral.Infection,binary,ICU.Stay.in.28.Days,continuous,-0.1668,0.4820305943665472,20,WEAK,Negative,False
ANC,binary,Meropenem.T,binary,-0.1667,0.4824925696500399,20,WEAK,Negative,False
Meropenem.T,binary,Mortality.in.Hospital,binary,0.1667,0.4824925696500399,20,WEAK,Positive,False
Globulin,binary,Ampicillin.Sulbactam,ordinal,-0.1667,0.4824925696500399,20,WEAK,Negative,False
COPD,binary,Albumin,binary,0.1667,0.4824925696500399,20,WEAK,Positive,False
COPD,binary,Hypothyroidism,binary,-0.1667,0.4824925696500399,20,WEAK,Negative,False
Ventilation,binary,Neutropenia,binary,0.1667,0.4824925696500399,20,WEAK,Positive,False
Globulin,binary,Trimethoprim.Sulfamethoxazole,ordinal,-0.1667,0.4824925696500399,20,WEAK,Negative,False
Amikacin,ordinal,Meropenem.T,binary,-0.1667,0.4824925696500399,20,WEAK,Negative,False
Globulin,binary,Amikacin,ordinal,-0.1667,0.4824925696500399,20,WEAK,Negative,False
Globulin,binary,Neither.Abx.E,binary,0.1667,0.4824925696500399,20,WEAK,Positive,False
Neutropenia,binary,Meropenem.T,binary,0.1667,0.4824925696500399,20,WEAK,Positive,False
ANC,binary,Globulin,binary,-0.1667,0.4824925696500399,20,WEAK,Negative,False
Overall.organ.support,binary,Mortality.in.Hospital,binary,0.1667,0.4824925696500399,20,WEAK,Positive,False
Hemat.Malignancy,binary,ANC,binary,0.1667,0.4824925696500399,20,WEAK,Positive,False
Overall.organ.support,binary,Mortality.post.28.Day.Discharge,binary,0.1667,0.4824925696500399,20,WEAK,Positive,False
Overall.organ.support,binary,Trimethoprim.Sulfamethoxazole,ordinal,-0.1667,0.4824925696500399,20,WEAK,Negative,False
Overall.organ.support,binary,Ampicillin.Sulbactam,ordinal,-0.1667,0.4824925696500399,20,WEAK,Negative,False
HAP.CRO,binary,ANC,binary,0.1667,0.4824925696500399,20,WEAK,Positive,False
HAP.CRO,binary,Neither.Abx.E,binary,-0.1667,0.4824925696500399,20,WEAK,Negative,False
Hypothyroidism,binary,Ventilation,binary,0.1667,0.4824925696500399,20,WEAK,Positive,False
Hypothyroidism,binary,Meropenem.T,binary,0.1667,0.4824925696500399,20,WEAK,Positive,False
Hypothyroidism,binary,Overall.organ.support,binary,0.1667,0.4824925696500399,20,WEAK,Positive,False
HAP.CRO,binary,Neither.Abx.T,binary,-0.1667,0.4824925696500399,20,WEAK,Negative,False
Neutropenia,binary,Globulin,binary,0.1667,0.4824925696500399,20,WEAK,Positive,False
SGPT,binary,Magnesium,binary,-0.1667,0.4824925696500399,20,WEAK,Negative,False
HAP.CRO,binary,Albumin,binary,0.1667,0.4824925696500399,20,WEAK,Positive,False
COPD,binary,Trimethoprim.Sulfamethoxazole,ordinal,0.1667,0.4824925696500399,20,WEAK,Positive,False
COPD,binary,Amikacin,ordinal,0.1667,0.4824925696500399,20,WEAK,Positive,False
Ventilation,binary,Mortality.post.28.Day.Discharge,binary,0.1667,0.4824925696500399,20,WEAK,Positive,False
Globulin,binary,Mortality.post.28.Day.Discharge,binary,0.1667,0.4824925696500399,20,WEAK,Positive,False
Overall.organ.support,binary,Procalcitonin,binary,0.1667,0.4824925696500399,20,WEAK,Positive,False
Hospitalization.in.past.6.Months,binary,Platelet,binary,0.1667,0.4824925696500399,20,WEAK,Positive,False
Ventilation,binary,Mortality.in.Hospital,binary,0.1667,0.4824925696500399,20,WEAK,Positive,False
Overall.organ.support,binary,Neutropenia,binary,0.1667,0.4824925696500399,20,WEAK,Positive,False
COPD,binary,Procalcitonin,binary,-0.1667,0.4824925696500399,20,WEAK,Negative,False
Platelet,binary,Magnesium,binary,-0.1667,0.4824925696500399,20,WEAK,Negative,False
Globulin,binary,Neither.Abx.T,binary,0.1667,0.4824925696500399,20,WEAK,Positive,False
Albumin,binary,Globulin,binary,-0.1667,0.4824925696500399,20,WEAK,Negative,False
Urinary.Catheter.in.6.Months,binary,Magnesium,binary,0.1667,0.4824925696500399,20,WEAK,Positive,False
Ventilation,binary,Procalcitonin,binary,0.1667,0.4824925696500399,20,WEAK,Positive,False
Ventilation,binary,Trimethoprim.Sulfamethoxazole,ordinal,-0.1667,0.4824925696500399,20,WEAK,Negative,False
Ventilation,binary,Ampicillin.Sulbactam,ordinal,-0.1667,0.4824925696500399,20,WEAK,Negative,False
COPD,binary,Neutropenia,binary,-0.1667,0.4824925696500399,20,WEAK,Negative,False
Hemat.Malignancy,binary,Albumin,binary,0.1667,0.4824925696500399,20,WEAK,Positive,False
Hemat.Malignancy,binary,Amikacin,ordinal,0.1667,0.4824925696500399,20,WEAK,Positive,False
Procalcitonin,binary,Meropenem.T,binary,0.1667,0.4824925696500399,20,WEAK,Positive,False
Hemat.Malignancy,binary,Mortality.post.28.Day.Discharge,binary,-0.1667,0.4824925696500399,20,WEAK,Negative,False
Platelet,binary,Calcium,binary,0.1667,0.4824925696500399,20,WEAK,Positive,False
COPD,binary,Ampicillin.Sulbactam,ordinal,0.1667,0.4824925696500399,20,WEAK,Positive,False
Hemat.Malignancy,binary,Neither.Abx.T,binary,-0.1667,0.4824925696500399,20,WEAK,Negative,False
COPD,binary,ANC,binary,0.1667,0.4824925696500399,20,WEAK,Positive,False
Hemat.Malignancy,binary,Trimethoprim.Sulfamethoxazole,ordinal,0.1667,0.4824925696500399,20,WEAK,Positive,False
Hemat.Malignancy,binary,Ampicillin.Sulbactam,ordinal,0.1667,0.4824925696500399,20,WEAK,Positive,False
Hemat.Malignancy,binary,Neither.Abx.E,binary,-0.1667,0.4824925696500399,20,WEAK,Negative,False
Hypothyroidism,binary,Hemat.Malignancy,binary,-0.1667,0.4824925696500399,20,WEAK,Negative,False
COPD,binary,Neither.Abx.T,binary,-0.1667,0.4824925696500399,20,WEAK,Negative,False
Hypothyroidism,binary,HAP.CRO,binary,-0.1667,0.4824925696500399,20,WEAK,Negative,False
COPD,binary,Neither.Abx.E,binary,-0.1667,0.4824925696500399,20,WEAK,Negative,False
Globulin,binary,Mortality.in.Hospital,binary,0.1667,0.4824925696500399,20,WEAK,Positive,False
HAP.CRO,binary,Amikacin,ordinal,0.1667,0.4824925696500399,20,WEAK,Positive,False
HAP.CRO,binary,Procalcitonin,binary,-0.1667,0.4824925696500399,20,WEAK,Negative,False
COPD,binary,Mortality.post.28.Day.Discharge,binary,-0.1667,0.4824925696500399,20,WEAK,Negative,False
HAP.CRO,binary,Neutropenia,binary,-0.1667,0.4824925696500399,20,WEAK,Negative,False
CKD,ordinal,HAP.CRO,binary,-0.1664,0.48310834462321967,20,WEAK,Negative,False
CKD,ordinal,COPD,binary,-0.1664,0.48310834462321967,20,WEAK,Negative,False
CKD,ordinal,Hemat.Malignancy,binary,-0.1664,0.48310834462321967,20,WEAK,Negative,False
CKD,ordinal,Meropenem.T,binary,0.1664,0.48310834462321967,20,WEAK,Positive,False
CKD,ordinal,Overall.organ.support,binary,0.1664,0.48310834462321967,20,WEAK,Positive,False
CKD,ordinal,Ventilation,binary,0.1664,0.48310834462321967,20,WEAK,Positive,False
Height,continuous,SOFA,continuous,0.1662,0.48366776877433265,20,WEAK,Positive,False
APACHEII,continuous,P.C.only.T,binary,-0.166,0.4843891967671451,20,WEAK,Negative,False
Weight,continuous,Overall.Mortality,binary,0.1657,0.4850572583866108,20,WEAK,Positive,False
NDM,binary,CKD,ordinal,-0.1634,0.49113823055798916,20,WEAK,Negative,False
Creatinine,binary,ICU.Stay.in.28.Days,continuous,0.1621,0.4948479621744766,20,WEAK,Positive,False
Bil,binary,Clinical.Improvement,ordinal,-0.1616,0.49615143973572196,20,WEAK,Negative,False
NDM,binary,Clinical.Improvement,ordinal,0.1616,0.49615143973572196,20,WEAK,Positive,False
TLC,binary,Clinical.Improvement,ordinal,0.1616,0.49615143973572196,20,WEAK,Positive,False
SOFA,continuous,Potassium,binary,-0.1614,0.49674417894874684,20,WEAK,Negative,False
HAP.NCRO,binary,SOFA,continuous,-0.1603,0.4996274289257425,20,WEAK,Negative,False
Ampicillin.Sulbactam,ordinal,ICU.Stay.in.28.Days,continuous,-0.1602,0.49993358928583154,20,WEAK,Negative,False
SOFA,continuous,Ampicillin.Sulbactam,ordinal,0.1601,0.500099292956285,20,WEAK,Positive,False
SOFA,continuous,Albumin,binary,-0.1601,0.500099292956285,20,WEAK,Negative,False
Hospitalization.in.past.6.Months,binary,Total.Hospital.Stay,continuous,0.1599,0.5006891816141008,20,WEAK,Positive,False
Albumin,binary,Total.Hospital.Stay,continuous,0.1596,0.5015833266940343,20,WEAK,Positive,False
APACHEII,continuous,P.C.Z.A.E,binary,-0.1595,0.5017681973050858,20,WEAK,Negative,False
Height,continuous,Amikacin,ordinal,0.1593,0.5022387114946493,20,WEAK,Positive,False
Z.A.only.E,binary,ICU.Stay.in.28.Days,continuous,0.159,0.5030108578793614,20,WEAK,Positive,False
Other.CRO,binary,Clinical.Improvement,ordinal,0.1585,0.5043791769971917,20,WEAK,Positive,False
HAP.NCRO,binary,Clinical.Improvement,ordinal,0.1585,0.5043791769971917,20,WEAK,Positive,False
TB,binary,Clinical.Improvement,ordinal,0.1585,0.5043791769971917,20,WEAK,Positive,False
Surgery.in.last.3.Months,binary,P.C.Sulbactam.T,ordinal,-0.1581,0.5054627029683951,20,WEAK,Negative,False
Total.Protein,binary,P.C.Sulbactam.T,ordinal,0.1581,0.5054627029683951,20,WEAK,Positive,False
CV.Catheter.in.6.Months,binary,P.C.Sulbactam.T,ordinal,-0.1581,0.5054627029683951,20,WEAK,Negative,False
TLC,binary,P.C.Sulbactam.T,ordinal,0.1581,0.5054627029683951,20,WEAK,Positive,False
Calcium,binary,P.C.Sulbactam.T,ordinal,-0.1578,0.5064222685636572,20,WEAK,Negative,False
Hospitalization.in.past.6.Months,binary,P.C.Sulbactam.T,ordinal,-0.1578,0.5064222685636572,20,WEAK,Negative,False
DM,binary,COPD,binary,0.1572,0.5079267176357415,20,WEAK,Positive,False
Height,continuous,P.C.only.T,binary,-0.1572,0.5079857275658413,20,WEAK,Negative,False
DM,binary,Globulin,binary,-0.1572,0.5079267176357415,20,WEAK,Negative,False
DM,binary,HAP.CRO,binary,0.1572,0.5079267176357415,20,WEAK,Positive,False
SGPT,binary,GW.Stay.in.28.Days,continuous,0.1556,0.5123579843029646,20,WEAK,Positive,False
BSI.CRO,binary,GW.Stay.in.28.Days,continuous,0.1554,0.5130976608693077,20,WEAK,Positive,False
Urea,binary,Minocycline,ordinal,0.1536,0.5179828756159218,20,WEAK,Positive,False
Lympho,binary,Minocycline,ordinal,-0.1536,0.5179828756159218,20,WEAK,Negative,False
HTN,binary,Minocycline,ordinal,0.1536,0.5179828756159218,20,WEAK,Positive,False
Inotropes,binary,Minocycline,ordinal,0.1536,0.5179828756159218,20,WEAK,Positive,False
NDM,binary,Overall.Mortality,binary,0.1535,0.5181420436851599,20,WEAK,Positive,False
Bil,binary,ALP,binary,-0.1535,0.5181420436851599,20,WEAK,Negative,False
Any.Viral.Infection,binary,Bil,binary,-0.1535,0.5181420436851599,20,WEAK,Negative,False
CV.Catheter.in.6.Months,binary,Overall.Mortality,binary,-0.1535,0.5181420436851599,20,WEAK,Negative,False
Surgery.in.last.3.Months,binary,ALP,binary,-0.1535,0.5181420436851599,20,WEAK,Negative,False
NDM,binary,ALP,binary,0.1535,0.5181420436851599,20,WEAK,Positive,False
Surgery.in.last.3.Months,binary,Any.Viral.Infection,binary,-0.1535,0.5181420436851599,20,WEAK,Negative,False
TLC,binary,P.C.only.T,binary,0.1535,0.5181420436851599,20,WEAK,Positive,False
Immunosuppressive.drugs.in.1.week,binary,Any.Viral.Infection,binary,-0.1535,0.5181420436851599,20,WEAK,Negative,False
P.C.only.T,binary,GW.Stay.in.28.Days,continuous,0.1532,0.5188973968271838,20,WEAK,Positive,False
Urinary.Catheter.in.6.Months,binary,Meropenem.T,binary,0.1531,0.5193259681270187,20,WEAK,Positive,False
Globulin,binary,Calcium,binary,-0.1531,0.5193259681270187,20,WEAK,Negative,False
Ventilation,binary,Magnesium,binary,0.1531,0.5193259681270187,20,WEAK,Positive,False
SGPT,binary,Globulin,binary,-0.1531,0.5193259681270187,20,WEAK,Negative,False
Magnesium,binary,Meropenem.T,binary,0.1531,0.5193259681270187,20,WEAK,Positive,False
HAP.CRO,binary,Platelet,binary,0.1531,0.5193259681270187,20,WEAK,Positive,False
Hospitalization.in.past.6.Months,binary,Globulin,binary,-0.1531,0.5193259681270187,20,WEAK,Negative,False
COPD,binary,Urinary.Catheter.in.6.Months,binary,-0.1531,0.5193259681270187,20,WEAK,Negative,False
Hospitalization.in.past.6.Months,binary,Ventilation,binary,-0.1531,0.5193259681270187,20,WEAK,Negative,False
Hospitalization.in.past.6.Months,binary,Overall.organ.support,binary,-0.1531,0.5193259681270187,20,WEAK,Negative,False
COPD,binary,Calcium,binary,0.1531,0.5193259681270187,20,WEAK,Positive,False
Overall.organ.support,binary,Magnesium,binary,0.1531,0.5193259681270187,20,WEAK,Positive,False
Hemat.Malignancy,binary,SGPT,binary,0.1531,0.5193259681270187,20,WEAK,Positive,False
Ventilation,binary,ICU.Stay.in.28.Days,continuous,0.1529,0.519864316773722,20,WEAK,Positive,False
Overall.organ.support,binary,ICU.Stay.in.28.Days,continuous,0.1529,0.519864316773722,20,WEAK,Positive,False
Height,continuous,COPD,binary,-0.1521,0.522105953739258,20,WEAK,Negative,False
Weight,continuous,TLC,binary,0.1515,0.5237644381655043,20,WEAK,Positive,False
Weight,continuous,Hospitalization.in.past.6.Months,binary,0.1506,0.5263388444999547,20,WEAK,Positive,False
VAP.CRO,binary,APACHEII,continuous,0.1505,0.5264328981079864,20,WEAK,Positive,False
Age,continuous,Potassium,binary,-0.1505,0.5265908049659207,20,WEAK,Negative,False
Total.Protein,binary,P.C.Z.A.E,binary,0.1502,0.5273779953967539,20,WEAK,Positive,False
TLC,binary,Z.A.only.T,binary,0.1502,0.5273779953967539,20,WEAK,Positive,False
P.C.only.E,binary,P.C.Z.A.T,binary,-0.1502,0.5273779953967539,20,WEAK,Negative,False
P.C.only.E,binary,Z.A.only.T,binary,-0.1502,0.5273779953967539,20,WEAK,Negative,False
NDM,binary,Z.A.only.T,binary,0.1502,0.5273779953967539,20,WEAK,Positive,False
Surgery.in.last.3.Months,binary,TB,binary,-0.1502,0.5273779953967539,20,WEAK,Negative,False
NDM,binary,P.C.Z.A.E,binary,0.1502,0.5273779953967539,20,WEAK,Positive,False
Total.Protein,binary,P.C.Z.A.T,binary,0.1502,0.5273779953967539,20,WEAK,Positive,False
Immunosuppressive.drugs.in.1.week,binary,P.C.Z.A.E,binary,-0.1502,0.5273779953967539,20,WEAK,Negative,False
TLC,binary,P.C.Z.A.E,binary,0.1502,0.5273779953967539,20,WEAK,Positive,False
Surgery.in.last.3.Months,binary,Z.A.only.T,binary,-0.1502,0.5273779953967539,20,WEAK,Negative,False
Surgery.in.last.3.Months,binary,P.C.Z.A.T,binary,-0.1502,0.5273779953967539,20,WEAK,Negative,False
TLC,binary,P.C.Z.A.T,binary,0.1502,0.5273779953967539,20,WEAK,Positive,False
P.C.Z.A.E,binary,P.C.only.E,binary,-0.1502,0.5273779953967539,20,WEAK,Negative,False
CV.Catheter.in.6.Months,binary,Z.A.only.T,binary,-0.1502,0.5273779953967539,20,WEAK,Negative,False
CV.Catheter.in.6.Months,binary,P.C.Z.A.E,binary,-0.1502,0.5273779953967539,20,WEAK,Negative,False
CV.Catheter.in.6.Months,binary,P.C.Z.A.T,binary,-0.1502,0.5273779953967539,20,WEAK,Negative,False
Surgery.in.last.3.Months,binary,P.C.Z.A.E,binary,-0.1502,0.5273779953967539,20,WEAK,Negative,False
Bil,binary,P.C.Z.A.E,binary,-0.1502,0.5273779953967539,20,WEAK,Negative,False
Any.Fungal.Infection,binary,Z.A.only.T,binary,-0.1502,0.5273779953967539,20,WEAK,Negative,False
Creatinine,binary,P.C.Z.A.T,binary,0.1502,0.5273779953967539,20,WEAK,Positive,False
CV.Catheter.in.6.Months,binary,TB,binary,-0.1502,0.5273779953967539,20,WEAK,Negative,False
Creatinine,binary,Z.A.only.T,binary,0.1502,0.5273779953967539,20,WEAK,Positive,False
HAP.NCRO,binary,TLC,binary,0.1502,0.5273779953967539,20,WEAK,Positive,False
HAP.NCRO,binary,Any.Fungal.Infection,binary,-0.1502,0.5273779953967539,20,WEAK,Negative,False
HAP.NCRO,binary,Bil,binary,-0.1502,0.5273779953967539,20,WEAK,Negative,False
Bil,binary,Z.A.only.T,binary,-0.1502,0.5273779953967539,20,WEAK,Negative,False
Bil,binary,P.C.Z.A.T,binary,-0.1502,0.5273779953967539,20,WEAK,Negative,False
HAP.NCRO,binary,P.C.only.E,binary,-0.1502,0.5273779953967539,20,WEAK,Negative,False
HAP.NCRO,binary,Total.Protein,binary,0.1502,0.5273779953967539,20,WEAK,Positive,False
HAP.NCRO,binary,Creatinine,binary,0.1502,0.5273779953967539,20,WEAK,Positive,False
HAP.NCRO,binary,Surgery.in.last.3.Months,binary,-0.1502,0.5273779953967539,20,WEAK,Negative,False
Other.CRO,binary,P.C.only.E,binary,-0.1502,0.5273779953967539,20,WEAK,Negative,False
TB,binary,P.C.only.E,binary,-0.1502,0.5273779953967539,20,WEAK,Negative,False
TB,binary,TLC,binary,0.1502,0.5273779953967539,20,WEAK,Positive,False
Other.CRO,binary,Any.Fungal.Infection,binary,-0.1502,0.5273779953967539,20,WEAK,Negative,False
Other.CRO,binary,TLC,binary,0.1502,0.5273779953967539,20,WEAK,Positive,False
Other.CRO,binary,Immunosuppressive.drugs.in.1.week,binary,-0.1502,0.5273779953967539,20,WEAK,Negative,False
HAP.NCRO,binary,Immunosuppressive.drugs.in.1.week,binary,-0.1502,0.5273779953967539,20,WEAK,Negative,False
Other.CRO,binary,Creatinine,binary,0.1502,0.5273779953967539,20,WEAK,Positive,False
HAP.NCRO,binary,CV.Catheter.in.6.Months,binary,-0.1502,0.5273779953967539,20,WEAK,Negative,False
TB,binary,Creatinine,binary,0.1502,0.5273779953967539,20,WEAK,Positive,False
Other.CRO,binary,CV.Catheter.in.6.Months,binary,-0.1502,0.5273779953967539,20,WEAK,Negative,False
Other.CRO,binary,Surgery.in.last.3.Months,binary,-0.1502,0.5273779953967539,20,WEAK,Negative,False
TB,binary,Any.Fungal.Infection,binary,-0.1502,0.5273779953967539,20,WEAK,Negative,False
Other.CRO,binary,Total.Protein,binary,0.1502,0.5273779953967539,20,WEAK,Positive,False
TB,binary,Total.Protein,binary,0.1502,0.5273779953967539,20,WEAK,Positive,False
Total.Protein,binary,Z.A.only.T,binary,0.1502,0.5273779953967539,20,WEAK,Positive,False
Immunosuppressive.drugs.in.1.week,binary,P.C.Z.A.T,binary,-0.1502,0.5273779953967539,20,WEAK,Negative,False
Immunosuppressive.drugs.in.1.week,binary,TB,binary,-0.1502,0.5273779953967539,20,WEAK,Negative,False
Weight,continuous,Clinical.Improvement,ordinal,-0.1499,0.52811774378206,20,WEAK,Negative,False
ANC,binary,GW.Stay.in.28.Days,continuous,0.1495,0.5293197438837707,20,WEAK,Positive,False
Hypothyroidism,binary,GW.Stay.in.28.Days,continuous,0.1495,0.5293197438837707,20,WEAK,Positive,False
Albumin,binary,GW.Stay.in.28.Days,continuous,0.1495,0.5293197438837707,20,WEAK,Positive,False
P.C.only.T,binary,ICU.Stay.in.28.Days,continuous,0.1493,0.5299117148384753,20,WEAK,Positive,False
Female,binary,ICU.Stay.in.28.Days,continuous,0.1485,0.5319995752076966,20,WEAK,Positive,False
Male,binary,ICU.Stay.in.28.Days,continuous,-0.1485,0.5319995752076966,20,WEAK,Negative,False
Height,continuous,ALP,binary,-0.1485,0.5321198572524113,20,WEAK,Negative,False
Weight,continuous,ALP,binary,-0.1483,0.5327451041093088,20,WEAK,Negative,False
ICU.Stay.in.28.Days,continuous,Mortality.post.28.Day.Discharge,binary,-0.1456,0.5401618595919305,20,WEAK,Negative,False
ICU.Stay.in.28.Days,continuous,Mortality.in.Hospital,binary,-0.1456,0.5401618595919305,20,WEAK,Negative,False
Immunosuppressive.drugs.in.1.week,binary,Neither.Abx.E,binary,0.1455,0.5405521483309811,20,WEAK,Positive,False
NDM,binary,Hypothyroidism,binary,-0.1455,0.5405521483309811,20,WEAK,Negative,False
NDM,binary,Mortality.post.28.Day.Discharge,binary,-0.1455,0.5405521483309811,20,WEAK,Negative,False
Neutropenia,binary,Creatinine,binary,-0.1455,0.5405521483309811,20,WEAK,Negative,False
NDM,binary,Procalcitonin,binary,-0.1455,0.5405521483309811,20,WEAK,Negative,False
Neutropenia,binary,Bil,binary,0.1455,0.5405521483309811,20,WEAK,Positive,False
Surgery.in.last.3.Months,binary,Neither.Abx.E,binary,0.1455,0.5405521483309811,20,WEAK,Positive,False
Total.Protein,binary,Neither.Abx.T,binary,-0.1455,0.5405521483309811,20,WEAK,Negative,False
Immunosuppressive.drugs.in.1.week,binary,Neither.Abx.T,binary,0.1455,0.5405521483309811,20,WEAK,Positive,False
Total.Protein,binary,Neither.Abx.E,binary,-0.1455,0.5405521483309811,20,WEAK,Negative,False
Surgery.in.last.3.Months,binary,Amikacin,ordinal,-0.1455,0.5405521483309811,20,WEAK,Negative,False
Any.Fungal.Infection,binary,Ampicillin.Sulbactam,ordinal,-0.1455,0.5405521483309811,20,WEAK,Negative,False
Any.Fungal.Infection,binary,Mortality.post.28.Day.Discharge,binary,0.1455,0.5405521483309811,20,WEAK,Positive,False
CV.Catheter.in.6.Months,binary,Neutropenia,binary,0.1455,0.5405521483309811,20,WEAK,Positive,False
CV.Catheter.in.6.Months,binary,ANC,binary,-0.1455,0.5405521483309811,20,WEAK,Negative,False
CV.Catheter.in.6.Months,binary,Mortality.in.Hospital,binary,0.1455,0.5405521483309811,20,WEAK,Positive,False
Creatinine,binary,Mortality.in.Hospital,binary,-0.1455,0.5405521483309811,20,WEAK,Negative,False
Hypothyroidism,binary,Total.Protein,binary,-0.1455,0.5405521483309811,20,WEAK,Negative,False
Hypothyroidism,binary,CV.Catheter.in.6.Months,binary,0.1455,0.5405521483309811,20,WEAK,Positive,False
Procalcitonin,binary,P.C.only.E,binary,0.1455,0.5405521483309811,20,WEAK,Positive,False
Bil,binary,Ampicillin.Sulbactam,ordinal,-0.1455,0.5405521483309811,20,WEAK,Negative,False
Bil,binary,Trimethoprim.Sulfamethoxazole,ordinal,-0.1455,0.5405521483309811,20,WEAK,Negative,False
ANC,binary,Creatinine,binary,0.1455,0.5405521483309811,20,WEAK,Positive,False
Surgery.in.last.3.Months,binary,Trimethoprim.Sulfamethoxazole,ordinal,-0.1455,0.5405521483309811,20,WEAK,Negative,False
ANC,binary,Bil,binary,-0.1455,0.5405521483309811,20,WEAK,Negative,False
Albumin,binary,P.C.only.E,binary,-0.1455,0.5405521483309811,20,WEAK,Negative,False
Surgery.in.last.3.Months,binary,Neutropenia,binary,0.1455,0.5405521483309811,20,WEAK,Positive,False
NDM,binary,Trimethoprim.Sulfamethoxazole,ordinal,0.1455,0.5405521483309811,20,WEAK,Positive,False
Surgery.in.last.3.Months,binary,Albumin,binary,-0.1455,0.5405521483309811,20,WEAK,Negative,False
Immunosuppressive.drugs.in.1.week,binary,Trimethoprim.Sulfamethoxazole,ordinal,-0.1455,0.5405521483309811,20,WEAK,Negative,False
Surgery.in.last.3.Months,binary,Neither.Abx.T,binary,0.1455,0.5405521483309811,20,WEAK,Positive,False
Immunosuppressive.drugs.in.1.week,binary,Neutropenia,binary,0.1455,0.5405521483309811,20,WEAK,Positive,False
Immunosuppressive.drugs.in.1.week,binary,Mortality.post.28.Day.Discharge,binary,0.1455,0.5405521483309811,20,WEAK,Positive,False
Weight,continuous,DM,binary,-0.1455,0.5403625479578315,20,WEAK,Negative,False
TLC,binary,Neither.Abx.E,binary,-0.1455,0.5405521483309811,20,WEAK,Negative,False
ANC,binary,P.C.only.E,binary,-0.1455,0.5405521483309811,20,WEAK,Negative,False
TLC,binary,Neither.Abx.T,binary,-0.1455,0.5405521483309811,20,WEAK,Negative,False
Creatinine,binary,Amikacin,ordinal,0.1455,0.5405521483309811,20,WEAK,Positive,False
CV.Catheter.in.6.Months,binary,Neither.Abx.E,binary,0.1455,0.5405521483309811,20,WEAK,Positive,False
CV.Catheter.in.6.Months,binary,Procalcitonin,binary,0.1455,0.5405521483309811,20,WEAK,Positive,False
CV.Catheter.in.6.Months,binary,Neither.Abx.T,binary,0.1455,0.5405521483309811,20,WEAK,Positive,False
Hypothyroidism,binary,Bil,binary,0.1455,0.5405521483309811,20,WEAK,Positive,False
Hypothyroidism,binary,Surgery.in.last.3.Months,binary,0.1455,0.5405521483309811,20,WEAK,Positive,False
Amikacin,ordinal,Total.Hospital.Stay,continuous,0.1451,0.5417171192877008,20,WEAK,Positive,False
COPD,binary,P.C.Sulbactam.T,ordinal,-0.1449,0.542060609142939,20,WEAK,Negative,False
Weight,continuous,Procalcitonin,binary,0.1446,0.5429501050154492,20,WEAK,Positive,False
Creatinine,binary,Total.Hospital.Stay,continuous,0.1425,0.5491011951498805,20,WEAK,Positive,False
HAP.CRO,binary,SOFA,continuous,0.1419,0.5505981051915833,20,WEAK,Positive,False
Weight,continuous,Urinary.Catheter.in.6.Months,binary,0.1417,0.5512158666936691,20,WEAK,Positive,False
COPD,binary,Total.Hospital.Stay,continuous,0.1414,0.5519738213654422,20,WEAK,Positive,False
HAP.CRO,binary,Total.Hospital.Stay,continuous,0.1414,0.5519738213654422,20,WEAK,Positive,False
Height,continuous,Ventilation,binary,0.1412,0.5525812332975958,20,WEAK,Positive,False
Height,continuous,Overall.organ.support,binary,0.1412,0.5525812332975958,20,WEAK,Positive,False
Sodium,binary,ICU.Stay.in.28.Days,continuous,-0.1412,0.5525328283277202,20,WEAK,Negative,False
HAP.CRO,binary,APACHEII,continuous,0.1412,0.5525812332975958,20,WEAK,Positive,False
DM,binary,GW.Stay.in.28.Days,continuous,0.141,0.5531117265278283,20,WEAK,Positive,False
Age,continuous,CAP.CRO,binary,0.1404,0.5548130591162735,20,WEAK,Positive,False
Clinical.Improvement,ordinal,ICU.Stay.in.28.Days,continuous,-0.1402,0.5555907946692755,20,WEAK,Negative,False
Past.CREPA.infection,binary,Mortality.post.28.Day.Discharge,binary,-0.14,0.5559851671434346,20,WEAK,Negative,False
Male,binary,Relapse.post.28.Day.Discharge,binary,0.14,0.5559851671434346,20,WEAK,Positive,False
Past.CREPA.infection,binary,Mortality.in.Hospital,binary,-0.14,0.5559851671434346,20,WEAK,Negative,False
Inotropes,binary,Z.A.only.E,binary,0.14,0.5559851671434346,20,WEAK,Positive,False
Past.CREPA.infection,binary,Trimethoprim.Sulfamethoxazole,ordinal,0.14,0.5559851671434346,20,WEAK,Positive,False
Mortality.in.Hospital,binary,Relapse.post.28.Day.Discharge,binary,-0.14,0.5559851671434346,20,WEAK,Negative,False
Mortality.in.Hospital,binary,Other.Illness.Leading.to.Hospitalization.post.28.Days.Discharge,binary,-0.14,0.5559851671434346,20,WEAK,Negative,False
Past.CREPA.infection,binary,Amikacin,ordinal,0.14,0.5559851671434346,20,WEAK,Positive,False
ANC,binary,Other.Illness.Leading.to.Hospitalization.post.28.Days.Discharge,binary,0.14,0.5559851671434346,20,WEAK,Positive,False
Female,binary,Relapse.post.28.Day.Discharge,binary,-0.14,0.5559851671434346,20,WEAK,Negative,False
Female,binary,Past.CREPA.infection,binary,-0.14,0.5559851671434346,20,WEAK,Negative,False
ANC,binary,Relapse.post.28.Day.Discharge,binary,0.14,0.5559851671434346,20,WEAK,Positive,False
Meropenem.T,binary,Relapse.post.28.Day.Discharge,binary,-0.14,0.5559851671434346,20,WEAK,Negative,False
Trimethoprim.Sulfamethoxazole,ordinal,Relapse.post.28.Day.Discharge,binary,0.14,0.5559851671434346,20,WEAK,Positive,False
Male,binary,Past.CREPA.infection,binary,0.14,0.5559851671434346,20,WEAK,Positive,False
Hypothyroidism,binary,Past.CREPA.infection,binary,-0.14,0.5559851671434346,20,WEAK,Negative,False
Ventilation,binary,Other.Illness.Leading.to.Hospitalization.post.28.Days.Discharge,binary,-0.14,0.5559851671434346,20,WEAK,Negative,False
SGOT,binary,Z.A.only.E,binary,-0.14,0.5559851671434346,20,WEAK,Negative,False
Ventilation,binary,Z.A.only.E,binary,-0.14,0.5559851671434346,20,WEAK,Negative,False
Male,binary,Z.A.only.E,binary,-0.14,0.5559851671434346,20,WEAK,Negative,False
Ampicillin.Sulbactam,ordinal,Relapse.post.28.Day.Discharge,binary,0.14,0.5559851671434346,20,WEAK,Positive,False
Hypothyroidism,binary,Z.A.only.E,binary,-0.14,0.5559851671434346,20,WEAK,Negative,False
Hypothyroidism,binary,Relapse.post.28.Day.Discharge,binary,-0.14,0.5559851671434346,20,WEAK,Negative,False
Z.A.only.E,binary,Ampicillin.Sulbactam,ordinal,0.14,0.5559851671434346,20,WEAK,Positive,False
Z.A.only.E,binary,Neither.Abx.T,binary,-0.14,0.5559851671434346,20,WEAK,Negative,False
COPD,binary,Past.CREPA.infection,binary,0.14,0.5559851671434346,20,WEAK,Positive,False
Overall.organ.support,binary,Z.A.only.E,binary,-0.14,0.5559851671434346,20,WEAK,Negative,False
Hemat.Malignancy,binary,Z.A.only.E,binary,0.14,0.5559851671434346,20,WEAK,Positive,False
Procalcitonin,binary,Other.Illness.Leading.to.Hospitalization.post.28.Days.Discharge,binary,-0.14,0.5559851671434346,20,WEAK,Negative,False
Procalcitonin,binary,Z.A.only.E,binary,-0.14,0.5559851671434346,20,WEAK,Negative,False
HTN,binary,Other.Illness.Leading.to.Hospitalization.post.28.Days.Discharge,binary,-0.14,0.5559851671434346,20,WEAK,Negative,False
HTN,binary,Relapse.post.28.Day.Discharge,binary,-0.14,0.5559851671434346,20,WEAK,Negative,False
Albumin,binary,Z.A.only.E,binary,0.14,0.5559851671434346,20,WEAK,Positive,False
Hypothyroidism,binary,Other.Illness.Leading.to.Hospitalization.post.28.Days.Discharge,binary,-0.14,0.5559851671434346,20,WEAK,Negative,False
Lympho,binary,Other.Illness.Leading.to.Hospitalization.post.28.Days.Discharge,binary,0.14,0.5559851671434346,20,WEAK,Positive,False
Neutropenia,binary,Other.Illness.Leading.to.Hospitalization.post.28.Days.Discharge,binary,-0.14,0.5559851671434346,20,WEAK,Negative,False
Lympho,binary,Z.A.only.E,binary,-0.14,0.5559851671434346,20,WEAK,Negative,False
Past.CREPA.infection,binary,Meropenem.T,binary,-0.14,0.5559851671434346,20,WEAK,Negative,False
Female,binary,Z.A.only.E,binary,0.14,0.5559851671434346,20,WEAK,Positive,False
Past.CREPA.infection,binary,Inotropes,binary,0.14,0.5559851671434346,20,WEAK,Positive,False
Past.CREPA.infection,binary,Hemat.Malignancy,binary,0.14,0.5559851671434346,20,WEAK,Positive,False
Past.CREPA.infection,binary,Lympho,binary,0.14,0.5559851671434346,20,WEAK,Positive,False
Past.CREPA.infection,binary,Urea,binary,0.14,0.5559851671434346,20,WEAK,Positive,False
Past.CREPA.infection,binary,Ventilation,binary,-0.14,0.5559851671434346,20,WEAK,Negative,False
Past.CREPA.infection,binary,Overall.organ.support,binary,-0.14,0.5559851671434346,20,WEAK,Negative,False
Past.CREPA.infection,binary,Procalcitonin,binary,-0.14,0.5559851671434346,20,WEAK,Negative,False
Neutropenia,binary,Relapse.post.28.Day.Discharge,binary,-0.14,0.5559851671434346,20,WEAK,Negative,False
Past.CREPA.infection,binary,ANC,binary,0.14,0.5559851671434346,20,WEAK,Positive,False
Past.CREPA.infection,binary,Ampicillin.Sulbactam,ordinal,0.14,0.5559851671434346,20,WEAK,Positive,False
Procalcitonin,binary,Relapse.post.28.Day.Discharge,binary,-0.14,0.5559851671434346,20,WEAK,Negative,False
ALP,binary,Total.Hospital.Stay,continuous,0.14,0.5561684132860868,20,WEAK,Positive,False
HAP.CRO,binary,Other.Illness.Leading.to.Hospitalization.post.28.Days.Discharge,binary,0.14,0.5559851671434346,20,WEAK,Positive,False
SGOT,binary,Other.Illness.Leading.to.Hospitalization.post.28.Days.Discharge,binary,-0.14,0.5559851671434346,20,WEAK,Negative,False
Inotropes,binary,Other.Illness.Leading.to.Hospitalization.post.28.Days.Discharge,binary,-0.14,0.5559851671434346,20,WEAK,Negative,False
SGOT,binary,Relapse.post.28.Day.Discharge,binary,0.14,0.5559851671434346,20,WEAK,Positive,False
Z.A.only.E,binary,Mortality.in.Hospital,binary,-0.14,0.5559851671434346,20,WEAK,Negative,False
Z.A.only.E,binary,Amikacin,ordinal,0.14,0.5559851671434346,20,WEAK,Positive,False
Z.A.only.E,binary,Meropenem.T,binary,-0.14,0.5559851671434346,20,WEAK,Negative,False
Overall.organ.support,binary,Other.Illness.Leading.to.Hospitalization.post.28.Days.Discharge,binary,-0.14,0.5559851671434346,20,WEAK,Negative,False
Z.A.only.E,binary,Neither.Abx.E,binary,-0.14,0.5559851671434346,20,WEAK,Negative,False
HAP.CRO,binary,Past.CREPA.infection,binary,0.14,0.5559851671434346,20,WEAK,Positive,False
HTN,binary,Z.A.only.E,binary,-0.14,0.5559851671434346,20,WEAK,Negative,False
Urea,binary,Relapse.post.28.Day.Discharge,binary,-0.14,0.5559851671434346,20,WEAK,Negative,False
HTN,binary,Past.CREPA.infection,binary,0.14,0.5559851671434346,20,WEAK,Positive,False
Z.A.only.E,binary,Mortality.post.28.Day.Discharge,binary,-0.14,0.5559851671434346,20,WEAK,Negative,False
CKD,ordinal,Relapse.post.28.Day.Discharge,binary,-0.1398,0.5565382895036478,20,WEAK,Negative,False
CKD,ordinal,Past.CREPA.infection,binary,-0.1398,0.5565382895036478,20,WEAK,Negative,False
CKD,ordinal,Z.A.only.E,binary,-0.1398,0.5565382895036478,20,WEAK,Negative,False
CKD,ordinal,Other.Illness.Leading.to.Hospitalization.post.28.Days.Discharge,binary,-0.1398,0.5565382895036478,20,WEAK,Negative,False
Neither.Abx.T,binary,Minocycline,ordinal,-0.1396,0.5571540596803339,20,WEAK,Negative,False
Amikacin,ordinal,Minocycline,ordinal,0.1396,0.5571540596803339,20,WEAK,Positive,False
Neither.Abx.E,binary,Minocycline,ordinal,-0.1396,0.5571540596803339,20,WEAK,Negative,False
Hypothyroidism,binary,Minocycline,ordinal,-0.1396,0.5571540596803339,20,WEAK,Negative,False
Procalcitonin,binary,Minocycline,ordinal,-0.1396,0.5571540596803339,20,WEAK,Negative,False
Neutropenia,binary,Minocycline,ordinal,-0.1396,0.5571540596803339,20,WEAK,Negative,False
Age,continuous,P.C.Z.A.T,binary,0.1395,0.5574547324176029,20,WEAK,Positive,False
Weight,continuous,HAP.NCRO,binary,-0.1394,0.5579046020056215,20,WEAK,Negative,False
CKD,ordinal,Minocycline,ordinal,-0.1394,0.5577060778596431,20,WEAK,Negative,False
Minocycline,ordinal,Total.Hospital.Stay,continuous,-0.1361,0.5672145034442806,20,WEAK,Negative,False
Height,continuous,Clinical.Improvement,ordinal,-0.136,0.5675394329599404,20,WEAK,Negative,False
Past.CREPA.infection,binary,SOFA,continuous,-0.1345,0.5717599273514005,20,WEAK,Negative,False
Amikacin,ordinal,GW.Stay.in.28.Days,continuous,-0.1345,0.5717157455234779,20,WEAK,Negative,False
Solid.Organ,binary,P.C.Sulbactam.T,ordinal,0.1339,0.5735889808189537,20,WEAK,Positive,False
Height,continuous,Z.A.only.E,binary,0.1339,0.5736711515471087,20,WEAK,Positive,False
Age,continuous,Relapse.post.28.Day.Discharge,binary,-0.1338,0.5738171161896461,20,WEAK,Negative,False
Age,continuous,Other.Illness.Leading.to.Hospitalization.post.28.Days.Discharge,binary,0.1338,0.5738171161896461,20,WEAK,Positive,False
SOFA,continuous,Calcium,binary,0.1337,0.5741244699700818,20,WEAK,Positive,False
Total.Protein,binary,Calcium,binary,0.1336,0.5743453462545606,20,WEAK,Positive,False
NDM,binary,Hospitalization.in.past.6.Months,binary,0.1336,0.5743453462545606,20,WEAK,Positive,False
SGPT,binary,Creatinine,binary,0.1336,0.5743453462545606,20,WEAK,Positive,False
NDM,binary,SGPT,binary,0.1336,0.5743453462545606,20,WEAK,Positive,False
NDM,binary,Calcium,binary,0.1336,0.5743453462545606,20,WEAK,Positive,False
Hospitalization.in.past.6.Months,binary,Immunosuppressive.drugs.in.1.week,binary,-0.1336,0.5743453462545606,20,WEAK,Negative,False
Creatinine,binary,Magnesium,binary,-0.1336,0.5743453462545606,20,WEAK,Negative,False
Surgery.in.last.3.Months,binary,Calcium,binary,-0.1336,0.5743453462545606,20,WEAK,Negative,False
Total.Protein,binary,Magnesium,binary,-0.1336,0.5743453462545606,20,WEAK,Negative,False
Surgery.in.last.3.Months,binary,Magnesium,binary,0.1336,0.5743453462545606,20,WEAK,Positive,False
TLC,binary,Magnesium,binary,-0.1336,0.5743453462545606,20,WEAK,Negative,False
TLC,binary,Platelet,binary,0.1336,0.5743453462545606,20,WEAK,Positive,False
Immunosuppressive.drugs.in.1.week,binary,Platelet,binary,-0.1336,0.5743453462545606,20,WEAK,Negative,False
Bil,binary,ICU.Stay.in.28.Days,continuous,0.1335,0.574837142487898,20,WEAK,Positive,False
Height,continuous,NDM,binary,0.1328,0.5768843150045916,20,WEAK,Positive,False
Age,continuous,Surgery.in.last.3.Months,binary,0.1327,0.5770294177912235,20,WEAK,Positive,False
Weight,continuous,Total.Protein,binary,0.1326,0.5774638362372779,20,WEAK,Positive,False
P.C.Z.A.T,binary,Mortality.in.ICU,binary,-0.1325,0.5777527094497388,20,WEAK,Negative,False
BSI.CRO,binary,Other.CRO,binary,-0.1325,0.5777527094497388,20,WEAK,Negative,False
CAP.CRO,binary,P.C.Z.A.T,binary,-0.1325,0.5777527094497388,20,WEAK,Negative,False
Potassium,binary,Z.A.only.T,binary,-0.1325,0.5777527094497388,20,WEAK,Negative,False
Potassium,binary,P.C.Z.A.T,binary,-0.1325,0.5777527094497388,20,WEAK,Negative,False
Other.CRO,binary,Mortality.in.ICU,binary,-0.1325,0.5777527094497388,20,WEAK,Negative,False
TB,binary,Mortality.in.ICU,binary,-0.1325,0.5777527094497388,20,WEAK,Negative,False
CAP.CRO,binary,Z.A.only.T,binary,-0.1325,0.5777527094497388,20,WEAK,Negative,False
Other.CRO,binary,Solid.Organ,binary,0.1325,0.5777527094497388,20,WEAK,Positive,False
BSI.CRO,binary,Z.A.only.T,binary,-0.1325,0.5777527094497388,20,WEAK,Negative,False
BSI.CRO,binary,TB,binary,-0.1325,0.5777527094497388,20,WEAK,Negative,False
TB,binary,Solid.Organ,binary,0.1325,0.5777527094497388,20,WEAK,Positive,False
CAP.CRO,binary,P.C.Z.A.E,binary,-0.1325,0.5777527094497388,20,WEAK,Negative,False
BSI.CRO,binary,P.C.Z.A.E,binary,-0.1325,0.5777527094497388,20,WEAK,Negative,False
BSI.CRO,binary,P.C.Z.A.T,binary,-0.1325,0.5777527094497388,20,WEAK,Negative,False
Solid.Organ,binary,P.C.Z.A.T,binary,0.1325,0.5777527094497388,20,WEAK,Positive,False
HAP.NCRO,binary,Mortality.in.ICU,binary,-0.1325,0.5777527094497388,20,WEAK,Negative,False
Solid.Organ,binary,P.C.Z.A.E,binary,0.1325,0.5777527094497388,20,WEAK,Positive,False
Sodium,binary,P.C.Z.A.E,binary,0.1325,0.5777527094497388,20,WEAK,Positive,False
HAP.NCRO,binary,Potassium,binary,-0.1325,0.5777527094497388,20,WEAK,Negative,False
HAP.NCRO,binary,Solid.Organ,binary,0.1325,0.5777527094497388,20,WEAK,Positive,False
Sodium,binary,Z.A.only.T,binary,0.1325,0.5777527094497388,20,WEAK,Positive,False
CAP.CRO,binary,TB,binary,-0.1325,0.5777527094497388,20,WEAK,Negative,False
VAP.CRO,binary,Other.CRO,binary,-0.1325,0.5777527094497388,20,WEAK,Negative,False
VAP.CRO,binary,TB,binary,-0.1325,0.5777527094497388,20,WEAK,Negative,False
VAP.CRO,binary,HAP.NCRO,binary,-0.1325,0.5777527094497388,20,WEAK,Negative,False
CAP.CRO,binary,Other.CRO,binary,-0.1325,0.5777527094497388,20,WEAK,Negative,False
VAP.CRO,binary,P.C.Z.A.E,binary,-0.1325,0.5777527094497388,20,WEAK,Negative,False
CAP.CRO,binary,HAP.NCRO,binary,-0.1325,0.5777527094497388,20,WEAK,Negative,False
VAP.CRO,binary,P.C.Z.A.T,binary,-0.1325,0.5777527094497388,20,WEAK,Negative,False
Sodium,binary,P.C.Z.A.T,binary,0.1325,0.5777527094497388,20,WEAK,Positive,False
SOFA,continuous,P.C.only.T,binary,-0.1317,0.5800369805501205,20,WEAK,Negative,False
HTN,binary,ICU.Stay.in.28.Days,continuous,0.1311,0.5818086977357849,20,WEAK,Positive,False
Height,continuous,GW.Stay.in.28.Days,continuous,-0.131,0.5820944404572101,20,WEAK,Negative,False
SOFA,continuous,SGOT,binary,0.131,0.5819540038862642,20,WEAK,Positive,False
APACHEII,continuous,Trimethoprim.Sulfamethoxazole,ordinal,-0.1304,0.5838293644795002,20,WEAK,Negative,False
Height,continuous,Inotropes,binary,0.1304,0.5838293644795002,20,WEAK,Positive,False
Hemat.Malignancy,binary,APACHEII,continuous,0.1304,0.5838293644795002,20,WEAK,Positive,False
Weight,continuous,Hemat.Malignancy,binary,0.1302,0.5844013619448164,20,WEAK,Positive,False
Weight,continuous,SOFA,continuous,0.13,0.5849495758257234,20,WEAK,Positive,False
Urea,binary,Clinical.Improvement,ordinal,-0.1283,0.5897174841604051,20,WEAK,Negative,False
HTN,binary,Clinical.Improvement,ordinal,0.1283,0.5897174841604051,20,WEAK,Positive,False
Urinary.Catheter.in.6.Months,binary,GW.Stay.in.28.Days,continuous,-0.1282,0.5902465797745688,20,WEAK,Negative,False
Weight,continuous,APACHEII,continuous,0.1275,0.5923247613205684,20,WEAK,Positive,False
CKD,ordinal,Bil,binary,0.1271,0.593302595021233,20,WEAK,Positive,False
CKD,ordinal,Total.Protein,binary,-0.1271,0.593302595021233,20,WEAK,Negative,False
CKD,ordinal,P.C.only.E,binary,0.1271,0.593302595021233,20,WEAK,Positive,False
CKD,ordinal,CV.Catheter.in.6.Months,binary,0.1271,0.593302595021233,20,WEAK,Positive,False
Solid.Organ,binary,Creatinine,binary,0.126,0.5966155610832276,20,WEAK,Positive,False
Solid.Organ,binary,Bil,binary,0.126,0.5966155610832276,20,WEAK,Positive,False
CV.Catheter.in.6.Months,binary,Mortality.in.ICU,binary,-0.126,0.5966155610832276,20,WEAK,Negative,False
CV.Catheter.in.6.Months,binary,Potassium,binary,0.126,0.5966155610832276,20,WEAK,Positive,False
Solid.Organ,binary,TLC,binary,-0.126,0.5966155610832276,20,WEAK,Negative,False
VAP.CRO,binary,Bil,binary,-0.126,0.5966155610832276,20,WEAK,Negative,False
CAP.CRO,binary,Surgery.in.last.3.Months,binary,-0.126,0.5966155610832276,20,WEAK,Negative,False
NDM,binary,Sodium,binary,0.126,0.5966155610832276,20,WEAK,Positive,False
NDM,binary,Mortality.in.ICU,binary,0.126,0.5966155610832276,20,WEAK,Positive,False
NDM,binary,BSI.CRO,binary,-0.126,0.5966155610832276,20,WEAK,Negative,False
NDM,binary,Potassium,binary,0.126,0.5966155610832276,20,WEAK,Positive,False
NDM,binary,VAP.CRO,binary,0.126,0.5966155610832276,20,WEAK,Positive,False
Surgery.in.last.3.Months,binary,Sodium,binary,-0.126,0.5966155610832276,20,WEAK,Negative,False
VAP.CRO,binary,Any.Fungal.Infection,binary,0.126,0.5966155610832276,20,WEAK,Positive,False
CAP.CRO,binary,TLC,binary,-0.126,0.5966155610832276,20,WEAK,Negative,False
VAP.CRO,binary,Creatinine,binary,-0.126,0.5966155610832276,20,WEAK,Negative,False
VAP.CRO,binary,P.C.only.E,binary,-0.126,0.5966155610832276,20,WEAK,Negative,False
CAP.CRO,binary,Immunosuppressive.drugs.in.1.week,binary,-0.126,0.5966155610832276,20,WEAK,Negative,False
Solid.Organ,binary,Total.Protein,binary,-0.126,0.5966155610832276,20,WEAK,Negative,False
Any.Fungal.Infection,binary,Solid.Organ,binary,-0.126,0.5966155610832276,20,WEAK,Negative,False
TLC,binary,Mortality.in.ICU,binary,-0.126,0.5966155610832276,20,WEAK,Negative,False
Total.Protein,binary,Potassium,binary,0.126,0.5966155610832276,20,WEAK,Positive,False
P.C.only.E,binary,Mortality.in.ICU,binary,-0.126,0.5966155610832276,20,WEAK,Negative,False
Creatinine,binary,Mortality.in.ICU,binary,-0.126,0.5966155610832276,20,WEAK,Negative,False
CV.Catheter.in.6.Months,binary,Sodium,binary,0.126,0.5966155610832276,20,WEAK,Positive,False
CV.Catheter.in.6.Months,binary,Solid.Organ,binary,-0.126,0.5966155610832276,20,WEAK,Negative,False
Creatinine,binary,Sodium,binary,-0.126,0.5966155610832276,20,WEAK,Negative,False
Creatinine,binary,Potassium,binary,-0.126,0.5966155610832276,20,WEAK,Negative,False
Immunosuppressive.drugs.in.1.week,binary,Solid.Organ,binary,-0.126,0.5966155610832276,20,WEAK,Negative,False
Solid.Organ,binary,P.C.only.E,binary,-0.126,0.5966155610832276,20,WEAK,Negative,False
CAP.CRO,binary,Bil,binary,-0.126,0.5966155610832276,20,WEAK,Negative,False
BSI.CRO,binary,Surgery.in.last.3.Months,binary,-0.126,0.5966155610832276,20,WEAK,Negative,False
Potassium,binary,P.C.only.E,binary,-0.126,0.5966155610832276,20,WEAK,Negative,False
BSI.CRO,binary,CV.Catheter.in.6.Months,binary,-0.126,0.5966155610832276,20,WEAK,Negative,False
Surgery.in.last.3.Months,binary,Solid.Organ,binary,0.126,0.5966155610832276,20,WEAK,Positive,False
Surgery.in.last.3.Months,binary,Potassium,binary,-0.126,0.5966155610832276,20,WEAK,Negative,False
VAP.CRO,binary,CV.Catheter.in.6.Months,binary,-0.126,0.5966155610832276,20,WEAK,Negative,False
BSI.CRO,binary,TLC,binary,-0.126,0.5966155610832276,20,WEAK,Negative,False
Total.Protein,binary,Mortality.in.ICU,binary,-0.126,0.5966155610832276,20,WEAK,Negative,False
Surgery.in.last.3.Months,binary,Mortality.in.ICU,binary,-0.126,0.5966155610832276,20,WEAK,Negative,False
Immunosuppressive.drugs.in.1.week,binary,Sodium,binary,-0.126,0.5966155610832276,20,WEAK,Negative,False
BSI.CRO,binary,Any.Fungal.Infection,binary,0.126,0.5966155610832276,20,WEAK,Positive,False
BSI.CRO,binary,Creatinine,binary,-0.126,0.5966155610832276,20,WEAK,Negative,False
Immunosuppressive.drugs.in.1.week,binary,Potassium,binary,-0.126,0.5966155610832276,20,WEAK,Negative,False
BSI.CRO,binary,Total.Protein,binary,-0.126,0.5966155610832276,20,WEAK,Negative,False
BSI.CRO,binary,Immunosuppressive.drugs.in.1.week,binary,-0.126,0.5966155610832276,20,WEAK,Negative,False
Immunosuppressive.drugs.in.1.week,binary,Mortality.in.ICU,binary,0.126,0.5966155610832276,20,WEAK,Positive,False
BSI.CRO,binary,P.C.only.E,binary,-0.126,0.5966155610832276,20,WEAK,Negative,False
SOFA,continuous,P.C.Sulbactam.T,ordinal,-0.1245,0.6010554536896566,20,WEAK,Negative,False
TB,binary,GW.Stay.in.28.Days,continuous,0.1235,0.6040502030832497,20,WEAK,Positive,False
Other.CRO,binary,GW.Stay.in.28.Days,continuous,0.1235,0.6040502030832497,20,WEAK,Positive,False
Total.Protein,binary,Total.Hospital.Stay,continuous,0.1235,0.6040687871449048,20,WEAK,Positive,False
Height,continuous,Total.Protein,binary,0.1233,0.6046199159665551,20,WEAK,Positive,False
Height,continuous,TLC,binary,-0.1233,0.6046199159665551,20,WEAK,Negative,False
Height,continuous,Any.Fungal.Infection,binary,0.1233,0.6046199159665551,20,WEAK,Positive,False
Height,continuous,Surgery.in.last.3.Months,binary,0.1233,0.6046199159665551,20,WEAK,Positive,False
Hospitalization.in.past.6.Months,binary,P.C.only.T,binary,0.1231,0.6051491952383785,20,WEAK,Positive,False
Weight,continuous,Surgery.in.last.3.Months,binary,0.1231,0.6051687575144277,20,WEAK,Positive,False
Any.Viral.Infection,binary,Platelet,binary,0.1231,0.6051491952383785,20,WEAK,Positive,False
Calcium,binary,P.C.only.T,binary,0.1231,0.6051491952383785,20,WEAK,Positive,False
Urinary.Catheter.in.6.Months,binary,Overall.Mortality,binary,-0.1231,0.6051491952383785,20,WEAK,Negative,False
Urinary.Catheter.in.6.Months,binary,P.C.only.T,binary,-0.1231,0.6051491952383785,20,WEAK,Negative,False
Magnesium,binary,P.C.only.T,binary,-0.1231,0.6051491952383785,20,WEAK,Negative,False
Magnesium,binary,Overall.Mortality,binary,-0.1231,0.6051491952383785,20,WEAK,Negative,False
Hospitalization.in.past.6.Months,binary,Any.Viral.Infection,binary,0.1231,0.6051491952383785,20,WEAK,Positive,False
Minocycline,ordinal,Meropenem.T,binary,-0.1222,0.6078870220656074,20,WEAK,Negative,False
HAP.CRO,binary,Minocycline,ordinal,0.1222,0.6078870220656074,20,WEAK,Positive,False
Z.A.only.E,binary,P.C.Sulbactam.T,ordinal,-0.1218,0.6090402655212109,20,WEAK,Negative,False
Weight,continuous,Past.CREPA.infection,binary,0.1215,0.6098260822578915,20,WEAK,Positive,False
Age,continuous,COPD,binary,0.1195,0.61594027590517,20,WEAK,Positive,False
DM,binary,Total.Hospital.Stay,continuous,0.1186,0.6184373908636243,20,WEAK,Positive,False
SOFA,continuous,Trimethoprim.Sulfamethoxazole,ordinal,-0.1164,0.6249024754260304,20,WEAK,Negative,False
Hypothyroidism,binary,SOFA,continuous,-0.1164,0.6249024754260304,20,WEAK,Negative,False
Trimethoprim.Sulfamethoxazole,ordinal,Total.Hospital.Stay,continuous,-0.1161,0.6260931479818467,20,WEAK,Negative,False
Age,continuous,Hypothyroidism,binary,-0.1158,0.6267497657388277,20,WEAK,Negative,False
Age,continuous,Neutropenia,binary,-0.1158,0.6267497657388277,20,WEAK,Negative,False
HTN,binary,Sodium,binary,0.1155,0.6278365031702053,20,WEAK,Positive,False
SGOT,binary,Mortality.in.ICU,binary,0.1155,0.6278365031702053,20,WEAK,Positive,False
SGOT,binary,Potassium,binary,-0.1155,0.6278365031702053,20,WEAK,Negative,False
Sodium,binary,Urea,binary,0.1155,0.6278365031702053,20,WEAK,Positive,False
HTN,binary,Solid.Organ,binary,0.1155,0.6278365031702053,20,WEAK,Positive,False
SGOT,binary,Sodium,binary,-0.1155,0.6278365031702053,20,WEAK,Negative,False
HTN,binary,Potassium,binary,0.1155,0.6278365031702053,20,WEAK,Positive,False
HTN,binary,Mortality.in.ICU,binary,0.1155,0.6278365031702053,20,WEAK,Positive,False
Solid.Organ,binary,Lympho,binary,-0.1155,0.6278365031702053,20,WEAK,Negative,False
Solid.Organ,binary,Urea,binary,0.1155,0.6278365031702053,20,WEAK,Positive,False
Male,binary,Mortality.in.ICU,binary,0.1155,0.6278365031702053,20,WEAK,Positive,False
Male,binary,Solid.Organ,binary,0.1155,0.6278365031702053,20,WEAK,Positive,False
Male,binary,Potassium,binary,-0.1155,0.6278365031702053,20,WEAK,Negative,False
Male,binary,BSI.CRO,binary,0.1155,0.6278365031702053,20,WEAK,Positive,False
Female,binary,Potassium,binary,0.1155,0.6278365031702053,20,WEAK,Positive,False
Female,binary,Mortality.in.ICU,binary,-0.1155,0.6278365031702053,20,WEAK,Negative,False
Lympho,binary,Potassium,binary,0.1155,0.6278365031702053,20,WEAK,Positive,False
Lympho,binary,Sodium,binary,-0.1155,0.6278365031702053,20,WEAK,Negative,False
BSI.CRO,binary,SGOT,binary,0.1155,0.6278365031702053,20,WEAK,Positive,False
BSI.CRO,binary,Lympho,binary,-0.1155,0.6278365031702053,20,WEAK,Negative,False
Inotropes,binary,Sodium,binary,-0.1155,0.6278365031702053,20,WEAK,Negative,False
Inotropes,binary,Solid.Organ,binary,-0.1155,0.6278365031702053,20,WEAK,Negative,False
Inotropes,binary,Potassium,binary,0.1155,0.6278365031702053,20,WEAK,Positive,False
CAP.CRO,binary,Inotropes,binary,-0.1155,0.6278365031702053,20,WEAK,Negative,False
HTN,binary,BSI.CRO,binary,0.1155,0.6278365031702053,20,WEAK,Positive,False
HTN,binary,CAP.CRO,binary,0.1155,0.6278365031702053,20,WEAK,Positive,False
HTN,binary,VAP.CRO,binary,-0.1155,0.6278365031702053,20,WEAK,Negative,False
VAP.CRO,binary,Urea,binary,0.1155,0.6278365031702053,20,WEAK,Positive,False
BSI.CRO,binary,Inotropes,binary,-0.1155,0.6278365031702053,20,WEAK,Negative,False
Potassium,binary,Urea,binary,0.1155,0.6278365031702053,20,WEAK,Positive,False
Female,binary,BSI.CRO,binary,-0.1155,0.6278365031702053,20,WEAK,Negative,False
Female,binary,Solid.Organ,binary,-0.1155,0.6278365031702053,20,WEAK,Negative,False
BSI.CRO,binary,Urea,binary,-0.1155,0.6278365031702053,20,WEAK,Negative,False
CAP.CRO,binary,Urea,binary,0.1155,0.6278365031702053,20,WEAK,Positive,False
CAP.CRO,binary,SGOT,binary,0.1155,0.6278365031702053,20,WEAK,Positive,False
VAP.CRO,binary,SGOT,binary,0.1155,0.6278365031702053,20,WEAK,Positive,False
VAP.CRO,binary,Inotropes,binary,-0.1155,0.6278365031702053,20,WEAK,Negative,False
Inotropes,binary,Mortality.in.ICU,binary,0.1155,0.6278365031702053,20,WEAK,Positive,False
VAP.CRO,binary,Lympho,binary,0.1155,0.6278365031702053,20,WEAK,Positive,False
HAP.CRO,binary,Other.CRO,binary,-0.1147,0.6301235861174144,20,WEAK,Negative,False
Globulin,binary,P.C.Z.A.T,binary,0.1147,0.6301235861174144,20,WEAK,Positive,False
Globulin,binary,P.C.Z.A.E,binary,0.1147,0.6301235861174144,20,WEAK,Positive,False
HAP.NCRO,binary,Ventilation,binary,0.1147,0.6301235861174144,20,WEAK,Positive,False
HAP.NCRO,binary,Overall.organ.support,binary,0.1147,0.6301235861174144,20,WEAK,Positive,False
Other.CRO,binary,Overall.organ.support,binary,0.1147,0.6301235861174144,20,WEAK,Positive,False
Other.CRO,binary,Globulin,binary,0.1147,0.6301235861174144,20,WEAK,Positive,False
TB,binary,Meropenem.T,binary,0.1147,0.6301235861174144,20,WEAK,Positive,False
Other.CRO,binary,Hemat.Malignancy,binary,-0.1147,0.6301235861174144,20,WEAK,Negative,False
Other.CRO,binary,Ventilation,binary,0.1147,0.6301235861174144,20,WEAK,Positive,False
Other.CRO,binary,Meropenem.T,binary,0.1147,0.6301235861174144,20,WEAK,Positive,False
TB,binary,Globulin,binary,0.1147,0.6301235861174144,20,WEAK,Positive,False
COPD,binary,HAP.NCRO,binary,-0.1147,0.6301235861174144,20,WEAK,Negative,False
HAP.NCRO,binary,Meropenem.T,binary,0.1147,0.6301235861174144,20,WEAK,Positive,False
COPD,binary,TB,binary,-0.1147,0.6301235861174144,20,WEAK,Negative,False
Overall.organ.support,binary,TB,binary,0.1147,0.6301235861174144,20,WEAK,Positive,False
Ventilation,binary,P.C.Z.A.E,binary,0.1147,0.6301235861174144,20,WEAK,Positive,False
Ventilation,binary,P.C.Z.A.T,binary,0.1147,0.6301235861174144,20,WEAK,Positive,False
Hemat.Malignancy,binary,Z.A.only.T,binary,-0.1147,0.6301235861174144,20,WEAK,Negative,False
P.C.Z.A.E,binary,Meropenem.T,binary,0.1147,0.6301235861174144,20,WEAK,Positive,False
Hemat.Malignancy,binary,P.C.Z.A.T,binary,-0.1147,0.6301235861174144,20,WEAK,Negative,False
Hemat.Malignancy,binary,P.C.Z.A.E,binary,-0.1147,0.6301235861174144,20,WEAK,Negative,False
COPD,binary,P.C.Z.A.T,binary,-0.1147,0.6301235861174144,20,WEAK,Negative,False
COPD,binary,Z.A.only.T,binary,-0.1147,0.6301235861174144,20,WEAK,Negative,False
HAP.CRO,binary,Z.A.only.T,binary,-0.1147,0.6301235861174144,20,WEAK,Negative,False
HAP.CRO,binary,HAP.NCRO,binary,-0.1147,0.6301235861174144,20,WEAK,Negative,False
HAP.CRO,binary,TB,binary,-0.1147,0.6301235861174144,20,WEAK,Negative,False
COPD,binary,Other.CRO,binary,-0.1147,0.6301235861174144,20,WEAK,Negative,False
Overall.organ.support,binary,P.C.Z.A.T,binary,0.1147,0.6301235861174144,20,WEAK,Positive,False
Overall.organ.support,binary,Z.A.only.T,binary,0.1147,0.6301235861174144,20,WEAK,Positive,False
HAP.NCRO,binary,Hemat.Malignancy,binary,-0.1147,0.6301235861174144,20,WEAK,Negative,False
Ventilation,binary,Z.A.only.T,binary,0.1147,0.6301235861174144,20,WEAK,Positive,False
TB,binary,Hemat.Malignancy,binary,-0.1147,0.6301235861174144,20,WEAK,Negative,False
Ventilation,binary,TB,binary,0.1147,0.6301235861174144,20,WEAK,Positive,False
Globulin,binary,Z.A.only.T,binary,0.1147,0.6301235861174144,20,WEAK,Positive,False
Overall.organ.support,binary,P.C.Z.A.E,binary,0.1147,0.6301235861174144,20,WEAK,Positive,False
Surgery.in.last.3.Months,binary,SOFA,continuous,-0.1144,0.6311953179480605,20,WEAK,Negative,False
Any.Fungal.Infection,binary,Total.Hospital.Stay,continuous,-0.114,0.6323691194635712,20,WEAK,Negative,False
DM,binary,Clinical.Improvement,ordinal,0.1138,0.6327290332910075,20,WEAK,Positive,False
HTN,binary,Total.Hospital.Stay,continuous,0.1132,0.6348068930957993,20,WEAK,Positive,False
Minocycline,ordinal,Mortality.in.ICU,binary,0.1129,0.6357064089716358,20,WEAK,Positive,False
BSI.CRO,binary,Minocycline,ordinal,0.1129,0.6357064089716358,20,WEAK,Positive,False
SGOT,binary,Minocycline,ordinal,-0.1117,0.6391977261450681,20,WEAK,Negative,False
ANC,binary,Mortality.post.28.Day.Discharge,binary,0.1111,0.6409598012304205,20,WEAK,Positive,False
Neither.Abx.E,binary,Ampicillin.Sulbactam,ordinal,0.1111,0.6409598012304205,20,WEAK,Positive,False
Neither.Abx.E,binary,Mortality.in.Hospital,binary,-0.1111,0.6409598012304205,20,WEAK,Negative,False
Neither.Abx.E,binary,Trimethoprim.Sulfamethoxazole,ordinal,0.1111,0.6409598012304205,20,WEAK,Positive,False
Neutropenia,binary,Amikacin,ordinal,0.1111,0.6409598012304205,20,WEAK,Positive,False
Neutropenia,binary,Neither.Abx.T,binary,-0.1111,0.6409598012304205,20,WEAK,Negative,False
Procalcitonin,binary,Mortality.in.Hospital,binary,-0.1111,0.6409598012304205,20,WEAK,Negative,False
Neutropenia,binary,Trimethoprim.Sulfamethoxazole,ordinal,0.1111,0.6409598012304205,20,WEAK,Positive,False
Hypothyroidism,binary,Neutropenia,binary,-0.1111,0.6409598012304205,20,WEAK,Negative,False
Procalcitonin,binary,Mortality.post.28.Day.Discharge,binary,-0.1111,0.6409598012304205,20,WEAK,Negative,False
Albumin,binary,Ampicillin.Sulbactam,ordinal,-0.1111,0.6409598012304205,20,WEAK,Negative,False
Albumin,binary,Trimethoprim.Sulfamethoxazole,ordinal,-0.1111,0.6409598012304205,20,WEAK,Negative,False
Neither.Abx.T,binary,Mortality.in.Hospital,binary,-0.1111,0.6409598012304205,20,WEAK,Negative,False
Amikacin,ordinal,Ampicillin.Sulbactam,ordinal,-0.1111,0.6409598012304205,20,WEAK,Negative,False
Amikacin,ordinal,Trimethoprim.Sulfamethoxazole,ordinal,-0.1111,0.6409598012304205,20,WEAK,Negative,False
Procalcitonin,binary,Ampicillin.Sulbactam,ordinal,0.1111,0.6409598012304205,20,WEAK,Positive,False
Hypothyroidism,binary,Neither.Abx.T,binary,-0.1111,0.6409598012304205,20,WEAK,Negative,False
Hypothyroidism,binary,Mortality.post.28.Day.Discharge,binary,-0.1111,0.6409598012304205,20,WEAK,Negative,False
Hypothyroidism,binary,Mortality.in.Hospital,binary,-0.1111,0.6409598012304205,20,WEAK,Negative,False
Ampicillin.Sulbactam,ordinal,Mortality.in.Hospital,binary,0.1111,0.6409598012304205,20,WEAK,Positive,False
Hypothyroidism,binary,Amikacin,ordinal,0.1111,0.6409598012304205,20,WEAK,Positive,False
Hypothyroidism,binary,Trimethoprim.Sulfamethoxazole,ordinal,0.1111,0.6409598012304205,20,WEAK,Positive,False
Hypothyroidism,binary,Ampicillin.Sulbactam,ordinal,0.1111,0.6409598012304205,20,WEAK,Positive,False
Hypothyroidism,binary,Procalcitonin,binary,-0.1111,0.6409598012304205,20,WEAK,Negative,False
Procalcitonin,binary,Amikacin,ordinal,0.1111,0.6409598012304205,20,WEAK,Positive,False
Procalcitonin,binary,Neither.Abx.T,binary,-0.1111,0.6409598012304205,20,WEAK,Negative,False
Procalcitonin,binary,Neither.Abx.E,binary,-0.1111,0.6409598012304205,20,WEAK,Negative,False
Hypothyroidism,binary,Neither.Abx.E,binary,-0.1111,0.6409598012304205,20,WEAK,Negative,False
Hypothyroidism,binary,ANC,binary,0.1111,0.6409598012304205,20,WEAK,Positive,False
Procalcitonin,binary,Trimethoprim.Sulfamethoxazole,ordinal,0.1111,0.6409598012304205,20,WEAK,Positive,False
Hypothyroidism,binary,Albumin,binary,0.1111,0.6409598012304205,20,WEAK,Positive,False
Amikacin,ordinal,Mortality.in.Hospital,binary,0.1111,0.6409598012304205,20,WEAK,Positive,False
ANC,binary,Trimethoprim.Sulfamethoxazole,ordinal,-0.1111,0.6409598012304205,20,WEAK,Negative,False
ANC,binary,Procalcitonin,binary,0.1111,0.6409598012304205,20,WEAK,Positive,False
Albumin,binary,Amikacin,ordinal,-0.1111,0.6409598012304205,20,WEAK,Negative,False
Albumin,binary,Mortality.post.28.Day.Discharge,binary,0.1111,0.6409598012304205,20,WEAK,Positive,False
Neither.Abx.T,binary,Ampicillin.Sulbactam,ordinal,0.1111,0.6409598012304205,20,WEAK,Positive,False
Neutropenia,binary,Procalcitonin,binary,-0.1111,0.6409598012304205,20,WEAK,Negative,False
Trimethoprim.Sulfamethoxazole,ordinal,Mortality.in.Hospital,binary,0.1111,0.6409598012304205,20,WEAK,Positive,False
Neutropenia,binary,Albumin,binary,0.1111,0.6409598012304205,20,WEAK,Positive,False
Neutropenia,binary,Ampicillin.Sulbactam,ordinal,0.1111,0.6409598012304205,20,WEAK,Positive,False
Neutropenia,binary,Mortality.post.28.Day.Discharge,binary,-0.1111,0.6409598012304205,20,WEAK,Negative,False
Neither.Abx.T,binary,Trimethoprim.Sulfamethoxazole,ordinal,0.1111,0.6409598012304205,20,WEAK,Positive,False
Albumin,binary,Procalcitonin,binary,0.1111,0.6409598012304205,20,WEAK,Positive,False
Globulin,binary,Clinical.Improvement,ordinal,-0.1111,0.641097931346373,20,WEAK,Negative,False
Neutropenia,binary,ANC,binary,0.1111,0.6409598012304205,20,WEAK,Positive,False
Neutropenia,binary,Neither.Abx.E,binary,-0.1111,0.6409598012304205,20,WEAK,Negative,False
Neutropenia,binary,Mortality.in.Hospital,binary,-0.1111,0.6409598012304205,20,WEAK,Negative,False
ANC,binary,Neither.Abx.T,binary,0.1111,0.6409598012304205,20,WEAK,Positive,False
ANC,binary,Amikacin,ordinal,-0.1111,0.6409598012304205,20,WEAK,Negative,False
ANC,binary,Ampicillin.Sulbactam,ordinal,-0.1111,0.6409598012304205,20,WEAK,Negative,False
ANC,binary,Neither.Abx.E,binary,0.1111,0.6409598012304205,20,WEAK,Positive,False
Mortality.in.Hospital,binary,Mortality.post.28.Day.Discharge,binary,-0.1111,0.6409598012304205,20,WEAK,Negative,False
CKD,ordinal,Mortality.in.Hospital,binary,-0.111,0.6414253538906418,20,WEAK,Negative,False
CKD,ordinal,ANC,binary,0.111,0.6414253538906418,20,WEAK,Positive,False
CKD,ordinal,Neutropenia,binary,-0.111,0.6414253538906418,20,WEAK,Negative,False
CKD,ordinal,Amikacin,ordinal,0.111,0.6414253538906418,20,WEAK,Positive,False
CKD,ordinal,Mortality.post.28.Day.Discharge,binary,-0.111,0.6414253538906418,20,WEAK,Negative,False
CKD,ordinal,Neither.Abx.E,binary,-0.111,0.6414253538906418,20,WEAK,Negative,False
CKD,ordinal,Albumin,binary,0.111,0.6414253538906418,20,WEAK,Positive,False
CKD,ordinal,Trimethoprim.Sulfamethoxazole,ordinal,0.111,0.6414253538906418,20,WEAK,Positive,False
CKD,ordinal,Neither.Abx.T,binary,-0.111,0.6414253538906418,20,WEAK,Negative,False
CKD,ordinal,Ampicillin.Sulbactam,ordinal,0.111,0.6414253538906418,20,WEAK,Positive,False
Platelet,binary,Clinical.Improvement,ordinal,-0.1108,0.6417896068342831,20,WEAK,Negative,False
Height,continuous,Relapse.post.28.Day.Discharge,binary,0.1095,0.6457607428007013,20,WEAK,Positive,False
Weight,continuous,Other.Illness.Leading.to.Hospitalization.post.28.Days.Discharge,binary,0.1094,0.6462611855340521,20,WEAK,Positive,False
Hemat.Malignancy,binary,ICU.Stay.in.28.Days,continuous,-0.1092,0.6467068525417303,20,WEAK,Negative,False
Overall.organ.support,binary,P.C.Sulbactam.T,ordinal,0.1087,0.6482419972303379,20,WEAK,Positive,False
Ventilation,binary,P.C.Sulbactam.T,ordinal,0.1087,0.6482419972303379,20,WEAK,Positive,False
Surgery.in.last.3.Months,binary,GW.Stay.in.28.Days,continuous,-0.1077,0.6514512265720851,20,WEAK,Negative,False
Creatinine,binary,GW.Stay.in.28.Days,continuous,-0.1077,0.6514512265720851,20,WEAK,Negative,False
APACHEII,continuous,Total.Hospital.Stay,continuous,0.1063,0.6556298783943902,20,WEAK,Positive,False
DM,binary,Ampicillin.Sulbactam,ordinal,-0.1048,0.6600556531895877,20,WEAK,Negative,False
DM,binary,Urea,binary,-0.1048,0.6600556531895877,20,WEAK,Negative,False
DM,binary,SGOT,binary,0.1048,0.6600556531895877,20,WEAK,Positive,False
Any.Fungal.Infection,binary,SOFA,continuous,0.1048,0.660076017424497,20,WEAK,Positive,False
DM,binary,Trimethoprim.Sulfamethoxazole,ordinal,-0.1048,0.6600556531895877,20,WEAK,Negative,False
DM,binary,Meropenem.T,binary,0.1048,0.6600556531895877,20,WEAK,Positive,False
Female,binary,DM,binary,0.1048,0.6600556531895877,20,WEAK,Positive,False
DM,binary,Lympho,binary,0.1048,0.6600556531895877,20,WEAK,Positive,False
DM,binary,Mortality.post.28.Day.Discharge,binary,0.1048,0.6600556531895877,20,WEAK,Positive,False
Male,binary,DM,binary,-0.1048,0.6600556531895877,20,WEAK,Negative,False
DM,binary,Mortality.in.Hospital,binary,0.1048,0.6600556531895877,20,WEAK,Positive,False
APACHEII,continuous,P.C.Sulbactam.T,ordinal,-0.1046,0.6609020584176191,20,WEAK,Negative,False
Weight,continuous,Lympho,binary,0.1041,0.662186845368685,20,WEAK,Positive,False
Height,continuous,Minocycline,ordinal,0.1031,0.665230966890432,20,WEAK,Positive,False
VAP.CRO,binary,Clinical.Improvement,ordinal,0.1026,0.6668853804723597,20,WEAK,Positive,False
Overall.organ.support,binary,SGPT,binary,0.1021,0.6685295499932558,20,WEAK,Positive,False
COPD,binary,Platelet,binary,-0.1021,0.6685295499932558,20,WEAK,Negative,False
COPD,binary,SGPT,binary,-0.1021,0.6685295499932558,20,WEAK,Negative,False
Ventilation,binary,SGPT,binary,0.1021,0.6685295499932558,20,WEAK,Positive,False
Calcium,binary,Meropenem.T,binary,0.1021,0.6685295499932558,20,WEAK,Positive,False
Urinary.Catheter.in.6.Months,binary,Hemat.Malignancy,binary,0.1021,0.6685295499932558,20,WEAK,Positive,False
Urinary.Catheter.in.6.Months,binary,Ventilation,binary,-0.1021,0.6685295499932558,20,WEAK,Negative,False
Urinary.Catheter.in.6.Months,binary,Overall.organ.support,binary,-0.1021,0.6685295499932558,20,WEAK,Negative,False
HAP.CRO,binary,Magnesium,binary,0.1021,0.6685295499932558,20,WEAK,Positive,False
HAP.CRO,binary,Calcium,binary,-0.1021,0.6685295499932558,20,WEAK,Negative,False
HAP.CRO,binary,SGPT,binary,-0.1021,0.6685295499932558,20,WEAK,Negative,False
Urinary.Catheter.in.6.Months,binary,Globulin,binary,-0.1021,0.6685295499932558,20,WEAK,Negative,False
COPD,binary,Hospitalization.in.past.6.Months,binary,-0.1021,0.6685295499932558,20,WEAK,Negative,False
SGPT,binary,Meropenem.T,binary,0.1021,0.6685295499932558,20,WEAK,Positive,False
Hospitalization.in.past.6.Months,binary,Hemat.Malignancy,binary,-0.1021,0.6685295499932558,20,WEAK,Negative,False
Globulin,binary,Magnesium,binary,-0.1021,0.6685295499932558,20,WEAK,Negative,False
Platelet,binary,Meropenem.T,binary,0.1021,0.6685295499932558,20,WEAK,Positive,False
Hospitalization.in.past.6.Months,binary,Meropenem.T,binary,0.1021,0.6685295499932558,20,WEAK,Positive,False
Neutropenia,binary,ICU.Stay.in.28.Days,continuous,-0.1019,0.6689285118952065,20,WEAK,Negative,False
VAP.CRO,binary,ICU.Stay.in.28.Days,continuous,-0.1009,0.6721418059610127,20,WEAK,Negative,False
BSI.CRO,binary,SOFA,continuous,0.1008,0.6722601922605708,20,WEAK,Positive,False
DM,binary,ICU.Stay.in.28.Days,continuous,0.1007,0.6725684384838411,20,WEAK,Positive,False
Any.Viral.Infection,binary,Lympho,binary,0.1005,0.6733199381664249,20,WEAK,Positive,False
Any.Viral.Infection,binary,Urea,binary,0.1005,0.6733199381664249,20,WEAK,Positive,False
HTN,binary,Overall.Mortality,binary,0.1005,0.6733199381664249,20,WEAK,Positive,False
SGOT,binary,Overall.Mortality,binary,0.1005,0.6733199381664249,20,WEAK,Positive,False
Urea,binary,Overall.Mortality,binary,0.1005,0.6733199381664249,20,WEAK,Positive,False
Any.Viral.Infection,binary,SGOT,binary,0.1005,0.6733199381664249,20,WEAK,Positive,False
Urea,binary,P.C.only.T,binary,0.1005,0.6733199381664249,20,WEAK,Positive,False
SGOT,binary,P.C.only.T,binary,-0.1005,0.6733199381664249,20,WEAK,Negative,False
Inotropes,binary,P.C.only.T,binary,-0.1005,0.6733199381664249,20,WEAK,Negative,False
Inotropes,binary,Any.Viral.Infection,binary,0.1005,0.6733199381664249,20,WEAK,Positive,False
Lympho,binary,ALP,binary,-0.1005,0.6733199381664249,20,WEAK,Negative,False
Lympho,binary,P.C.only.T,binary,-0.1005,0.6733199381664249,20,WEAK,Negative,False
Inotropes,binary,Overall.Mortality,binary,0.1005,0.6733199381664249,20,WEAK,Positive,False
CAP.CRO,binary,Total.Hospital.Stay,continuous,-0.1005,0.6733199381664249,20,WEAK,Negative,False
ALP,binary,Urea,binary,0.1005,0.6733199381664249,20,WEAK,Positive,False
SGOT,binary,ALP,binary,0.1005,0.6733199381664249,20,WEAK,Positive,False
P.C.Z.A.E,binary,ICU.Stay.in.28.Days,continuous,-0.1002,0.674191386971715,20,WEAK,Negative,False
P.C.Z.A.T,binary,Total.Hospital.Stay,continuous,-0.0998,0.675363005176358,20,WEAK,Negative,False
HAP.NCRO,binary,APACHEII,continuous,-0.0997,0.675828131084281,20,WEAK,Negative,False
ALP,binary,GW.Stay.in.28.Days,continuous,0.0992,0.67745853504372,20,WEAK,Positive,False
P.C.Sulbactam.T,ordinal,ICU.Stay.in.28.Days,continuous,-0.0988,0.6786427108976876,20,WEAK,Negative,False
Past.CREPA.infection,binary,Overall.Mortality,binary,-0.0985,0.6794562323996853,20,WEAK,Negative,False
Past.CREPA.infection,binary,P.C.only.T,binary,-0.0985,0.6794562323996853,20,WEAK,Negative,False
Any.Viral.Infection,binary,Relapse.post.28.Day.Discharge,binary,-0.0985,0.6794562323996853,20,WEAK,Negative,False
Any.Viral.Infection,binary,Other.Illness.Leading.to.Hospitalization.post.28.Days.Discharge,binary,-0.0985,0.6794562323996853,20,WEAK,Negative,False
Overall.Mortality,binary,Relapse.post.28.Day.Discharge,binary,-0.0985,0.6794562323996853,20,WEAK,Negative,False
Any.Viral.Infection,binary,Z.A.only.E,binary,-0.0985,0.6794562323996853,20,WEAK,Negative,False
P.C.only.T,binary,Relapse.post.28.Day.Discharge,binary,-0.0985,0.6794562323996853,20,WEAK,Negative,False
ALP,binary,Z.A.only.E,binary,-0.0985,0.6794562323996853,20,WEAK,Negative,False
ICU.Stay.in.28.Days,continuous,Other.Illness.Leading.to.Hospitalization.post.28.Days.Discharge,binary,-0.0979,0.6814303445177159,20,WEAK,Negative,False
Height,continuous,Platelet,binary,0.0976,0.6823738236054713,20,WEAK,Positive,False
Weight,continuous,Globulin,binary,-0.0976,0.6822067549508527,20,WEAK,Negative,False
Past.CREPA.infection,binary,APACHEII,continuous,0.0974,0.6830347517628421,20,WEAK,Positive,False
Weight,continuous,Minocycline,ordinal,0.0969,0.6843697200041726,20,WEAK,Positive,False
Past.CREPA.infection,binary,TB,binary,-0.0964,0.6860740732640441,20,WEAK,Negative,False
HAP.NCRO,binary,Other.Illness.Leading.to.Hospitalization.post.28.Days.Discharge,binary,-0.0964,0.6860740732640441,20,WEAK,Negative,False
Other.CRO,binary,Relapse.post.28.Day.Discharge,binary,-0.0964,0.6860740732640441,20,WEAK,Negative,False
Other.CRO,binary,Z.A.only.E,binary,-0.0964,0.6860740732640441,20,WEAK,Negative,False
HAP.NCRO,binary,Z.A.only.E,binary,-0.0964,0.6860740732640441,20,WEAK,Negative,False
Other.CRO,binary,Other.Illness.Leading.to.Hospitalization.post.28.Days.Discharge,binary,-0.0964,0.6860740732640441,20,WEAK,Negative,False
Past.CREPA.infection,binary,P.C.Z.A.T,binary,-0.0964,0.6860740732640441,20,WEAK,Negative,False
Other.CRO,binary,Past.CREPA.infection,binary,-0.0964,0.6860740732640441,20,WEAK,Negative,False
Z.A.only.T,binary,Other.Illness.Leading.to.Hospitalization.post.28.Days.Discharge,binary,-0.0964,0.6860740732640441,20,WEAK,Negative,False
Z.A.only.T,binary,Relapse.post.28.Day.Discharge,binary,-0.0964,0.6860740732640441,20,WEAK,Negative,False
HAP.NCRO,binary,Past.CREPA.infection,binary,-0.0964,0.6860740732640441,20,WEAK,Negative,False
TB,binary,Relapse.post.28.Day.Discharge,binary,-0.0964,0.6860740732640441,20,WEAK,Negative,False
Past.CREPA.infection,binary,Z.A.only.T,binary,-0.0964,0.6860740732640441,20,WEAK,Negative,False
P.C.Z.A.E,binary,Other.Illness.Leading.to.Hospitalization.post.28.Days.Discharge,binary,-0.0964,0.6860740732640441,20,WEAK,Negative,False
P.C.Z.A.E,binary,Relapse.post.28.Day.Discharge,binary,-0.0964,0.6860740732640441,20,WEAK,Negative,False
Z.A.only.E,binary,P.C.Z.A.T,binary,-0.0964,0.6860740732640441,20,WEAK,Negative,False
TB,binary,Z.A.only.E,binary,-0.0964,0.6860740732640441,20,WEAK,Negative,False
TB,binary,Other.Illness.Leading.to.Hospitalization.post.28.Days.Discharge,binary,-0.0964,0.6860740732640441,20,WEAK,Negative,False
HAP.NCRO,binary,Relapse.post.28.Day.Discharge,binary,-0.0964,0.6860740732640441,20,WEAK,Negative,False
P.C.Z.A.T,binary,Relapse.post.28.Day.Discharge,binary,-0.0964,0.6860740732640441,20,WEAK,Negative,False
P.C.Z.A.E,binary,Z.A.only.E,binary,-0.0964,0.6860740732640441,20,WEAK,Negative,False
Z.A.only.E,binary,Z.A.only.T,binary,-0.0964,0.6860740732640441,20,WEAK,Negative,False
HAP.NCRO,binary,Minocycline,ordinal,-0.0961,0.6869486382065904,20,WEAK,Negative,False
P.C.Z.A.E,binary,Minocycline,ordinal,-0.0961,0.6869486382065904,20,WEAK,Negative,False
TB,binary,Minocycline,ordinal,-0.0961,0.6869486382065904,20,WEAK,Negative,False
Other.CRO,binary,Minocycline,ordinal,-0.0961,0.6869486382065904,20,WEAK,Negative,False
Z.A.only.T,binary,Minocycline,ordinal,-0.0961,0.6869486382065904,20,WEAK,Negative,False
Height,continuous,SGOT,binary,-0.0956,0.6884795440481832,20,WEAK,Negative,False
Age,continuous,Female,binary,-0.0956,0.688591474019064,20,WEAK,Negative,False
Age,continuous,Male,binary,0.0956,0.688591474019064,20,WEAK,Positive,False
Immunosuppressive.drugs.in.1.week,binary,SOFA,continuous,0.0953,0.6894271696337859,20,WEAK,Positive,False
Height,continuous,P.C.Sulbactam.T,ordinal,-0.092,0.6998116473192248,20,WEAK,Negative,False
CAP.CRO,binary,SOFA,continuous,-0.0908,0.7035319444032807,20,WEAK,Negative,False
Solid.Organ,binary,Total.Hospital.Stay,continuous,-0.0905,0.7045006616442644,20,WEAK,Negative,False
Ampicillin.Sulbactam,ordinal,GW.Stay.in.28.Days,continuous,0.0897,0.7068752767261322,20,WEAK,Positive,False
Ventilation,binary,GW.Stay.in.28.Days,continuous,0.0897,0.7068752767261322,20,WEAK,Positive,False
Inotropes,binary,GW.Stay.in.28.Days,continuous,-0.0897,0.7068752767261322,20,WEAK,Negative,False
Overall.organ.support,binary,GW.Stay.in.28.Days,continuous,0.0897,0.7068752767261322,20,WEAK,Positive,False
Hospitalization.in.past.6.Months,binary,P.C.only.E,binary,0.0891,0.7087761737890349,20,WEAK,Positive,False
CV.Catheter.in.6.Months,binary,Platelet,binary,0.0891,0.7087761737890349,20,WEAK,Positive,False
Hospitalization.in.past.6.Months,binary,TLC,binary,-0.0891,0.7087761737890349,20,WEAK,Negative,False
Any.Fungal.Infection,binary,Magnesium,binary,-0.0891,0.7087761737890349,20,WEAK,Negative,False
Hospitalization.in.past.6.Months,binary,Creatinine,binary,-0.0891,0.7087761737890349,20,WEAK,Negative,False
Any.Fungal.Infection,binary,SGPT,binary,0.0891,0.7087761737890349,20,WEAK,Positive,False
Creatinine,binary,Calcium,binary,-0.0891,0.7087761737890349,20,WEAK,Negative,False
Platelet,binary,Creatinine,binary,-0.0891,0.7087761737890349,20,WEAK,Negative,False
CV.Catheter.in.6.Months,binary,SGPT,binary,0.0891,0.7087761737890349,20,WEAK,Positive,False
CV.Catheter.in.6.Months,binary,Calcium,binary,0.0891,0.7087761737890349,20,WEAK,Positive,False
NDM,binary,Urinary.Catheter.in.6.Months,binary,0.0891,0.7087761737890349,20,WEAK,Positive,False
TLC,binary,SGPT,binary,-0.0891,0.7087761737890349,20,WEAK,Negative,False
Platelet,binary,Total.Protein,binary,-0.0891,0.7087761737890349,20,WEAK,Negative,False
Immunosuppressive.drugs.in.1.week,binary,Calcium,binary,0.0891,0.7087761737890349,20,WEAK,Positive,False
Platelet,binary,P.C.only.E,binary,0.0891,0.7087761737890349,20,WEAK,Positive,False
Bil,binary,Magnesium,binary,-0.0891,0.7087761737890349,20,WEAK,Negative,False
Hospitalization.in.past.6.Months,binary,Surgery.in.last.3.Months,binary,0.0891,0.7087761737890349,20,WEAK,Positive,False
Hospitalization.in.past.6.Months,binary,Any.Fungal.Infection,binary,0.0891,0.7087761737890349,20,WEAK,Positive,False
Calcium,binary,P.C.only.E,binary,0.0891,0.7087761737890349,20,WEAK,Positive,False
NDM,binary,Magnesium,binary,0.0891,0.7087761737890349,20,WEAK,Positive,False
Urinary.Catheter.in.6.Months,binary,Creatinine,binary,0.0891,0.7087761737890349,20,WEAK,Positive,False
Urinary.Catheter.in.6.Months,binary,Any.Fungal.Infection,binary,-0.0891,0.7087761737890349,20,WEAK,Negative,False
Urinary.Catheter.in.6.Months,binary,Surgery.in.last.3.Months,binary,-0.0891,0.7087761737890349,20,WEAK,Negative,False
Platelet,binary,Total.Hospital.Stay,continuous,-0.0888,0.7095701958340178,20,WEAK,Negative,False
Age,continuous,Platelet,binary,0.0887,0.710095953002985,20,WEAK,Positive,False
GW.Stay.in.28.Days,continuous,Relapse.post.28.Day.Discharge,binary,-0.0879,0.7124414099395644,20,WEAK,Negative,False
Amikacin,ordinal,ICU.Stay.in.28.Days,continuous,0.0874,0.7141599074398169,20,WEAK,Positive,False
CKD,ordinal,DM,binary,0.0872,0.7145819987543639,20,WEAK,Positive,False
SGOT,binary,Total.Hospital.Stay,continuous,0.087,0.7152012906956446,20,WEAK,Positive,False
Height,continuous,Mortality.in.Hospital,binary,0.0869,0.7156146711716337,20,WEAK,Positive,False
Weight,continuous,Neither.Abx.E,binary,0.0868,0.7160262582548297,20,WEAK,Positive,False
Weight,continuous,Neither.Abx.T,binary,0.0868,0.7160262582548297,20,WEAK,Positive,False
Immunosuppressive.drugs.in.1.week,binary,Total.Hospital.Stay,continuous,0.0855,0.7201336778652164,20,WEAK,Positive,False
Age,continuous,CV.Catheter.in.6.Months,binary,0.0853,0.7206419216913176,20,WEAK,Positive,False
CKD,ordinal,Platelet,binary,-0.0849,0.7218236279937894,20,WEAK,Negative,False
Hospitalization.in.past.6.Months,binary,GW.Stay.in.28.Days,continuous,-0.0824,0.7298540040463715,20,WEAK,Negative,False
Ampicillin.Sulbactam,ordinal,Clinical.Improvement,ordinal,0.0823,0.7302293593134306,20,WEAK,Positive,False
Neither.Abx.E,binary,Clinical.Improvement,ordinal,-0.0823,0.7302293593134306,20,WEAK,Negative,False
Neither.Abx.T,binary,Clinical.Improvement,ordinal,-0.0823,0.7302293593134306,20,WEAK,Negative,False
ANC,binary,Clinical.Improvement,ordinal,0.0823,0.7302293593134306,20,WEAK,Positive,False
Amikacin,ordinal,Clinical.Improvement,ordinal,0.0823,0.7302293593134306,20,WEAK,Positive,False
Platelet,binary,P.C.only.T,binary,-0.0821,0.7308924547648193,20,WEAK,Negative,False
Any.Viral.Infection,binary,SGPT,binary,-0.0821,0.7308924547648193,20,WEAK,Negative,False
Platelet,binary,ALP,binary,-0.0821,0.7308924547648193,20,WEAK,Negative,False
Calcium,binary,Overall.Mortality,binary,-0.0821,0.7308924547648193,20,WEAK,Negative,False
Hospitalization.in.past.6.Months,binary,Overall.Mortality,binary,-0.0821,0.7308924547648193,20,WEAK,Negative,False
SGPT,binary,ALP,binary,-0.0821,0.7308924547648193,20,WEAK,Negative,False
SGPT,binary,P.C.only.T,binary,-0.0821,0.7308924547648193,20,WEAK,Negative,False
Urinary.Catheter.in.6.Months,binary,ALP,binary,0.0821,0.7308924547648193,20,WEAK,Positive,False
Past.CREPA.infection,binary,Solid.Organ,binary,-0.0808,0.7347408207005339,20,WEAK,Negative,False
BSI.CRO,binary,Z.A.only.E,binary,0.0808,0.7347408207005339,20,WEAK,Positive,False
Past.CREPA.infection,binary,Sodium,binary,-0.0808,0.7347408207005339,20,WEAK,Negative,False
VAP.CRO,binary,Relapse.post.28.Day.Discharge,binary,0.0808,0.7347408207005339,20,WEAK,Positive,False
VAP.CRO,binary,Past.CREPA.infection,binary,0.0808,0.7347408207005339,20,WEAK,Positive,False
CAP.CRO,binary,Past.CREPA.infection,binary,0.0808,0.7347408207005339,20,WEAK,Positive,False
Past.CREPA.infection,binary,Mortality.in.ICU,binary,0.0808,0.7347408207005339,20,WEAK,Positive,False
Potassium,binary,Z.A.only.E,binary,0.0808,0.7347408207005339,20,WEAK,Positive,False
Solid.Organ,binary,Z.A.only.E,binary,-0.0808,0.7347408207005339,20,WEAK,Negative,False
Hospitalization.in.past.6.Months,binary,Clinical.Improvement,ordinal,0.0806,0.7354908809883789,20,WEAK,Positive,False
Calcium,binary,Clinical.Improvement,ordinal,0.0806,0.7354908809883789,20,WEAK,Positive,False
Platelet,binary,ICU.Stay.in.28.Days,continuous,-0.0803,0.7366117301272136,20,WEAK,Negative,False
SOFA,continuous,P.C.Z.A.T,binary,0.0801,0.736956818546748,20,WEAK,Positive,False
Urinary.Catheter.in.6.Months,binary,Total.Hospital.Stay,continuous,-0.08,0.7375775028905354,20,WEAK,Negative,False
CV.Catheter.in.6.Months,binary,GW.Stay.in.28.Days,continuous,-0.0783,0.7428438145840256,20,WEAK,Negative,False
Female,binary,APACHEII,continuous,0.0782,0.7430822090353802,20,WEAK,Positive,False
Male,binary,APACHEII,continuous,-0.0782,0.7430822090353802,20,WEAK,Negative,False
APACHEII,continuous,SGOT,binary,0.0782,0.7430822090353802,20,WEAK,Positive,False
Female,binary,Weight,continuous,-0.0781,0.7434569376050215,20,WEAK,Negative,False
Male,binary,Weight,continuous,0.0781,0.7434569376050215,20,WEAK,Positive,False
ANC,binary,Z.A.only.T,binary,0.0765,0.748633570856799,20,WEAK,Positive,False
P.C.Z.A.T,binary,Amikacin,ordinal,0.0765,0.748633570856799,20,WEAK,Positive,False
TB,binary,Albumin,binary,0.0765,0.748633570856799,20,WEAK,Positive,False
P.C.Z.A.E,binary,Ampicillin.Sulbactam,ordinal,0.0765,0.748633570856799,20,WEAK,Positive,False
TB,binary,Amikacin,ordinal,0.0765,0.748633570856799,20,WEAK,Positive,False
P.C.Z.A.E,binary,Mortality.in.Hospital,binary,-0.0765,0.748633570856799,20,WEAK,Negative,False
TB,binary,Neither.Abx.T,binary,-0.0765,0.748633570856799,20,WEAK,Negative,False
P.C.Z.A.E,binary,Neither.Abx.T,binary,-0.0765,0.748633570856799,20,WEAK,Negative,False
P.C.Z.A.E,binary,Amikacin,ordinal,0.0765,0.748633570856799,20,WEAK,Positive,False
P.C.Z.A.E,binary,Trimethoprim.Sulfamethoxazole,ordinal,0.0765,0.748633570856799,20,WEAK,Positive,False
P.C.Z.A.E,binary,Neither.Abx.E,binary,-0.0765,0.748633570856799,20,WEAK,Negative,False
Neutropenia,binary,TB,binary,-0.0765,0.748633570856799,20,WEAK,Negative,False
Neutropenia,binary,Z.A.only.T,binary,-0.0765,0.748633570856799,20,WEAK,Negative,False
P.C.Z.A.E,binary,Mortality.post.28.Day.Discharge,binary,-0.0765,0.748633570856799,20,WEAK,Negative,False
TB,binary,Mortality.post.28.Day.Discharge,binary,-0.0765,0.748633570856799,20,WEAK,Negative,False
TB,binary,Mortality.in.Hospital,binary,-0.0765,0.748633570856799,20,WEAK,Negative,False
TB,binary,Procalcitonin,binary,-0.0765,0.748633570856799,20,WEAK,Negative,False
TB,binary,Neither.Abx.E,binary,-0.0765,0.748633570856799,20,WEAK,Negative,False
TB,binary,ANC,binary,0.0765,0.748633570856799,20,WEAK,Positive,False
Neutropenia,binary,P.C.Z.A.T,binary,-0.0765,0.748633570856799,20,WEAK,Negative,False
Neutropenia,binary,P.C.Z.A.E,binary,-0.0765,0.748633570856799,20,WEAK,Negative,False
ANC,binary,P.C.Z.A.T,binary,0.0765,0.748633570856799,20,WEAK,Positive,False
HAP.NCRO,binary,Neither.Abx.T,binary,-0.0765,0.748633570856799,20,WEAK,Negative,False
HAP.NCRO,binary,Ampicillin.Sulbactam,ordinal,0.0765,0.748633570856799,20,WEAK,Positive,False
HAP.NCRO,binary,Mortality.in.Hospital,binary,-0.0765,0.748633570856799,20,WEAK,Negative,False
HAP.NCRO,binary,Mortality.post.28.Day.Discharge,binary,-0.0765,0.748633570856799,20,WEAK,Negative,False
TB,binary,Trimethoprim.Sulfamethoxazole,ordinal,0.0765,0.748633570856799,20,WEAK,Positive,False
Neither.Abx.E,binary,Z.A.only.T,binary,-0.0765,0.748633570856799,20,WEAK,Negative,False
Neither.Abx.E,binary,P.C.Z.A.T,binary,-0.0765,0.748633570856799,20,WEAK,Negative,False
HAP.NCRO,binary,Amikacin,ordinal,0.0765,0.748633570856799,20,WEAK,Positive,False
HAP.NCRO,binary,Trimethoprim.Sulfamethoxazole,ordinal,0.0765,0.748633570856799,20,WEAK,Positive,False
P.C.Z.A.T,binary,Mortality.in.Hospital,binary,-0.0765,0.748633570856799,20,WEAK,Negative,False
P.C.Z.A.T,binary,Neither.Abx.T,binary,-0.0765,0.748633570856799,20,WEAK,Negative,False
Other.CRO,binary,Neither.Abx.T,binary,-0.0765,0.748633570856799,20,WEAK,Negative,False
Albumin,binary,P.C.Z.A.E,binary,0.0765,0.748633570856799,20,WEAK,Positive,False
Other.CRO,binary,Amikacin,ordinal,0.0765,0.748633570856799,20,WEAK,Positive,False
Other.CRO,binary,ANC,binary,0.0765,0.748633570856799,20,WEAK,Positive,False
Other.CRO,binary,Procalcitonin,binary,-0.0765,0.748633570856799,20,WEAK,Negative,False
Other.CRO,binary,Neutropenia,binary,-0.0765,0.748633570856799,20,WEAK,Negative,False
Other.CRO,binary,Albumin,binary,0.0765,0.748633570856799,20,WEAK,Positive,False
Procalcitonin,binary,P.C.Z.A.E,binary,-0.0765,0.748633570856799,20,WEAK,Negative,False
HAP.NCRO,binary,Albumin,binary,0.0765,0.748633570856799,20,WEAK,Positive,False
Other.CRO,binary,Trimethoprim.Sulfamethoxazole,ordinal,0.0765,0.748633570856799,20,WEAK,Positive,False
HAP.NCRO,binary,Neutropenia,binary,-0.0765,0.748633570856799,20,WEAK,Negative,False
HAP.NCRO,binary,ANC,binary,0.0765,0.748633570856799,20,WEAK,Positive,False
Other.CRO,binary,Mortality.in.Hospital,binary,-0.0765,0.748633570856799,20,WEAK,Negative,False
HAP.NCRO,binary,Neither.Abx.E,binary,-0.0765,0.748633570856799,20,WEAK,Negative,False
Other.CRO,binary,Mortality.post.28.Day.Discharge,binary,-0.0765,0.748633570856799,20,WEAK,Negative,False
Hypothyroidism,binary,P.C.Z.A.E,binary,-0.0765,0.748633570856799,20,WEAK,Negative,False
Procalcitonin,binary,Z.A.only.T,binary,-0.0765,0.748633570856799,20,WEAK,Negative,False
Hypothyroidism,binary,TB,binary,-0.0765,0.748633570856799,20,WEAK,Negative,False
Hypothyroidism,binary,HAP.NCRO,binary,-0.0765,0.748633570856799,20,WEAK,Negative,False
Hypothyroidism,binary,Z.A.only.T,binary,-0.0765,0.748633570856799,20,WEAK,Negative,False
Hypothyroidism,binary,Other.CRO,binary,-0.0765,0.748633570856799,20,WEAK,Negative,False
Hypothyroidism,binary,P.C.Z.A.T,binary,-0.0765,0.748633570856799,20,WEAK,Negative,False
Procalcitonin,binary,P.C.Z.A.T,binary,-0.0765,0.748633570856799,20,WEAK,Negative,False
Other.CRO,binary,Neither.Abx.E,binary,-0.0765,0.748633570856799,20,WEAK,Negative,False
ANC,binary,P.C.Z.A.E,binary,0.0765,0.748633570856799,20,WEAK,Positive,False
Albumin,binary,Z.A.only.T,binary,0.0765,0.748633570856799,20,WEAK,Positive,False
Albumin,binary,P.C.Z.A.T,binary,0.0765,0.748633570856799,20,WEAK,Positive,False
Z.A.only.T,binary,Mortality.post.28.Day.Discharge,binary,-0.0765,0.748633570856799,20,WEAK,Negative,False
Z.A.only.T,binary,Ampicillin.Sulbactam,ordinal,0.0765,0.748633570856799,20,WEAK,Positive,False
Z.A.only.T,binary,Amikacin,ordinal,0.0765,0.748633570856799,20,WEAK,Positive,False
Z.A.only.T,binary,Mortality.in.Hospital,binary,-0.0765,0.748633570856799,20,WEAK,Negative,False
Z.A.only.T,binary,Trimethoprim.Sulfamethoxazole,ordinal,0.0765,0.748633570856799,20,WEAK,Positive,False
Z.A.only.T,binary,Neither.Abx.T,binary,-0.0765,0.748633570856799,20,WEAK,Negative,False
CKD,ordinal,P.C.Z.A.E,binary,-0.0764,0.7489712188376502,20,WEAK,Negative,False
CKD,ordinal,TB,binary,-0.0764,0.7489712188376502,20,WEAK,Negative,False
CKD,ordinal,Z.A.only.T,binary,-0.0764,0.7489712188376502,20,WEAK,Negative,False
CKD,ordinal,Other.CRO,binary,-0.0764,0.7489712188376502,20,WEAK,Negative,False
CKD,ordinal,P.C.Z.A.T,binary,-0.0764,0.7489712188376502,20,WEAK,Negative,False
SOFA,continuous,Creatinine,binary,-0.0762,0.7493913725111138,20,WEAK,Negative,False
Height,continuous,Globulin,binary,0.076,0.7499975149682181,20,WEAK,Positive,False
Age,continuous,Any.Fungal.Infection,binary,-0.0758,0.7506783983984965,20,WEAK,Negative,False
Past.CREPA.infection,binary,ICU.Stay.in.28.Days,continuous,0.0734,0.758418624710463,20,WEAK,Positive,False
Age,continuous,DM,binary,-0.0729,0.76017924478884,20,WEAK,Negative,False
Age,continuous,ICU.Stay.in.28.Days,continuous,0.0729,0.7601436619198646,20,WEAK,Positive,False
Hypothyroidism,binary,ICU.Stay.in.28.Days,continuous,0.0728,0.7603285362418671,20,WEAK,Positive,False
Hospitalization.in.past.6.Months,binary,Minocycline,ordinal,0.0712,0.765324828457501,20,WEAK,Positive,False
Potassium,binary,Total.Hospital.Stay,continuous,-0.0704,0.7681977426398195,20,WEAK,Negative,False
BSI.CRO,binary,APACHEII,continuous,-0.0702,0.7685390027197457,20,WEAK,Negative,False
Height,continuous,VAP.CRO,binary,0.0702,0.7685390027197457,20,WEAK,Positive,False
Age,continuous,VAP.CRO,binary,-0.0702,0.768624082577182,20,WEAK,Negative,False
Height,continuous,Overall.Mortality,binary,0.0699,0.7697273126025664,20,WEAK,Positive,False
Weight,continuous,P.C.only.T,binary,0.0698,0.7700654204679781,20,WEAK,Positive,False
Urea,binary,Total.Hospital.Stay,continuous,0.0696,0.7705139236433584,20,WEAK,Positive,False
Age,continuous,Minocycline,ordinal,0.0685,0.7740512183777104,20,WEAK,Positive,False
Calcium,binary,Ampicillin.Sulbactam,ordinal,0.068,0.7756231439783347,20,WEAK,Positive,False
Calcium,binary,Amikacin,ordinal,0.068,0.7756231439783347,20,WEAK,Positive,False
Hospitalization.in.past.6.Months,binary,Mortality.in.Hospital,binary,-0.068,0.7756231439783347,20,WEAK,Negative,False
Hypothyroidism,binary,Hospitalization.in.past.6.Months,binary,-0.068,0.7756231439783347,20,WEAK,Negative,False
Calcium,binary,Trimethoprim.Sulfamethoxazole,ordinal,0.068,0.7756231439783347,20,WEAK,Positive,False
Platelet,binary,Albumin,binary,0.068,0.7756231439783347,20,WEAK,Positive,False
Urinary.Catheter.in.6.Months,binary,Neutropenia,binary,0.068,0.7756231439783347,20,WEAK,Positive,False
Neutropenia,binary,SGPT,binary,-0.068,0.7756231439783347,20,WEAK,Negative,False
Magnesium,binary,Procalcitonin,binary,0.068,0.7756231439783347,20,WEAK,Positive,False
Calcium,binary,Mortality.in.Hospital,binary,-0.068,0.7756231439783347,20,WEAK,Negative,False
Magnesium,binary,Amikacin,ordinal,-0.068,0.7756231439783347,20,WEAK,Negative,False
Magnesium,binary,Mortality.in.Hospital,binary,0.068,0.7756231439783347,20,WEAK,Positive,False
Hypothyroidism,binary,Magnesium,binary,0.068,0.7756231439783347,20,WEAK,Positive,False
Hypothyroidism,binary,Calcium,binary,-0.068,0.7756231439783347,20,WEAK,Negative,False
Hypothyroidism,binary,SGPT,binary,-0.068,0.7756231439783347,20,WEAK,Negative,False
Hospitalization.in.past.6.Months,binary,Neutropenia,binary,-0.068,0.7756231439783347,20,WEAK,Negative,False
Hypothyroidism,binary,Platelet,binary,-0.068,0.7756231439783347,20,WEAK,Negative,False
Hypothyroidism,binary,Urinary.Catheter.in.6.Months,binary,0.068,0.7756231439783347,20,WEAK,Positive,False
SGPT,binary,Albumin,binary,0.068,0.7756231439783347,20,WEAK,Positive,False
Platelet,binary,Procalcitonin,binary,-0.068,0.7756231439783347,20,WEAK,Negative,False
Neutropenia,binary,Magnesium,binary,0.068,0.7756231439783347,20,WEAK,Positive,False
SGPT,binary,Neither.Abx.T,binary,-0.068,0.7756231439783347,20,WEAK,Negative,False
SGPT,binary,Neither.Abx.E,binary,-0.068,0.7756231439783347,20,WEAK,Negative,False
Urinary.Catheter.in.6.Months,binary,Mortality.in.Hospital,binary,0.068,0.7756231439783347,20,WEAK,Positive,False
Platelet,binary,Neither.Abx.E,binary,-0.068,0.7756231439783347,20,WEAK,Negative,False
Platelet,binary,Neither.Abx.T,binary,-0.068,0.7756231439783347,20,WEAK,Negative,False
Platelet,binary,Amikacin,ordinal,0.068,0.7756231439783347,20,WEAK,Positive,False
SGPT,binary,Amikacin,ordinal,0.068,0.7756231439783347,20,WEAK,Positive,False
SGPT,binary,Ampicillin.Sulbactam,ordinal,0.068,0.7756231439783347,20,WEAK,Positive,False
Urinary.Catheter.in.6.Months,binary,Neither.Abx.T,binary,0.068,0.7756231439783347,20,WEAK,Positive,False
Urinary.Catheter.in.6.Months,binary,Procalcitonin,binary,0.068,0.7756231439783347,20,WEAK,Positive,False
Hospitalization.in.past.6.Months,binary,Amikacin,ordinal,0.068,0.7756231439783347,20,WEAK,Positive,False
Hospitalization.in.past.6.Months,binary,Neither.Abx.T,binary,-0.068,0.7756231439783347,20,WEAK,Negative,False
Hospitalization.in.past.6.Months,binary,Neither.Abx.E,binary,-0.068,0.7756231439783347,20,WEAK,Negative,False
Urinary.Catheter.in.6.Months,binary,Ampicillin.Sulbactam,ordinal,-0.068,0.7756231439783347,20,WEAK,Negative,False
Urinary.Catheter.in.6.Months,binary,Neither.Abx.E,binary,0.068,0.7756231439783347,20,WEAK,Positive,False
ALP,binary,P.C.Sulbactam.T,ordinal,-0.068,0.7758183141955594,20,WEAK,Negative,False
Hospitalization.in.past.6.Months,binary,Trimethoprim.Sulfamethoxazole,ordinal,0.068,0.7756231439783347,20,WEAK,Positive,False
Hospitalization.in.past.6.Months,binary,Ampicillin.Sulbactam,ordinal,0.068,0.7756231439783347,20,WEAK,Positive,False
SGOT,binary,P.C.Sulbactam.T,ordinal,-0.0676,0.7769147426005014,20,WEAK,Negative,False
Male,binary,P.C.Sulbactam.T,ordinal,-0.0676,0.7769147426005014,20,WEAK,Negative,False
Female,binary,P.C.Sulbactam.T,ordinal,0.0676,0.7769147426005014,20,WEAK,Positive,False
HTN,binary,P.C.Sulbactam.T,ordinal,0.0676,0.7769147426005014,20,WEAK,Positive,False
CAP.CRO,binary,Potassium,binary,-0.0667,0.7800486426923341,20,WEAK,Negative,False
BSI.CRO,binary,Potassium,binary,-0.0667,0.7800486426923341,20,WEAK,Negative,False
Sodium,binary,Mortality.in.ICU,binary,0.0667,0.7800486426923341,20,WEAK,Positive,False
Potassium,binary,Mortality.in.ICU,binary,-0.0667,0.7800486426923341,20,WEAK,Negative,False
TLC,binary,ICU.Stay.in.28.Days,continuous,-0.0667,0.7798438110031162,20,WEAK,Negative,False
VAP.CRO,binary,Potassium,binary,-0.0667,0.7800486426923341,20,WEAK,Negative,False
BSI.CRO,binary,Solid.Organ,binary,0.0667,0.7800486426923341,20,WEAK,Positive,False
CAP.CRO,binary,Solid.Organ,binary,0.0667,0.7800486426923341,20,WEAK,Positive,False
Solid.Organ,binary,Mortality.in.ICU,binary,0.0667,0.7800486426923341,20,WEAK,Positive,False
TB,binary,P.C.Sulbactam.T,ordinal,-0.0665,0.7805717723493473,20,WEAK,Negative,False
P.C.Z.A.E,binary,P.C.Sulbactam.T,ordinal,-0.0665,0.7805717723493473,20,WEAK,Negative,False
Other.CRO,binary,P.C.Sulbactam.T,ordinal,-0.0665,0.7805717723493473,20,WEAK,Negative,False
CV.Catheter.in.6.Months,binary,Total.Hospital.Stay,continuous,0.0665,0.7806597252902873,20,WEAK,Positive,False
Any.Fungal.Infection,binary,ALP,binary,0.0658,0.7828575629212785,20,WEAK,Positive,False
NDM,binary,P.C.only.T,binary,-0.0658,0.7828575629212785,20,WEAK,Negative,False
Creatinine,binary,Overall.Mortality,binary,-0.0658,0.7828575629212785,20,WEAK,Negative,False
Immunosuppressive.drugs.in.1.week,binary,ALP,binary,0.0658,0.7828575629212785,20,WEAK,Positive,False
Bil,binary,Overall.Mortality,binary,0.0658,0.7828575629212785,20,WEAK,Positive,False
TLC,binary,ALP,binary,-0.0658,0.7828575629212785,20,WEAK,Negative,False
Immunosuppressive.drugs.in.1.week,binary,Overall.Mortality,binary,0.0658,0.7828575629212785,20,WEAK,Positive,False
Any.Fungal.Infection,binary,P.C.only.T,binary,0.0658,0.7828575629212785,20,WEAK,Positive,False
Any.Viral.Infection,binary,Creatinine,binary,-0.0658,0.7828575629212785,20,WEAK,Negative,False
P.C.only.E,binary,Overall.Mortality,binary,0.0658,0.7828575629212785,20,WEAK,Positive,False
Hemat.Malignancy,binary,SOFA,continuous,0.0655,0.7838004543007723,20,WEAK,Positive,False
CAP.CRO,binary,Minocycline,ordinal,0.0645,0.7870794886487488,20,WEAK,Positive,False
Hemat.Malignancy,binary,Globulin,binary,-0.0625,0.7935013494467116,20,WEAK,Negative,False
COPD,binary,Globulin,binary,-0.0625,0.7935013494467116,20,WEAK,Negative,False
HAP.CRO,binary,Meropenem.T,binary,-0.0625,0.7935013494467116,20,WEAK,Negative,False
Ventilation,binary,Meropenem.T,binary,0.0625,0.7935013494467116,20,WEAK,Positive,False
Overall.organ.support,binary,Meropenem.T,binary,0.0625,0.7935013494467116,20,WEAK,Positive,False
COPD,binary,Hemat.Malignancy,binary,0.0625,0.7935013494467116,20,WEAK,Positive,False
HAP.CRO,binary,Hemat.Malignancy,binary,0.0625,0.7935013494467116,20,WEAK,Positive,False
APACHEII,continuous,SGPT,binary,0.0621,0.7948296951222003,20,WEAK,Positive,False
Height,continuous,Magnesium,binary,0.0621,0.7948296951222003,20,WEAK,Positive,False
Weight,continuous,Magnesium,binary,0.062,0.7951326135068347,20,WEAK,Positive,False
CKD,ordinal,APACHEII,continuous,0.0615,0.7968227957715301,20,WEAK,Positive,False
Bil,binary,Minocycline,ordinal,0.0609,0.7985712864190944,20,WEAK,Positive,False
Height,continuous,Urea,binary,-0.0608,0.7988927760712013,20,WEAK,Negative,False
DM,binary,VAP.CRO,binary,0.0605,0.7999051331046801,20,WEAK,Positive,False
DM,binary,Sodium,binary,-0.0605,0.7999051331046801,20,WEAK,Negative,False
DM,binary,BSI.CRO,binary,0.0605,0.7999051331046801,20,WEAK,Positive,False
Hemat.Malignancy,binary,P.C.Sulbactam.T,ordinal,0.0604,0.8003264006579754,20,WEAK,Positive,False
HAP.CRO,binary,P.C.Sulbactam.T,ordinal,0.0604,0.8003264006579754,20,WEAK,Positive,False
Weight,continuous,P.C.Z.A.T,binary,0.0597,0.8024971484332634,20,WEAK,Positive,False
Any.Viral.Infection,binary,Clinical.Improvement,ordinal,0.0595,0.8031143539935816,20,WEAK,Positive,False
ALP,binary,Clinical.Improvement,ordinal,0.0595,0.8031143539935816,20,WEAK,Positive,False
SGOT,binary,Clinical.Improvement,ordinal,0.0592,0.8040828402271406,20,WEAK,Positive,False
Procalcitonin,binary,ICU.Stay.in.28.Days,continuous,0.0582,0.807291129717349,20,WEAK,Positive,False
BSI.CRO,binary,Any.Viral.Infection,binary,-0.058,0.8080093851182055,20,WEAK,Negative,False
VAP.CRO,binary,Any.Viral.Infection,binary,-0.058,0.8080093851182055,20,WEAK,Negative,False
Ampicillin.Sulbactam,ordinal,Total.Hospital.Stay,continuous,0.058,0.8080093851182055,20,WEAK,Positive,False
BSI.CRO,binary,Overall.Mortality,binary,-0.058,0.8080093851182055,20,WEAK,Negative,False
Solid.Organ,binary,P.C.only.T,binary,0.058,0.8080093851182055,20,WEAK,Positive,False
P.C.only.T,binary,Mortality.in.ICU,binary,-0.058,0.8080093851182056,20,WEAK,Negative,False
ALP,binary,Sodium,binary,0.058,0.8080093851182056,20,WEAK,Positive,False
Solid.Organ,binary,Overall.Mortality,binary,0.058,0.8080093851182055,20,WEAK,Positive,False
VAP.CRO,binary,ALP,binary,-0.058,0.8080093851182055,20,WEAK,Negative,False
CAP.CRO,binary,Overall.Mortality,binary,-0.058,0.8080093851182055,20,WEAK,Negative,False
CAP.CRO,binary,ALP,binary,-0.058,0.8080093851182055,20,WEAK,Negative,False
VAP.CRO,binary,Overall.Mortality,binary,-0.058,0.8080093851182055,20,WEAK,Negative,False
Any.Viral.Infection,binary,Sodium,binary,0.058,0.8080093851182056,20,WEAK,Positive,False
Age,continuous,Neither.Abx.E,binary,0.0579,0.8083655146459211,20,WEAK,Positive,False
Height,continuous,ANC,binary,-0.0579,0.8082944472587149,20,WEAK,Negative,False
Weight,continuous,Mortality.post.28.Day.Discharge,binary,0.0579,0.8085782435978083,20,WEAK,Positive,False
Hypothyroidism,binary,APACHEII,continuous,-0.0579,0.8082944472587149,20,WEAK,Negative,False
Age,continuous,Neither.Abx.T,binary,0.0579,0.8083655146459211,20,WEAK,Positive,False
Urinary.Catheter.in.6.Months,binary,Other.Illness.Leading.to.Hospitalization.post.28.Days.Discharge,binary,-0.0572,0.8108041462310039,20,WEAK,Negative,False
Urinary.Catheter.in.6.Months,binary,Relapse.post.28.Day.Discharge,binary,-0.0572,0.8108041462310039,20,WEAK,Negative,False
P.C.only.E,binary,ICU.Stay.in.28.Days,continuous,0.0572,0.810702804053199,20,WEAK,Positive,False
SGPT,binary,Other.Illness.Leading.to.Hospitalization.post.28.Days.Discharge,binary,0.0572,0.8108041462310039,20,WEAK,Positive,False
SGPT,binary,Relapse.post.28.Day.Discharge,binary,0.0572,0.8108041462310039,20,WEAK,Positive,False
Past.CREPA.infection,binary,Platelet,binary,0.0572,0.8108041462310039,20,WEAK,Positive,False
Past.CREPA.infection,binary,Calcium,binary,0.0572,0.8108041462310039,20,WEAK,Positive,False
Past.CREPA.infection,binary,Magnesium,binary,-0.0572,0.8108041462310039,20,WEAK,Negative,False
Platelet,binary,Other.Illness.Leading.to.Hospitalization.post.28.Days.Discharge,binary,0.0572,0.8108041462310039,20,WEAK,Positive,False
Magnesium,binary,Z.A.only.E,binary,-0.0572,0.8108041462310039,20,WEAK,Negative,False
SGPT,binary,Z.A.only.E,binary,0.0572,0.8108041462310039,20,WEAK,Positive,False
Calcium,binary,Z.A.only.E,binary,0.0572,0.8108041462310039,20,WEAK,Positive,False
Bil,binary,Total.Hospital.Stay,continuous,-0.057,0.8114088005544247,20,WEAK,Negative,False
APACHEII,continuous,Bil,binary,0.0569,0.8116889959218928,20,WEAK,Positive,False
Surgery.in.last.3.Months,binary,APACHEII,continuous,0.0569,0.8116889959218928,20,WEAK,Positive,False
Weight,continuous,Creatinine,binary,-0.0568,0.8119679462849189,20,WEAK,Negative,False
VAP.CRO,binary,P.C.Sulbactam.T,ordinal,0.0558,0.815287491586832,20,WEAK,Positive,False
Height,continuous,Total.Hospital.Stay,continuous,-0.0556,0.8159090020535104,20,WEAK,Negative,False
Total.Protein,binary,Meropenem.T,binary,-0.0546,0.8193079733507327,20,WEAK,Negative,False
Hemat.Malignancy,binary,TLC,binary,0.0546,0.8193079733507327,20,WEAK,Positive,False
NDM,binary,Meropenem.T,binary,-0.0546,0.8193079733507327,20,WEAK,Negative,False
Immunosuppressive.drugs.in.1.week,binary,Overall.organ.support,binary,0.0546,0.8193079733507327,20,WEAK,Positive,False
COPD,binary,Bil,binary,-0.0546,0.8193079733507327,20,WEAK,Negative,False
COPD,binary,CV.Catheter.in.6.Months,binary,-0.0546,0.8193079733507327,20,WEAK,Negative,False
COPD,binary,Immunosuppressive.drugs.in.1.week,binary,-0.0546,0.8193079733507327,20,WEAK,Negative,False
HAP.CRO,binary,Surgery.in.last.3.Months,binary,-0.0546,0.8193079733507327,20,WEAK,Negative,False
HAP.CRO,binary,Immunosuppressive.drugs.in.1.week,binary,-0.0546,0.8193079733507327,20,WEAK,Negative,False
TLC,binary,Globulin,binary,-0.0546,0.8193079733507327,20,WEAK,Negative,False
HAP.CRO,binary,P.C.only.E,binary,-0.0546,0.8193079733507327,20,WEAK,Negative,False
HAP.CRO,binary,Total.Protein,binary,0.0546,0.8193079733507327,20,WEAK,Positive,False
TLC,binary,Meropenem.T,binary,-0.0546,0.8193079733507327,20,WEAK,Negative,False
Any.Fungal.Infection,binary,Globulin,binary,0.0546,0.8193079733507327,20,WEAK,Positive,False
Hemat.Malignancy,binary,Bil,binary,-0.0546,0.8193079733507327,20,WEAK,Negative,False
Immunosuppressive.drugs.in.1.week,binary,Ventilation,binary,0.0546,0.8193079733507327,20,WEAK,Positive,False
Bil,binary,Meropenem.T,binary,0.0546,0.8193079733507327,20,WEAK,Positive,False
Immunosuppressive.drugs.in.1.week,binary,Hemat.Malignancy,binary,-0.0546,0.8193079733507327,20,WEAK,Negative,False
Surgery.in.last.3.Months,binary,Globulin,binary,0.0546,0.8193079733507327,20,WEAK,Positive,False
CV.Catheter.in.6.Months,binary,Meropenem.T,binary,0.0546,0.8193079733507327,20,WEAK,Positive,False
CV.Catheter.in.6.Months,binary,Overall.organ.support,binary,0.0546,0.8193079733507327,20,WEAK,Positive,False
CV.Catheter.in.6.Months,binary,Ventilation,binary,0.0546,0.8193079733507327,20,WEAK,Positive,False
Hemat.Malignancy,binary,Total.Protein,binary,0.0546,0.8193079733507327,20,WEAK,Positive,False
Bil,binary,Globulin,binary,0.0546,0.8193079733507327,20,WEAK,Positive,False
Surgery.in.last.3.Months,binary,Hemat.Malignancy,binary,-0.0546,0.8193079733507327,20,WEAK,Negative,False
Overall.organ.support,binary,Bil,binary,0.0546,0.8193079733507327,20,WEAK,Positive,False
COPD,binary,Surgery.in.last.3.Months,binary,-0.0546,0.8193079733507327,20,WEAK,Negative,False
Ventilation,binary,Bil,binary,0.0546,0.8193079733507327,20,WEAK,Positive,False
Total.Protein,binary,Globulin,binary,-0.0546,0.8193079733507327,20,WEAK,Negative,False
Hospitalization.in.past.6.Months,binary,APACHEII,continuous,0.0532,0.823661907790233,20,WEAK,Positive,False
HAP.NCRO,binary,P.C.Z.A.T,binary,-0.0526,0.825581450455932,20,WEAK,Negative,False
TB,binary,Z.A.only.T,binary,-0.0526,0.825581450455932,20,WEAK,Negative,False
P.C.Z.A.T,binary,Z.A.only.T,binary,-0.0526,0.825581450455932,20,WEAK,Negative,False
P.C.Z.A.E,binary,Z.A.only.T,binary,-0.0526,0.825581450455932,20,WEAK,Negative,False
P.C.Z.A.E,binary,P.C.Z.A.T,binary,-0.0526,0.825581450455932,20,WEAK,Negative,False
HAP.NCRO,binary,P.C.Z.A.E,binary,-0.0526,0.825581450455932,20,WEAK,Negative,False
Other.CRO,binary,P.C.Z.A.T,binary,-0.0526,0.825581450455932,20,WEAK,Negative,False
Other.CRO,binary,Z.A.only.T,binary,-0.0526,0.825581450455932,20,WEAK,Negative,False
TB,binary,P.C.Z.A.E,binary,-0.0526,0.825581450455932,20,WEAK,Negative,False
TB,binary,P.C.Z.A.T,binary,-0.0526,0.825581450455932,20,WEAK,Negative,False
HAP.NCRO,binary,Z.A.only.T,binary,-0.0526,0.825581450455932,20,WEAK,Negative,False
HAP.NCRO,binary,TB,binary,-0.0526,0.825581450455932,20,WEAK,Negative,False
Other.CRO,binary,HAP.NCRO,binary,-0.0526,0.825581450455932,20,WEAK,Negative,False
Other.CRO,binary,P.C.Z.A.E,binary,-0.0526,0.825581450455932,20,WEAK,Negative,False
CKD,ordinal,Magnesium,binary,0.051,0.8310423003137946,20,WEAK,Positive,False
CKD,ordinal,Urinary.Catheter.in.6.Months,binary,0.051,0.8310423003137946,20,WEAK,Positive,False
Potassium,binary,ICU.Stay.in.28.Days,continuous,0.0504,0.8327330457804943,20,WEAK,Positive,False
BSI.CRO,binary,ICU.Stay.in.28.Days,continuous,-0.0504,0.8327330457804943,20,WEAK,Negative,False
CAP.CRO,binary,ICU.Stay.in.28.Days,continuous,-0.0504,0.8327330457804943,20,WEAK,Negative,False
Hemat.Malignancy,binary,ALP,binary,0.0503,0.8333593047179834,20,WEAK,Positive,False
Globulin,binary,ALP,binary,-0.0503,0.8333593047179834,20,WEAK,Negative,False
Hemat.Malignancy,binary,P.C.only.T,binary,0.0503,0.8333593047179834,20,WEAK,Positive,False
HAP.CRO,binary,ALP,binary,0.0503,0.8333593047179834,20,WEAK,Positive,False
Any.Viral.Infection,binary,Meropenem.T,binary,-0.0503,0.8333593047179834,20,WEAK,Negative,False
Any.Viral.Infection,binary,Globulin,binary,-0.0503,0.8333593047179834,20,WEAK,Negative,False
HAP.CRO,binary,Any.Viral.Infection,binary,0.0503,0.8333593047179834,20,WEAK,Positive,False
CKD,ordinal,P.C.only.T,binary,0.0502,0.8335871768842825,20,WEAK,Positive,False
Weight,continuous,CAP.CRO,binary,0.0501,0.8338552790326837,20,WEAK,Positive,False
Weight,continuous,Sodium,binary,-0.0501,0.8338552790326837,20,WEAK,Negative,False
Weight,continuous,BSI.CRO,binary,0.0501,0.8338552790326837,20,WEAK,Positive,False
Albumin,binary,P.C.Sulbactam.T,ordinal,0.0483,0.839703407755575,20,WEAK,Positive,False
P.C.Sulbactam.T,ordinal,Mortality.post.28.Day.Discharge,binary,-0.0483,0.839703407755575,20,WEAK,Negative,False
TLC,binary,Creatinine,binary,0.0476,0.8419819521897137,20,WEAK,Positive,False
Surgery.in.last.3.Months,binary,Creatinine,binary,-0.0476,0.8419819521897137,20,WEAK,Negative,False
Bil,binary,P.C.only.E,binary,0.0476,0.8419819521897137,20,WEAK,Positive,False
Surgery.in.last.3.Months,binary,Any.Fungal.Infection,binary,0.0476,0.8419819521897137,20,WEAK,Positive,False
Surgery.in.last.3.Months,binary,TLC,binary,-0.0476,0.8419819521897137,20,WEAK,Negative,False
NDM,binary,Surgery.in.last.3.Months,binary,-0.0476,0.8419819521897137,20,WEAK,Negative,False
NDM,binary,Bil,binary,-0.0476,0.8419819521897137,20,WEAK,Negative,False
NDM,binary,Any.Fungal.Infection,binary,-0.0476,0.8419819521897137,20,WEAK,Negative,False
CV.Catheter.in.6.Months,binary,Surgery.in.last.3.Months,binary,0.0476,0.8419819521897137,20,WEAK,Positive,False
CV.Catheter.in.6.Months,binary,Any.Fungal.Infection,binary,0.0476,0.8419819521897137,20,WEAK,Positive,False
CV.Catheter.in.6.Months,binary,Bil,binary,0.0476,0.8419819521897137,20,WEAK,Positive,False
NDM,binary,TLC,binary,0.0476,0.8419819521897137,20,WEAK,Positive,False
NDM,binary,P.C.only.E,binary,-0.0476,0.8419819521897137,20,WEAK,Negative,False
Any.Fungal.Infection,binary,Creatinine,binary,-0.0476,0.8419819521897137,20,WEAK,Negative,False
Total.Protein,binary,Creatinine,binary,0.0476,0.8419819521897137,20,WEAK,Positive,False
Immunosuppressive.drugs.in.1.week,binary,Any.Fungal.Infection,binary,0.0476,0.8419819521897137,20,WEAK,Positive,False
Immunosuppressive.drugs.in.1.week,binary,Creatinine,binary,-0.0476,0.8419819521897137,20,WEAK,Negative,False
TLC,binary,Bil,binary,-0.0476,0.8419819521897137,20,WEAK,Negative,False
Magnesium,binary,GW.Stay.in.28.Days,continuous,0.0458,0.8480418749934202,20,WEAK,Positive,False
Weight,continuous,Platelet,binary,-0.0443,0.8529329877124231,20,WEAK,Negative,False
Age,continuous,Calcium,binary,-0.0443,0.8527683288423267,20,WEAK,Negative,False
Age,continuous,Urinary.Catheter.in.6.Months,binary,-0.0443,0.8527683288423267,20,WEAK,Negative,False
Ventilation,binary,SOFA,continuous,0.0437,0.8549522612922512,20,WEAK,Positive,False
Overall.organ.support,binary,SOFA,continuous,0.0437,0.8549522612922512,20,WEAK,Positive,False
Albumin,binary,ICU.Stay.in.28.Days,continuous,0.0437,0.854897471734268,20,WEAK,Positive,False
Age,continuous,Inotropes,binary,-0.0434,0.8557128563616146,20,WEAK,Negative,False
Age,continuous,Urea,binary,-0.0434,0.8557128563616146,20,WEAK,Negative,False
Total.Protein,binary,Clinical.Improvement,ordinal,-0.0431,0.8568645432386043,20,WEAK,Negative,False
Surgery.in.last.3.Months,binary,Clinical.Improvement,ordinal,0.0431,0.8568645432386043,20,WEAK,Positive,False
DM,binary,Urinary.Catheter.in.6.Months,binary,0.0428,0.8578217711205682,20,WEAK,Positive,False
Hospitalization.in.past.6.Months,binary,SGPT,binary,-0.0417,0.8615387171967308,20,WEAK,Negative,False
Urinary.Catheter.in.6.Months,binary,SGPT,binary,0.0417,0.8615387171967308,20,WEAK,Positive,False
Hospitalization.in.past.6.Months,binary,Magnesium,binary,0.0417,0.8615387171967308,20,WEAK,Positive,False
Urinary.Catheter.in.6.Months,binary,Calcium,binary,0.0417,0.8615387171967308,20,WEAK,Positive,False
SGPT,binary,Calcium,binary,-0.0417,0.8615387171967308,20,WEAK,Negative,False
VAP.CRO,binary,Total.Hospital.Stay,continuous,-0.0402,0.8663648993470092,20,WEAK,Negative,False
CAP.CRO,binary,APACHEII,continuous,-0.0401,0.8665651846890623,20,WEAK,Negative,False
Other.CRO,binary,ICU.Stay.in.28.Days,continuous,0.0401,0.8667380388498437,20,WEAK,Positive,False
HAP.NCRO,binary,ICU.Stay.in.28.Days,continuous,0.0401,0.8667380388498437,20,WEAK,Positive,False
TB,binary,ICU.Stay.in.28.Days,continuous,0.0401,0.8667380388498437,20,WEAK,Positive,False
APACHEII,continuous,P.C.Z.A.T,binary,0.0399,0.8674384762774876,20,WEAK,Positive,False
Urea,binary,P.C.Sulbactam.T,ordinal,0.0387,0.8714758835727582,20,WEAK,Positive,False
Inotropes,binary,P.C.Sulbactam.T,ordinal,0.0387,0.8714758835727582,20,WEAK,Positive,False
Height,continuous,ICU.Stay.in.28.Days,continuous,-0.0376,0.8749917169366482,20,WEAK,Negative,False
Age,continuous,Z.A.only.E,binary,0.0365,0.8785954687504499,20,WEAK,Positive,False
BSI.CRO,binary,Clinical.Improvement,ordinal,-0.0342,0.8861819421735565,20,WEAK,Negative,False
Procalcitonin,binary,P.C.only.T,binary,0.0335,0.8884909776941627,20,WEAK,Positive,False
Any.Viral.Infection,binary,Neither.Abx.T,binary,0.0335,0.8884909776941627,20,WEAK,Positive,False
Any.Viral.Infection,binary,Neither.Abx.E,binary,0.0335,0.8884909776941627,20,WEAK,Positive,False
Any.Viral.Infection,binary,Procalcitonin,binary,0.0335,0.8884909776941627,20,WEAK,Positive,False
Hypothyroidism,binary,ALP,binary,0.0335,0.8884909776941627,20,WEAK,Positive,False
Amikacin,ordinal,Overall.Mortality,binary,-0.0335,0.8884909776941627,20,WEAK,Negative,False
Ampicillin.Sulbactam,ordinal,Overall.Mortality,binary,-0.0335,0.8884909776941627,20,WEAK,Negative,False
Neither.Abx.T,binary,Overall.Mortality,binary,0.0335,0.8884909776941627,20,WEAK,Positive,False
ANC,binary,ALP,binary,-0.0335,0.8884909776941627,20,WEAK,Negative,False
Albumin,binary,Overall.Mortality,binary,-0.0335,0.8884909776941627,20,WEAK,Negative,False
Albumin,binary,ALP,binary,-0.0335,0.8884909776941627,20,WEAK,Negative,False
Neutropenia,binary,ALP,binary,0.0335,0.8884909776941627,20,WEAK,Positive,False
P.C.only.T,binary,Ampicillin.Sulbactam,ordinal,-0.0335,0.8884909776941627,20,WEAK,Negative,False
ANC,binary,P.C.only.T,binary,-0.0335,0.8884909776941627,20,WEAK,Negative,False
P.C.only.T,binary,Trimethoprim.Sulfamethoxazole,ordinal,-0.0335,0.8884909776941627,20,WEAK,Negative,False
P.C.only.T,binary,Amikacin,ordinal,-0.0335,0.8884909776941627,20,WEAK,Negative,False
Neither.Abx.E,binary,Overall.Mortality,binary,0.0335,0.8884909776941627,20,WEAK,Positive,False
ALP,binary,Amikacin,ordinal,-0.0335,0.8884909776941627,20,WEAK,Negative,False
ALP,binary,Procalcitonin,binary,0.0335,0.8884909776941627,20,WEAK,Positive,False
Any.Viral.Infection,binary,ANC,binary,-0.0335,0.8884909776941627,20,WEAK,Negative,False
Globulin,binary,ICU.Stay.in.28.Days,continuous,-0.0328,0.890931090328462,20,WEAK,Negative,False
DM,binary,Overall.Mortality,binary,-0.0316,0.8947615546836882,20,WEAK,Negative,False
VAP.CRO,binary,GW.Stay.in.28.Days,continuous,-0.0311,0.8965369280208688,20,WEAK,Negative,False
Potassium,binary,GW.Stay.in.28.Days,continuous,0.0311,0.8965369280208688,20,WEAK,Positive,False
CV.Catheter.in.6.Months,binary,Z.A.only.E,binary,0.0306,0.898241139922195,20,WEAK,Positive,False
Total.Protein,binary,Relapse.post.28.Day.Discharge,binary,-0.0306,0.898241139922195,20,WEAK,Negative,False
Creatinine,binary,Relapse.post.28.Day.Discharge,binary,-0.0306,0.898241139922195,20,WEAK,Negative,False
Immunosuppressive.drugs.in.1.week,binary,Relapse.post.28.Day.Discharge,binary,0.0306,0.898241139922195,20,WEAK,Positive,False
Past.CREPA.infection,binary,Immunosuppressive.drugs.in.1.week,binary,0.0306,0.898241139922195,20,WEAK,Positive,False
NDM,binary,Other.Illness.Leading.to.Hospitalization.post.28.Days.Discharge,binary,-0.0306,0.898241139922195,20,WEAK,Negative,False
Total.Protein,binary,Other.Illness.Leading.to.Hospitalization.post.28.Days.Discharge,binary,-0.0306,0.898241139922195,20,WEAK,Negative,False
Any.Fungal.Infection,binary,Other.Illness.Leading.to.Hospitalization.post.28.Days.Discharge,binary,0.0306,0.898241139922195,20,WEAK,Positive,False
Surgery.in.last.3.Months,binary,Other.Illness.Leading.to.Hospitalization.post.28.Days.Discharge,binary,0.0306,0.898241139922195,20,WEAK,Positive,False
TLC,binary,Other.Illness.Leading.to.Hospitalization.post.28.Days.Discharge,binary,-0.0306,0.898241139922195,20,WEAK,Negative,False
TLC,binary,Relapse.post.28.Day.Discharge,binary,-0.0306,0.898241139922195,20,WEAK,Negative,False
CV.Catheter.in.6.Months,binary,Relapse.post.28.Day.Discharge,binary,0.0306,0.898241139922195,20,WEAK,Positive,False
Immunosuppressive.drugs.in.1.week,binary,Other.Illness.Leading.to.Hospitalization.post.28.Days.Discharge,binary,0.0306,0.898241139922195,20,WEAK,Positive,False
Past.CREPA.infection,binary,Total.Protein,binary,-0.0306,0.898241139922195,20,WEAK,Negative,False
Past.CREPA.infection,binary,TLC,binary,-0.0306,0.898241139922195,20,WEAK,Negative,False
Total.Protein,binary,Z.A.only.E,binary,-0.0306,0.898241139922195,20,WEAK,Negative,False
Surgery.in.last.3.Months,binary,Relapse.post.28.Day.Discharge,binary,0.0306,0.898241139922195,20,WEAK,Positive,False
TLC,binary,Z.A.only.E,binary,-0.0306,0.898241139922195,20,WEAK,Negative,False
CV.Catheter.in.6.Months,binary,Other.Illness.Leading.to.Hospitalization.post.28.Days.Discharge,binary,0.0306,0.898241139922195,20,WEAK,Positive,False
APACHEII,continuous,Potassium,binary,-0.0301,0.8997359499718688,20,WEAK,Negative,False
APACHEII,continuous,Sodium,binary,0.0301,0.8997359499718688,20,WEAK,Positive,False
Age,continuous,Trimethoprim.Sulfamethoxazole,ordinal,-0.029,0.9035398795973408,20,WEAK,Negative,False
Height,continuous,Ampicillin.Sulbactam,ordinal,0.029,0.9035036217052047,20,WEAK,Positive,False
Neutropenia,binary,Total.Hospital.Stay,continuous,-0.029,0.9033581801981013,20,WEAK,Negative,False
Age,continuous,Mortality.post.28.Day.Discharge,binary,0.029,0.9035398795973408,20,WEAK,Positive,False
Weight,continuous,ANC,binary,-0.0289,0.9036484085404195,20,WEAK,Negative,False
Total.Protein,binary,ICU.Stay.in.28.Days,continuous,-0.0286,0.9047320349979455,20,WEAK,Negative,False
Magnesium,binary,Minocycline,ordinal,-0.0285,0.9050613224365416,20,WEAK,Negative,False
Platelet,binary,Minocycline,ordinal,0.0285,0.9050613224365416,20,WEAK,Positive,False
Past.CREPA.infection,binary,Clinical.Improvement,ordinal,0.0276,0.9078842327879696,20,WEAK,Positive,False
Hospitalization.in.past.6.Months,binary,SOFA,continuous,0.0267,0.9108945823618309,20,WEAK,Positive,False
SOFA,continuous,Platelet,binary,0.0267,0.9108945823618309,20,WEAK,Positive,False
Age,continuous,Weight,continuous,0.0234,0.9220941595904656,20,WEAK,Positive,False
DM,binary,Creatinine,binary,0.0229,0.9237374347178114,20,WEAK,Positive,False
DM,binary,Surgery.in.last.3.Months,binary,-0.0229,0.9237374347178114,20,WEAK,Negative,False
DM,binary,TLC,binary,0.0229,0.9237374347178114,20,WEAK,Positive,False
SOFA,continuous,Total.Hospital.Stay,continuous,0.0224,0.925234874269727,20,WEAK,Positive,False
Potassium,binary,P.C.Sulbactam.T,ordinal,0.0223,0.9255995315484896,20,WEAK,Positive,False
ICU.Stay.in.28.Days,continuous,Mortality.in.ICU,binary,-0.0202,0.9327116463810531,20,WEAK,Negative,False
TB,binary,Total.Hospital.Stay,continuous,0.02,0.9334079870527171,20,WEAK,Positive,False
Other.CRO,binary,Total.Hospital.Stay,continuous,0.02,0.9334079870527171,20,WEAK,Positive,False
Height,continuous,HAP.NCRO,binary,0.0199,0.9335084418495717,20,WEAK,Positive,False
NDM,binary,GW.Stay.in.28.Days,continuous,-0.0196,0.9347232109112863,20,WEAK,Negative,False
Age,continuous,P.C.only.E,binary,0.019,0.9367713585234246,20,WEAK,Positive,False
TLC,binary,Total.Hospital.Stay,continuous,0.019,0.9366519503340451,20,WEAK,Positive,False
Weight,continuous,ICU.Stay.in.28.Days,continuous,-0.0186,0.9380445591969172,20,WEAK,Negative,False
Any.Viral.Infection,binary,GW.Stay.in.28.Days,continuous,-0.018,0.9398621335851566,20,WEAK,Negative,False
SGPT,binary,Total.Hospital.Stay,continuous,0.0178,0.9407362031529366,20,WEAK,Positive,False
Height,continuous,Urinary.Catheter.in.6.Months,binary,0.0177,0.9408256428114159,20,WEAK,Positive,False
APACHEII,continuous,Platelet,binary,0.0177,0.9408256428114159,20,WEAK,Positive,False
Weight,continuous,Calcium,binary,0.0177,0.940914678747585,20,WEAK,Positive,False
Female,binary,SOFA,continuous,0.0175,0.9417329654152676,20,WEAK,Positive,False
Male,binary,SOFA,continuous,-0.0175,0.9417329654152676,20,WEAK,Negative,False
CKD,ordinal,HTN,binary,-0.0166,0.9444769651455184,20,WEAK,Negative,False
CKD,ordinal,Urea,binary,-0.0166,0.9444769651455184,20,WEAK,Negative,False
CKD,ordinal,SOFA,continuous,0.016,0.9466555501175504,20,WEAK,Positive,False
DM,binary,Past.CREPA.infection,binary,-0.0147,0.9510229916246762,20,WEAK,Negative,False
DM,binary,Other.Illness.Leading.to.Hospitalization.post.28.Days.Discharge,binary,-0.0147,0.9510229916246762,20,WEAK,Negative,False
DM,binary,Z.A.only.E,binary,-0.0147,0.9510229916246762,20,WEAK,Negative,False
Neutropenia,binary,SOFA,continuous,0.0146,0.95143206972498,20,WEAK,Positive,False
Z.A.only.E,binary,Total.Hospital.Stay,continuous,-0.0122,0.959327256139845,20,WEAK,Negative,False
Age,continuous,Hemat.Malignancy,binary,0.0109,0.9637579251236209,20,WEAK,Positive,False
Bil,binary,P.C.Sulbactam.T,ordinal,-0.0105,0.9648128219282667,20,WEAK,Negative,False
Creatinine,binary,P.C.Sulbactam.T,ordinal,0.0105,0.9648128219282667,20,WEAK,Positive,False
CAP.CRO,binary,GW.Stay.in.28.Days,continuous,0.0104,0.9654333634306373,20,WEAK,Positive,False
VAP.CRO,binary,SOFA,continuous,0.0101,0.9663412654078644,20,WEAK,Positive,False
SGPT,binary,Clinical.Improvement,ordinal,0.0101,0.9663704799197341,20,WEAK,Positive,False
Magnesium,binary,Clinical.Improvement,ordinal,-0.0101,0.9663704799197341,20,WEAK,Negative,False
Platelet,binary,P.C.Sulbactam.T,ordinal,0.0099,0.9670841894375801,20,WEAK,Positive,False
APACHEII,continuous,Creatinine,binary,0.0095,0.9683510157024123,20,WEAK,Positive,False
HTN,binary,GW.Stay.in.28.Days,continuous,0.009,0.9700622740982383,20,WEAK,Positive,False
Height,continuous,SGPT,binary,-0.0089,0.970394198821359,20,WEAK,Negative,False
Age,continuous,Hospitalization.in.past.6.Months,binary,0.0089,0.9704053682450434,20,WEAK,Positive,False
Weight,continuous,Inotropes,binary,0.0087,0.9710358160198682,20,WEAK,Positive,False
Lympho,binary,Total.Hospital.Stay,continuous,0.0087,0.9709482137007875,20,WEAK,Positive,False
Male,binary,Trimethoprim.Sulfamethoxazole,ordinal,0.0,1.0,20,WEAK,Negative,False
Male,binary,Amikacin,ordinal,0.0,1.0,20,WEAK,Negative,False
Female,binary,Globulin,binary,0.0,1.0,20,WEAK,Negative,False
Female,binary,HTN,binary,0.0,1.0,20,WEAK,Negative,False
Female,binary,NDM,binary,0.0,1.0,20,WEAK,Negative,False
Male,binary,Mortality.in.Hospital,binary,0.0,1.0,20,WEAK,Negative,False
Male,binary,Meropenem.T,binary,0.0,1.0,20,WEAK,Negative,False
Male,binary,Ampicillin.Sulbactam,ordinal,0.0,1.0,20,WEAK,Negative,False
Female,binary,Ampicillin.Sulbactam,ordinal,0.0,1.0,20,WEAK,Negative,False
Female,binary,P.C.only.E,binary,0.0,1.0,20,WEAK,Negative,False
Female,binary,Procalcitonin,binary,0.0,1.0,20,WEAK,Negative,False
Male,binary,Bil,binary,0.0,1.0,20,WEAK,Negative,False
Male,binary,Lympho,binary,0.0,1.0,20,WEAK,Negative,False
Male,binary,Globulin,binary,0.0,1.0,20,WEAK,Negative,False
Male,binary,Procalcitonin,binary,0.0,1.0,20,WEAK,Negative,False
Male,binary,HTN,binary,0.0,1.0,20,WEAK,Negative,False
Urinary.Catheter.in.6.Months,binary,Inotropes,binary,0.0,1.0,20,WEAK,Negative,False
Male,binary,P.C.only.E,binary,0.0,1.0,20,WEAK,Negative,False
Male,binary,NDM,binary,0.0,1.0,20,WEAK,Negative,False
Female,binary,Mortality.in.Hospital,binary,0.0,1.0,20,WEAK,Negative,False
Female,binary,Hospitalization.in.past.6.Months,binary,0.0,1.0,20,WEAK,Negative,False
Female,binary,Ventilation,binary,0.0,1.0,20,WEAK,Negative,False
Male,binary,Ventilation,binary,0.0,1.0,20,WEAK,Negative,False
Female,binary,Trimethoprim.Sulfamethoxazole,ordinal,0.0,1.0,20,WEAK,Negative,False
ANC,binary,Lympho,binary,0.0,1.0,20,WEAK,Negative,False
Lympho,binary,Urea,binary,0.0,1.0,20,WEAK,Negative,False
Female,binary,Bil,binary,0.0,1.0,20,WEAK,Negative,False
SGOT,binary,Mortality.in.Hospital,binary,0.0,1.0,20,WEAK,Negative,False
SGOT,binary,Meropenem.T,binary,0.0,1.0,20,WEAK,Negative,False
SGOT,binary,Trimethoprim.Sulfamethoxazole,ordinal,0.0,1.0,20,WEAK,Negative,False
Ventilation,binary,Urea,binary,0.0,1.0,20,WEAK,Negative,False
Overall.organ.support,binary,Urea,binary,0.0,1.0,20,WEAK,Negative,False
Overall.organ.support,binary,Lympho,binary,0.0,1.0,20,WEAK,Negative,False
Ventilation,binary,Mortality.in.ICU,binary,0.0,1.0,20,WEAK,Negative,False
SGOT,binary,Amikacin,ordinal,0.0,1.0,20,WEAK,Negative,False
SGOT,binary,Neither.Abx.T,binary,0.0,1.0,20,WEAK,Negative,False
SGOT,binary,Neither.Abx.E,binary,0.0,1.0,20,WEAK,Negative,False
SGOT,binary,Urea,binary,0.0,1.0,20,WEAK,Negative,False
SGOT,binary,Total.Protein,binary,0.0,1.0,20,WEAK,Negative,False
SGPT,binary,Mortality.in.ICU,binary,0.0,1.0,20,WEAK,Negative,False
Immunosuppressive.drugs.in.1.week,binary,Urea,binary,0.0,1.0,20,WEAK,Negative,False
Inotropes,binary,Total.Protein,binary,0.0,1.0,20,WEAK,Negative,False
Inotropes,binary,Creatinine,binary,0.0,1.0,20,WEAK,Negative,False
Inotropes,binary,Meropenem.T,binary,0.0,1.0,20,WEAK,Negative,False
Inotropes,binary,Ampicillin.Sulbactam,ordinal,0.0,1.0,20,WEAK,Negative,False
Inotropes,binary,Bil,binary,0.0,1.0,20,WEAK,Negative,False
Inotropes,binary,TLC,binary,0.0,1.0,20,WEAK,Negative,False
Inotropes,binary,Neutropenia,binary,0.0,1.0,20,WEAK,Negative,False
Ventilation,binary,Lympho,binary,0.0,1.0,20,WEAK,Negative,False
Inotropes,binary,Mortality.post.28.Day.Discharge,binary,0.0,1.0,20,WEAK,Negative,False
Inotropes,binary,Mortality.in.Hospital,binary,0.0,1.0,20,WEAK,Negative,False
VAP.CRO,binary,Calcium,binary,0.0,1.0,20,WEAK,Negative,False
VAP.CRO,binary,Magnesium,binary,0.0,1.0,20,WEAK,Negative,False
Albumin,binary,Urea,binary,0.0,1.0,20,WEAK,Negative,False
Lympho,binary,Amikacin,ordinal,0.0,1.0,20,WEAK,Negative,False
Lympho,binary,Mortality.in.Hospital,binary,0.0,1.0,20,WEAK,Negative,False
Lympho,binary,Mortality.post.28.Day.Discharge,binary,0.0,1.0,20,WEAK,Negative,False
Platelet,binary,SGOT,binary,0.0,1.0,20,WEAK,Negative,False
Solid.Organ,binary,Meropenem.T,binary,0.0,1.0,20,WEAK,Negative,False
Female,binary,Amikacin,ordinal,0.0,1.0,20,WEAK,Negative,False
Female,binary,Meropenem.T,binary,0.0,1.0,20,WEAK,Negative,False
Male,binary,Hemat.Malignancy,binary,0.0,1.0,20,WEAK,Negative,False
Male,binary,Neutropenia,binary,0.0,1.0,20,WEAK,Negative,False
Female,binary,Inotropes,binary,0.0,1.0,20,WEAK,Negative,False
CV.Catheter.in.6.Months,binary,SGOT,binary,0.0,1.0,20,WEAK,Negative,False
Urinary.Catheter.in.6.Months,binary,Solid.Organ,binary,0.0,1.0,20,WEAK,Negative,False
Urinary.Catheter.in.6.Months,binary,Sodium,binary,0.0,1.0,20,WEAK,Negative,False
HTN,binary,Meropenem.T,binary,0.0,1.0,20,WEAK,Negative,False
HTN,binary,Trimethoprim.Sulfamethoxazole,ordinal,0.0,1.0,20,WEAK,Negative,False
HTN,binary,Amikacin,ordinal,0.0,1.0,20,WEAK,Negative,False
HTN,binary,Neither.Abx.T,binary,0.0,1.0,20,WEAK,Negative,False
CAP.CRO,binary,Hemat.Malignancy,binary,0.0,1.0,20,WEAK,Negative,False
CAP.CRO,binary,Overall.organ.support,binary,0.0,1.0,20,WEAK,Negative,False
CAP.CRO,binary,Ventilation,binary,0.0,1.0,20,WEAK,Negative,False
Urea,binary,Mortality.in.Hospital,binary,0.0,1.0,20,WEAK,Negative,False
Neutropenia,binary,Urea,binary,0.0,1.0,20,WEAK,Negative,False
HTN,binary,Magnesium,binary,0.0,1.0,20,WEAK,Negative,False
Immunosuppressive.drugs.in.1.week,binary,SGOT,binary,0.0,1.0,20,WEAK,Negative,False
HTN,binary,Neither.Abx.E,binary,0.0,1.0,20,WEAK,Negative,False
CAP.CRO,binary,Meropenem.T,binary,0.0,1.0,20,WEAK,Negative,False
Urea,binary,Calcium,binary,0.0,1.0,20,WEAK,Negative,False
Urea,binary,Procalcitonin,binary,0.0,1.0,20,WEAK,Negative,False
COPD,binary,Potassium,binary,0.0,1.0,20,WEAK,Negative,False
SGPT,binary,Sodium,binary,0.0,1.0,20,WEAK,Negative,False
COPD,binary,SGOT,binary,0.0,1.0,20,WEAK,Negative,False
COPD,binary,Solid.Organ,binary,0.0,1.0,20,WEAK,Negative,False
COPD,binary,BSI.CRO,binary,0.0,1.0,20,WEAK,Negative,False
Hypothyroidism,binary,SGOT,binary,0.0,1.0,20,WEAK,Negative,False
Overall.organ.support,binary,Mortality.in.ICU,binary,0.0,1.0,20,WEAK,Negative,False
Neutropenia,binary,SGOT,binary,0.0,1.0,20,WEAK,Negative,False
SGOT,binary,Mortality.post.28.Day.Discharge,binary,0.0,1.0,20,WEAK,Negative,False
HTN,binary,HAP.CRO,binary,0.0,1.0,20,WEAK,Negative,False
HTN,binary,Globulin,binary,0.0,1.0,20,WEAK,Negative,False
HTN,binary,Creatinine,binary,0.0,1.0,20,WEAK,Negative,False
HTN,binary,Urea,binary,0.0,1.0,20,WEAK,Negative,False
HTN,binary,SGOT,binary,0.0,1.0,20,WEAK,Negative,False
HTN,binary,Lympho,binary,0.0,1.0,20,WEAK,Negative,False
HTN,binary,Platelet,binary,0.0,1.0,20,WEAK,Negative,False
HTN,binary,SGPT,binary,0.0,1.0,20,WEAK,Negative,False
CAP.CRO,binary,Magnesium,binary,0.0,1.0,20,WEAK,Negative,False
BSI.CRO,binary,Hemat.Malignancy,binary,0.0,1.0,20,WEAK,Negative,False
BSI.CRO,binary,Urinary.Catheter.in.6.Months,binary,0.0,1.0,20,WEAK,Negative,False
Immunosuppressive.drugs.in.1.week,binary,Inotropes,binary,0.0,1.0,20,WEAK,Negative,False
BSI.CRO,binary,Total.Hospital.Stay,continuous,0.0,1.0,20,WEAK,Negative,False
HTN,binary,ANC,binary,0.0,1.0,20,WEAK,Negative,False
Potassium,binary,Magnesium,binary,0.0,1.0,20,WEAK,Negative,False
BSI.CRO,binary,Magnesium,binary,0.0,1.0,20,WEAK,Negative,False
HTN,binary,Inotropes,binary,0.0,1.0,20,WEAK,Negative,False
HTN,binary,Urinary.Catheter.in.6.Months,binary,0.0,1.0,20,WEAK,Negative,False
HTN,binary,Ventilation,binary,0.0,1.0,20,WEAK,Negative,False
Sodium,binary,Meropenem.T,binary,0.0,1.0,20,WEAK,Negative,False
HTN,binary,Hemat.Malignancy,binary,0.0,1.0,20,WEAK,Negative,False
HTN,binary,Neutropenia,binary,0.0,1.0,20,WEAK,Negative,False
HTN,binary,Overall.organ.support,binary,0.0,1.0,20,WEAK,Negative,False
Urea,binary,Trimethoprim.Sulfamethoxazole,ordinal,0.0,1.0,20,WEAK,Negative,False
Male,binary,Inotropes,binary,0.0,1.0,20,WEAK,Negative,False
Male,binary,Hospitalization.in.past.6.Months,binary,0.0,1.0,20,WEAK,Negative,False
Female,binary,Hemat.Malignancy,binary,0.0,1.0,20,WEAK,Negative,False
Female,binary,Lympho,binary,0.0,1.0,20,WEAK,Negative,False
Female,binary,Overall.organ.support,binary,0.0,1.0,20,WEAK,Negative,False
Any.Fungal.Infection,binary,SGOT,binary,0.0,1.0,20,WEAK,Negative,False
Platelet,binary,Mortality.in.ICU,binary,0.0,1.0,20,WEAK,Negative,False
Platelet,binary,GW.Stay.in.28.Days,continuous,0.0,1.0,20,WEAK,Negative,False
Hypothyroidism,binary,Inotropes,binary,0.0,1.0,20,WEAK,Negative,False
Hypothyroidism,binary,Urea,binary,0.0,1.0,20,WEAK,Negative,False
Magnesium,binary,Mortality.in.ICU,binary,0.0,1.0,20,WEAK,Negative,False
HAP.CRO,binary,Mortality.in.ICU,binary,0.0,1.0,20,WEAK,Negative,False
HAP.CRO,binary,Solid.Organ,binary,0.0,1.0,20,WEAK,Negative,False
VAP.CRO,binary,Globulin,binary,0.0,1.0,20,WEAK,Negative,False
HAP.CRO,binary,Potassium,binary,0.0,1.0,20,WEAK,Negative,False
HAP.CRO,binary,Urea,binary,0.0,1.0,20,WEAK,Negative,False
VAP.CRO,binary,Ventilation,binary,0.0,1.0,20,WEAK,Negative,False
VAP.CRO,binary,Overall.organ.support,binary,0.0,1.0,20,WEAK,Negative,False
VAP.CRO,binary,Hemat.Malignancy,binary,0.0,1.0,20,WEAK,Negative,False
Female,binary,Neutropenia,binary,0.0,1.0,20,WEAK,Negative,False
Surgery.in.last.3.Months,binary,Urea,binary,0.0,1.0,20,WEAK,Negative,False
Globulin,binary,Sodium,binary,0.0,1.0,20,WEAK,Negative,False
CAP.CRO,binary,Globulin,binary,0.0,1.0,20,WEAK,Negative,False
Hospitalization.in.past.6.Months,binary,Lympho,binary,0.0,1.0,20,WEAK,Negative,False
Weight,continuous,Albumin,binary,0.0,1.0,20,WEAK,Negative,False
Weight,continuous,Bil,binary,0.0,1.0,20,WEAK,Negative,False
Surgery.in.last.3.Months,binary,Inotropes,binary,0.0,1.0,20,WEAK,Negative,False
Globulin,binary,Mortality.in.ICU,binary,0.0,1.0,20,WEAK,Negative,False
Urinary.Catheter.in.6.Months,binary,Mortality.in.ICU,binary,0.0,1.0,20,WEAK,Negative,False
Globulin,binary,Urea,binary,0.0,1.0,20,WEAK,Negative,False
Surgery.in.last.3.Months,binary,Lympho,binary,0.0,1.0,20,WEAK,Negative,False
Weight,continuous,Amikacin,ordinal,0.0,1.0,20,WEAK,Negative,False
Solid.Organ,binary,Globulin,binary,0.0,1.0,20,WEAK,Negative,False
Solid.Organ,binary,SGPT,binary,0.0,1.0,20,WEAK,Negative,False
Male,binary,Overall.organ.support,binary,0.0,1.0,20,WEAK,Negative,False
Height,continuous,Sodium,binary,0.0,1.0,20,WEAK,Negative,False
Height,continuous,DM,binary,0.0,1.0,20,WEAK,Negative,False
Lympho,binary,Platelet,binary,0.0,1.0,20,WEAK,Negative,False
Lympho,binary,Total.Protein,binary,0.0,1.0,20,WEAK,Negative,False
Hemat.Malignancy,binary,Urea,binary,0.0,1.0,20,WEAK,Negative,False
Age,continuous,VIM,binary,,,20,WEAK,Negative,False
Age,continuous,IMP,binary,,,20,WEAK,Negative,False
Age,continuous,KPC,binary,,,20,WEAK,Negative,False
Age,continuous,OXA23,binary,,,20,WEAK,Negative,False
Age,continuous,OXA48,binary,,,20,WEAK,Negative,False
Age,continuous,OXA24,binary,,,20,WEAK,Negative,False
Age,continuous,OXA58,binary,,,20,WEAK,Negative,False
Age,continuous,P.C.in.vitro,binary,,,20,WEAK,Negative,False
Age,continuous,Z.A.invitro,binary,,,20,WEAK,Negative,False
Age,continuous,UTI.CRO,binary,,,20,WEAK,Negative,False
Age,continuous,IAI.CRO,binary,,,20,WEAK,Negative,False
Age,continuous,ABSSSI.CRO,binary,,,20,WEAK,Negative,False
Age,continuous,UTI.NCRO,binary,,,20,WEAK,Negative,False
Age,continuous,IAI.NCRO,binary,,,20,WEAK,Negative,False
Age,continuous,VAP.NCRO,binary,,,20,WEAK,Negative,False
Age,continuous,CAP.NCRO,binary,,,20,WEAK,Negative,False
Age,continuous,BSI.NCRO,binary,,,20,WEAK,Negative,False
Age,continuous,Other.NCRO,binary,,,20,WEAK,Negative,False
Age,continuous,CV.Catheter.Now,binary,,,20,WEAK,Negative,False
Age,continuous,Urinary.Catheter.Now,binary,,,20,WEAK,Negative,False
Age,continuous,Endoscopy.in.1.week,binary,,,20,WEAK,Negative,False
Age,continuous,Dialysis.in.1.week,binary,,,20,WEAK,Negative,False
Age,continuous,Dialysis.in.1.week.1,binary,,,20,WEAK,Negative,False
Age,continuous,HIV.Present,binary,,,20,WEAK,Negative,False
Age,continuous,Hb,binary,,,20,WEAK,Negative,False
Age,continuous,INR,binary,,,20,WEAK,Negative,False
Age,continuous,Ciprofloxacin,ordinal,,,20,WEAK,Negative,False
Age,continuous,Colistin,ordinal,,,20,WEAK,Negative,False
Age,continuous,Cefepime,ordinal,,,20,WEAK,Negative,False
Age,continuous,Gentamicin,ordinal,,,20,WEAK,Negative,False
Age,continuous,Imipenem,ordinal,,,20,WEAK,Negative,False
Age,continuous,Levofloxacin,ordinal,,,20,WEAK,Negative,False
Age,continuous,Meropenem,ordinal,,,20,WEAK,Negative,False
Age,continuous,Cefoperazone.Sulbactam,ordinal,,,20,WEAK,Negative,False
Age,continuous,Ceftazidime,ordinal,,,20,WEAK,Negative,False
Age,continuous,Piperacillin.Tazobactam,ordinal,,,20,WEAK,Negative,False
Age,continuous,ESBL.Producer,binary,,,20,WEAK,Negative,False
Age,continuous,AmpC,binary,,,20,WEAK,Negative,False
Age,continuous,Carbapenemase,binary,,,20,WEAK,Negative,False
Age,continuous,MRSA,binary,,,20,WEAK,Negative,False
Age,continuous,VAN,binary,,,20,WEAK,Negative,False
Male,binary,VIM,binary,,,20,WEAK,Negative,False
Male,binary,IMP,binary,,,20,WEAK,Negative,False
Male,binary,KPC,binary,,,20,WEAK,Negative,False
Male,binary,OXA23,binary,,,20,WEAK,Negative,False
Male,binary,OXA48,binary,,,20,WEAK,Negative,False
Male,binary,OXA24,binary,,,20,WEAK,Negative,False
Male,binary,OXA58,binary,,,20,WEAK,Negative,False
Male,binary,P.C.in.vitro,binary,,,20,WEAK,Negative,False
Male,binary,Z.A.invitro,binary,,,20,WEAK,Negative,False
Male,binary,UTI.CRO,binary,,,20,WEAK,Negative,False
Male,binary,IAI.CRO,binary,,,20,WEAK,Negative,False
Male,binary,ABSSSI.CRO,binary,,,20,WEAK,Negative,False
Male,binary,UTI.NCRO,binary,,,20,WEAK,Negative,False
Male,binary,IAI.NCRO,binary,,,20,WEAK,Negative,False
Male,binary,VAP.NCRO,binary,,,20,WEAK,Negative,False
Male,binary,CAP.NCRO,binary,,,20,WEAK,Negative,False
Male,binary,BSI.NCRO,binary,,,20,WEAK,Negative,False
Male,binary,Other.NCRO,binary,,,20,WEAK,Negative,False
Male,binary,CV.Catheter.Now,binary,,,20,WEAK,Negative,False
Male,binary,Urinary.Catheter.Now,binary,,,20,WEAK,Negative,False
Male,binary,Endoscopy.in.1.week,binary,,,20,WEAK,Negative,False
Male,binary,Dialysis.in.1.week,binary,,,20,WEAK,Negative,False
Male,binary,Dialysis.in.1.week.1,binary,,,20,WEAK,Negative,False
Male,binary,HIV.Present,binary,,,20,WEAK,Negative,False
Male,binary,Hb,binary,,,20,WEAK,Negative,False
Male,binary,INR,binary,,,20,WEAK,Negative,False
Male,binary,Ciprofloxacin,ordinal,,,20,WEAK,Negative,False
Male,binary,Colistin,ordinal,,,20,WEAK,Negative,False
Male,binary,Cefepime,ordinal,,,20,WEAK,Negative,False
Male,binary,Gentamicin,ordinal,,,20,WEAK,Negative,False
Male,binary,Imipenem,ordinal,,,20,WEAK,Negative,False
Male,binary,Levofloxacin,ordinal,,,20,WEAK,Negative,False
Male,binary,Meropenem,ordinal,,,20,WEAK,Negative,False
Male,binary,Cefoperazone.Sulbactam,ordinal,,,20,WEAK,Negative,False
Male,binary,Ceftazidime,ordinal,,,20,WEAK,Negative,False
Male,binary,Piperacillin.Tazobactam,ordinal,,,20,WEAK,Negative,False
Male,binary,ESBL.Producer,binary,,,20,WEAK,Negative,False
Male,binary,AmpC,binary,,,20,WEAK,Negative,False
Male,binary,Carbapenemase,binary,,,20,WEAK,Negative,False
Male,binary,MRSA,binary,,,20,WEAK,Negative,False
Male,binary,VAN,binary,,,20,WEAK,Negative,False
Female,binary,VIM,binary,,,20,WEAK,Negative,False
Female,binary,IMP,binary,,,20,WEAK,Negative,False
Female,binary,KPC,binary,,,20,WEAK,Negative,False
Female,binary,OXA23,binary,,,20,WEAK,Negative,False
Female,binary,OXA48,binary,,,20,WEAK,Negative,False
Female,binary,OXA24,binary,,,20,WEAK,Negative,False
Female,binary,OXA58,binary,,,20,WEAK,Negative,False
Female,binary,P.C.in.vitro,binary,,,20,WEAK,Negative,False
Female,binary,Z.A.invitro,binary,,,20,WEAK,Negative,False
Female,binary,UTI.CRO,binary,,,20,WEAK,Negative,False
Female,binary,IAI.CRO,binary,,,20,WEAK,Negative,False
Female,binary,ABSSSI.CRO,binary,,,20,WEAK,Negative,False
Female,binary,UTI.NCRO,binary,,,20,WEAK,Negative,False
Female,binary,IAI.NCRO,binary,,,20,WEAK,Negative,False
Female,binary,VAP.NCRO,binary,,,20,WEAK,Negative,False
Female,binary,CAP.NCRO,binary,,,20,WEAK,Negative,False
Female,binary,BSI.NCRO,binary,,,20,WEAK,Negative,False
Female,binary,Other.NCRO,binary,,,20,WEAK,Negative,False
Female,binary,CV.Catheter.Now,binary,,,20,WEAK,Negative,False
Female,binary,Urinary.Catheter.Now,binary,,,20,WEAK,Negative,False
Female,binary,Endoscopy.in.1.week,binary,,,20,WEAK,Negative,False
Female,binary,Dialysis.in.1.week,binary,,,20,WEAK,Negative,False
Female,binary,Dialysis.in.1.week.1,binary,,,20,WEAK,Negative,False
Female,binary,HIV.Present,binary,,,20,WEAK,Negative,False
Female,binary,Hb,binary,,,20,WEAK,Negative,False
Female,binary,INR,binary,,,20,WEAK,Negative,False
Female,binary,Ciprofloxacin,ordinal,,,20,WEAK,Negative,False
Female,binary,Colistin,ordinal,,,20,WEAK,Negative,False
Female,binary,Cefepime,ordinal,,,20,WEAK,Negative,False
Female,binary,Gentamicin,ordinal,,,20,WEAK,Negative,False
Female,binary,Imipenem,ordinal,,,20,WEAK,Negative,False
Female,binary,Levofloxacin,ordinal,,,20,WEAK,Negative,False
Female,binary,Meropenem,ordinal,,,20,WEAK,Negative,False
Female,binary,Cefoperazone.Sulbactam,ordinal,,,20,WEAK,Negative,False
Female,binary,Ceftazidime,ordinal,,,20,WEAK,Negative,False
Female,binary,Piperacillin.Tazobactam,ordinal,,,20,WEAK,Negative,False
Female,binary,ESBL.Producer,binary,,,20,WEAK,Negative,False
Female,binary,AmpC,binary,,,20,WEAK,Negative,False
Female,binary,Carbapenemase,binary,,,20,WEAK,Negative,False
Female,binary,MRSA,binary,,,20,WEAK,Negative,False
Female,binary,VAN,binary,,,20,WEAK,Negative,False
Height,continuous,VIM,binary,,,20,WEAK,Negative,False
Height,continuous,IMP,binary,,,20,WEAK,Negative,False
Height,continuous,KPC,binary,,,20,WEAK,Negative,False
Height,continuous,OXA23,binary,,,20,WEAK,Negative,False
Height,continuous,OXA48,binary,,,20,WEAK,Negative,False
Height,continuous,OXA24,binary,,,20,WEAK,Negative,False
Height,continuous,OXA58,binary,,,20,WEAK,Negative,False
Height,continuous,P.C.in.vitro,binary,,,20,WEAK,Negative,False
Height,continuous,Z.A.invitro,binary,,,20,WEAK,Negative,False
Height,continuous,UTI.CRO,binary,,,20,WEAK,Negative,False
Height,continuous,IAI.CRO,binary,,,20,WEAK,Negative,False
Height,continuous,ABSSSI.CRO,binary,,,20,WEAK,Negative,False
Height,continuous,UTI.NCRO,binary,,,20,WEAK,Negative,False
Height,continuous,IAI.NCRO,binary,,,20,WEAK,Negative,False
Height,continuous,VAP.NCRO,binary,,,20,WEAK,Negative,False
Height,continuous,CAP.NCRO,binary,,,20,WEAK,Negative,False
Height,continuous,BSI.NCRO,binary,,,20,WEAK,Negative,False
Height,continuous,Other.NCRO,binary,,,20,WEAK,Negative,False
Height,continuous,CV.Catheter.Now,binary,,,20,WEAK,Negative,False
Height,continuous,Urinary.Catheter.Now,binary,,,20,WEAK,Negative,False
Height,continuous,Endoscopy.in.1.week,binary,,,20,WEAK,Negative,False
Height,continuous,Dialysis.in.1.week,binary,,,20,WEAK,Negative,False
Height,continuous,Dialysis.in.1.week.1,binary,,,20,WEAK,Negative,False
Height,continuous,HIV.Present,binary,,,20,WEAK,Negative,False
Height,continuous,Hb,binary,,,20,WEAK,Negative,False
Height,continuous,INR,binary,,,20,WEAK,Negative,False
Height,continuous,Ciprofloxacin,ordinal,,,20,WEAK,Negative,False
Height,continuous,Colistin,ordinal,,,20,WEAK,Negative,False
Height,continuous,Cefepime,ordinal,,,20,WEAK,Negative,False
Height,continuous,Gentamicin,ordinal,,,20,WEAK,Negative,False
Height,continuous,Imipenem,ordinal,,,20,WEAK,Negative,False
Height,continuous,Levofloxacin,ordinal,,,20,WEAK,Negative,False
Height,continuous,Meropenem,ordinal,,,20,WEAK,Negative,False
Height,continuous,Cefoperazone.Sulbactam,ordinal,,,20,WEAK,Negative,False
Height,continuous,Ceftazidime,ordinal,,,20,WEAK,Negative,False
Height,continuous,Piperacillin.Tazobactam,ordinal,,,20,WEAK,Negative,False
Height,continuous,ESBL.Producer,binary,,,20,WEAK,Negative,False
Height,continuous,AmpC,binary,,,20,WEAK,Negative,False
Height,continuous,Carbapenemase,binary,,,20,WEAK,Negative,False
Height,continuous,MRSA,binary,,,20,WEAK,Negative,False
Height,continuous,VAN,binary,,,20,WEAK,Negative,False
Weight,continuous,VIM,binary,,,20,WEAK,Negative,False
Weight,continuous,IMP,binary,,,20,WEAK,Negative,False
Weight,continuous,KPC,binary,,,20,WEAK,Negative,False
Weight,continuous,OXA23,binary,,,20,WEAK,Negative,False
Weight,continuous,OXA48,binary,,,20,WEAK,Negative,False
Weight,continuous,OXA24,binary,,,20,WEAK,Negative,False
Weight,continuous,OXA58,binary,,,20,WEAK,Negative,False
Weight,continuous,P.C.in.vitro,binary,,,20,WEAK,Negative,False
Weight,continuous,Z.A.invitro,binary,,,20,WEAK,Negative,False
Weight,continuous,UTI.CRO,binary,,,20,WEAK,Negative,False
Weight,continuous,IAI.CRO,binary,,,20,WEAK,Negative,False
Weight,continuous,ABSSSI.CRO,binary,,,20,WEAK,Negative,False
Weight,continuous,UTI.NCRO,binary,,,20,WEAK,Negative,False
Weight,continuous,IAI.NCRO,binary,,,20,WEAK,Negative,False
Weight,continuous,VAP.NCRO,binary,,,20,WEAK,Negative,False
Weight,continuous,CAP.NCRO,binary,,,20,WEAK,Negative,False
Weight,continuous,BSI.NCRO,binary,,,20,WEAK,Negative,False
Weight,continuous,Other.NCRO,binary,,,20,WEAK,Negative,False
Weight,continuous,CV.Catheter.Now,binary,,,20,WEAK,Negative,False
Weight,continuous,Urinary.Catheter.Now,binary,,,20,WEAK,Negative,False
Weight,continuous,Endoscopy.in.1.week,binary,,,20,WEAK,Negative,False
Weight,continuous,Dialysis.in.1.week,binary,,,20,WEAK,Negative,False
Weight,continuous,Dialysis.in.1.week.1,binary,,,20,WEAK,Negative,False
Weight,continuous,HIV.Present,binary,,,20,WEAK,Negative,False
Weight,continuous,Hb,binary,,,20,WEAK,Negative,False
Weight,continuous,INR,binary,,,20,WEAK,Negative,False
Weight,continuous,Ciprofloxacin,ordinal,,,20,WEAK,Negative,False
Weight,continuous,Colistin,ordinal,,,20,WEAK,Negative,False
Weight,continuous,Cefepime,ordinal,,,20,WEAK,Negative,False
Weight,continuous,Gentamicin,ordinal,,,20,WEAK,Negative,False
Weight,continuous,Imipenem,ordinal,,,20,WEAK,Negative,False
Weight,continuous,Levofloxacin,ordinal,,,20,WEAK,Negative,False
Weight,continuous,Meropenem,ordinal,,,20,WEAK,Negative,False
Weight,continuous,Cefoperazone.Sulbactam,ordinal,,,20,WEAK,Negative,False
Weight,continuous,Ceftazidime,ordinal,,,20,WEAK,Negative,False
Weight,continuous,Piperacillin.Tazobactam,ordinal,,,20,WEAK,Negative,False
Weight,continuous,ESBL.Producer,binary,,,20,WEAK,Negative,False
Weight,continuous,AmpC,binary,,,20,WEAK,Negative,False
Weight,continuous,Carbapenemase,binary,,,20,WEAK,Negative,False
Weight,continuous,MRSA,binary,,,20,WEAK,Negative,False
Weight,continuous,VAN,binary,,,20,WEAK,Negative,False
VIM,binary,IMP,binary,,,20,WEAK,Negative,False
VIM,binary,KPC,binary,,,20,WEAK,Negative,False
VIM,binary,NDM,binary,,,20,WEAK,Negative,False
VIM,binary,OXA23,binary,,,20,WEAK,Negative,False
VIM,binary,OXA48,binary,,,20,WEAK,Negative,False
VIM,binary,OXA24,binary,,,20,WEAK,Negative,False
VIM,binary,OXA58,binary,,,20,WEAK,Negative,False
VIM,binary,P.C.in.vitro,binary,,,20,WEAK,Negative,False
VIM,binary,Z.A.invitro,binary,,,20,WEAK,Negative,False
VIM,binary,CKD,ordinal,,,20,WEAK,Negative,False
VIM,binary,HTN,binary,,,20,WEAK,Negative,False
VIM,binary,DM,binary,,,20,WEAK,Negative,False
VIM,binary,COPD,binary,,,20,WEAK,Negative,False
VIM,binary,Hypothyroidism,binary,,,20,WEAK,Negative,False
VIM,binary,UTI.CRO,binary,,,20,WEAK,Negative,False
VIM,binary,IAI.CRO,binary,,,20,WEAK,Negative,False
VIM,binary,ABSSSI.CRO,binary,,,20,WEAK,Negative,False
VIM,binary,HAP.CRO,binary,,,20,WEAK,Negative,False
VIM,binary,VAP.CRO,binary,,,20,WEAK,Negative,False
VIM,binary,CAP.CRO,binary,,,20,WEAK,Negative,False
VIM,binary,BSI.CRO,binary,,,20,WEAK,Negative,False
VIM,binary,Other.CRO,binary,,,20,WEAK,Negative,False
VIM,binary,UTI.NCRO,binary,,,20,WEAK,Negative,False
VIM,binary,IAI.NCRO,binary,,,20,WEAK,Negative,False
VIM,binary,HAP.NCRO,binary,,,20,WEAK,Negative,False
VIM,binary,VAP.NCRO,binary,,,20,WEAK,Negative,False
VIM,binary,CAP.NCRO,binary,,,20,WEAK,Negative,False
VIM,binary,BSI.NCRO,binary,,,20,WEAK,Negative,False
VIM,binary,Other.NCRO,binary,,,20,WEAK,Negative,False
VIM,binary,Hospitalization.in.past.6.Months,binary,,,20,WEAK,Negative,False
VIM,binary,CV.Catheter.in.6.Months,binary,,,20,WEAK,Negative,False
VIM,binary,CV.Catheter.Now,binary,,,20,WEAK,Negative,False
VIM,binary,Urinary.Catheter.in.6.Months,binary,,,20,WEAK,Negative,False
VIM,binary,Urinary.Catheter.Now,binary,,,20,WEAK,Negative,False
VIM,binary,Surgery.in.last.3.Months,binary,,,20,WEAK,Negative,False
VIM,binary,Past.CREPA.infection,binary,,,20,WEAK,Negative,False
VIM,binary,Endoscopy.in.1.week,binary,,,20,WEAK,Negative,False
VIM,binary,Dialysis.in.1.week,binary,,,20,WEAK,Negative,False
VIM,binary,Immunosuppressive.drugs.in.1.week,binary,,,20,WEAK,Negative,False
VIM,binary,Inotropes,binary,,,20,WEAK,Negative,False
VIM,binary,Dialysis.in.1.week.1,binary,,,20,WEAK,Negative,False
VIM,binary,Ventilation,binary,,,20,WEAK,Negative,False
VIM,binary,Overall.organ.support,binary,,,20,WEAK,Negative,False
VIM,binary,Neutropenia,binary,,,20,WEAK,Negative,False
VIM,binary,HIV.Present,binary,,,20,WEAK,Negative,False
VIM,binary,TB,binary,,,20,WEAK,Negative,False
VIM,binary,Any.Viral.Infection,binary,,,20,WEAK,Negative,False
VIM,binary,Any.Fungal.Infection,binary,,,20,WEAK,Negative,False
VIM,binary,Hemat.Malignancy,binary,,,20,WEAK,Negative,False
VIM,binary,Solid.Organ,binary,,,20,WEAK,Negative,False
VIM,binary,APACHEII,continuous,,,20,WEAK,Negative,False
VIM,binary,SOFA,continuous,,,20,WEAK,Negative,False
VIM,binary,Hb,binary,,,20,WEAK,Negative,False
VIM,binary,TLC,binary,,,20,WEAK,Negative,False
VIM,binary,ANC,binary,,,20,WEAK,Negative,False
VIM,binary,Lympho,binary,,,20,WEAK,Negative,False
VIM,binary,Platelet,binary,,,20,WEAK,Negative,False
VIM,binary,INR,binary,,,20,WEAK,Negative,False
VIM,binary,Bil,binary,,,20,WEAK,Negative,False
VIM,binary,SGPT,binary,,,20,WEAK,Negative,False
VIM,binary,SGOT,binary,,,20,WEAK,Negative,False
VIM,binary,Albumin,binary,,,20,WEAK,Negative,False
VIM,binary,Total.Protein,binary,,,20,WEAK,Negative,False
VIM,binary,Globulin,binary,,,20,WEAK,Negative,False
VIM,binary,ALP,binary,,,20,WEAK,Negative,False
VIM,binary,Creatinine,binary,,,20,WEAK,Negative,False
VIM,binary,Sodium,binary,,,20,WEAK,Negative,False
VIM,binary,Potassium,binary,,,20,WEAK,Negative,False
VIM,binary,Urea,binary,,,20,WEAK,Negative,False
VIM,binary,Calcium,binary,,,20,WEAK,Negative,False
VIM,binary,Magnesium,binary,,,20,WEAK,Negative,False
VIM,binary,Procalcitonin,binary,,,20,WEAK,Negative,False
VIM,binary,P.C.Z.A.E,binary,,,20,WEAK,Negative,False
VIM,binary,P.C.only.E,binary,,,20,WEAK,Negative,False
VIM,binary,Z.A.only.E,binary,,,20,WEAK,Negative,False
VIM,binary,Neither.Abx.E,binary,,,20,WEAK,Negative,False
VIM,binary,P.C.Z.A.T,binary,,,20,WEAK,Negative,False
VIM,binary,P.C.only.T,binary,,,20,WEAK,Negative,False
VIM,binary,Z.A.only.T,binary,,,20,WEAK,Negative,False
VIM,binary,Neither.Abx.T,binary,,,20,WEAK,Negative,False
VIM,binary,Amikacin,ordinal,,,20,WEAK,Negative,False
VIM,binary,Ciprofloxacin,ordinal,,,20,WEAK,Negative,False
VIM,binary,Colistin,ordinal,,,20,WEAK,Negative,False
VIM,binary,Cefepime,ordinal,,,20,WEAK,Negative,False
VIM,binary,Gentamicin,ordinal,,,20,WEAK,Negative,False
VIM,binary,Imipenem,ordinal,,,20,WEAK,Negative,False
VIM,binary,Levofloxacin,ordinal,,,20,WEAK,Negative,False
VIM,binary,Meropenem,ordinal,,,20,WEAK,Negative,False
VIM,binary,Minocycline,ordinal,,,20,WEAK,Negative,False
VIM,binary,Cefoperazone.Sulbactam,ordinal,,,20,WEAK,Negative,False
VIM,binary,Trimethoprim.Sulfamethoxazole,ordinal,,,20,WEAK,Negative,False
VIM,binary,Ceftazidime,ordinal,,,20,WEAK,Negative,False
VIM,binary,Piperacillin.Tazobactam,ordinal,,,20,WEAK,Negative,False
VIM,binary,Ampicillin.Sulbactam,ordinal,,,20,WEAK,Negative,False
VIM,binary,ESBL.Producer,binary,,,20,WEAK,Negative,False
VIM,binary,AmpC,binary,,,20,WEAK,Negative,False
VIM,binary,Carbapenemase,binary,,,20,WEAK,Negative,False
VIM,binary,MRSA,binary,,,20,WEAK,Negative,False
VIM,binary,VAN,binary,,,20,WEAK,Negative,False
VIM,binary,Meropenem.T,binary,,,20,WEAK,Negative,False
VIM,binary,P.C.Sulbactam.T,ordinal,,,20,WEAK,Negative,False
VIM,binary,Clinical.Improvement,ordinal,,,20,WEAK,Negative,False
VIM,binary,ICU.Stay.in.28.Days,continuous,,,20,WEAK,Negative,False
VIM,binary,GW.Stay.in.28.Days,continuous,,,20,WEAK,Negative,False
VIM,binary,Total.Hospital.Stay,continuous,,,20,WEAK,Negative,False
VIM,binary,Mortality.in.ICU,binary,,,20,WEAK,Negative,False
VIM,binary,Mortality.in.Hospital,binary,,,20,WEAK,Negative,False
VIM,binary,Mortality.post.28.Day.Discharge,binary,,,20,WEAK,Negative,False
VIM,binary,Overall.Mortality,binary,,,20,WEAK,Negative,False
VIM,binary,Relapse.post.28.Day.Discharge,binary,,,20,WEAK,Negative,False
VIM,binary,Other.Illness.Leading.to.Hospitalization.post.28.Days.Discharge,binary,,,20,WEAK,Negative,False
IMP,binary,KPC,binary,,,20,WEAK,Negative,False
IMP,binary,NDM,binary,,,20,WEAK,Negative,False
IMP,binary,OXA23,binary,,,20,WEAK,Negative,False
IMP,binary,OXA48,binary,,,20,WEAK,Negative,False
IMP,binary,OXA24,binary,,,20,WEAK,Negative,False
IMP,binary,OXA58,binary,,,20,WEAK,Negative,False
IMP,binary,P.C.in.vitro,binary,,,20,WEAK,Negative,False
IMP,binary,Z.A.invitro,binary,,,20,WEAK,Negative,False
IMP,binary,CKD,ordinal,,,20,WEAK,Negative,False
IMP,binary,HTN,binary,,,20,WEAK,Negative,False
IMP,binary,DM,binary,,,20,WEAK,Negative,False
IMP,binary,COPD,binary,,,20,WEAK,Negative,False
IMP,binary,Hypothyroidism,binary,,,20,WEAK,Negative,False
IMP,binary,UTI.CRO,binary,,,20,WEAK,Negative,False
IMP,binary,IAI.CRO,binary,,,20,WEAK,Negative,False
IMP,binary,ABSSSI.CRO,binary,,,20,WEAK,Negative,False
IMP,binary,HAP.CRO,binary,,,20,WEAK,Negative,False
IMP,binary,VAP.CRO,binary,,,20,WEAK,Negative,False
IMP,binary,CAP.CRO,binary,,,20,WEAK,Negative,False
IMP,binary,BSI.CRO,binary,,,20,WEAK,Negative,False
IMP,binary,Other.CRO,binary,,,20,WEAK,Negative,False
IMP,binary,UTI.NCRO,binary,,,20,WEAK,Negative,False
IMP,binary,IAI.NCRO,binary,,,20,WEAK,Negative,False
IMP,binary,HAP.NCRO,binary,,,20,WEAK,Negative,False
IMP,binary,VAP.NCRO,binary,,,20,WEAK,Negative,False
IMP,binary,CAP.NCRO,binary,,,20,WEAK,Negative,False
IMP,binary,BSI.NCRO,binary,,,20,WEAK,Negative,False
IMP,binary,Other.NCRO,binary,,,20,WEAK,Negative,False
IMP,binary,Hospitalization.in.past.6.Months,binary,,,20,WEAK,Negative,False
IMP,binary,CV.Catheter.in.6.Months,binary,,,20,WEAK,Negative,False
IMP,binary,CV.Catheter.Now,binary,,,20,WEAK,Negative,False
IMP,binary,Urinary.Catheter.in.6.Months,binary,,,20,WEAK,Negative,False
IMP,binary,Urinary.Catheter.Now,binary,,,20,WEAK,Negative,False
IMP,binary,Surgery.in.last.3.Months,binary,,,20,WEAK,Negative,False
IMP,binary,Past.CREPA.infection,binary,,,20,WEAK,Negative,False
IMP,binary,Endoscopy.in.1.week,binary,,,20,WEAK,Negative,False
IMP,binary,Dialysis.in.1.week,binary,,,20,WEAK,Negative,False
IMP,binary,Immunosuppressive.drugs.in.1.week,binary,,,20,WEAK,Negative,False
IMP,binary,Inotropes,binary,,,20,WEAK,Negative,False
IMP,binary,Dialysis.in.1.week.1,binary,,,20,WEAK,Negative,False
IMP,binary,Ventilation,binary,,,20,WEAK,Negative,False
IMP,binary,Overall.organ.support,binary,,,20,WEAK,Negative,False
IMP,binary,Neutropenia,binary,,,20,WEAK,Negative,False
IMP,binary,HIV.Present,binary,,,20,WEAK,Negative,False
IMP,binary,TB,binary,,,20,WEAK,Negative,False
IMP,binary,Any.Viral.Infection,binary,,,20,WEAK,Negative,False
IMP,binary,Any.Fungal.Infection,binary,,,20,WEAK,Negative,False
IMP,binary,Hemat.Malignancy,binary,,,20,WEAK,Negative,False
IMP,binary,Solid.Organ,binary,,,20,WEAK,Negative,False
IMP,binary,APACHEII,continuous,,,20,WEAK,Negative,False
IMP,binary,SOFA,continuous,,,20,WEAK,Negative,False
IMP,binary,Hb,binary,,,20,WEAK,Negative,False
IMP,binary,TLC,binary,,,20,WEAK,Negative,False
IMP,binary,ANC,binary,,,20,WEAK,Negative,False
IMP,binary,Lympho,binary,,,20,WEAK,Negative,False
IMP,binary,Platelet,binary,,,20,WEAK,Negative,False
IMP,binary,INR,binary,,,20,WEAK,Negative,False
IMP,binary,Bil,binary,,,20,WEAK,Negative,False
IMP,binary,SGPT,binary,,,20,WEAK,Negative,False
IMP,binary,SGOT,binary,,,20,WEAK,Negative,False
IMP,binary,Albumin,binary,,,20,WEAK,Negative,False
IMP,binary,Total.Protein,binary,,,20,WEAK,Negative,False
IMP,binary,Globulin,binary,,,20,WEAK,Negative,False
IMP,binary,ALP,binary,,,20,WEAK,Negative,False
IMP,binary,Creatinine,binary,,,20,WEAK,Negative,False
IMP,binary,Sodium,binary,,,20,WEAK,Negative,False
IMP,binary,Potassium,binary,,,20,WEAK,Negative,False
IMP,binary,Urea,binary,,,20,WEAK,Negative,False
IMP,binary,Calcium,binary,,,20,WEAK,Negative,False
IMP,binary,Magnesium,binary,,,20,WEAK,Negative,False
IMP,binary,Procalcitonin,binary,,,20,WEAK,Negative,False
IMP,binary,P.C.Z.A.E,binary,,,20,WEAK,Negative,False
IMP,binary,P.C.only.E,binary,,,20,WEAK,Negative,False
IMP,binary,Z.A.only.E,binary,,,20,WEAK,Negative,False
IMP,binary,Neither.Abx.E,binary,,,20,WEAK,Negative,False
IMP,binary,P.C.Z.A.T,binary,,,20,WEAK,Negative,False
IMP,binary,P.C.only.T,binary,,,20,WEAK,Negative,False
IMP,binary,Z.A.only.T,binary,,,20,WEAK,Negative,False
IMP,binary,Neither.Abx.T,binary,,,20,WEAK,Negative,False
IMP,binary,Amikacin,ordinal,,,20,WEAK,Negative,False
IMP,binary,Ciprofloxacin,ordinal,,,20,WEAK,Negative,False
IMP,binary,Colistin,ordinal,,,20,WEAK,Negative,False
IMP,binary,Cefepime,ordinal,,,20,WEAK,Negative,False
IMP,binary,Gentamicin,ordinal,,,20,WEAK,Negative,False
IMP,binary,Imipenem,ordinal,,,20,WEAK,Negative,False
IMP,binary,Levofloxacin,ordinal,,,20,WEAK,Negative,False
IMP,binary,Meropenem,ordinal,,,20,WEAK,Negative,False
IMP,binary,Minocycline,ordinal,,,20,WEAK,Negative,False
IMP,binary,Cefoperazone.Sulbactam,ordinal,,,20,WEAK,Negative,False
IMP,binary,Trimethoprim.Sulfamethoxazole,ordinal,,,20,WEAK,Negative,False
IMP,binary,Ceftazidime,ordinal,,,20,WEAK,Negative,False
IMP,binary,Piperacillin.Tazobactam,ordinal,,,20,WEAK,Negative,False
IMP,binary,Ampicillin.Sulbactam,ordinal,,,20,WEAK,Negative,False
IMP,binary,ESBL.Producer,binary,,,20,WEAK,Negative,False
IMP,binary,AmpC,binary,,,20,WEAK,Negative,False
IMP,binary,Carbapenemase,binary,,,20,WEAK,Negative,False
IMP,binary,MRSA,binary,,,20,WEAK,Negative,False
IMP,binary,VAN,binary,,,20,WEAK,Negative,False
IMP,binary,Meropenem.T,binary,,,20,WEAK,Negative,False
IMP,binary,P.C.Sulbactam.T,ordinal,,,20,WEAK,Negative,False
IMP,binary,Clinical.Improvement,ordinal,,,20,WEAK,Negative,False
IMP,binary,ICU.Stay.in.28.Days,continuous,,,20,WEAK,Negative,False
IMP,binary,GW.Stay.in.28.Days,continuous,,,20,WEAK,Negative,False
IMP,binary,Total.Hospital.Stay,continuous,,,20,WEAK,Negative,False
IMP,binary,Mortality.in.ICU,binary,,,20,WEAK,Negative,False
IMP,binary,Mortality.in.Hospital,binary,,,20,WEAK,Negative,False
IMP,binary,Mortality.post.28.Day.Discharge,binary,,,20,WEAK,Negative,False
IMP,binary,Overall.Mortality,binary,,,20,WEAK,Negative,False
IMP,binary,Relapse.post.28.Day.Discharge,binary,,,20,WEAK,Negative,False
IMP,binary,Other.Illness.Leading.to.Hospitalization.post.28.Days.Discharge,binary,,,20,WEAK,Negative,False
KPC,binary,NDM,binary,,,20,WEAK,Negative,False
KPC,binary,OXA23,binary,,,20,WEAK,Negative,False
KPC,binary,OXA48,binary,,,20,WEAK,Negative,False
KPC,binary,OXA24,binary,,,20,WEAK,Negative,False
KPC,binary,OXA58,binary,,,20,WEAK,Negative,False
KPC,binary,P.C.in.vitro,binary,,,20,WEAK,Negative,False
KPC,binary,Z.A.invitro,binary,,,20,WEAK,Negative,False
KPC,binary,CKD,ordinal,,,20,WEAK,Negative,False
KPC,binary,HTN,binary,,,20,WEAK,Negative,False
KPC,binary,DM,binary,,,20,WEAK,Negative,False
KPC,binary,COPD,binary,,,20,WEAK,Negative,False
KPC,binary,Hypothyroidism,binary,,,20,WEAK,Negative,False
KPC,binary,UTI.CRO,binary,,,20,WEAK,Negative,False
KPC,binary,IAI.CRO,binary,,,20,WEAK,Negative,False
KPC,binary,ABSSSI.CRO,binary,,,20,WEAK,Negative,False
KPC,binary,HAP.CRO,binary,,,20,WEAK,Negative,False
KPC,binary,VAP.CRO,binary,,,20,WEAK,Negative,False
KPC,binary,CAP.CRO,binary,,,20,WEAK,Negative,False
KPC,binary,BSI.CRO,binary,,,20,WEAK,Negative,False
KPC,binary,Other.CRO,binary,,,20,WEAK,Negative,False
KPC,binary,UTI.NCRO,binary,,,20,WEAK,Negative,False
KPC,binary,IAI.NCRO,binary,,,20,WEAK,Negative,False
KPC,binary,HAP.NCRO,binary,,,20,WEAK,Negative,False
KPC,binary,VAP.NCRO,binary,,,20,WEAK,Negative,False
KPC,binary,CAP.NCRO,binary,,,20,WEAK,Negative,False
KPC,binary,BSI.NCRO,binary,,,20,WEAK,Negative,False
KPC,binary,Other.NCRO,binary,,,20,WEAK,Negative,False
KPC,binary,Hospitalization.in.past.6.Months,binary,,,20,WEAK,Negative,False
KPC,binary,CV.Catheter.in.6.Months,binary,,,20,WEAK,Negative,False
KPC,binary,CV.Catheter.Now,binary,,,20,WEAK,Negative,False
KPC,binary,Urinary.Catheter.in.6.Months,binary,,,20,WEAK,Negative,False
KPC,binary,Urinary.Catheter.Now,binary,,,20,WEAK,Negative,False
KPC,binary,Surgery.in.last.3.Months,binary,,,20,WEAK,Negative,False
KPC,binary,Past.CREPA.infection,binary,,,20,WEAK,Negative,False
KPC,binary,Endoscopy.in.1.week,binary,,,20,WEAK,Negative,False
KPC,binary,Dialysis.in.1.week,binary,,,20,WEAK,Negative,False
KPC,binary,Immunosuppressive.drugs.in.1.week,binary,,,20,WEAK,Negative,False
KPC,binary,Inotropes,binary,,,20,WEAK,Negative,False
KPC,binary,Dialysis.in.1.week.1,binary,,,20,WEAK,Negative,False
KPC,binary,Ventilation,binary,,,20,WEAK,Negative,False
KPC,binary,Overall.organ.support,binary,,,20,WEAK,Negative,False
KPC,binary,Neutropenia,binary,,,20,WEAK,Negative,False
KPC,binary,HIV.Present,binary,,,20,WEAK,Negative,False
KPC,binary,TB,binary,,,20,WEAK,Negative,False
KPC,binary,Any.Viral.Infection,binary,,,20,WEAK,Negative,False
KPC,binary,Any.Fungal.Infection,binary,,,20,WEAK,Negative,False
KPC,binary,Hemat.Malignancy,binary,,,20,WEAK,Negative,False
KPC,binary,Solid.Organ,binary,,,20,WEAK,Negative,False
KPC,binary,APACHEII,continuous,,,20,WEAK,Negative,False
KPC,binary,SOFA,continuous,,,20,WEAK,Negative,False
KPC,binary,Hb,binary,,,20,WEAK,Negative,False
KPC,binary,TLC,binary,,,20,WEAK,Negative,False
KPC,binary,ANC,binary,,,20,WEAK,Negative,False
KPC,binary,Lympho,binary,,,20,WEAK,Negative,False
KPC,binary,Platelet,binary,,,20,WEAK,Negative,False
KPC,binary,INR,binary,,,20,WEAK,Negative,False
KPC,binary,Bil,binary,,,20,WEAK,Negative,False
KPC,binary,SGPT,binary,,,20,WEAK,Negative,False
KPC,binary,SGOT,binary,,,20,WEAK,Negative,False
KPC,binary,Albumin,binary,,,20,WEAK,Negative,False
KPC,binary,Total.Protein,binary,,,20,WEAK,Negative,False
KPC,binary,Globulin,binary,,,20,WEAK,Negative,False
KPC,binary,ALP,binary,,,20,WEAK,Negative,False
KPC,binary,Creatinine,binary,,,20,WEAK,Negative,False
KPC,binary,Sodium,binary,,,20,WEAK,Negative,False
KPC,binary,Potassium,binary,,,20,WEAK,Negative,False
KPC,binary,Urea,binary,,,20,WEAK,Negative,False
KPC,binary,Calcium,binary,,,20,WEAK,Negative,False
KPC,binary,Magnesium,binary,,,20,WEAK,Negative,False
KPC,binary,Procalcitonin,binary,,,20,WEAK,Negative,False
KPC,binary,P.C.Z.A.E,binary,,,20,WEAK,Negative,False
KPC,binary,P.C.only.E,binary,,,20,WEAK,Negative,False
KPC,binary,Z.A.only.E,binary,,,20,WEAK,Negative,False
KPC,binary,Neither.Abx.E,binary,,,20,WEAK,Negative,False
KPC,binary,P.C.Z.A.T,binary,,,20,WEAK,Negative,False
KPC,binary,P.C.only.T,binary,,,20,WEAK,Negative,False
KPC,binary,Z.A.only.T,binary,,,20,WEAK,Negative,False
KPC,binary,Neither.Abx.T,binary,,,20,WEAK,Negative,False
KPC,binary,Amikacin,ordinal,,,20,WEAK,Negative,False
KPC,binary,Ciprofloxacin,ordinal,,,20,WEAK,Negative,False
KPC,binary,Colistin,ordinal,,,20,WEAK,Negative,False
KPC,binary,Cefepime,ordinal,,,20,WEAK,Negative,False
KPC,binary,Gentamicin,ordinal,,,20,WEAK,Negative,False
KPC,binary,Imipenem,ordinal,,,20,WEAK,Negative,False
KPC,binary,Levofloxacin,ordinal,,,20,WEAK,Negative,False
KPC,binary,Meropenem,ordinal,,,20,WEAK,Negative,False
KPC,binary,Minocycline,ordinal,,,20,WEAK,Negative,False
KPC,binary,Cefoperazone.Sulbactam,ordinal,,,20,WEAK,Negative,False
KPC,binary,Trimethoprim.Sulfamethoxazole,ordinal,,,20,WEAK,Negative,False
KPC,binary,Ceftazidime,ordinal,,,20,WEAK,Negative,False
KPC,binary,Piperacillin.Tazobactam,ordinal,,,20,WEAK,Negative,False
KPC,binary,Ampicillin.Sulbactam,ordinal,,,20,WEAK,Negative,False
KPC,binary,ESBL.Producer,binary,,,20,WEAK,Negative,False
KPC,binary,AmpC,binary,,,20,WEAK,Negative,False
KPC,binary,Carbapenemase,binary,,,20,WEAK,Negative,False
KPC,binary,MRSA,binary,,,20,WEAK,Negative,False
KPC,binary,VAN,binary,,,20,WEAK,Negative,False
KPC,binary,Meropenem.T,binary,,,20,WEAK,Negative,False
KPC,binary,P.C.Sulbactam.T,ordinal,,,20,WEAK,Negative,False
KPC,binary,Clinical.Improvement,ordinal,,,20,WEAK,Negative,False
KPC,binary,ICU.Stay.in.28.Days,continuous,,,20,WEAK,Negative,False
KPC,binary,GW.Stay.in.28.Days,continuous,,,20,WEAK,Negative,False
KPC,binary,Total.Hospital.Stay,continuous,,,20,WEAK,Negative,False
KPC,binary,Mortality.in.ICU,binary,,,20,WEAK,Negative,False
KPC,binary,Mortality.in.Hospital,binary,,,20,WEAK,Negative,False
KPC,binary,Mortality.post.28.Day.Discharge,binary,,,20,WEAK,Negative,False
KPC,binary,Overall.Mortality,binary,,,20,WEAK,Negative,False
KPC,binary,Relapse.post.28.Day.Discharge,binary,,,20,WEAK,Negative,False
KPC,binary,Other.Illness.Leading.to.Hospitalization.post.28.Days.Discharge,binary,,,20,WEAK,Negative,False
NDM,binary,OXA23,binary,,,20,WEAK,Negative,False
NDM,binary,OXA48,binary,,,20,WEAK,Negative,False
NDM,binary,OXA24,binary,,,20,WEAK,Negative,False
NDM,binary,OXA58,binary,,,20,WEAK,Negative,False
NDM,binary,P.C.in.vitro,binary,,,20,WEAK,Negative,False
NDM,binary,Z.A.invitro,binary,,,20,WEAK,Negative,False
NDM,binary,UTI.CRO,binary,,,20,WEAK,Negative,False
NDM,binary,IAI.CRO,binary,,,20,WEAK,Negative,False
NDM,binary,ABSSSI.CRO,binary,,,20,WEAK,Negative,False
NDM,binary,UTI.NCRO,binary,,,20,WEAK,Negative,False
NDM,binary,IAI.NCRO,binary,,,20,WEAK,Negative,False
NDM,binary,VAP.NCRO,binary,,,20,WEAK,Negative,False
NDM,binary,CAP.NCRO,binary,,,20,WEAK,Negative,False
NDM,binary,BSI.NCRO,binary,,,20,WEAK,Negative,False
NDM,binary,Other.NCRO,binary,,,20,WEAK,Negative,False
NDM,binary,CV.Catheter.Now,binary,,,20,WEAK,Negative,False
NDM,binary,Urinary.Catheter.Now,binary,,,20,WEAK,Negative,False
NDM,binary,Endoscopy.in.1.week,binary,,,20,WEAK,Negative,False
NDM,binary,Dialysis.in.1.week,binary,,,20,WEAK,Negative,False
NDM,binary,Dialysis.in.1.week.1,binary,,,20,WEAK,Negative,False
NDM,binary,HIV.Present,binary,,,20,WEAK,Negative,False
NDM,binary,Hb,binary,,,20,WEAK,Negative,False
NDM,binary,INR,binary,,,20,WEAK,Negative,False
NDM,binary,Ciprofloxacin,ordinal,,,20,WEAK,Negative,False
NDM,binary,Colistin,ordinal,,,20,WEAK,Negative,False
NDM,binary,Cefepime,ordinal,,,20,WEAK,Negative,False
NDM,binary,Gentamicin,ordinal,,,20,WEAK,Negative,False
NDM,binary,Imipenem,ordinal,,,20,WEAK,Negative,False
NDM,binary,Levofloxacin,ordinal,,,20,WEAK,Negative,False
NDM,binary,Meropenem,ordinal,,,20,WEAK,Negative,False
NDM,binary,Cefoperazone.Sulbactam,ordinal,,,20,WEAK,Negative,False
NDM,binary,Ceftazidime,ordinal,,,20,WEAK,Negative,False
NDM,binary,Piperacillin.Tazobactam,ordinal,,,20,WEAK,Negative,False
NDM,binary,ESBL.Producer,binary,,,20,WEAK,Negative,False
NDM,binary,AmpC,binary,,,20,WEAK,Negative,False
NDM,binary,Carbapenemase,binary,,,20,WEAK,Negative,False
NDM,binary,MRSA,binary,,,20,WEAK,Negative,False
NDM,binary,VAN,binary,,,20,WEAK,Negative,False
OXA23,binary,OXA48,binary,,,20,WEAK,Negative,False
OXA23,binary,OXA24,binary,,,20,WEAK,Negative,False
OXA23,binary,OXA58,binary,,,20,WEAK,Negative,False
OXA23,binary,P.C.in.vitro,binary,,,20,WEAK,Negative,False
OXA23,binary,Z.A.invitro,binary,,,20,WEAK,Negative,False
OXA23,binary,CKD,ordinal,,,20,WEAK,Negative,False
OXA23,binary,HTN,binary,,,20,WEAK,Negative,False
OXA23,binary,DM,binary,,,20,WEAK,Negative,False
OXA23,binary,COPD,binary,,,20,WEAK,Negative,False
OXA23,binary,Hypothyroidism,binary,,,20,WEAK,Negative,False
OXA23,binary,UTI.CRO,binary,,,20,WEAK,Negative,False
OXA23,binary,IAI.CRO,binary,,,20,WEAK,Negative,False
OXA23,binary,ABSSSI.CRO,binary,,,20,WEAK,Negative,False
OXA23,binary,HAP.CRO,binary,,,20,WEAK,Negative,False
OXA23,binary,VAP.CRO,binary,,,20,WEAK,Negative,False
OXA23,binary,CAP.CRO,binary,,,20,WEAK,Negative,False
OXA23,binary,BSI.CRO,binary,,,20,WEAK,Negative,False
OXA23,binary,Other.CRO,binary,,,20,WEAK,Negative,False
OXA23,binary,UTI.NCRO,binary,,,20,WEAK,Negative,False
OXA23,binary,IAI.NCRO,binary,,,20,WEAK,Negative,False
OXA23,binary,HAP.NCRO,binary,,,20,WEAK,Negative,False
OXA23,binary,VAP.NCRO,binary,,,20,WEAK,Negative,False
OXA23,binary,CAP.NCRO,binary,,,20,WEAK,Negative,False
OXA23,binary,BSI.NCRO,binary,,,20,WEAK,Negative,False
OXA23,binary,Other.NCRO,binary,,,20,WEAK,Negative,False
OXA23,binary,Hospitalization.in.past.6.Months,binary,,,20,WEAK,Negative,False
OXA23,binary,CV.Catheter.in.6.Months,binary,,,20,WEAK,Negative,False
OXA23,binary,CV.Catheter.Now,binary,,,20,WEAK,Negative,False
OXA23,binary,Urinary.Catheter.in.6.Months,binary,,,20,WEAK,Negative,False
OXA23,binary,Urinary.Catheter.Now,binary,,,20,WEAK,Negative,False
OXA23,binary,Surgery.in.last.3.Months,binary,,,20,WEAK,Negative,False
OXA23,binary,Past.CREPA.infection,binary,,,20,WEAK,Negative,False
OXA23,binary,Endoscopy.in.1.week,binary,,,20,WEAK,Negative,False
OXA23,binary,Dialysis.in.1.week,binary,,,20,WEAK,Negative,False
OXA23,binary,Immunosuppressive.drugs.in.1.week,binary,,,20,WEAK,Negative,False
OXA23,binary,Inotropes,binary,,,20,WEAK,Negative,False
OXA23,binary,Dialysis.in.1.week.1,binary,,,20,WEAK,Negative,False
OXA23,binary,Ventilation,binary,,,20,WEAK,Negative,False
OXA23,binary,Overall.organ.support,binary,,,20,WEAK,Negative,False
OXA23,binary,Neutropenia,binary,,,20,WEAK,Negative,False
OXA23,binary,HIV.Present,binary,,,20,WEAK,Negative,False
OXA23,binary,TB,binary,,,20,WEAK,Negative,False
OXA23,binary,Any.Viral.Infection,binary,,,20,WEAK,Negative,False
OXA23,binary,Any.Fungal.Infection,binary,,,20,WEAK,Negative,False
OXA23,binary,Hemat.Malignancy,binary,,,20,WEAK,Negative,False
OXA23,binary,Solid.Organ,binary,,,20,WEAK,Negative,False
OXA23,binary,APACHEII,continuous,,,20,WEAK,Negative,False
OXA23,binary,SOFA,continuous,,,20,WEAK,Negative,False
OXA23,binary,Hb,binary,,,20,WEAK,Negative,False
OXA23,binary,TLC,binary,,,20,WEAK,Negative,False
OXA23,binary,ANC,binary,,,20,WEAK,Negative,False
OXA23,binary,Lympho,binary,,,20,WEAK,Negative,False
OXA23,binary,Platelet,binary,,,20,WEAK,Negative,False
OXA23,binary,INR,binary,,,20,WEAK,Negative,False
OXA23,binary,Bil,binary,,,20,WEAK,Negative,False
OXA23,binary,SGPT,binary,,,20,WEAK,Negative,False
OXA23,binary,SGOT,binary,,,20,WEAK,Negative,False
OXA23,binary,Albumin,binary,,,20,WEAK,Negative,False
OXA23,binary,Total.Protein,binary,,,20,WEAK,Negative,False
OXA23,binary,Globulin,binary,,,20,WEAK,Negative,False
OXA23,binary,ALP,binary,,,20,WEAK,Negative,False
OXA23,binary,Creatinine,binary,,,20,WEAK,Negative,False
OXA23,binary,Sodium,binary,,,20,WEAK,Negative,False
OXA23,binary,Potassium,binary,,,20,WEAK,Negative,False
OXA23,binary,Urea,binary,,,20,WEAK,Negative,False
OXA23,binary,Calcium,binary,,,20,WEAK,Negative,False
OXA23,binary,Magnesium,binary,,,20,WEAK,Negative,False
OXA23,binary,Procalcitonin,binary,,,20,WEAK,Negative,False
OXA23,binary,P.C.Z.A.E,binary,,,20,WEAK,Negative,False
OXA23,binary,P.C.only.E,binary,,,20,WEAK,Negative,False
OXA23,binary,Z.A.only.E,binary,,,20,WEAK,Negative,False
OXA23,binary,Neither.Abx.E,binary,,,20,WEAK,Negative,False
OXA23,binary,P.C.Z.A.T,binary,,,20,WEAK,Negative,False
OXA23,binary,P.C.only.T,binary,,,20,WEAK,Negative,False
OXA23,binary,Z.A.only.T,binary,,,20,WEAK,Negative,False
OXA23,binary,Neither.Abx.T,binary,,,20,WEAK,Negative,False
OXA23,binary,Amikacin,ordinal,,,20,WEAK,Negative,False
OXA23,binary,Ciprofloxacin,ordinal,,,20,WEAK,Negative,False
OXA23,binary,Colistin,ordinal,,,20,WEAK,Negative,False
OXA23,binary,Cefepime,ordinal,,,20,WEAK,Negative,False
OXA23,binary,Gentamicin,ordinal,,,20,WEAK,Negative,False
OXA23,binary,Imipenem,ordinal,,,20,WEAK,Negative,False
OXA23,binary,Levofloxacin,ordinal,,,20,WEAK,Negative,False
OXA23,binary,Meropenem,ordinal,,,20,WEAK,Negative,False
OXA23,binary,Minocycline,ordinal,,,20,WEAK,Negative,False
OXA23,binary,Cefoperazone.Sulbactam,ordinal,,,20,WEAK,Negative,False
OXA23,binary,Trimethoprim.Sulfamethoxazole,ordinal,,,20,WEAK,Negative,False
OXA23,binary,Ceftazidime,ordinal,,,20,WEAK,Negative,False
OXA23,binary,Piperacillin.Tazobactam,ordinal,,,20,WEAK,Negative,False
OXA23,binary,Ampicillin.Sulbactam,ordinal,,,20,WEAK,Negative,False
OXA23,binary,ESBL.Producer,binary,,,20,WEAK,Negative,False
OXA23,binary,AmpC,binary,,,20,WEAK,Negative,False
OXA23,binary,Carbapenemase,binary,,,20,WEAK,Negative,False
OXA23,binary,MRSA,binary,,,20,WEAK,Negative,False
OXA23,binary,VAN,binary,,,20,WEAK,Negative,False
OXA23,binary,Meropenem.T,binary,,,20,WEAK,Negative,False
OXA23,binary,P.C.Sulbactam.T,ordinal,,,20,WEAK,Negative,False
OXA23,binary,Clinical.Improvement,ordinal,,,20,WEAK,Negative,False
OXA23,binary,ICU.Stay.in.28.Days,continuous,,,20,WEAK,Negative,False
OXA23,binary,GW.Stay.in.28.Days,continuous,,,20,WEAK,Negative,False
OXA23,binary,Total.Hospital.Stay,continuous,,,20,WEAK,Negative,False
OXA23,binary,Mortality.in.ICU,binary,,,20,WEAK,Negative,False
OXA23,binary,Mortality.in.Hospital,binary,,,20,WEAK,Negative,False
OXA23,binary,Mortality.post.28.Day.Discharge,binary,,,20,WEAK,Negative,False
OXA23,binary,Overall.Mortality,binary,,,20,WEAK,Negative,False
OXA23,binary,Relapse.post.28.Day.Discharge,binary,,,20,WEAK,Negative,False
OXA23,binary,Other.Illness.Leading.to.Hospitalization.post.28.Days.Discharge,binary,,,20,WEAK,Negative,False
OXA48,binary,OXA24,binary,,,20,WEAK,Negative,False
OXA48,binary,OXA58,binary,,,20,WEAK,Negative,False
OXA48,binary,P.C.in.vitro,binary,,,20,WEAK,Negative,False
OXA48,binary,Z.A.invitro,binary,,,20,WEAK,Negative,False
OXA48,binary,CKD,ordinal,,,20,WEAK,Negative,False
OXA48,binary,HTN,binary,,,20,WEAK,Negative,False
OXA48,binary,DM,binary,,,20,WEAK,Negative,False
OXA48,binary,COPD,binary,,,20,WEAK,Negative,False
OXA48,binary,Hypothyroidism,binary,,,20,WEAK,Negative,False
OXA48,binary,UTI.CRO,binary,,,20,WEAK,Negative,False
OXA48,binary,IAI.CRO,binary,,,20,WEAK,Negative,False
OXA48,binary,ABSSSI.CRO,binary,,,20,WEAK,Negative,False
OXA48,binary,HAP.CRO,binary,,,20,WEAK,Negative,False
OXA48,binary,VAP.CRO,binary,,,20,WEAK,Negative,False
OXA48,binary,CAP.CRO,binary,,,20,WEAK,Negative,False
OXA48,binary,BSI.CRO,binary,,,20,WEAK,Negative,False
OXA48,binary,Other.CRO,binary,,,20,WEAK,Negative,False
OXA48,binary,UTI.NCRO,binary,,,20,WEAK,Negative,False
OXA48,binary,IAI.NCRO,binary,,,20,WEAK,Negative,False
OXA48,binary,HAP.NCRO,binary,,,20,WEAK,Negative,False
OXA48,binary,VAP.NCRO,binary,,,20,WEAK,Negative,False
OXA48,binary,CAP.NCRO,binary,,,20,WEAK,Negative,False
OXA48,binary,BSI.NCRO,binary,,,20,WEAK,Negative,False
OXA48,binary,Other.NCRO,binary,,,20,WEAK,Negative,False
OXA48,binary,Hospitalization.in.past.6.Months,binary,,,20,WEAK,Negative,False
OXA48,binary,CV.Catheter.in.6.Months,binary,,,20,WEAK,Negative,False
OXA48,binary,CV.Catheter.Now,binary,,,20,WEAK,Negative,False
OXA48,binary,Urinary.Catheter.in.6.Months,binary,,,20,WEAK,Negative,False
OXA48,binary,Urinary.Catheter.Now,binary,,,20,WEAK,Negative,False
OXA48,binary,Surgery.in.last.3.Months,binary,,,20,WEAK,Negative,False
OXA48,binary,Past.CREPA.infection,binary,,,20,WEAK,Negative,False
OXA48,binary,Endoscopy.in.1.week,binary,,,20,WEAK,Negative,False
OXA48,binary,Dialysis.in.1.week,binary,,,20,WEAK,Negative,False
OXA48,binary,Immunosuppressive.drugs.in.1.week,binary,,,20,WEAK,Negative,False
OXA48,binary,Inotropes,binary,,,20,WEAK,Negative,False
OXA48,binary,Dialysis.in.1.week.1,binary,,,20,WEAK,Negative,False
OXA48,binary,Ventilation,binary,,,20,WEAK,Negative,False
OXA48,binary,Overall.organ.support,binary,,,20,WEAK,Negative,False
OXA48,binary,Neutropenia,binary,,,20,WEAK,Negative,False
OXA48,binary,HIV.Present,binary,,,20,WEAK,Negative,False
OXA48,binary,TB,binary,,,20,WEAK,Negative,False
OXA48,binary,Any.Viral.Infection,binary,,,20,WEAK,Negative,False
OXA48,binary,Any.Fungal.Infection,binary,,,20,WEAK,Negative,False
OXA48,binary,Hemat.Malignancy,binary,,,20,WEAK,Negative,False
OXA48,binary,Solid.Organ,binary,,,20,WEAK,Negative,False
OXA48,binary,APACHEII,continuous,,,20,WEAK,Negative,False
OXA48,binary,SOFA,continuous,,,20,WEAK,Negative,False
OXA48,binary,Hb,binary,,,20,WEAK,Negative,False
OXA48,binary,TLC,binary,,,20,WEAK,Negative,False
OXA48,binary,ANC,binary,,,20,WEAK,Negative,False
OXA48,binary,Lympho,binary,,,20,WEAK,Negative,False
OXA48,binary,Platelet,binary,,,20,WEAK,Negative,False
OXA48,binary,INR,binary,,,20,WEAK,Negative,False
OXA48,binary,Bil,binary,,,20,WEAK,Negative,False
OXA48,binary,SGPT,binary,,,20,WEAK,Negative,False
OXA48,binary,SGOT,binary,,,20,WEAK,Negative,False
OXA48,binary,Albumin,binary,,,20,WEAK,Negative,False
OXA48,binary,Total.Protein,binary,,,20,WEAK,Negative,False
OXA48,binary,Globulin,binary,,,20,WEAK,Negative,False
OXA48,binary,ALP,binary,,,20,WEAK,Negative,False
OXA48,binary,Creatinine,binary,,,20,WEAK,Negative,False
OXA48,binary,Sodium,binary,,,20,WEAK,Negative,False
OXA48,binary,Potassium,binary,,,20,WEAK,Negative,False
OXA48,binary,Urea,binary,,,20,WEAK,Negative,False
OXA48,binary,Calcium,binary,,,20,WEAK,Negative,False
OXA48,binary,Magnesium,binary,,,20,WEAK,Negative,False
OXA48,binary,Procalcitonin,binary,,,20,WEAK,Negative,False
OXA48,binary,P.C.Z.A.E,binary,,,20,WEAK,Negative,False
OXA48,binary,P.C.only.E,binary,,,20,WEAK,Negative,False
OXA48,binary,Z.A.only.E,binary,,,20,WEAK,Negative,False
OXA48,binary,Neither.Abx.E,binary,,,20,WEAK,Negative,False
OXA48,binary,P.C.Z.A.T,binary,,,20,WEAK,Negative,False
OXA48,binary,P.C.only.T,binary,,,20,WEAK,Negative,False
OXA48,binary,Z.A.only.T,binary,,,20,WEAK,Negative,False
OXA48,binary,Neither.Abx.T,binary,,,20,WEAK,Negative,False
OXA48,binary,Amikacin,ordinal,,,20,WEAK,Negative,False
OXA48,binary,Ciprofloxacin,ordinal,,,20,WEAK,Negative,False
OXA48,binary,Colistin,ordinal,,,20,WEAK,Negative,False
OXA48,binary,Cefepime,ordinal,,,20,WEAK,Negative,False
OXA48,binary,Gentamicin,ordinal,,,20,WEAK,Negative,False
OXA48,binary,Imipenem,ordinal,,,20,WEAK,Negative,False
OXA48,binary,Levofloxacin,ordinal,,,20,WEAK,Negative,False
OXA48,binary,Meropenem,ordinal,,,20,WEAK,Negative,False
OXA48,binary,Minocycline,ordinal,,,20,WEAK,Negative,False
OXA48,binary,Cefoperazone.Sulbactam,ordinal,,,20,WEAK,Negative,False
OXA48,binary,Trimethoprim.Sulfamethoxazole,ordinal,,,20,WEAK,Negative,False
OXA48,binary,Ceftazidime,ordinal,,,20,WEAK,Negative,False
OXA48,binary,Piperacillin.Tazobactam,ordinal,,,20,WEAK,Negative,False
OXA48,binary,Ampicillin.Sulbactam,ordinal,,,20,WEAK,Negative,False
OXA48,binary,ESBL.Producer,binary,,,20,WEAK,Negative,False
OXA48,binary,AmpC,binary,,,20,WEAK,Negative,False
OXA48,binary,Carbapenemase,binary,,,20,WEAK,Negative,False
OXA48,binary,MRSA,binary,,,20,WEAK,Negative,False
OXA48,binary,VAN,binary,,,20,WEAK,Negative,False
OXA48,binary,Meropenem.T,binary,,,20,WEAK,Negative,False
OXA48,binary,P.C.Sulbactam.T,ordinal,,,20,WEAK,Negative,False
OXA48,binary,Clinical.Improvement,ordinal,,,20,WEAK,Negative,False
OXA48,binary,ICU.Stay.in.28.Days,continuous,,,20,WEAK,Negative,False
OXA48,binary,GW.Stay.in.28.Days,continuous,,,20,WEAK,Negative,False
OXA48,binary,Total.Hospital.Stay,continuous,,,20,WEAK,Negative,False
OXA48,binary,Mortality.in.ICU,binary,,,20,WEAK,Negative,False
OXA48,binary,Mortality.in.Hospital,binary,,,20,WEAK,Negative,False
OXA48,binary,Mortality.post.28.Day.Discharge,binary,,,20,WEAK,Negative,False
OXA48,binary,Overall.Mortality,binary,,,20,WEAK,Negative,False
OXA48,binary,Relapse.post.28.Day.Discharge,binary,,,20,WEAK,Negative,False
OXA48,binary,Other.Illness.Leading.to.Hospitalization.post.28.Days.Discharge,binary,,,20,WEAK,Negative,False
OXA24,binary,OXA58,binary,,,20,WEAK,Negative,False
OXA24,binary,P.C.in.vitro,binary,,,20,WEAK,Negative,False
OXA24,binary,Z.A.invitro,binary,,,20,WEAK,Negative,False
OXA24,binary,CKD,ordinal,,,20,WEAK,Negative,False
OXA24,binary,HTN,binary,,,20,WEAK,Negative,False
OXA24,binary,DM,binary,,,20,WEAK,Negative,False
OXA24,binary,COPD,binary,,,20,WEAK,Negative,False
OXA24,binary,Hypothyroidism,binary,,,20,WEAK,Negative,False
OXA24,binary,UTI.CRO,binary,,,20,WEAK,Negative,False
OXA24,binary,IAI.CRO,binary,,,20,WEAK,Negative,False
OXA24,binary,ABSSSI.CRO,binary,,,20,WEAK,Negative,False
OXA24,binary,HAP.CRO,binary,,,20,WEAK,Negative,False
OXA24,binary,VAP.CRO,binary,,,20,WEAK,Negative,False
OXA24,binary,CAP.CRO,binary,,,20,WEAK,Negative,False
OXA24,binary,BSI.CRO,binary,,,20,WEAK,Negative,False
OXA24,binary,Other.CRO,binary,,,20,WEAK,Negative,False
OXA24,binary,UTI.NCRO,binary,,,20,WEAK,Negative,False
OXA24,binary,IAI.NCRO,binary,,,20,WEAK,Negative,False
OXA24,binary,HAP.NCRO,binary,,,20,WEAK,Negative,False
OXA24,binary,VAP.NCRO,binary,,,20,WEAK,Negative,False
OXA24,binary,CAP.NCRO,binary,,,20,WEAK,Negative,False
OXA24,binary,BSI.NCRO,binary,,,20,WEAK,Negative,False
OXA24,binary,Other.NCRO,binary,,,20,WEAK,Negative,False
OXA24,binary,Hospitalization.in.past.6.Months,binary,,,20,WEAK,Negative,False
OXA24,binary,CV.Catheter.in.6.Months,binary,,,20,WEAK,Negative,False
OXA24,binary,CV.Catheter.Now,binary,,,20,WEAK,Negative,False
OXA24,binary,Urinary.Catheter.in.6.Months,binary,,,20,WEAK,Negative,False
OXA24,binary,Urinary.Catheter.Now,binary,,,20,WEAK,Negative,False
OXA24,binary,Surgery.in.last.3.Months,binary,,,20,WEAK,Negative,False
OXA24,binary,Past.CREPA.infection,binary,,,20,WEAK,Negative,False
OXA24,binary,Endoscopy.in.1.week,binary,,,20,WEAK,Negative,False
OXA24,binary,Dialysis.in.1.week,binary,,,20,WEAK,Negative,False
OXA24,binary,Immunosuppressive.drugs.in.1.week,binary,,,20,WEAK,Negative,False
OXA24,binary,Inotropes,binary,,,20,WEAK,Negative,False
OXA24,binary,Dialysis.in.1.week.1,binary,,,20,WEAK,Negative,False
OXA24,binary,Ventilation,binary,,,20,WEAK,Negative,False
OXA24,binary,Overall.organ.support,binary,,,20,WEAK,Negative,False
OXA24,binary,Neutropenia,binary,,,20,WEAK,Negative,False
OXA24,binary,HIV.Present,binary,,,20,WEAK,Negative,False
OXA24,binary,TB,binary,,,20,WEAK,Negative,False
OXA24,binary,Any.Viral.Infection,binary,,,20,WEAK,Negative,False
OXA24,binary,Any.Fungal.Infection,binary,,,20,WEAK,Negative,False
OXA24,binary,Hemat.Malignancy,binary,,,20,WEAK,Negative,False
OXA24,binary,Solid.Organ,binary,,,20,WEAK,Negative,False
OXA24,binary,APACHEII,continuous,,,20,WEAK,Negative,False
OXA24,binary,SOFA,continuous,,,20,WEAK,Negative,False
OXA24,binary,Hb,binary,,,20,WEAK,Negative,False
OXA24,binary,TLC,binary,,,20,WEAK,Negative,False
OXA24,binary,ANC,binary,,,20,WEAK,Negative,False
OXA24,binary,Lympho,binary,,,20,WEAK,Negative,False
OXA24,binary,Platelet,binary,,,20,WEAK,Negative,False
OXA24,binary,INR,binary,,,20,WEAK,Negative,False
OXA24,binary,Bil,binary,,,20,WEAK,Negative,False
OXA24,binary,SGPT,binary,,,20,WEAK,Negative,False
OXA24,binary,SGOT,binary,,,20,WEAK,Negative,False
OXA24,binary,Albumin,binary,,,20,WEAK,Negative,False
OXA24,binary,Total.Protein,binary,,,20,WEAK,Negative,False
OXA24,binary,Globulin,binary,,,20,WEAK,Negative,False
OXA24,binary,ALP,binary,,,20,WEAK,Negative,False
OXA24,binary,Creatinine,binary,,,20,WEAK,Negative,False
OXA24,binary,Sodium,binary,,,20,WEAK,Negative,False
OXA24,binary,Potassium,binary,,,20,WEAK,Negative,False
OXA24,binary,Urea,binary,,,20,WEAK,Negative,False
OXA24,binary,Calcium,binary,,,20,WEAK,Negative,False
OXA24,binary,Magnesium,binary,,,20,WEAK,Negative,False
OXA24,binary,Procalcitonin,binary,,,20,WEAK,Negative,False
OXA24,binary,P.C.Z.A.E,binary,,,20,WEAK,Negative,False
OXA24,binary,P.C.only.E,binary,,,20,WEAK,Negative,False
OXA24,binary,Z.A.only.E,binary,,,20,WEAK,Negative,False
OXA24,binary,Neither.Abx.E,binary,,,20,WEAK,Negative,False
OXA24,binary,P.C.Z.A.T,binary,,,20,WEAK,Negative,False
OXA24,binary,P.C.only.T,binary,,,20,WEAK,Negative,False
OXA24,binary,Z.A.only.T,binary,,,20,WEAK,Negative,False
OXA24,binary,Neither.Abx.T,binary,,,20,WEAK,Negative,False
OXA24,binary,Amikacin,ordinal,,,20,WEAK,Negative,False
OXA24,binary,Ciprofloxacin,ordinal,,,20,WEAK,Negative,False
OXA24,binary,Colistin,ordinal,,,20,WEAK,Negative,False
OXA24,binary,Cefepime,ordinal,,,20,WEAK,Negative,False
OXA24,binary,Gentamicin,ordinal,,,20,WEAK,Negative,False
OXA24,binary,Imipenem,ordinal,,,20,WEAK,Negative,False
OXA24,binary,Levofloxacin,ordinal,,,20,WEAK,Negative,False
OXA24,binary,Meropenem,ordinal,,,20,WEAK,Negative,False
OXA24,binary,Minocycline,ordinal,,,20,WEAK,Negative,False
OXA24,binary,Cefoperazone.Sulbactam,ordinal,,,20,WEAK,Negative,False
OXA24,binary,Trimethoprim.Sulfamethoxazole,ordinal,,,20,WEAK,Negative,False
OXA24,binary,Ceftazidime,ordinal,,,20,WEAK,Negative,False
OXA24,binary,Piperacillin.Tazobactam,ordinal,,,20,WEAK,Negative,False
OXA24,binary,Ampicillin.Sulbactam,ordinal,,,20,WEAK,Negative,False
OXA24,binary,ESBL.Producer,binary,,,20,WEAK,Negative,False
OXA24,binary,AmpC,binary,,,20,WEAK,Negative,False
OXA24,binary,Carbapenemase,binary,,,20,WEAK,Negative,False
OXA24,binary,MRSA,binary,,,20,WEAK,Negative,False
OXA24,binary,VAN,binary,,,20,WEAK,Negative,False
OXA24,binary,Meropenem.T,binary,,,20,WEAK,Negative,False
OXA24,binary,P.C.Sulbactam.T,ordinal,,,20,WEAK,Negative,False
OXA24,binary,Clinical.Improvement,ordinal,,,20,WEAK,Negative,False
OXA24,binary,ICU.Stay.in.28.Days,continuous,,,20,WEAK,Negative,False
OXA24,binary,GW.Stay.in.28.Days,continuous,,,20,WEAK,Negative,False
OXA24,binary,Total.Hospital.Stay,continuous,,,20,WEAK,Negative,False
OXA24,binary,Mortality.in.ICU,binary,,,20,WEAK,Negative,False
OXA24,binary,Mortality.in.Hospital,binary,,,20,WEAK,Negative,False
OXA24,binary,Mortality.post.28.Day.Discharge,binary,,,20,WEAK,Negative,False
OXA24,binary,Overall.Mortality,binary,,,20,WEAK,Negative,False
OXA24,binary,Relapse.post.28.Day.Discharge,binary,,,20,WEAK,Negative,False
OXA24,binary,Other.Illness.Leading.to.Hospitalization.post.28.Days.Discharge,binary,,,20,WEAK,Negative,False
OXA58,binary,P.C.in.vitro,binary,,,20,WEAK,Negative,False
OXA58,binary,Z.A.invitro,binary,,,20,WEAK,Negative,False
OXA58,binary,CKD,ordinal,,,20,WEAK,Negative,False
OXA58,binary,HTN,binary,,,20,WEAK,Negative,False
OXA58,binary,DM,binary,,,20,WEAK,Negative,False
OXA58,binary,COPD,binary,,,20,WEAK,Negative,False
OXA58,binary,Hypothyroidism,binary,,,20,WEAK,Negative,False
OXA58,binary,UTI.CRO,binary,,,20,WEAK,Negative,False
OXA58,binary,IAI.CRO,binary,,,20,WEAK,Negative,False
OXA58,binary,ABSSSI.CRO,binary,,,20,WEAK,Negative,False
OXA58,binary,HAP.CRO,binary,,,20,WEAK,Negative,False
OXA58,binary,VAP.CRO,binary,,,20,WEAK,Negative,False
OXA58,binary,CAP.CRO,binary,,,20,WEAK,Negative,False
OXA58,binary,BSI.CRO,binary,,,20,WEAK,Negative,False
OXA58,binary,Other.CRO,binary,,,20,WEAK,Negative,False
OXA58,binary,UTI.NCRO,binary,,,20,WEAK,Negative,False
OXA58,binary,IAI.NCRO,binary,,,20,WEAK,Negative,False
OXA58,binary,HAP.NCRO,binary,,,20,WEAK,Negative,False
OXA58,binary,VAP.NCRO,binary,,,20,WEAK,Negative,False
OXA58,binary,CAP.NCRO,binary,,,20,WEAK,Negative,False
OXA58,binary,BSI.NCRO,binary,,,20,WEAK,Negative,False
OXA58,binary,Other.NCRO,binary,,,20,WEAK,Negative,False
OXA58,binary,Hospitalization.in.past.6.Months,binary,,,20,WEAK,Negative,False
OXA58,binary,CV.Catheter.in.6.Months,binary,,,20,WEAK,Negative,False
OXA58,binary,CV.Catheter.Now,binary,,,20,WEAK,Negative,False
OXA58,binary,Urinary.Catheter.in.6.Months,binary,,,20,WEAK,Negative,False
OXA58,binary,Urinary.Catheter.Now,binary,,,20,WEAK,Negative,False
OXA58,binary,Surgery.in.last.3.Months,binary,,,20,WEAK,Negative,False
OXA58,binary,Past.CREPA.infection,binary,,,20,WEAK,Negative,False
OXA58,binary,Endoscopy.in.1.week,binary,,,20,WEAK,Negative,False
OXA58,binary,Dialysis.in.1.week,binary,,,20,WEAK,Negative,False
OXA58,binary,Immunosuppressive.drugs.in.1.week,binary,,,20,WEAK,Negative,False
OXA58,binary,Inotropes,binary,,,20,WEAK,Negative,False
OXA58,binary,Dialysis.in.1.week.1,binary,,,20,WEAK,Negative,False
OXA58,binary,Ventilation,binary,,,20,WEAK,Negative,False
OXA58,binary,Overall.organ.support,binary,,,20,WEAK,Negative,False
OXA58,binary,Neutropenia,binary,,,20,WEAK,Negative,False
OXA58,binary,HIV.Present,binary,,,20,WEAK,Negative,False
OXA58,binary,TB,binary,,,20,WEAK,Negative,False
OXA58,binary,Any.Viral.Infection,binary,,,20,WEAK,Negative,False
OXA58,binary,Any.Fungal.Infection,binary,,,20,WEAK,Negative,False
OXA58,binary,Hemat.Malignancy,binary,,,20,WEAK,Negative,False
OXA58,binary,Solid.Organ,binary,,,20,WEAK,Negative,False
OXA58,binary,APACHEII,continuous,,,20,WEAK,Negative,False
OXA58,binary,SOFA,continuous,,,20,WEAK,Negative,False
OXA58,binary,Hb,binary,,,20,WEAK,Negative,False
OXA58,binary,TLC,binary,,,20,WEAK,Negative,False
OXA58,binary,ANC,binary,,,20,WEAK,Negative,False
OXA58,binary,Lympho,binary,,,20,WEAK,Negative,False
OXA58,binary,Platelet,binary,,,20,WEAK,Negative,False
OXA58,binary,INR,binary,,,20,WEAK,Negative,False
OXA58,binary,Bil,binary,,,20,WEAK,Negative,False
OXA58,binary,SGPT,binary,,,20,WEAK,Negative,False
OXA58,binary,SGOT,binary,,,20,WEAK,Negative,False
OXA58,binary,Albumin,binary,,,20,WEAK,Negative,False
OXA58,binary,Total.Protein,binary,,,20,WEAK,Negative,False
OXA58,binary,Globulin,binary,,,20,WEAK,Negative,False
OXA58,binary,ALP,binary,,,20,WEAK,Negative,False
OXA58,binary,Creatinine,binary,,,20,WEAK,Negative,False
OXA58,binary,Sodium,binary,,,20,WEAK,Negative,False
OXA58,binary,Potassium,binary,,,20,WEAK,Negative,False
OXA58,binary,Urea,binary,,,20,WEAK,Negative,False
OXA58,binary,Calcium,binary,,,20,WEAK,Negative,False
OXA58,binary,Magnesium,binary,,,20,WEAK,Negative,False
OXA58,binary,Procalcitonin,binary,,,20,WEAK,Negative,False
OXA58,binary,P.C.Z.A.E,binary,,,20,WEAK,Negative,False
OXA58,binary,P.C.only.E,binary,,,20,WEAK,Negative,False
OXA58,binary,Z.A.only.E,binary,,,20,WEAK,Negative,False
OXA58,binary,Neither.Abx.E,binary,,,20,WEAK,Negative,False
OXA58,binary,P.C.Z.A.T,binary,,,20,WEAK,Negative,False
OXA58,binary,P.C.only.T,binary,,,20,WEAK,Negative,False
OXA58,binary,Z.A.only.T,binary,,,20,WEAK,Negative,False
OXA58,binary,Neither.Abx.T,binary,,,20,WEAK,Negative,False
OXA58,binary,Amikacin,ordinal,,,20,WEAK,Negative,False
OXA58,binary,Ciprofloxacin,ordinal,,,20,WEAK,Negative,False
OXA58,binary,Colistin,ordinal,,,20,WEAK,Negative,False
OXA58,binary,Cefepime,ordinal,,,20,WEAK,Negative,False
OXA58,binary,Gentamicin,ordinal,,,20,WEAK,Negative,False
OXA58,binary,Imipenem,ordinal,,,20,WEAK,Negative,False
OXA58,binary,Levofloxacin,ordinal,,,20,WEAK,Negative,False
OXA58,binary,Meropenem,ordinal,,,20,WEAK,Negative,False
OXA58,binary,Minocycline,ordinal,,,20,WEAK,Negative,False
OXA58,binary,Cefoperazone.Sulbactam,ordinal,,,20,WEAK,Negative,False
OXA58,binary,Trimethoprim.Sulfamethoxazole,ordinal,,,20,WEAK,Negative,False
OXA58,binary,Ceftazidime,ordinal,,,20,WEAK,Negative,False
OXA58,binary,Piperacillin.Tazobactam,ordinal,,,20,WEAK,Negative,False
OXA58,binary,Ampicillin.Sulbactam,ordinal,,,20,WEAK,Negative,False
OXA58,binary,ESBL.Producer,binary,,,20,WEAK,Negative,False
OXA58,binary,AmpC,binary,,,20,WEAK,Negative,False
OXA58,binary,Carbapenemase,binary,,,20,WEAK,Negative,False
OXA58,binary,MRSA,binary,,,20,WEAK,Negative,False
OXA58,binary,VAN,binary,,,20,WEAK,Negative,False
OXA58,binary,Meropenem.T,binary,,,20,WEAK,Negative,False
OXA58,binary,P.C.Sulbactam.T,ordinal,,,20,WEAK,Negative,False
OXA58,binary,Clinical.Improvement,ordinal,,,20,WEAK,Negative,False
OXA58,binary,ICU.Stay.in.28.Days,continuous,,,20,WEAK,Negative,False
OXA58,binary,GW.Stay.in.28.Days,continuous,,,20,WEAK,Negative,False
OXA58,binary,Total.Hospital.Stay,continuous,,,20,WEAK,Negative,False
OXA58,binary,Mortality.in.ICU,binary,,,20,WEAK,Negative,False
OXA58,binary,Mortality.in.Hospital,binary,,,20,WEAK,Negative,False
OXA58,binary,Mortality.post.28.Day.Discharge,binary,,,20,WEAK,Negative,False
OXA58,binary,Overall.Mortality,binary,,,20,WEAK,Negative,False
OXA58,binary,Relapse.post.28.Day.Discharge,binary,,,20,WEAK,Negative,False
OXA58,binary,Other.Illness.Leading.to.Hospitalization.post.28.Days.Discharge,binary,,,20,WEAK,Negative,False
P.C.in.vitro,binary,Z.A.invitro,binary,,,20,WEAK,Negative,False
P.C.in.vitro,binary,CKD,ordinal,,,20,WEAK,Negative,False
P.C.in.vitro,binary,HTN,binary,,,20,WEAK,Negative,False
P.C.in.vitro,binary,DM,binary,,,20,WEAK,Negative,False
P.C.in.vitro,binary,COPD,binary,,,20,WEAK,Negative,False
P.C.in.vitro,binary,Hypothyroidism,binary,,,20,WEAK,Negative,False
P.C.in.vitro,binary,UTI.CRO,binary,,,20,WEAK,Negative,False
P.C.in.vitro,binary,IAI.CRO,binary,,,20,WEAK,Negative,False
P.C.in.vitro,binary,ABSSSI.CRO,binary,,,20,WEAK,Negative,False
P.C.in.vitro,binary,HAP.CRO,binary,,,20,WEAK,Negative,False
P.C.in.vitro,binary,VAP.CRO,binary,,,20,WEAK,Negative,False
P.C.in.vitro,binary,CAP.CRO,binary,,,20,WEAK,Negative,False
P.C.in.vitro,binary,BSI.CRO,binary,,,20,WEAK,Negative,False
P.C.in.vitro,binary,Other.CRO,binary,,,20,WEAK,Negative,False
P.C.in.vitro,binary,UTI.NCRO,binary,,,20,WEAK,Negative,False
P.C.in.vitro,binary,IAI.NCRO,binary,,,20,WEAK,Negative,False
P.C.in.vitro,binary,HAP.NCRO,binary,,,20,WEAK,Negative,False
P.C.in.vitro,binary,VAP.NCRO,binary,,,20,WEAK,Negative,False
P.C.in.vitro,binary,CAP.NCRO,binary,,,20,WEAK,Negative,False
P.C.in.vitro,binary,BSI.NCRO,binary,,,20,WEAK,Negative,False
P.C.in.vitro,binary,Other.NCRO,binary,,,20,WEAK,Negative,False
P.C.in.vitro,binary,Hospitalization.in.past.6.Months,binary,,,20,WEAK,Negative,False
P.C.in.vitro,binary,CV.Catheter.in.6.Months,binary,,,20,WEAK,Negative,False
P.C.in.vitro,binary,CV.Catheter.Now,binary,,,20,WEAK,Negative,False
P.C.in.vitro,binary,Urinary.Catheter.in.6.Months,binary,,,20,WEAK,Negative,False
P.C.in.vitro,binary,Urinary.Catheter.Now,binary,,,20,WEAK,Negative,False
P.C.in.vitro,binary,Surgery.in.last.3.Months,binary,,,20,WEAK,Negative,False
P.C.in.vitro,binary,Past.CREPA.infection,binary,,,20,WEAK,Negative,False
P.C.in.vitro,binary,Endoscopy.in.1.week,binary,,,20,WEAK,Negative,False
P.C.in.vitro,binary,Dialysis.in.1.week,binary,,,20,WEAK,Negative,False
P.C.in.vitro,binary,Immunosuppressive.drugs.in.1.week,binary,,,20,WEAK,Negative,False
P.C.in.vitro,binary,Inotropes,binary,,,20,WEAK,Negative,False
P.C.in.vitro,binary,Dialysis.in.1.week.1,binary,,,20,WEAK,Negative,False
P.C.in.vitro,binary,Ventilation,binary,,,20,WEAK,Negative,False
P.C.in.vitro,binary,Overall.organ.support,binary,,,20,WEAK,Negative,False
P.C.in.vitro,binary,Neutropenia,binary,,,20,WEAK,Negative,False
P.C.in.vitro,binary,HIV.Present,binary,,,20,WEAK,Negative,False
P.C.in.vitro,binary,TB,binary,,,20,WEAK,Negative,False
P.C.in.vitro,binary,Any.Viral.Infection,binary,,,20,WEAK,Negative,False
P.C.in.vitro,binary,Any.Fungal.Infection,binary,,,20,WEAK,Negative,False
P.C.in.vitro,binary,Hemat.Malignancy,binary,,,20,WEAK,Negative,False
P.C.in.vitro,binary,Solid.Organ,binary,,,20,WEAK,Negative,False
P.C.in.vitro,binary,APACHEII,continuous,,,20,WEAK,Negative,False
P.C.in.vitro,binary,SOFA,continuous,,,20,WEAK,Negative,False
P.C.in.vitro,binary,Hb,binary,,,20,WEAK,Negative,False
P.C.in.vitro,binary,TLC,binary,,,20,WEAK,Negative,False
P.C.in.vitro,binary,ANC,binary,,,20,WEAK,Negative,False
P.C.in.vitro,binary,Lympho,binary,,,20,WEAK,Negative,False
P.C.in.vitro,binary,Platelet,binary,,,20,WEAK,Negative,False
P.C.in.vitro,binary,INR,binary,,,20,WEAK,Negative,False
P.C.in.vitro,binary,Bil,binary,,,20,WEAK,Negative,False
P.C.in.vitro,binary,SGPT,binary,,,20,WEAK,Negative,False
P.C.in.vitro,binary,SGOT,binary,,,20,WEAK,Negative,False
P.C.in.vitro,binary,Albumin,binary,,,20,WEAK,Negative,False
P.C.in.vitro,binary,Total.Protein,binary,,,20,WEAK,Negative,False
P.C.in.vitro,binary,Globulin,binary,,,20,WEAK,Negative,False
P.C.in.vitro,binary,ALP,binary,,,20,WEAK,Negative,False
P.C.in.vitro,binary,Creatinine,binary,,,20,WEAK,Negative,False
P.C.in.vitro,binary,Sodium,binary,,,20,WEAK,Negative,False
P.C.in.vitro,binary,Potassium,binary,,,20,WEAK,Negative,False
P.C.in.vitro,binary,Urea,binary,,,20,WEAK,Negative,False
P.C.in.vitro,binary,Calcium,binary,,,20,WEAK,Negative,False
P.C.in.vitro,binary,Magnesium,binary,,,20,WEAK,Negative,False
P.C.in.vitro,binary,Procalcitonin,binary,,,20,WEAK,Negative,False
P.C.in.vitro,binary,P.C.Z.A.E,binary,,,20,WEAK,Negative,False
P.C.in.vitro,binary,P.C.only.E,binary,,,20,WEAK,Negative,False
P.C.in.vitro,binary,Z.A.only.E,binary,,,20,WEAK,Negative,False
P.C.in.vitro,binary,Neither.Abx.E,binary,,,20,WEAK,Negative,False
P.C.in.vitro,binary,P.C.Z.A.T,binary,,,20,WEAK,Negative,False
P.C.in.vitro,binary,P.C.only.T,binary,,,20,WEAK,Negative,False
P.C.in.vitro,binary,Z.A.only.T,binary,,,20,WEAK,Negative,False
P.C.in.vitro,binary,Neither.Abx.T,binary,,,20,WEAK,Negative,False
P.C.in.vitro,binary,Amikacin,ordinal,,,20,WEAK,Negative,False
P.C.in.vitro,binary,Ciprofloxacin,ordinal,,,20,WEAK,Negative,False
P.C.in.vitro,binary,Colistin,ordinal,,,20,WEAK,Negative,False
P.C.in.vitro,binary,Cefepime,ordinal,,,20,WEAK,Negative,False
P.C.in.vitro,binary,Gentamicin,ordinal,,,20,WEAK,Negative,False
P.C.in.vitro,binary,Imipenem,ordinal,,,20,WEAK,Negative,False
P.C.in.vitro,binary,Levofloxacin,ordinal,,,20,WEAK,Negative,False
P.C.in.vitro,binary,Meropenem,ordinal,,,20,WEAK,Negative,False
P.C.in.vitro,binary,Minocycline,ordinal,,,20,WEAK,Negative,False
P.C.in.vitro,binary,Cefoperazone.Sulbactam,ordinal,,,20,WEAK,Negative,False
P.C.in.vitro,binary,Trimethoprim.Sulfamethoxazole,ordinal,,,20,WEAK,Negative,False
P.C.in.vitro,binary,Ceftazidime,ordinal,,,20,WEAK,Negative,False
P.C.in.vitro,binary,Piperacillin.Tazobactam,ordinal,,,20,WEAK,Negative,False
P.C.in.vitro,binary,Ampicillin.Sulbactam,ordinal,,,20,WEAK,Negative,False
P.C.in.vitro,binary,ESBL.Producer,binary,,,20,WEAK,Negative,False
P.C.in.vitro,binary,AmpC,binary,,,20,WEAK,Negative,False
P.C.in.vitro,binary,Carbapenemase,binary,,,20,WEAK,Negative,False
P.C.in.vitro,binary,MRSA,binary,,,20,WEAK,Negative,False
P.C.in.vitro,binary,VAN,binary,,,20,WEAK,Negative,False
P.C.in.vitro,binary,Meropenem.T,binary,,,20,WEAK,Negative,False
P.C.in.vitro,binary,P.C.Sulbactam.T,ordinal,,,20,WEAK,Negative,False
P.C.in.vitro,binary,Clinical.Improvement,ordinal,,,20,WEAK,Negative,False
P.C.in.vitro,binary,ICU.Stay.in.28.Days,continuous,,,20,WEAK,Negative,False
P.C.in.vitro,binary,GW.Stay.in.28.Days,continuous,,,20,WEAK,Negative,False
P.C.in.vitro,binary,Total.Hospital.Stay,continuous,,,20,WEAK,Negative,False
P.C.in.vitro,binary,Mortality.in.ICU,binary,,,20,WEAK,Negative,False
P.C.in.vitro,binary,Mortality.in.Hospital,binary,,,20,WEAK,Negative,False
P.C.in.vitro,binary,Mortality.post.28.Day.Discharge,binary,,,20,WEAK,Negative,False
P.C.in.vitro,binary,Overall.Mortality,binary,,,20,WEAK,Negative,False
P.C.in.vitro,binary,Relapse.post.28.Day.Discharge,binary,,,20,WEAK,Negative,False
P.C.in.vitro,binary,Other.Illness.Leading.to.Hospitalization.post.28.Days.Discharge,binary,,,20,WEAK,Negative,False
Z.A.invitro,binary,CKD,ordinal,,,20,WEAK,Negative,False
Z.A.invitro,binary,HTN,binary,,,20,WEAK,Negative,False
Z.A.invitro,binary,DM,binary,,,20,WEAK,Negative,False
Z.A.invitro,binary,COPD,binary,,,20,WEAK,Negative,False
Z.A.invitro,binary,Hypothyroidism,binary,,,20,WEAK,Negative,False
Z.A.invitro,binary,UTI.CRO,binary,,,20,WEAK,Negative,False
Z.A.invitro,binary,IAI.CRO,binary,,,20,WEAK,Negative,False
Z.A.invitro,binary,ABSSSI.CRO,binary,,,20,WEAK,Negative,False
Z.A.invitro,binary,HAP.CRO,binary,,,20,WEAK,Negative,False
Z.A.invitro,binary,VAP.CRO,binary,,,20,WEAK,Negative,False
Z.A.invitro,binary,CAP.CRO,binary,,,20,WEAK,Negative,False
Z.A.invitro,binary,BSI.CRO,binary,,,20,WEAK,Negative,False
Z.A.invitro,binary,Other.CRO,binary,,,20,WEAK,Negative,False
Z.A.invitro,binary,UTI.NCRO,binary,,,20,WEAK,Negative,False
Z.A.invitro,binary,IAI.NCRO,binary,,,20,WEAK,Negative,False
Z.A.invitro,binary,HAP.NCRO,binary,,,20,WEAK,Negative,False
Z.A.invitro,binary,VAP.NCRO,binary,,,20,WEAK,Negative,False
Z.A.invitro,binary,CAP.NCRO,binary,,,20,WEAK,Negative,False
Z.A.invitro,binary,BSI.NCRO,binary,,,20,WEAK,Negative,False
Z.A.invitro,binary,Other.NCRO,binary,,,20,WEAK,Negative,False
Z.A.invitro,binary,Hospitalization.in.past.6.Months,binary,,,20,WEAK,Negative,False
Z.A.invitro,binary,CV.Catheter.in.6.Months,binary,,,20,WEAK,Negative,False
Z.A.invitro,binary,CV.Catheter.Now,binary,,,20,WEAK,Negative,False
Z.A.invitro,binary,Urinary.Catheter.in.6.Months,binary,,,20,WEAK,Negative,False
Z.A.invitro,binary,Urinary.Catheter.Now,binary,,,20,WEAK,Negative,False
Z.A.invitro,binary,Surgery.in.last.3.Months,binary,,,20,WEAK,Negative,False
Z.A.invitro,binary,Past.CREPA.infection,binary,,,20,WEAK,Negative,False
Z.A.invitro,binary,Endoscopy.in.1.week,binary,,,20,WEAK,Negative,False
Z.A.invitro,binary,Dialysis.in.1.week,binary,,,20,WEAK,Negative,False
Z.A.invitro,binary,Immunosuppressive.drugs.in.1.week,binary,,,20,WEAK,Negative,False
Z.A.invitro,binary,Inotropes,binary,,,20,WEAK,Negative,False
Z.A.invitro,binary,Dialysis.in.1.week.1,binary,,,20,WEAK,Negative,False
Z.A.invitro,binary,Ventilation,binary,,,20,WEAK,Negative,False
Z.A.invitro,binary,Overall.organ.support,binary,,,20,WEAK,Negative,False
Z.A.invitro,binary,Neutropenia,binary,,,20,WEAK,Negative,False
Z.A.invitro,binary,HIV.Present,binary,,,20,WEAK,Negative,False
Z.A.invitro,binary,TB,binary,,,20,WEAK,Negative,False
Z.A.invitro,binary,Any.Viral.Infection,binary,,,20,WEAK,Negative,False
Z.A.invitro,binary,Any.Fungal.Infection,binary,,,20,WEAK,Negative,False
Z.A.invitro,binary,Hemat.Malignancy,binary,,,20,WEAK,Negative,False
Z.A.invitro,binary,Solid.Organ,binary,,,20,WEAK,Negative,False
Z.A.invitro,binary,APACHEII,continuous,,,20,WEAK,Negative,False
Z.A.invitro,binary,SOFA,continuous,,,20,WEAK,Negative,False
Z.A.invitro,binary,Hb,binary,,,20,WEAK,Negative,False
Z.A.invitro,binary,TLC,binary,,,20,WEAK,Negative,False
Z.A.invitro,binary,ANC,binary,,,20,WEAK,Negative,False
Z.A.invitro,binary,Lympho,binary,,,20,WEAK,Negative,False
Z.A.invitro,binary,Platelet,binary,,,20,WEAK,Negative,False
Z.A.invitro,binary,INR,binary,,,20,WEAK,Negative,False
Z.A.invitro,binary,Bil,binary,,,20,WEAK,Negative,False
Z.A.invitro,binary,SGPT,binary,,,20,WEAK,Negative,False
Z.A.invitro,binary,SGOT,binary,,,20,WEAK,Negative,False
Z.A.invitro,binary,Albumin,binary,,,20,WEAK,Negative,False
Z.A.invitro,binary,Total.Protein,binary,,,20,WEAK,Negative,False
Z.A.invitro,binary,Globulin,binary,,,20,WEAK,Negative,False
Z.A.invitro,binary,ALP,binary,,,20,WEAK,Negative,False
Z.A.invitro,binary,Creatinine,binary,,,20,WEAK,Negative,False
Z.A.invitro,binary,Sodium,binary,,,20,WEAK,Negative,False
Z.A.invitro,binary,Potassium,binary,,,20,WEAK,Negative,False
Z.A.invitro,binary,Urea,binary,,,20,WEAK,Negative,False
Z.A.invitro,binary,Calcium,binary,,,20,WEAK,Negative,False
Z.A.invitro,binary,Magnesium,binary,,,20,WEAK,Negative,False
Z.A.invitro,binary,Procalcitonin,binary,,,20,WEAK,Negative,False
Z.A.invitro,binary,P.C.Z.A.E,binary,,,20,WEAK,Negative,False
Z.A.invitro,binary,P.C.only.E,binary,,,20,WEAK,Negative,False
Z.A.invitro,binary,Z.A.only.E,binary,,,20,WEAK,Negative,False
Z.A.invitro,binary,Neither.Abx.E,binary,,,20,WEAK,Negative,False
Z.A.invitro,binary,P.C.Z.A.T,binary,,,20,WEAK,Negative,False
Z.A.invitro,binary,P.C.only.T,binary,,,20,WEAK,Negative,False
Z.A.invitro,binary,Z.A.only.T,binary,,,20,WEAK,Negative,False
Z.A.invitro,binary,Neither.Abx.T,binary,,,20,WEAK,Negative,False
Z.A.invitro,binary,Amikacin,ordinal,,,20,WEAK,Negative,False
Z.A.invitro,binary,Ciprofloxacin,ordinal,,,20,WEAK,Negative,False
Z.A.invitro,binary,Colistin,ordinal,,,20,WEAK,Negative,False
Z.A.invitro,binary,Cefepime,ordinal,,,20,WEAK,Negative,False
Z.A.invitro,binary,Gentamicin,ordinal,,,20,WEAK,Negative,False
Z.A.invitro,binary,Imipenem,ordinal,,,20,WEAK,Negative,False
Z.A.invitro,binary,Levofloxacin,ordinal,,,20,WEAK,Negative,False
Z.A.invitro,binary,Meropenem,ordinal,,,20,WEAK,Negative,False
Z.A.invitro,binary,Minocycline,ordinal,,,20,WEAK,Negative,False
Z.A.invitro,binary,Cefoperazone.Sulbactam,ordinal,,,20,WEAK,Negative,False
Z.A.invitro,binary,Trimethoprim.Sulfamethoxazole,ordinal,,,20,WEAK,Negative,False
Z.A.invitro,binary,Ceftazidime,ordinal,,,20,WEAK,Negative,False
Z.A.invitro,binary,Piperacillin.Tazobactam,ordinal,,,20,WEAK,Negative,False
Z.A.invitro,binary,Ampicillin.Sulbactam,ordinal,,,20,WEAK,Negative,False
Z.A.invitro,binary,ESBL.Producer,binary,,,20,WEAK,Negative,False
Z.A.invitro,binary,AmpC,binary,,,20,WEAK,Negative,False
Z.A.invitro,binary,Carbapenemase,binary,,,20,WEAK,Negative,False
Z.A.invitro,binary,MRSA,binary,,,20,WEAK,Negative,False
Z.A.invitro,binary,VAN,binary,,,20,WEAK,Negative,False
Z.A.invitro,binary,Meropenem.T,binary,,,20,WEAK,Negative,False
Z.A.invitro,binary,P.C.Sulbactam.T,ordinal,,,20,WEAK,Negative,False
Z.A.invitro,binary,Clinical.Improvement,ordinal,,,20,WEAK,Negative,False
Z.A.invitro,binary,ICU.Stay.in.28.Days,continuous,,,20,WEAK,Negative,False
Z.A.invitro,binary,GW.Stay.in.28.Days,continuous,,,20,WEAK,Negative,False
Z.A.invitro,binary,Total.Hospital.Stay,continuous,,,20,WEAK,Negative,False
Z.A.invitro,binary,Mortality.in.ICU,binary,,,20,WEAK,Negative,False
Z.A.invitro,binary,Mortality.in.Hospital,binary,,,20,WEAK,Negative,False
Z.A.invitro,binary,Mortality.post.28.Day.Discharge,binary,,,20,WEAK,Negative,False
Z.A.invitro,binary,Overall.Mortality,binary,,,20,WEAK,Negative,False
Z.A.invitro,binary,Relapse.post.28.Day.Discharge,binary,,,20,WEAK,Negative,False
Z.A.invitro,binary,Other.Illness.Leading.to.Hospitalization.post.28.Days.Discharge,binary,,,20,WEAK,Negative,False
CKD,ordinal,UTI.CRO,binary,,,20,WEAK,Negative,False
CKD,ordinal,IAI.CRO,binary,,,20,WEAK,Negative,False
CKD,ordinal,ABSSSI.CRO,binary,,,20,WEAK,Negative,False
CKD,ordinal,UTI.NCRO,binary,,,20,WEAK,Negative,False
CKD,ordinal,IAI.NCRO,binary,,,20,WEAK,Negative,False
CKD,ordinal,VAP.NCRO,binary,,,20,WEAK,Negative,False
CKD,ordinal,CAP.NCRO,binary,,,20,WEAK,Negative,False
CKD,ordinal,BSI.NCRO,binary,,,20,WEAK,Negative,False
CKD,ordinal,Other.NCRO,binary,,,20,WEAK,Negative,False
CKD,ordinal,CV.Catheter.Now,binary,,,20,WEAK,Negative,False
CKD,ordinal,Urinary.Catheter.Now,binary,,,20,WEAK,Negative,False
CKD,ordinal,Endoscopy.in.1.week,binary,,,20,WEAK,Negative,False
CKD,ordinal,Dialysis.in.1.week,binary,,,20,WEAK,Negative,False
CKD,ordinal,Dialysis.in.1.week.1,binary,,,20,WEAK,Negative,False
CKD,ordinal,HIV.Present,binary,,,20,WEAK,Negative,False
CKD,ordinal,Hb,binary,,,20,WEAK,Negative,False
CKD,ordinal,INR,binary,,,20,WEAK,Negative,False
CKD,ordinal,Ciprofloxacin,ordinal,,,20,WEAK,Negative,False
CKD,ordinal,Colistin,ordinal,,,20,WEAK,Negative,False
CKD,ordinal,Cefepime,ordinal,,,20,WEAK,Negative,False
CKD,ordinal,Gentamicin,ordinal,,,20,WEAK,Negative,False
CKD,ordinal,Imipenem,ordinal,,,20,WEAK,Negative,False
CKD,ordinal,Levofloxacin,ordinal,,,20,WEAK,Negative,False
CKD,ordinal,Meropenem,ordinal,,,20,WEAK,Negative,False
CKD,ordinal,Cefoperazone.Sulbactam,ordinal,,,20,WEAK,Negative,False
CKD,ordinal,Ceftazidime,ordinal,,,20,WEAK,Negative,False
CKD,ordinal,Piperacillin.Tazobactam,ordinal,,,20,WEAK,Negative,False
CKD,ordinal,ESBL.Producer,binary,,,20,WEAK,Negative,False
CKD,ordinal,AmpC,binary,,,20,WEAK,Negative,False
CKD,ordinal,Carbapenemase,binary,,,20,WEAK,Negative,False
CKD,ordinal,MRSA,binary,,,20,WEAK,Negative,False
CKD,ordinal,VAN,binary,,,20,WEAK,Negative,False
HTN,binary,UTI.CRO,binary,,,20,WEAK,Negative,False
HTN,binary,IAI.CRO,binary,,,20,WEAK,Negative,False
HTN,binary,ABSSSI.CRO,binary,,,20,WEAK,Negative,False
HTN,binary,UTI.NCRO,binary,,,20,WEAK,Negative,False
HTN,binary,IAI.NCRO,binary,,,20,WEAK,Negative,False
HTN,binary,VAP.NCRO,binary,,,20,WEAK,Negative,False
HTN,binary,CAP.NCRO,binary,,,20,WEAK,Negative,False
HTN,binary,BSI.NCRO,binary,,,20,WEAK,Negative,False
HTN,binary,Other.NCRO,binary,,,20,WEAK,Negative,False
HTN,binary,CV.Catheter.Now,binary,,,20,WEAK,Negative,False
HTN,binary,Urinary.Catheter.Now,binary,,,20,WEAK,Negative,False
HTN,binary,Endoscopy.in.1.week,binary,,,20,WEAK,Negative,False
HTN,binary,Dialysis.in.1.week,binary,,,20,WEAK,Negative,False
HTN,binary,Dialysis.in.1.week.1,binary,,,20,WEAK,Negative,False
HTN,binary,HIV.Present,binary,,,20,WEAK,Negative,False
HTN,binary,Hb,binary,,,20,WEAK,Negative,False
HTN,binary,INR,binary,,,20,WEAK,Negative,False
HTN,binary,Ciprofloxacin,ordinal,,,20,WEAK,Negative,False
HTN,binary,Colistin,ordinal,,,20,WEAK,Negative,False
HTN,binary,Cefepime,ordinal,,,20,WEAK,Negative,False
HTN,binary,Gentamicin,ordinal,,,20,WEAK,Negative,False
HTN,binary,Imipenem,ordinal,,,20,WEAK,Negative,False
HTN,binary,Levofloxacin,ordinal,,,20,WEAK,Negative,False
HTN,binary,Meropenem,ordinal,,,20,WEAK,Negative,False
HTN,binary,Cefoperazone.Sulbactam,ordinal,,,20,WEAK,Negative,False
HTN,binary,Ceftazidime,ordinal,,,20,WEAK,Negative,False
HTN,binary,Piperacillin.Tazobactam,ordinal,,,20,WEAK,Negative,False
HTN,binary,ESBL.Producer,binary,,,20,WEAK,Negative,False
HTN,binary,AmpC,binary,,,20,WEAK,Negative,False
HTN,binary,Carbapenemase,binary,,,20,WEAK,Negative,False
HTN,binary,MRSA,binary,,,20,WEAK,Negative,False
HTN,binary,VAN,binary,,,20,WEAK,Negative,False
DM,binary,UTI.CRO,binary,,,20,WEAK,Negative,False
DM,binary,IAI.CRO,binary,,,20,WEAK,Negative,False
DM,binary,ABSSSI.CRO,binary,,,20,WEAK,Negative,False
DM,binary,UTI.NCRO,binary,,,20,WEAK,Negative,False
DM,binary,IAI.NCRO,binary,,,20,WEAK,Negative,False
DM,binary,VAP.NCRO,binary,,,20,WEAK,Negative,False
DM,binary,CAP.NCRO,binary,,,20,WEAK,Negative,False
DM,binary,BSI.NCRO,binary,,,20,WEAK,Negative,False
DM,binary,Other.NCRO,binary,,,20,WEAK,Negative,False
DM,binary,CV.Catheter.Now,binary,,,20,WEAK,Negative,False
DM,binary,Urinary.Catheter.Now,binary,,,20,WEAK,Negative,False
DM,binary,Endoscopy.in.1.week,binary,,,20,WEAK,Negative,False
DM,binary,Dialysis.in.1.week,binary,,,20,WEAK,Negative,False
DM,binary,Dialysis.in.1.week.1,binary,,,20,WEAK,Negative,False
DM,binary,HIV.Present,binary,,,20,WEAK,Negative,False
DM,binary,Hb,binary,,,20,WEAK,Negative,False
DM,binary,INR,binary,,,20,WEAK,Negative,False
DM,binary,Ciprofloxacin,ordinal,,,20,WEAK,Negative,False
DM,binary,Colistin,ordinal,,,20,WEAK,Negative,False
DM,binary,Cefepime,ordinal,,,20,WEAK,Negative,False
DM,binary,Gentamicin,ordinal,,,20,WEAK,Negative,False
DM,binary,Imipenem,ordinal,,,20,WEAK,Negative,False
DM,binary,Levofloxacin,ordinal,,,20,WEAK,Negative,False
DM,binary,Meropenem,ordinal,,,20,WEAK,Negative,False
DM,binary,Cefoperazone.Sulbactam,ordinal,,,20,WEAK,Negative,False
DM,binary,Ceftazidime,ordinal,,,20,WEAK,Negative,False
DM,binary,Piperacillin.Tazobactam,ordinal,,,20,WEAK,Negative,False
DM,binary,ESBL.Producer,binary,,,20,WEAK,Negative,False
DM,binary,AmpC,binary,,,20,WEAK,Negative,False
DM,binary,Carbapenemase,binary,,,20,WEAK,Negative,False
DM,binary,MRSA,binary,,,20,WEAK,Negative,False
DM,binary,VAN,binary,,,20,WEAK,Negative,False
COPD,binary,UTI.CRO,binary,,,20,WEAK,Negative,False
COPD,binary,IAI.CRO,binary,,,20,WEAK,Negative,False
COPD,binary,ABSSSI.CRO,binary,,,20,WEAK,Negative,False
COPD,binary,UTI.NCRO,binary,,,20,WEAK,Negative,False
COPD,binary,IAI.NCRO,binary,,,20,WEAK,Negative,False
COPD,binary,VAP.NCRO,binary,,,20,WEAK,Negative,False
COPD,binary,CAP.NCRO,binary,,,20,WEAK,Negative,False
COPD,binary,BSI.NCRO,binary,,,20,WEAK,Negative,False
COPD,binary,Other.NCRO,binary,,,20,WEAK,Negative,False
COPD,binary,CV.Catheter.Now,binary,,,20,WEAK,Negative,False
COPD,binary,Urinary.Catheter.Now,binary,,,20,WEAK,Negative,False
COPD,binary,Endoscopy.in.1.week,binary,,,20,WEAK,Negative,False
COPD,binary,Dialysis.in.1.week,binary,,,20,WEAK,Negative,False
COPD,binary,Dialysis.in.1.week.1,binary,,,20,WEAK,Negative,False
COPD,binary,HIV.Present,binary,,,20,WEAK,Negative,False
COPD,binary,Hb,binary,,,20,WEAK,Negative,False
COPD,binary,INR,binary,,,20,WEAK,Negative,False
COPD,binary,Ciprofloxacin,ordinal,,,20,WEAK,Negative,False
COPD,binary,Colistin,ordinal,,,20,WEAK,Negative,False
COPD,binary,Cefepime,ordinal,,,20,WEAK,Negative,False
COPD,binary,Gentamicin,ordinal,,,20,WEAK,Negative,False
COPD,binary,Imipenem,ordinal,,,20,WEAK,Negative,False
COPD,binary,Levofloxacin,ordinal,,,20,WEAK,Negative,False
COPD,binary,Meropenem,ordinal,,,20,WEAK,Negative,False
COPD,binary,Cefoperazone.Sulbactam,ordinal,,,20,WEAK,Negative,False
COPD,binary,Ceftazidime,ordinal,,,20,WEAK,Negative,False
COPD,binary,Piperacillin.Tazobactam,ordinal,,,20,WEAK,Negative,False
COPD,binary,ESBL.Producer,binary,,,20,WEAK,Negative,False
COPD,binary,AmpC,binary,,,20,WEAK,Negative,False
COPD,binary,Carbapenemase,binary,,,20,WEAK,Negative,False
COPD,binary,MRSA,binary,,,20,WEAK,Negative,False
COPD,binary,VAN,binary,,,20,WEAK,Negative,False
Hypothyroidism,binary,UTI.CRO,binary,,,20,WEAK,Negative,False
Hypothyroidism,binary,IAI.CRO,binary,,,20,WEAK,Negative,False
Hypothyroidism,binary,ABSSSI.CRO,binary,,,20,WEAK,Negative,False
Hypothyroidism,binary,UTI.NCRO,binary,,,20,WEAK,Negative,False
Hypothyroidism,binary,IAI.NCRO,binary,,,20,WEAK,Negative,False
Hypothyroidism,binary,VAP.NCRO,binary,,,20,WEAK,Negative,False
Hypothyroidism,binary,CAP.NCRO,binary,,,20,WEAK,Negative,False
Hypothyroidism,binary,BSI.NCRO,binary,,,20,WEAK,Negative,False
Hypothyroidism,binary,Other.NCRO,binary,,,20,WEAK,Negative,False
Hypothyroidism,binary,CV.Catheter.Now,binary,,,20,WEAK,Negative,False
Hypothyroidism,binary,Urinary.Catheter.Now,binary,,,20,WEAK,Negative,False
Hypothyroidism,binary,Endoscopy.in.1.week,binary,,,20,WEAK,Negative,False
Hypothyroidism,binary,Dialysis.in.1.week,binary,,,20,WEAK,Negative,False
Hypothyroidism,binary,Dialysis.in.1.week.1,binary,,,20,WEAK,Negative,False
Hypothyroidism,binary,HIV.Present,binary,,,20,WEAK,Negative,False
Hypothyroidism,binary,Hb,binary,,,20,WEAK,Negative,False
Hypothyroidism,binary,INR,binary,,,20,WEAK,Negative,False
Hypothyroidism,binary,Ciprofloxacin,ordinal,,,20,WEAK,Negative,False
Hypothyroidism,binary,Colistin,ordinal,,,20,WEAK,Negative,False
Hypothyroidism,binary,Cefepime,ordinal,,,20,WEAK,Negative,False
Hypothyroidism,binary,Gentamicin,ordinal,,,20,WEAK,Negative,False
Hypothyroidism,binary,Imipenem,ordinal,,,20,WEAK,Negative,False
Hypothyroidism,binary,Levofloxacin,ordinal,,,20,WEAK,Negative,False
Hypothyroidism,binary,Meropenem,ordinal,,,20,WEAK,Negative,False
Hypothyroidism,binary,Cefoperazone.Sulbactam,ordinal,,,20,WEAK,Negative,False
Hypothyroidism,binary,Ceftazidime,ordinal,,,20,WEAK,Negative,False
Hypothyroidism,binary,Piperacillin.Tazobactam,ordinal,,,20,WEAK,Negative,False
Hypothyroidism,binary,ESBL.Producer,binary,,,20,WEAK,Negative,False
Hypothyroidism,binary,AmpC,binary,,,20,WEAK,Negative,False
Hypothyroidism,binary,Carbapenemase,binary,,,20,WEAK,Negative,False
Hypothyroidism,binary,MRSA,binary,,,20,WEAK,Negative,False
Hypothyroidism,binary,VAN,binary,,,20,WEAK,Negative,False
UTI.CRO,binary,IAI.CRO,binary,,,20,WEAK,Negative,False
UTI.CRO,binary,ABSSSI.CRO,binary,,,20,WEAK,Negative,False
UTI.CRO,binary,HAP.CRO,binary,,,20,WEAK,Negative,False
UTI.CRO,binary,VAP.CRO,binary,,,20,WEAK,Negative,False
UTI.CRO,binary,CAP.CRO,binary,,,20,WEAK,Negative,False
UTI.CRO,binary,BSI.CRO,binary,,,20,WEAK,Negative,False
UTI.CRO,binary,Other.CRO,binary,,,20,WEAK,Negative,False
UTI.CRO,binary,UTI.NCRO,binary,,,20,WEAK,Negative,False
UTI.CRO,binary,IAI.NCRO,binary,,,20,WEAK,Negative,False
UTI.CRO,binary,HAP.NCRO,binary,,,20,WEAK,Negative,False
UTI.CRO,binary,VAP.NCRO,binary,,,20,WEAK,Negative,False
UTI.CRO,binary,CAP.NCRO,binary,,,20,WEAK,Negative,False
UTI.CRO,binary,BSI.NCRO,binary,,,20,WEAK,Negative,False
UTI.CRO,binary,Other.NCRO,binary,,,20,WEAK,Negative,False
UTI.CRO,binary,Hospitalization.in.past.6.Months,binary,,,20,WEAK,Negative,False
UTI.CRO,binary,CV.Catheter.in.6.Months,binary,,,20,WEAK,Negative,False
UTI.CRO,binary,CV.Catheter.Now,binary,,,20,WEAK,Negative,False
UTI.CRO,binary,Urinary.Catheter.in.6.Months,binary,,,20,WEAK,Negative,False
UTI.CRO,binary,Urinary.Catheter.Now,binary,,,20,WEAK,Negative,False
UTI.CRO,binary,Surgery.in.last.3.Months,binary,,,20,WEAK,Negative,False
UTI.CRO,binary,Past.CREPA.infection,binary,,,20,WEAK,Negative,False
UTI.CRO,binary,Endoscopy.in.1.week,binary,,,20,WEAK,Negative,False
UTI.CRO,binary,Dialysis.in.1.week,binary,,,20,WEAK,Negative,False
UTI.CRO,binary,Immunosuppressive.drugs.in.1.week,binary,,,20,WEAK,Negative,False
UTI.CRO,binary,Inotropes,binary,,,20,WEAK,Negative,False
UTI.CRO,binary,Dialysis.in.1.week.1,binary,,,20,WEAK,Negative,False
UTI.CRO,binary,Ventilation,binary,,,20,WEAK,Negative,False
UTI.CRO,binary,Overall.organ.support,binary,,,20,WEAK,Negative,False
UTI.CRO,binary,Neutropenia,binary,,,20,WEAK,Negative,False
UTI.CRO,binary,HIV.Present,binary,,,20,WEAK,Negative,False
UTI.CRO,binary,TB,binary,,,20,WEAK,Negative,False
UTI.CRO,binary,Any.Viral.Infection,binary,,,20,WEAK,Negative,False
UTI.CRO,binary,Any.Fungal.Infection,binary,,,20,WEAK,Negative,False
UTI.CRO,binary,Hemat.Malignancy,binary,,,20,WEAK,Negative,False
UTI.CRO,binary,Solid.Organ,binary,,,20,WEAK,Negative,False
UTI.CRO,binary,APACHEII,continuous,,,20,WEAK,Negative,False
UTI.CRO,binary,SOFA,continuous,,,20,WEAK,Negative,False
UTI.CRO,binary,Hb,binary,,,20,WEAK,Negative,False
UTI.CRO,binary,TLC,binary,,,20,WEAK,Negative,False
UTI.CRO,binary,ANC,binary,,,20,WEAK,Negative,False
UTI.CRO,binary,Lympho,binary,,,20,WEAK,Negative,False
UTI.CRO,binary,Platelet,binary,,,20,WEAK,Negative,False
UTI.CRO,binary,INR,binary,,,20,WEAK,Negative,False
UTI.CRO,binary,Bil,binary,,,20,WEAK,Negative,False
UTI.CRO,binary,SGPT,binary,,,20,WEAK,Negative,False
UTI.CRO,binary,SGOT,binary,,,20,WEAK,Negative,False
UTI.CRO,binary,Albumin,binary,,,20,WEAK,Negative,False
UTI.CRO,binary,Total.Protein,binary,,,20,WEAK,Negative,False
UTI.CRO,binary,Globulin,binary,,,20,WEAK,Negative,False
UTI.CRO,binary,ALP,binary,,,20,WEAK,Negative,False
UTI.CRO,binary,Creatinine,binary,,,20,WEAK,Negative,False
UTI.CRO,binary,Sodium,binary,,,20,WEAK,Negative,False
UTI.CRO,binary,Potassium,binary,,,20,WEAK,Negative,False
UTI.CRO,binary,Urea,binary,,,20,WEAK,Negative,False
UTI.CRO,binary,Calcium,binary,,,20,WEAK,Negative,False
UTI.CRO,binary,Magnesium,binary,,,20,WEAK,Negative,False
UTI.CRO,binary,Procalcitonin,binary,,,20,WEAK,Negative,False
UTI.CRO,binary,P.C.Z.A.E,binary,,,20,WEAK,Negative,False
UTI.CRO,binary,P.C.only.E,binary,,,20,WEAK,Negative,False
UTI.CRO,binary,Z.A.only.E,binary,,,20,WEAK,Negative,False
UTI.CRO,binary,Neither.Abx.E,binary,,,20,WEAK,Negative,False
UTI.CRO,binary,P.C.Z.A.T,binary,,,20,WEAK,Negative,False
UTI.CRO,binary,P.C.only.T,binary,,,20,WEAK,Negative,False
UTI.CRO,binary,Z.A.only.T,binary,,,20,WEAK,Negative,False
UTI.CRO,binary,Neither.Abx.T,binary,,,20,WEAK,Negative,False
UTI.CRO,binary,Amikacin,ordinal,,,20,WEAK,Negative,False
UTI.CRO,binary,Ciprofloxacin,ordinal,,,20,WEAK,Negative,False
UTI.CRO,binary,Colistin,ordinal,,,20,WEAK,Negative,False
UTI.CRO,binary,Cefepime,ordinal,,,20,WEAK,Negative,False
UTI.CRO,binary,Gentamicin,ordinal,,,20,WEAK,Negative,False
UTI.CRO,binary,Imipenem,ordinal,,,20,WEAK,Negative,False
UTI.CRO,binary,Levofloxacin,ordinal,,,20,WEAK,Negative,False
UTI.CRO,binary,Meropenem,ordinal,,,20,WEAK,Negative,False
UTI.CRO,binary,Minocycline,ordinal,,,20,WEAK,Negative,False
UTI.CRO,binary,Cefoperazone.Sulbactam,ordinal,,,20,WEAK,Negative,False
UTI.CRO,binary,Trimethoprim.Sulfamethoxazole,ordinal,,,20,WEAK,Negative,False
UTI.CRO,binary,Ceftazidime,ordinal,,,20,WEAK,Negative,False
UTI.CRO,binary,Piperacillin.Tazobactam,ordinal,,,20,WEAK,Negative,False
UTI.CRO,binary,Ampicillin.Sulbactam,ordinal,,,20,WEAK,Negative,False
UTI.CRO,binary,ESBL.Producer,binary,,,20,WEAK,Negative,False
UTI.CRO,binary,AmpC,binary,,,20,WEAK,Negative,False
UTI.CRO,binary,Carbapenemase,binary,,,20,WEAK,Negative,False
UTI.CRO,binary,MRSA,binary,,,20,WEAK,Negative,False
UTI.CRO,binary,VAN,binary,,,20,WEAK,Negative,False
UTI.CRO,binary,Meropenem.T,binary,,,20,WEAK,Negative,False
UTI.CRO,binary,P.C.Sulbactam.T,ordinal,,,20,WEAK,Negative,False
UTI.CRO,binary,Clinical.Improvement,ordinal,,,20,WEAK,Negative,False
UTI.CRO,binary,ICU.Stay.in.28.Days,continuous,,,20,WEAK,Negative,False
UTI.CRO,binary,GW.Stay.in.28.Days,continuous,,,20,WEAK,Negative,False
UTI.CRO,binary,Total.Hospital.Stay,continuous,,,20,WEAK,Negative,False
UTI.CRO,binary,Mortality.in.ICU,binary,,,20,WEAK,Negative,False
UTI.CRO,binary,Mortality.in.Hospital,binary,,,20,WEAK,Negative,False
UTI.CRO,binary,Mortality.post.28.Day.Discharge,binary,,,20,WEAK,Negative,False
UTI.CRO,binary,Overall.Mortality,binary,,,20,WEAK,Negative,False
UTI.CRO,binary,Relapse.post.28.Day.Discharge,binary,,,20,WEAK,Negative,False
UTI.CRO,binary,Other.Illness.Leading.to.Hospitalization.post.28.Days.Discharge,binary,,,20,WEAK,Negative,False
IAI.CRO,binary,ABSSSI.CRO,binary,,,20,WEAK,Negative,False
IAI.CRO,binary,HAP.CRO,binary,,,20,WEAK,Negative,False
IAI.CRO,binary,VAP.CRO,binary,,,20,WEAK,Negative,False
IAI.CRO,binary,CAP.CRO,binary,,,20,WEAK,Negative,False
IAI.CRO,binary,BSI.CRO,binary,,,20,WEAK,Negative,False
IAI.CRO,binary,Other.CRO,binary,,,20,WEAK,Negative,False
IAI.CRO,binary,UTI.NCRO,binary,,,20,WEAK,Negative,False
IAI.CRO,binary,IAI.NCRO,binary,,,20,WEAK,Negative,False
IAI.CRO,binary,HAP.NCRO,binary,,,20,WEAK,Negative,False
IAI.CRO,binary,VAP.NCRO,binary,,,20,WEAK,Negative,False
IAI.CRO,binary,CAP.NCRO,binary,,,20,WEAK,Negative,False
IAI.CRO,binary,BSI.NCRO,binary,,,20,WEAK,Negative,False
IAI.CRO,binary,Other.NCRO,binary,,,20,WEAK,Negative,False
IAI.CRO,binary,Hospitalization.in.past.6.Months,binary,,,20,WEAK,Negative,False
IAI.CRO,binary,CV.Catheter.in.6.Months,binary,,,20,WEAK,Negative,False
IAI.CRO,binary,CV.Catheter.Now,binary,,,20,WEAK,Negative,False
IAI.CRO,binary,Urinary.Catheter.in.6.Months,binary,,,20,WEAK,Negative,False
IAI.CRO,binary,Urinary.Catheter.Now,binary,,,20,WEAK,Negative,False
IAI.CRO,binary,Surgery.in.last.3.Months,binary,,,20,WEAK,Negative,False
IAI.CRO,binary,Past.CREPA.infection,binary,,,20,WEAK,Negative,False
IAI.CRO,binary,Endoscopy.in.1.week,binary,,,20,WEAK,Negative,False
IAI.CRO,binary,Dialysis.in.1.week,binary,,,20,WEAK,Negative,False
IAI.CRO,binary,Immunosuppressive.drugs.in.1.week,binary,,,20,WEAK,Negative,False
IAI.CRO,binary,Inotropes,binary,,,20,WEAK,Negative,False
IAI.CRO,binary,Dialysis.in.1.week.1,binary,,,20,WEAK,Negative,False
IAI.CRO,binary,Ventilation,binary,,,20,WEAK,Negative,False
IAI.CRO,binary,Overall.organ.support,binary,,,20,WEAK,Negative,False
IAI.CRO,binary,Neutropenia,binary,,,20,WEAK,Negative,False
IAI.CRO,binary,HIV.Present,binary,,,20,WEAK,Negative,False
IAI.CRO,binary,TB,binary,,,20,WEAK,Negative,False
IAI.CRO,binary,Any.Viral.Infection,binary,,,20,WEAK,Negative,False
IAI.CRO,binary,Any.Fungal.Infection,binary,,,20,WEAK,Negative,False
IAI.CRO,binary,Hemat.Malignancy,binary,,,20,WEAK,Negative,False
IAI.CRO,binary,Solid.Organ,binary,,,20,WEAK,Negative,False
IAI.CRO,binary,APACHEII,continuous,,,20,WEAK,Negative,False
IAI.CRO,binary,SOFA,continuous,,,20,WEAK,Negative,False
IAI.CRO,binary,Hb,binary,,,20,WEAK,Negative,False
IAI.CRO,binary,TLC,binary,,,20,WEAK,Negative,False
IAI.CRO,binary,ANC,binary,,,20,WEAK,Negative,False
IAI.CRO,binary,Lympho,binary,,,20,WEAK,Negative,False
IAI.CRO,binary,Platelet,binary,,,20,WEAK,Negative,False
IAI.CRO,binary,INR,binary,,,20,WEAK,Negative,False
IAI.CRO,binary,Bil,binary,,,20,WEAK,Negative,False
IAI.CRO,binary,SGPT,binary,,,20,WEAK,Negative,False
IAI.CRO,binary,SGOT,binary,,,20,WEAK,Negative,False
IAI.CRO,binary,Albumin,binary,,,20,WEAK,Negative,False
IAI.CRO,binary,Total.Protein,binary,,,20,WEAK,Negative,False
IAI.CRO,binary,Globulin,binary,,,20,WEAK,Negative,False
IAI.CRO,binary,ALP,binary,,,20,WEAK,Negative,False
IAI.CRO,binary,Creatinine,binary,,,20,WEAK,Negative,False
IAI.CRO,binary,Sodium,binary,,,20,WEAK,Negative,False
IAI.CRO,binary,Potassium,binary,,,20,WEAK,Negative,False
IAI.CRO,binary,Urea,binary,,,20,WEAK,Negative,False
IAI.CRO,binary,Calcium,binary,,,20,WEAK,Negative,False
IAI.CRO,binary,Magnesium,binary,,,20,WEAK,Negative,False
IAI.CRO,binary,Procalcitonin,binary,,,20,WEAK,Negative,False
IAI.CRO,binary,P.C.Z.A.E,binary,,,20,WEAK,Negative,False
IAI.CRO,binary,P.C.only.E,binary,,,20,WEAK,Negative,False
IAI.CRO,binary,Z.A.only.E,binary,,,20,WEAK,Negative,False
IAI.CRO,binary,Neither.Abx.E,binary,,,20,WEAK,Negative,False
IAI.CRO,binary,P.C.Z.A.T,binary,,,20,WEAK,Negative,False
IAI.CRO,binary,P.C.only.T,binary,,,20,WEAK,Negative,False
IAI.CRO,binary,Z.A.only.T,binary,,,20,WEAK,Negative,False
IAI.CRO,binary,Neither.Abx.T,binary,,,20,WEAK,Negative,False
IAI.CRO,binary,Amikacin,ordinal,,,20,WEAK,Negative,False
IAI.CRO,binary,Ciprofloxacin,ordinal,,,20,WEAK,Negative,False
IAI.CRO,binary,Colistin,ordinal,,,20,WEAK,Negative,False
IAI.CRO,binary,Cefepime,ordinal,,,20,WEAK,Negative,False
IAI.CRO,binary,Gentamicin,ordinal,,,20,WEAK,Negative,False
IAI.CRO,binary,Imipenem,ordinal,,,20,WEAK,Negative,False
IAI.CRO,binary,Levofloxacin,ordinal,,,20,WEAK,Negative,False
IAI.CRO,binary,Meropenem,ordinal,,,20,WEAK,Negative,False
IAI.CRO,binary,Minocycline,ordinal,,,20,WEAK,Negative,False
IAI.CRO,binary,Cefoperazone.Sulbactam,ordinal,,,20,WEAK,Negative,False
IAI.CRO,binary,Trimethoprim.Sulfamethoxazole,ordinal,,,20,WEAK,Negative,False
IAI.CRO,binary,Ceftazidime,ordinal,,,20,WEAK,Negative,False
IAI.CRO,binary,Piperacillin.Tazobactam,ordinal,,,20,WEAK,Negative,False
IAI.CRO,binary,Ampicillin.Sulbactam,ordinal,,,20,WEAK,Negative,False
IAI.CRO,binary,ESBL.Producer,binary,,,20,WEAK,Negative,False
IAI.CRO,binary,AmpC,binary,,,20,WEAK,Negative,False
IAI.CRO,binary,Carbapenemase,binary,,,20,WEAK,Negative,False
IAI.CRO,binary,MRSA,binary,,,20,WEAK,Negative,False
IAI.CRO,binary,VAN,binary,,,20,WEAK,Negative,False
IAI.CRO,binary,Meropenem.T,binary,,,20,WEAK,Negative,False
IAI.CRO,binary,P.C.Sulbactam.T,ordinal,,,20,WEAK,Negative,False
IAI.CRO,binary,Clinical.Improvement,ordinal,,,20,WEAK,Negative,False
IAI.CRO,binary,ICU.Stay.in.28.Days,continuous,,,20,WEAK,Negative,False
IAI.CRO,binary,GW.Stay.in.28.Days,continuous,,,20,WEAK,Negative,False
IAI.CRO,binary,Total.Hospital.Stay,continuous,,,20,WEAK,Negative,False
IAI.CRO,binary,Mortality.in.ICU,binary,,,20,WEAK,Negative,False
IAI.CRO,binary,Mortality.in.Hospital,binary,,,20,WEAK,Negative,False
IAI.CRO,binary,Mortality.post.28.Day.Discharge,binary,,,20,WEAK,Negative,False
IAI.CRO,binary,Overall.Mortality,binary,,,20,WEAK,Negative,False
IAI.CRO,binary,Relapse.post.28.Day.Discharge,binary,,,20,WEAK,Negative,False
IAI.CRO,binary,Other.Illness.Leading.to.Hospitalization.post.28.Days.Discharge,binary,,,20,WEAK,Negative,False
ABSSSI.CRO,binary,HAP.CRO,binary,,,20,WEAK,Negative,False
ABSSSI.CRO,binary,VAP.CRO,binary,,,20,WEAK,Negative,False
ABSSSI.CRO,binary,CAP.CRO,binary,,,20,WEAK,Negative,False
ABSSSI.CRO,binary,BSI.CRO,binary,,,20,WEAK,Negative,False
ABSSSI.CRO,binary,Other.CRO,binary,,,20,WEAK,Negative,False
ABSSSI.CRO,binary,UTI.NCRO,binary,,,20,WEAK,Negative,False
ABSSSI.CRO,binary,IAI.NCRO,binary,,,20,WEAK,Negative,False
ABSSSI.CRO,binary,HAP.NCRO,binary,,,20,WEAK,Negative,False
ABSSSI.CRO,binary,VAP.NCRO,binary,,,20,WEAK,Negative,False
ABSSSI.CRO,binary,CAP.NCRO,binary,,,20,WEAK,Negative,False
ABSSSI.CRO,binary,BSI.NCRO,binary,,,20,WEAK,Negative,False
ABSSSI.CRO,binary,Other.NCRO,binary,,,20,WEAK,Negative,False
ABSSSI.CRO,binary,Hospitalization.in.past.6.Months,binary,,,20,WEAK,Negative,False
ABSSSI.CRO,binary,CV.Catheter.in.6.Months,binary,,,20,WEAK,Negative,False
ABSSSI.CRO,binary,CV.Catheter.Now,binary,,,20,WEAK,Negative,False
ABSSSI.CRO,binary,Urinary.Catheter.in.6.Months,binary,,,20,WEAK,Negative,False
ABSSSI.CRO,binary,Urinary.Catheter.Now,binary,,,20,WEAK,Negative,False
ABSSSI.CRO,binary,Surgery.in.last.3.Months,binary,,,20,WEAK,Negative,False
ABSSSI.CRO,binary,Past.CREPA.infection,binary,,,20,WEAK,Negative,False
ABSSSI.CRO,binary,Endoscopy.in.1.week,binary,,,20,WEAK,Negative,False
ABSSSI.CRO,binary,Dialysis.in.1.week,binary,,,20,WEAK,Negative,False
ABSSSI.CRO,binary,Immunosuppressive.drugs.in.1.week,binary,,,20,WEAK,Negative,False
ABSSSI.CRO,binary,Inotropes,binary,,,20,WEAK,Negative,False
ABSSSI.CRO,binary,Dialysis.in.1.week.1,binary,,,20,WEAK,Negative,False
ABSSSI.CRO,binary,Ventilation,binary,,,20,WEAK,Negative,False
ABSSSI.CRO,binary,Overall.organ.support,binary,,,20,WEAK,Negative,False
ABSSSI.CRO,binary,Neutropenia,binary,,,20,WEAK,Negative,False
ABSSSI.CRO,binary,HIV.Present,binary,,,20,WEAK,Negative,False
ABSSSI.CRO,binary,TB,binary,,,20,WEAK,Negative,False
ABSSSI.CRO,binary,Any.Viral.Infection,binary,,,20,WEAK,Negative,False
ABSSSI.CRO,binary,Any.Fungal.Infection,binary,,,20,WEAK,Negative,False
ABSSSI.CRO,binary,Hemat.Malignancy,binary,,,20,WEAK,Negative,False
ABSSSI.CRO,binary,Solid.Organ,binary,,,20,WEAK,Negative,False
ABSSSI.CRO,binary,APACHEII,continuous,,,20,WEAK,Negative,False
ABSSSI.CRO,binary,SOFA,continuous,,,20,WEAK,Negative,False
ABSSSI.CRO,binary,Hb,binary,,,20,WEAK,Negative,False
ABSSSI.CRO,binary,TLC,binary,,,20,WEAK,Negative,False
ABSSSI.CRO,binary,ANC,binary,,,20,WEAK,Negative,False
ABSSSI.CRO,binary,Lympho,binary,,,20,WEAK,Negative,False
ABSSSI.CRO,binary,Platelet,binary,,,20,WEAK,Negative,False
ABSSSI.CRO,binary,INR,binary,,,20,WEAK,Negative,False
ABSSSI.CRO,binary,Bil,binary,,,20,WEAK,Negative,False
ABSSSI.CRO,binary,SGPT,binary,,,20,WEAK,Negative,False
ABSSSI.CRO,binary,SGOT,binary,,,20,WEAK,Negative,False
ABSSSI.CRO,binary,Albumin,binary,,,20,WEAK,Negative,False
ABSSSI.CRO,binary,Total.Protein,binary,,,20,WEAK,Negative,False
ABSSSI.CRO,binary,Globulin,binary,,,20,WEAK,Negative,False
ABSSSI.CRO,binary,ALP,binary,,,20,WEAK,Negative,False
ABSSSI.CRO,binary,Creatinine,binary,,,20,WEAK,Negative,False
ABSSSI.CRO,binary,Sodium,binary,,,20,WEAK,Negative,False
ABSSSI.CRO,binary,Potassium,binary,,,20,WEAK,Negative,False
ABSSSI.CRO,binary,Urea,binary,,,20,WEAK,Negative,False
ABSSSI.CRO,binary,Calcium,binary,,,20,WEAK,Negative,False
ABSSSI.CRO,binary,Magnesium,binary,,,20,WEAK,Negative,False
ABSSSI.CRO,binary,Procalcitonin,binary,,,20,WEAK,Negative,False
ABSSSI.CRO,binary,P.C.Z.A.E,binary,,,20,WEAK,Negative,False
ABSSSI.CRO,binary,P.C.only.E,binary,,,20,WEAK,Negative,False
ABSSSI.CRO,binary,Z.A.only.E,binary,,,20,WEAK,Negative,False
ABSSSI.CRO,binary,Neither.Abx.E,binary,,,20,WEAK,Negative,False
ABSSSI.CRO,binary,P.C.Z.A.T,binary,,,20,WEAK,Negative,False
ABSSSI.CRO,binary,P.C.only.T,binary,,,20,WEAK,Negative,False
ABSSSI.CRO,binary,Z.A.only.T,binary,,,20,WEAK,Negative,False
ABSSSI.CRO,binary,Neither.Abx.T,binary,,,20,WEAK,Negative,False
ABSSSI.CRO,binary,Amikacin,ordinal,,,20,WEAK,Negative,False
ABSSSI.CRO,binary,Ciprofloxacin,ordinal,,,20,WEAK,Negative,False
ABSSSI.CRO,binary,Colistin,ordinal,,,20,WEAK,Negative,False
ABSSSI.CRO,binary,Cefepime,ordinal,,,20,WEAK,Negative,False
ABSSSI.CRO,binary,Gentamicin,ordinal,,,20,WEAK,Negative,False
ABSSSI.CRO,binary,Imipenem,ordinal,,,20,WEAK,Negative,False
ABSSSI.CRO,binary,Levofloxacin,ordinal,,,20,WEAK,Negative,False
ABSSSI.CRO,binary,Meropenem,ordinal,,,20,WEAK,Negative,False
ABSSSI.CRO,binary,Minocycline,ordinal,,,20,WEAK,Negative,False
ABSSSI.CRO,binary,Cefoperazone.Sulbactam,ordinal,,,20,WEAK,Negative,False
ABSSSI.CRO,binary,Trimethoprim.Sulfamethoxazole,ordinal,,,20,WEAK,Negative,False
ABSSSI.CRO,binary,Ceftazidime,ordinal,,,20,WEAK,Negative,False
ABSSSI.CRO,binary,Piperacillin.Tazobactam,ordinal,,,20,WEAK,Negative,False
ABSSSI.CRO,binary,Ampicillin.Sulbactam,ordinal,,,20,WEAK,Negative,False
ABSSSI.CRO,binary,ESBL.Producer,binary,,,20,WEAK,Negative,False
ABSSSI.CRO,binary,AmpC,binary,,,20,WEAK,Negative,False
ABSSSI.CRO,binary,Carbapenemase,binary,,,20,WEAK,Negative,False
ABSSSI.CRO,binary,MRSA,binary,,,20,WEAK,Negative,False
ABSSSI.CRO,binary,VAN,binary,,,20,WEAK,Negative,False
ABSSSI.CRO,binary,Meropenem.T,binary,,,20,WEAK,Negative,False
ABSSSI.CRO,binary,P.C.Sulbactam.T,ordinal,,,20,WEAK,Negative,False
ABSSSI.CRO,binary,Clinical.Improvement,ordinal,,,20,WEAK,Negative,False
ABSSSI.CRO,binary,ICU.Stay.in.28.Days,continuous,,,20,WEAK,Negative,False
ABSSSI.CRO,binary,GW.Stay.in.28.Days,continuous,,,20,WEAK,Negative,False
ABSSSI.CRO,binary,Total.Hospital.Stay,continuous,,,20,WEAK,Negative,False
ABSSSI.CRO,binary,Mortality.in.ICU,binary,,,20,WEAK,Negative,False
ABSSSI.CRO,binary,Mortality.in.Hospital,binary,,,20,WEAK,Negative,False
ABSSSI.CRO,binary,Mortality.post.28.Day.Discharge,binary,,,20,WEAK,Negative,False
ABSSSI.CRO,binary,Overall.Mortality,binary,,,20,WEAK,Negative,False
ABSSSI.CRO,binary,Relapse.post.28.Day.Discharge,binary,,,20,WEAK,Negative,False
ABSSSI.CRO,binary,Other.Illness.Leading.to.Hospitalization.post.28.Days.Discharge,binary,,,20,WEAK,Negative,False
HAP.CRO,binary,UTI.NCRO,binary,,,20,WEAK,Negative,False
HAP.CRO,binary,IAI.NCRO,binary,,,20,WEAK,Negative,False
HAP.CRO,binary,VAP.NCRO,binary,,,20,WEAK,Negative,False
HAP.CRO,binary,CAP.NCRO,binary,,,20,WEAK,Negative,False
HAP.CRO,binary,BSI.NCRO,binary,,,20,WEAK,Negative,False
HAP.CRO,binary,Other.NCRO,binary,,,20,WEAK,Negative,False
HAP.CRO,binary,CV.Catheter.Now,binary,,,20,WEAK,Negative,False
HAP.CRO,binary,Urinary.Catheter.Now,binary,,,20,WEAK,Negative,False
HAP.CRO,binary,Endoscopy.in.1.week,binary,,,20,WEAK,Negative,False
HAP.CRO,binary,Dialysis.in.1.week,binary,,,20,WEAK,Negative,False
HAP.CRO,binary,Dialysis.in.1.week.1,binary,,,20,WEAK,Negative,False
HAP.CRO,binary,HIV.Present,binary,,,20,WEAK,Negative,False
HAP.CRO,binary,Hb,binary,,,20,WEAK,Negative,False
HAP.CRO,binary,INR,binary,,,20,WEAK,Negative,False
HAP.CRO,binary,Ciprofloxacin,ordinal,,,20,WEAK,Negative,False
HAP.CRO,binary,Colistin,ordinal,,,20,WEAK,Negative,False
HAP.CRO,binary,Cefepime,ordinal,,,20,WEAK,Negative,False
HAP.CRO,binary,Gentamicin,ordinal,,,20,WEAK,Negative,False
HAP.CRO,binary,Imipenem,ordinal,,,20,WEAK,Negative,False
HAP.CRO,binary,Levofloxacin,ordinal,,,20,WEAK,Negative,False
HAP.CRO,binary,Meropenem,ordinal,,,20,WEAK,Negative,False
HAP.CRO,binary,Cefoperazone.Sulbactam,ordinal,,,20,WEAK,Negative,False
HAP.CRO,binary,Ceftazidime,ordinal,,,20,WEAK,Negative,False
HAP.CRO,binary,Piperacillin.Tazobactam,ordinal,,,20,WEAK,Negative,False
HAP.CRO,binary,ESBL.Producer,binary,,,20,WEAK,Negative,False
HAP.CRO,binary,AmpC,binary,,,20,WEAK,Negative,False
HAP.CRO,binary,Carbapenemase,binary,,,20,WEAK,Negative,False
HAP.CRO,binary,MRSA,binary,,,20,WEAK,Negative,False
HAP.CRO,binary,VAN,binary,,,20,WEAK,Negative,False
VAP.CRO,binary,UTI.NCRO,binary,,,20,WEAK,Negative,False
VAP.CRO,binary,IAI.NCRO,binary,,,20,WEAK,Negative,False
VAP.CRO,binary,VAP.NCRO,binary,,,20,WEAK,Negative,False
VAP.CRO,binary,CAP.NCRO,binary,,,20,WEAK,Negative,False
VAP.CRO,binary,BSI.NCRO,binary,,,20,WEAK,Negative,False
VAP.CRO,binary,Other.NCRO,binary,,,20,WEAK,Negative,False
VAP.CRO,binary,CV.Catheter.Now,binary,,,20,WEAK,Negative,False
VAP.CRO,binary,Urinary.Catheter.Now,binary,,,20,WEAK,Negative,False
VAP.CRO,binary,Endoscopy.in.1.week,binary,,,20,WEAK,Negative,False
VAP.CRO,binary,Dialysis.in.1.week,binary,,,20,WEAK,Negative,False
VAP.CRO,binary,Dialysis.in.1.week.1,binary,,,20,WEAK,Negative,False
VAP.CRO,binary,HIV.Present,binary,,,20,WEAK,Negative,False
VAP.CRO,binary,Hb,binary,,,20,WEAK,Negative,False
VAP.CRO,binary,INR,binary,,,20,WEAK,Negative,False
VAP.CRO,binary,Ciprofloxacin,ordinal,,,20,WEAK,Negative,False
VAP.CRO,binary,Colistin,ordinal,,,20,WEAK,Negative,False
VAP.CRO,binary,Cefepime,ordinal,,,20,WEAK,Negative,False
VAP.CRO,binary,Gentamicin,ordinal,,,20,WEAK,Negative,False
VAP.CRO,binary,Imipenem,ordinal,,,20,WEAK,Negative,False
VAP.CRO,binary,Levofloxacin,ordinal,,,20,WEAK,Negative,False
VAP.CRO,binary,Meropenem,ordinal,,,20,WEAK,Negative,False
VAP.CRO,binary,Cefoperazone.Sulbactam,ordinal,,,20,WEAK,Negative,False
VAP.CRO,binary,Ceftazidime,ordinal,,,20,WEAK,Negative,False
VAP.CRO,binary,Piperacillin.Tazobactam,ordinal,,,20,WEAK,Negative,False
VAP.CRO,binary,ESBL.Producer,binary,,,20,WEAK,Negative,False
VAP.CRO,binary,AmpC,binary,,,20,WEAK,Negative,False
VAP.CRO,binary,Carbapenemase,binary,,,20,WEAK,Negative,False
VAP.CRO,binary,MRSA,binary,,,20,WEAK,Negative,False
VAP.CRO,binary,VAN,binary,,,20,WEAK,Negative,False
CAP.CRO,binary,UTI.NCRO,binary,,,20,WEAK,Negative,False
CAP.CRO,binary,IAI.NCRO,binary,,,20,WEAK,Negative,False
CAP.CRO,binary,VAP.NCRO,binary,,,20,WEAK,Negative,False
CAP.CRO,binary,CAP.NCRO,binary,,,20,WEAK,Negative,False
CAP.CRO,binary,BSI.NCRO,binary,,,20,WEAK,Negative,False
CAP.CRO,binary,Other.NCRO,binary,,,20,WEAK,Negative,False
CAP.CRO,binary,CV.Catheter.Now,binary,,,20,WEAK,Negative,False
CAP.CRO,binary,Urinary.Catheter.Now,binary,,,20,WEAK,Negative,False
CAP.CRO,binary,Endoscopy.in.1.week,binary,,,20,WEAK,Negative,False
CAP.CRO,binary,Dialysis.in.1.week,binary,,,20,WEAK,Negative,False
CAP.CRO,binary,Dialysis.in.1.week.1,binary,,,20,WEAK,Negative,False
CAP.CRO,binary,HIV.Present,binary,,,20,WEAK,Negative,False
CAP.CRO,binary,Hb,binary,,,20,WEAK,Negative,False
CAP.CRO,binary,INR,binary,,,20,WEAK,Negative,False
CAP.CRO,binary,Ciprofloxacin,ordinal,,,20,WEAK,Negative,False
CAP.CRO,binary,Colistin,ordinal,,,20,WEAK,Negative,False
CAP.CRO,binary,Cefepime,ordinal,,,20,WEAK,Negative,False
CAP.CRO,binary,Gentamicin,ordinal,,,20,WEAK,Negative,False
CAP.CRO,binary,Imipenem,ordinal,,,20,WEAK,Negative,False
CAP.CRO,binary,Levofloxacin,ordinal,,,20,WEAK,Negative,False
CAP.CRO,binary,Meropenem,ordinal,,,20,WEAK,Negative,False
CAP.CRO,binary,Cefoperazone.Sulbactam,ordinal,,,20,WEAK,Negative,False
CAP.CRO,binary,Ceftazidime,ordinal,,,20,WEAK,Negative,False
CAP.CRO,binary,Piperacillin.Tazobactam,ordinal,,,20,WEAK,Negative,False
CAP.CRO,binary,ESBL.Producer,binary,,,20,WEAK,Negative,False
CAP.CRO,binary,AmpC,binary,,,20,WEAK,Negative,False
CAP.CRO,binary,Carbapenemase,binary,,,20,WEAK,Negative,False
CAP.CRO,binary,MRSA,binary,,,20,WEAK,Negative,False
CAP.CRO,binary,VAN,binary,,,20,WEAK,Negative,False
BSI.CRO,binary,UTI.NCRO,binary,,,20,WEAK,Negative,False
BSI.CRO,binary,IAI.NCRO,binary,,,20,WEAK,Negative,False
BSI.CRO,binary,VAP.NCRO,binary,,,20,WEAK,Negative,False
BSI.CRO,binary,CAP.NCRO,binary,,,20,WEAK,Negative,False
BSI.CRO,binary,BSI.NCRO,binary,,,20,WEAK,Negative,False
BSI.CRO,binary,Other.NCRO,binary,,,20,WEAK,Negative,False
BSI.CRO,binary,CV.Catheter.Now,binary,,,20,WEAK,Negative,False
BSI.CRO,binary,Urinary.Catheter.Now,binary,,,20,WEAK,Negative,False
BSI.CRO,binary,Endoscopy.in.1.week,binary,,,20,WEAK,Negative,False
BSI.CRO,binary,Dialysis.in.1.week,binary,,,20,WEAK,Negative,False
BSI.CRO,binary,Dialysis.in.1.week.1,binary,,,20,WEAK,Negative,False
BSI.CRO,binary,HIV.Present,binary,,,20,WEAK,Negative,False
BSI.CRO,binary,Hb,binary,,,20,WEAK,Negative,False
BSI.CRO,binary,INR,binary,,,20,WEAK,Negative,False
BSI.CRO,binary,Ciprofloxacin,ordinal,,,20,WEAK,Negative,False
BSI.CRO,binary,Colistin,ordinal,,,20,WEAK,Negative,False
BSI.CRO,binary,Cefepime,ordinal,,,20,WEAK,Negative,False
BSI.CRO,binary,Gentamicin,ordinal,,,20,WEAK,Negative,False
BSI.CRO,binary,Imipenem,ordinal,,,20,WEAK,Negative,False
BSI.CRO,binary,Levofloxacin,ordinal,,,20,WEAK,Negative,False
BSI.CRO,binary,Meropenem,ordinal,,,20,WEAK,Negative,False
BSI.CRO,binary,Cefoperazone.Sulbactam,ordinal,,,20,WEAK,Negative,False
BSI.CRO,binary,Ceftazidime,ordinal,,,20,WEAK,Negative,False
BSI.CRO,binary,Piperacillin.Tazobactam,ordinal,,,20,WEAK,Negative,False
BSI.CRO,binary,ESBL.Producer,binary,,,20,WEAK,Negative,False
BSI.CRO,binary,AmpC,binary,,,20,WEAK,Negative,False
BSI.CRO,binary,Carbapenemase,binary,,,20,WEAK,Negative,False
BSI.CRO,binary,MRSA,binary,,,20,WEAK,Negative,False
BSI.CRO,binary,VAN,binary,,,20,WEAK,Negative,False
Other.CRO,binary,UTI.NCRO,binary,,,20,WEAK,Negative,False
Other.CRO,binary,IAI.NCRO,binary,,,20,WEAK,Negative,False
Other.CRO,binary,VAP.NCRO,binary,,,20,WEAK,Negative,False
Other.CRO,binary,CAP.NCRO,binary,,,20,WEAK,Negative,False
Other.CRO,binary,BSI.NCRO,binary,,,20,WEAK,Negative,False
Other.CRO,binary,Other.NCRO,binary,,,20,WEAK,Negative,False
Other.CRO,binary,CV.Catheter.Now,binary,,,20,WEAK,Negative,False
Other.CRO,binary,Urinary.Catheter.Now,binary,,,20,WEAK,Negative,False
Other.CRO,binary,Endoscopy.in.1.week,binary,,,20,WEAK,Negative,False
Other.CRO,binary,Dialysis.in.1.week,binary,,,20,WEAK,Negative,False
Other.CRO,binary,Dialysis.in.1.week.1,binary,,,20,WEAK,Negative,False
Other.CRO,binary,HIV.Present,binary,,,20,WEAK,Negative,False
Other.CRO,binary,Hb,binary,,,20,WEAK,Negative,False
Other.CRO,binary,INR,binary,,,20,WEAK,Negative,False
Other.CRO,binary,Ciprofloxacin,ordinal,,,20,WEAK,Negative,False
Other.CRO,binary,Colistin,ordinal,,,20,WEAK,Negative,False
Other.CRO,binary,Cefepime,ordinal,,,20,WEAK,Negative,False
Other.CRO,binary,Gentamicin,ordinal,,,20,WEAK,Negative,False
Other.CRO,binary,Imipenem,ordinal,,,20,WEAK,Negative,False
Other.CRO,binary,Levofloxacin,ordinal,,,20,WEAK,Negative,False
Other.CRO,binary,Meropenem,ordinal,,,20,WEAK,Negative,False
Other.CRO,binary,Cefoperazone.Sulbactam,ordinal,,,20,WEAK,Negative,False
Other.CRO,binary,Ceftazidime,ordinal,,,20,WEAK,Negative,False
Other.CRO,binary,Piperacillin.Tazobactam,ordinal,,,20,WEAK,Negative,False
Other.CRO,binary,ESBL.Producer,binary,,,20,WEAK,Negative,False
Other.CRO,binary,AmpC,binary,,,20,WEAK,Negative,False
Other.CRO,binary,Carbapenemase,binary,,,20,WEAK,Negative,False
Other.CRO,binary,MRSA,binary,,,20,WEAK,Negative,False
Other.CRO,binary,VAN,binary,,,20,WEAK,Negative,False
UTI.NCRO,binary,IAI.NCRO,binary,,,20,WEAK,Negative,False
UTI.NCRO,binary,HAP.NCRO,binary,,,20,WEAK,Negative,False
UTI.NCRO,binary,VAP.NCRO,binary,,,20,WEAK,Negative,False
UTI.NCRO,binary,CAP.NCRO,binary,,,20,WEAK,Negative,False
UTI.NCRO,binary,BSI.NCRO,binary,,,20,WEAK,Negative,False
UTI.NCRO,binary,Other.NCRO,binary,,,20,WEAK,Negative,False
UTI.NCRO,binary,Hospitalization.in.past.6.Months,binary,,,20,WEAK,Negative,False
UTI.NCRO,binary,CV.Catheter.in.6.Months,binary,,,20,WEAK,Negative,False
UTI.NCRO,binary,CV.Catheter.Now,binary,,,20,WEAK,Negative,False
UTI.NCRO,binary,Urinary.Catheter.in.6.Months,binary,,,20,WEAK,Negative,False
UTI.NCRO,binary,Urinary.Catheter.Now,binary,,,20,WEAK,Negative,False
UTI.NCRO,binary,Surgery.in.last.3.Months,binary,,,20,WEAK,Negative,False
UTI.NCRO,binary,Past.CREPA.infection,binary,,,20,WEAK,Negative,False
UTI.NCRO,binary,Endoscopy.in.1.week,binary,,,20,WEAK,Negative,False
UTI.NCRO,binary,Dialysis.in.1.week,binary,,,20,WEAK,Negative,False
UTI.NCRO,binary,Immunosuppressive.drugs.in.1.week,binary,,,20,WEAK,Negative,False
UTI.NCRO,binary,Inotropes,binary,,,20,WEAK,Negative,False
UTI.NCRO,binary,Dialysis.in.1.week.1,binary,,,20,WEAK,Negative,False
UTI.NCRO,binary,Ventilation,binary,,,20,WEAK,Negative,False
UTI.NCRO,binary,Overall.organ.support,binary,,,20,WEAK,Negative,False
UTI.NCRO,binary,Neutropenia,binary,,,20,WEAK,Negative,False
UTI.NCRO,binary,HIV.Present,binary,,,20,WEAK,Negative,False
UTI.NCRO,binary,TB,binary,,,20,WEAK,Negative,False
UTI.NCRO,binary,Any.Viral.Infection,binary,,,20,WEAK,Negative,False
UTI.NCRO,binary,Any.Fungal.Infection,binary,,,20,WEAK,Negative,False
UTI.NCRO,binary,Hemat.Malignancy,binary,,,20,WEAK,Negative,False
UTI.NCRO,binary,Solid.Organ,binary,,,20,WEAK,Negative,False
UTI.NCRO,binary,APACHEII,continuous,,,20,WEAK,Negative,False
UTI.NCRO,binary,SOFA,continuous,,,20,WEAK,Negative,False
UTI.NCRO,binary,Hb,binary,,,20,WEAK,Negative,False
UTI.NCRO,binary,TLC,binary,,,20,WEAK,Negative,False
UTI.NCRO,binary,ANC,binary,,,20,WEAK,Negative,False
UTI.NCRO,binary,Lympho,binary,,,20,WEAK,Negative,False
UTI.NCRO,binary,Platelet,binary,,,20,WEAK,Negative,False
UTI.NCRO,binary,INR,binary,,,20,WEAK,Negative,False
UTI.NCRO,binary,Bil,binary,,,20,WEAK,Negative,False
UTI.NCRO,binary,SGPT,binary,,,20,WEAK,Negative,False
UTI.NCRO,binary,SGOT,binary,,,20,WEAK,Negative,False
UTI.NCRO,binary,Albumin,binary,,,20,WEAK,Negative,False
UTI.NCRO,binary,Total.Protein,binary,,,20,WEAK,Negative,False
UTI.NCRO,binary,Globulin,binary,,,20,WEAK,Negative,False
UTI.NCRO,binary,ALP,binary,,,20,WEAK,Negative,False
UTI.NCRO,binary,Creatinine,binary,,,20,WEAK,Negative,False
UTI.NCRO,binary,Sodium,binary,,,20,WEAK,Negative,False
UTI.NCRO,binary,Potassium,binary,,,20,WEAK,Negative,False
UTI.NCRO,binary,Urea,binary,,,20,WEAK,Negative,False
UTI.NCRO,binary,Calcium,binary,,,20,WEAK,Negative,False
UTI.NCRO,binary,Magnesium,binary,,,20,WEAK,Negative,False
UTI.NCRO,binary,Procalcitonin,binary,,,20,WEAK,Negative,False
UTI.NCRO,binary,P.C.Z.A.E,binary,,,20,WEAK,Negative,False
UTI.NCRO,binary,P.C.only.E,binary,,,20,WEAK,Negative,False
UTI.NCRO,binary,Z.A.only.E,binary,,,20,WEAK,Negative,False
UTI.NCRO,binary,Neither.Abx.E,binary,,,20,WEAK,Negative,False
UTI.NCRO,binary,P.C.Z.A.T,binary,,,20,WEAK,Negative,False
UTI.NCRO,binary,P.C.only.T,binary,,,20,WEAK,Negative,False
UTI.NCRO,binary,Z.A.only.T,binary,,,20,WEAK,Negative,False
UTI.NCRO,binary,Neither.Abx.T,binary,,,20,WEAK,Negative,False
UTI.NCRO,binary,Amikacin,ordinal,,,20,WEAK,Negative,False
UTI.NCRO,binary,Ciprofloxacin,ordinal,,,20,WEAK,Negative,False
UTI.NCRO,binary,Colistin,ordinal,,,20,WEAK,Negative,False
UTI.NCRO,binary,Cefepime,ordinal,,,20,WEAK,Negative,False
UTI.NCRO,binary,Gentamicin,ordinal,,,20,WEAK,Negative,False
UTI.NCRO,binary,Imipenem,ordinal,,,20,WEAK,Negative,False
UTI.NCRO,binary,Levofloxacin,ordinal,,,20,WEAK,Negative,False
UTI.NCRO,binary,Meropenem,ordinal,,,20,WEAK,Negative,False
UTI.NCRO,binary,Minocycline,ordinal,,,20,WEAK,Negative,False
UTI.NCRO,binary,Cefoperazone.Sulbactam,ordinal,,,20,WEAK,Negative,False
UTI.NCRO,binary,Trimethoprim.Sulfamethoxazole,ordinal,,,20,WEAK,Negative,False
UTI.NCRO,binary,Ceftazidime,ordinal,,,20,WEAK,Negative,False
UTI.NCRO,binary,Piperacillin.Tazobactam,ordinal,,,20,WEAK,Negative,False
UTI.NCRO,binary,Ampicillin.Sulbactam,ordinal,,,20,WEAK,Negative,False
UTI.NCRO,binary,ESBL.Producer,binary,,,20,WEAK,Negative,False
UTI.NCRO,binary,AmpC,binary,,,20,WEAK,Negative,False
UTI.NCRO,binary,Carbapenemase,binary,,,20,WEAK,Negative,False
UTI.NCRO,binary,MRSA,binary,,,20,WEAK,Negative,False
UTI.NCRO,binary,VAN,binary,,,20,WEAK,Negative,False
UTI.NCRO,binary,Meropenem.T,binary,,,20,WEAK,Negative,False
UTI.NCRO,binary,P.C.Sulbactam.T,ordinal,,,20,WEAK,Negative,False
UTI.NCRO,binary,Clinical.Improvement,ordinal,,,20,WEAK,Negative,False
UTI.NCRO,binary,ICU.Stay.in.28.Days,continuous,,,20,WEAK,Negative,False
UTI.NCRO,binary,GW.Stay.in.28.Days,continuous,,,20,WEAK,Negative,False
UTI.NCRO,binary,Total.Hospital.Stay,continuous,,,20,WEAK,Negative,False
UTI.NCRO,binary,Mortality.in.ICU,binary,,,20,WEAK,Negative,False
UTI.NCRO,binary,Mortality.in.Hospital,binary,,,20,WEAK,Negative,False
UTI.NCRO,binary,Mortality.post.28.Day.Discharge,binary,,,20,WEAK,Negative,False
UTI.NCRO,binary,Overall.Mortality,binary,,,20,WEAK,Negative,False
UTI.NCRO,binary,Relapse.post.28.Day.Discharge,binary,,,20,WEAK,Negative,False
UTI.NCRO,binary,Other.Illness.Leading.to.Hospitalization.post.28.Days.Discharge,binary,,,20,WEAK,Negative,False
IAI.NCRO,binary,HAP.NCRO,binary,,,20,WEAK,Negative,False
IAI.NCRO,binary,VAP.NCRO,binary,,,20,WEAK,Negative,False
IAI.NCRO,binary,CAP.NCRO,binary,,,20,WEAK,Negative,False
IAI.NCRO,binary,BSI.NCRO,binary,,,20,WEAK,Negative,False
IAI.NCRO,binary,Other.NCRO,binary,,,20,WEAK,Negative,False
IAI.NCRO,binary,Hospitalization.in.past.6.Months,binary,,,20,WEAK,Negative,False
IAI.NCRO,binary,CV.Catheter.in.6.Months,binary,,,20,WEAK,Negative,False
IAI.NCRO,binary,CV.Catheter.Now,binary,,,20,WEAK,Negative,False
IAI.NCRO,binary,Urinary.Catheter.in.6.Months,binary,,,20,WEAK,Negative,False
IAI.NCRO,binary,Urinary.Catheter.Now,binary,,,20,WEAK,Negative,False
IAI.NCRO,binary,Surgery.in.last.3.Months,binary,,,20,WEAK,Negative,False
IAI.NCRO,binary,Past.CREPA.infection,binary,,,20,WEAK,Negative,False
IAI.NCRO,binary,Endoscopy.in.1.week,binary,,,20,WEAK,Negative,False
IAI.NCRO,binary,Dialysis.in.1.week,binary,,,20,WEAK,Negative,False
IAI.NCRO,binary,Immunosuppressive.drugs.in.1.week,binary,,,20,WEAK,Negative,False
IAI.NCRO,binary,Inotropes,binary,,,20,WEAK,Negative,False
IAI.NCRO,binary,Dialysis.in.1.week.1,binary,,,20,WEAK,Negative,False
IAI.NCRO,binary,Ventilation,binary,,,20,WEAK,Negative,False
IAI.NCRO,binary,Overall.organ.support,binary,,,20,WEAK,Negative,False
IAI.NCRO,binary,Neutropenia,binary,,,20,WEAK,Negative,False
IAI.NCRO,binary,HIV.Present,binary,,,20,WEAK,Negative,False
IAI.NCRO,binary,TB,binary,,,20,WEAK,Negative,False
IAI.NCRO,binary,Any.Viral.Infection,binary,,,20,WEAK,Negative,False
IAI.NCRO,binary,Any.Fungal.Infection,binary,,,20,WEAK,Negative,False
IAI.NCRO,binary,Hemat.Malignancy,binary,,,20,WEAK,Negative,False
IAI.NCRO,binary,Solid.Organ,binary,,,20,WEAK,Negative,False
IAI.NCRO,binary,APACHEII,continuous,,,20,WEAK,Negative,False
IAI.NCRO,binary,SOFA,continuous,,,20,WEAK,Negative,False
IAI.NCRO,binary,Hb,binary,,,20,WEAK,Negative,False
IAI.NCRO,binary,TLC,binary,,,20,WEAK,Negative,False
IAI.NCRO,binary,ANC,binary,,,20,WEAK,Negative,False
IAI.NCRO,binary,Lympho,binary,,,20,WEAK,Negative,False
IAI.NCRO,binary,Platelet,binary,,,20,WEAK,Negative,False
IAI.NCRO,binary,INR,binary,,,20,WEAK,Negative,False
IAI.NCRO,binary,Bil,binary,,,20,WEAK,Negative,False
IAI.NCRO,binary,SGPT,binary,,,20,WEAK,Negative,False
IAI.NCRO,binary,SGOT,binary,,,20,WEAK,Negative,False
IAI.NCRO,binary,Albumin,binary,,,20,WEAK,Negative,False
IAI.NCRO,binary,Total.Protein,binary,,,20,WEAK,Negative,False
IAI.NCRO,binary,Globulin,binary,,,20,WEAK,Negative,False
IAI.NCRO,binary,ALP,binary,,,20,WEAK,Negative,False
IAI.NCRO,binary,Creatinine,binary,,,20,WEAK,Negative,False
IAI.NCRO,binary,Sodium,binary,,,20,WEAK,Negative,False
IAI.NCRO,binary,Potassium,binary,,,20,WEAK,Negative,False
IAI.NCRO,binary,Urea,binary,,,20,WEAK,Negative,False
IAI.NCRO,binary,Calcium,binary,,,20,WEAK,Negative,False
IAI.NCRO,binary,Magnesium,binary,,,20,WEAK,Negative,False
IAI.NCRO,binary,Procalcitonin,binary,,,20,WEAK,Negative,False
IAI.NCRO,binary,P.C.Z.A.E,binary,,,20,WEAK,Negative,False
IAI.NCRO,binary,P.C.only.E,binary,,,20,WEAK,Negative,False
IAI.NCRO,binary,Z.A.only.E,binary,,,20,WEAK,Negative,False
IAI.NCRO,binary,Neither.Abx.E,binary,,,20,WEAK,Negative,False
IAI.NCRO,binary,P.C.Z.A.T,binary,,,20,WEAK,Negative,False
IAI.NCRO,binary,P.C.only.T,binary,,,20,WEAK,Negative,False
IAI.NCRO,binary,Z.A.only.T,binary,,,20,WEAK,Negative,False
IAI.NCRO,binary,Neither.Abx.T,binary,,,20,WEAK,Negative,False
IAI.NCRO,binary,Amikacin,ordinal,,,20,WEAK,Negative,False
IAI.NCRO,binary,Ciprofloxacin,ordinal,,,20,WEAK,Negative,False
IAI.NCRO,binary,Colistin,ordinal,,,20,WEAK,Negative,False
IAI.NCRO,binary,Cefepime,ordinal,,,20,WEAK,Negative,False
IAI.NCRO,binary,Gentamicin,ordinal,,,20,WEAK,Negative,False
IAI.NCRO,binary,Imipenem,ordinal,,,20,WEAK,Negative,False
IAI.NCRO,binary,Levofloxacin,ordinal,,,20,WEAK,Negative,False
IAI.NCRO,binary,Meropenem,ordinal,,,20,WEAK,Negative,False
IAI.NCRO,binary,Minocycline,ordinal,,,20,WEAK,Negative,False
IAI.NCRO,binary,Cefoperazone.Sulbactam,ordinal,,,20,WEAK,Negative,False
IAI.NCRO,binary,Trimethoprim.Sulfamethoxazole,ordinal,,,20,WEAK,Negative,False
IAI.NCRO,binary,Ceftazidime,ordinal,,,20,WEAK,Negative,False
IAI.NCRO,binary,Piperacillin.Tazobactam,ordinal,,,20,WEAK,Negative,False
IAI.NCRO,binary,Ampicillin.Sulbactam,ordinal,,,20,WEAK,Negative,False
IAI.NCRO,binary,ESBL.Producer,binary,,,20,WEAK,Negative,False
IAI.NCRO,binary,AmpC,binary,,,20,WEAK,Negative,False
IAI.NCRO,binary,Carbapenemase,binary,,,20,WEAK,Negative,False
IAI.NCRO,binary,MRSA,binary,,,20,WEAK,Negative,False
IAI.NCRO,binary,VAN,binary,,,20,WEAK,Negative,False
IAI.NCRO,binary,Meropenem.T,binary,,,20,WEAK,Negative,False
IAI.NCRO,binary,P.C.Sulbactam.T,ordinal,,,20,WEAK,Negative,False
IAI.NCRO,binary,Clinical.Improvement,ordinal,,,20,WEAK,Negative,False
IAI.NCRO,binary,ICU.Stay.in.28.Days,continuous,,,20,WEAK,Negative,False
IAI.NCRO,binary,GW.Stay.in.28.Days,continuous,,,20,WEAK,Negative,False
IAI.NCRO,binary,Total.Hospital.Stay,continuous,,,20,WEAK,Negative,False
IAI.NCRO,binary,Mortality.in.ICU,binary,,,20,WEAK,Negative,False
IAI.NCRO,binary,Mortality.in.Hospital,binary,,,20,WEAK,Negative,False
IAI.NCRO,binary,Mortality.post.28.Day.Discharge,binary,,,20,WEAK,Negative,False
IAI.NCRO,binary,Overall.Mortality,binary,,,20,WEAK,Negative,False
IAI.NCRO,binary,Relapse.post.28.Day.Discharge,binary,,,20,WEAK,Negative,False
IAI.NCRO,binary,Other.Illness.Leading.to.Hospitalization.post.28.Days.Discharge,binary,,,20,WEAK,Negative,False
HAP.NCRO,binary,VAP.NCRO,binary,,,20,WEAK,Negative,False
HAP.NCRO,binary,CAP.NCRO,binary,,,20,WEAK,Negative,False
HAP.NCRO,binary,BSI.NCRO,binary,,,20,WEAK,Negative,False
HAP.NCRO,binary,Other.NCRO,binary,,,20,WEAK,Negative,False
HAP.NCRO,binary,CV.Catheter.Now,binary,,,20,WEAK,Negative,False
HAP.NCRO,binary,Urinary.Catheter.Now,binary,,,20,WEAK,Negative,False
HAP.NCRO,binary,Endoscopy.in.1.week,binary,,,20,WEAK,Negative,False
HAP.NCRO,binary,Dialysis.in.1.week,binary,,,20,WEAK,Negative,False
HAP.NCRO,binary,Dialysis.in.1.week.1,binary,,,20,WEAK,Negative,False
HAP.NCRO,binary,HIV.Present,binary,,,20,WEAK,Negative,False
HAP.NCRO,binary,Hb,binary,,,20,WEAK,Negative,False
HAP.NCRO,binary,INR,binary,,,20,WEAK,Negative,False
HAP.NCRO,binary,Ciprofloxacin,ordinal,,,20,WEAK,Negative,False
HAP.NCRO,binary,Colistin,ordinal,,,20,WEAK,Negative,False
HAP.NCRO,binary,Cefepime,ordinal,,,20,WEAK,Negative,False
HAP.NCRO,binary,Gentamicin,ordinal,,,20,WEAK,Negative,False
HAP.NCRO,binary,Imipenem,ordinal,,,20,WEAK,Negative,False
HAP.NCRO,binary,Levofloxacin,ordinal,,,20,WEAK,Negative,False
HAP.NCRO,binary,Meropenem,ordinal,,,20,WEAK,Negative,False
HAP.NCRO,binary,Cefoperazone.Sulbactam,ordinal,,,20,WEAK,Negative,False
HAP.NCRO,binary,Ceftazidime,ordinal,,,20,WEAK,Negative,False
HAP.NCRO,binary,Piperacillin.Tazobactam,ordinal,,,20,WEAK,Negative,False
HAP.NCRO,binary,ESBL.Producer,binary,,,20,WEAK,Negative,False
HAP.NCRO,binary,AmpC,binary,,,20,WEAK,Negative,False
HAP.NCRO,binary,Carbapenemase,binary,,,20,WEAK,Negative,False
HAP.NCRO,binary,MRSA,binary,,,20,WEAK,Negative,False
HAP.NCRO,binary,VAN,binary,,,20,WEAK,Negative,False
VAP.NCRO,binary,CAP.NCRO,binary,,,20,WEAK,Negative,False
VAP.NCRO,binary,BSI.NCRO,binary,,,20,WEAK,Negative,False
VAP.NCRO,binary,Other.NCRO,binary,,,20,WEAK,Negative,False
VAP.NCRO,binary,Hospitalization.in.past.6.Months,binary,,,20,WEAK,Negative,False
VAP.NCRO,binary,CV.Catheter.in.6.Months,binary,,,20,WEAK,Negative,False
VAP.NCRO,binary,CV.Catheter.Now,binary,,,20,WEAK,Negative,False
VAP.NCRO,binary,Urinary.Catheter.in.6.Months,binary,,,20,WEAK,Negative,False
VAP.NCRO,binary,Urinary.Catheter.Now,binary,,,20,WEAK,Negative,False
VAP.NCRO,binary,Surgery.in.last.3.Months,binary,,,20,WEAK,Negative,False
VAP.NCRO,binary,Past.CREPA.infection,binary,,,20,WEAK,Negative,False
VAP.NCRO,binary,Endoscopy.in.1.week,binary,,,20,WEAK,Negative,False
VAP.NCRO,binary,Dialysis.in.1.week,binary,,,20,WEAK,Negative,False
VAP.NCRO,binary,Immunosuppressive.drugs.in.1.week,binary,,,20,WEAK,Negative,False
VAP.NCRO,binary,Inotropes,binary,,,20,WEAK,Negative,False
VAP.NCRO,binary,Dialysis.in.1.week.1,binary,,,20,WEAK,Negative,False
VAP.NCRO,binary,Ventilation,binary,,,20,WEAK,Negative,False
VAP.NCRO,binary,Overall.organ.support,binary,,,20,WEAK,Negative,False
VAP.NCRO,binary,Neutropenia,binary,,,20,WEAK,Negative,False
VAP.NCRO,binary,HIV.Present,binary,,,20,WEAK,Negative,False
VAP.NCRO,binary,TB,binary,,,20,WEAK,Negative,False
VAP.NCRO,binary,Any.Viral.Infection,binary,,,20,WEAK,Negative,False
VAP.NCRO,binary,Any.Fungal.Infection,binary,,,20,WEAK,Negative,False
VAP.NCRO,binary,Hemat.Malignancy,binary,,,20,WEAK,Negative,False
VAP.NCRO,binary,Solid.Organ,binary,,,20,WEAK,Negative,False
VAP.NCRO,binary,APACHEII,continuous,,,20,WEAK,Negative,False
VAP.NCRO,binary,SOFA,continuous,,,20,WEAK,Negative,False
VAP.NCRO,binary,Hb,binary,,,20,WEAK,Negative,False
VAP.NCRO,binary,TLC,binary,,,20,WEAK,Negative,False
VAP.NCRO,binary,ANC,binary,,,20,WEAK,Negative,False
VAP.NCRO,binary,Lympho,binary,,,20,WEAK,Negative,False
VAP.NCRO,binary,Platelet,binary,,,20,WEAK,Negative,False
VAP.NCRO,binary,INR,binary,,,20,WEAK,Negative,False
VAP.NCRO,binary,Bil,binary,,,20,WEAK,Negative,False
VAP.NCRO,binary,SGPT,binary,,,20,WEAK,Negative,False
VAP.NCRO,binary,SGOT,binary,,,20,WEAK,Negative,False
VAP.NCRO,binary,Albumin,binary,,,20,WEAK,Negative,False
VAP.NCRO,binary,Total.Protein,binary,,,20,WEAK,Negative,False
VAP.NCRO,binary,Globulin,binary,,,20,WEAK,Negative,False
VAP.NCRO,binary,ALP,binary,,,20,WEAK,Negative,False
VAP.NCRO,binary,Creatinine,binary,,,20,WEAK,Negative,False
VAP.NCRO,binary,Sodium,binary,,,20,WEAK,Negative,False
VAP.NCRO,binary,Potassium,binary,,,20,WEAK,Negative,False
VAP.NCRO,binary,Urea,binary,,,20,WEAK,Negative,False
VAP.NCRO,binary,Calcium,binary,,,20,WEAK,Negative,False
VAP.NCRO,binary,Magnesium,binary,,,20,WEAK,Negative,False
VAP.NCRO,binary,Procalcitonin,binary,,,20,WEAK,Negative,False
VAP.NCRO,binary,P.C.Z.A.E,binary,,,20,WEAK,Negative,False
VAP.NCRO,binary,P.C.only.E,binary,,,20,WEAK,Negative,False
VAP.NCRO,binary,Z.A.only.E,binary,,,20,WEAK,Negative,False
VAP.NCRO,binary,Neither.Abx.E,binary,,,20,WEAK,Negative,False
VAP.NCRO,binary,P.C.Z.A.T,binary,,,20,WEAK,Negative,False
VAP.NCRO,binary,P.C.only.T,binary,,,20,WEAK,Negative,False
VAP.NCRO,binary,Z.A.only.T,binary,,,20,WEAK,Negative,False
VAP.NCRO,binary,Neither.Abx.T,binary,,,20,WEAK,Negative,False
VAP.NCRO,binary,Amikacin,ordinal,,,20,WEAK,Negative,False
VAP.NCRO,binary,Ciprofloxacin,ordinal,,,20,WEAK,Negative,False
VAP.NCRO,binary,Colistin,ordinal,,,20,WEAK,Negative,False
VAP.NCRO,binary,Cefepime,ordinal,,,20,WEAK,Negative,False
VAP.NCRO,binary,Gentamicin,ordinal,,,20,WEAK,Negative,False
VAP.NCRO,binary,Imipenem,ordinal,,,20,WEAK,Negative,False
VAP.NCRO,binary,Levofloxacin,ordinal,,,20,WEAK,Negative,False
VAP.NCRO,binary,Meropenem,ordinal,,,20,WEAK,Negative,False
VAP.NCRO,binary,Minocycline,ordinal,,,20,WEAK,Negative,False
VAP.NCRO,binary,Cefoperazone.Sulbactam,ordinal,,,20,WEAK,Negative,False
VAP.NCRO,binary,Trimethoprim.Sulfamethoxazole,ordinal,,,20,WEAK,Negative,False
VAP.NCRO,binary,Ceftazidime,ordinal,,,20,WEAK,Negative,False
VAP.NCRO,binary,Piperacillin.Tazobactam,ordinal,,,20,WEAK,Negative,False
VAP.NCRO,binary,Ampicillin.Sulbactam,ordinal,,,20,WEAK,Negative,False
VAP.NCRO,binary,ESBL.Producer,binary,,,20,WEAK,Negative,False
VAP.NCRO,binary,AmpC,binary,,,20,WEAK,Negative,False
VAP.NCRO,binary,Carbapenemase,binary,,,20,WEAK,Negative,False
VAP.NCRO,binary,MRSA,binary,,,20,WEAK,Negative,False
VAP.NCRO,binary,VAN,binary,,,20,WEAK,Negative,False
VAP.NCRO,binary,Meropenem.T,binary,,,20,WEAK,Negative,False
VAP.NCRO,binary,P.C.Sulbactam.T,ordinal,,,20,WEAK,Negative,False
VAP.NCRO,binary,Clinical.Improvement,ordinal,,,20,WEAK,Negative,False
VAP.NCRO,binary,ICU.Stay.in.28.Days,continuous,,,20,WEAK,Negative,False
VAP.NCRO,binary,GW.Stay.in.28.Days,continuous,,,20,WEAK,Negative,False
VAP.NCRO,binary,Total.Hospital.Stay,continuous,,,20,WEAK,Negative,False
VAP.NCRO,binary,Mortality.in.ICU,binary,,,20,WEAK,Negative,False
VAP.NCRO,binary,Mortality.in.Hospital,binary,,,20,WEAK,Negative,False
VAP.NCRO,binary,Mortality.post.28.Day.Discharge,binary,,,20,WEAK,Negative,False
VAP.NCRO,binary,Overall.Mortality,binary,,,20,WEAK,Negative,False
VAP.NCRO,binary,Relapse.post.28.Day.Discharge,binary,,,20,WEAK,Negative,False
VAP.NCRO,binary,Other.Illness.Leading.to.Hospitalization.post.28.Days.Discharge,binary,,,20,WEAK,Negative,False
CAP.NCRO,binary,BSI.NCRO,binary,,,20,WEAK,Negative,False
CAP.NCRO,binary,Other.NCRO,binary,,,20,WEAK,Negative,False
CAP.NCRO,binary,Hospitalization.in.past.6.Months,binary,,,20,WEAK,Negative,False
CAP.NCRO,binary,CV.Catheter.in.6.Months,binary,,,20,WEAK,Negative,False
CAP.NCRO,binary,CV.Catheter.Now,binary,,,20,WEAK,Negative,False
CAP.NCRO,binary,Urinary.Catheter.in.6.Months,binary,,,20,WEAK,Negative,False
CAP.NCRO,binary,Urinary.Catheter.Now,binary,,,20,WEAK,Negative,False
CAP.NCRO,binary,Surgery.in.last.3.Months,binary,,,20,WEAK,Negative,False
CAP.NCRO,binary,Past.CREPA.infection,binary,,,20,WEAK,Negative,False
CAP.NCRO,binary,Endoscopy.in.1.week,binary,,,20,WEAK,Negative,False
CAP.NCRO,binary,Dialysis.in.1.week,binary,,,20,WEAK,Negative,False
CAP.NCRO,binary,Immunosuppressive.drugs.in.1.week,binary,,,20,WEAK,Negative,False
CAP.NCRO,binary,Inotropes,binary,,,20,WEAK,Negative,False
CAP.NCRO,binary,Dialysis.in.1.week.1,binary,,,20,WEAK,Negative,False
CAP.NCRO,binary,Ventilation,binary,,,20,WEAK,Negative,False
CAP.NCRO,binary,Overall.organ.support,binary,,,20,WEAK,Negative,False
CAP.NCRO,binary,Neutropenia,binary,,,20,WEAK,Negative,False
CAP.NCRO,binary,HIV.Present,binary,,,20,WEAK,Negative,False
CAP.NCRO,binary,TB,binary,,,20,WEAK,Negative,False
CAP.NCRO,binary,Any.Viral.Infection,binary,,,20,WEAK,Negative,False
CAP.NCRO,binary,Any.Fungal.Infection,binary,,,20,WEAK,Negative,False
CAP.NCRO,binary,Hemat.Malignancy,binary,,,20,WEAK,Negative,False
CAP.NCRO,binary,Solid.Organ,binary,,,20,WEAK,Negative,False
CAP.NCRO,binary,APACHEII,continuous,,,20,WEAK,Negative,False
CAP.NCRO,binary,SOFA,continuous,,,20,WEAK,Negative,False
CAP.NCRO,binary,Hb,binary,,,20,WEAK,Negative,False
CAP.NCRO,binary,TLC,binary,,,20,WEAK,Negative,False
CAP.NCRO,binary,ANC,binary,,,20,WEAK,Negative,False
CAP.NCRO,binary,Lympho,binary,,,20,WEAK,Negative,False
CAP.NCRO,binary,Platelet,binary,,,20,WEAK,Negative,False
CAP.NCRO,binary,INR,binary,,,20,WEAK,Negative,False
CAP.NCRO,binary,Bil,binary,,,20,WEAK,Negative,False
CAP.NCRO,binary,SGPT,binary,,,20,WEAK,Negative,False
CAP.NCRO,binary,SGOT,binary,,,20,WEAK,Negative,False
CAP.NCRO,binary,Albumin,binary,,,20,WEAK,Negative,False
CAP.NCRO,binary,Total.Protein,binary,,,20,WEAK,Negative,False
CAP.NCRO,binary,Globulin,binary,,,20,WEAK,Negative,False
CAP.NCRO,binary,ALP,binary,,,20,WEAK,Negative,False
CAP.NCRO,binary,Creatinine,binary,,,20,WEAK,Negative,False
CAP.NCRO,binary,Sodium,binary,,,20,WEAK,Negative,False
CAP.NCRO,binary,Potassium,binary,,,20,WEAK,Negative,False
CAP.NCRO,binary,Urea,binary,,,20,WEAK,Negative,False
CAP.NCRO,binary,Calcium,binary,,,20,WEAK,Negative,False
CAP.NCRO,binary,Magnesium,binary,,,20,WEAK,Negative,False
CAP.NCRO,binary,Procalcitonin,binary,,,20,WEAK,Negative,False
CAP.NCRO,binary,P.C.Z.A.E,binary,,,20,WEAK,Negative,False
CAP.NCRO,binary,P.C.only.E,binary,,,20,WEAK,Negative,False
CAP.NCRO,binary,Z.A.only.E,binary,,,20,WEAK,Negative,False
CAP.NCRO,binary,Neither.Abx.E,binary,,,20,WEAK,Negative,False
CAP.NCRO,binary,P.C.Z.A.T,binary,,,20,WEAK,Negative,False
CAP.NCRO,binary,P.C.only.T,binary,,,20,WEAK,Negative,False
CAP.NCRO,binary,Z.A.only.T,binary,,,20,WEAK,Negative,False
CAP.NCRO,binary,Neither.Abx.T,binary,,,20,WEAK,Negative,False
CAP.NCRO,binary,Amikacin,ordinal,,,20,WEAK,Negative,False
CAP.NCRO,binary,Ciprofloxacin,ordinal,,,20,WEAK,Negative,False
CAP.NCRO,binary,Colistin,ordinal,,,20,WEAK,Negative,False
CAP.NCRO,binary,Cefepime,ordinal,,,20,WEAK,Negative,False
CAP.NCRO,binary,Gentamicin,ordinal,,,20,WEAK,Negative,False
CAP.NCRO,binary,Imipenem,ordinal,,,20,WEAK,Negative,False
CAP.NCRO,binary,Levofloxacin,ordinal,,,20,WEAK,Negative,False
CAP.NCRO,binary,Meropenem,ordinal,,,20,WEAK,Negative,False
CAP.NCRO,binary,Minocycline,ordinal,,,20,WEAK,Negative,False
CAP.NCRO,binary,Cefoperazone.Sulbactam,ordinal,,,20,WEAK,Negative,False
CAP.NCRO,binary,Trimethoprim.Sulfamethoxazole,ordinal,,,20,WEAK,Negative,False
CAP.NCRO,binary,Ceftazidime,ordinal,,,20,WEAK,Negative,False
CAP.NCRO,binary,Piperacillin.Tazobactam,ordinal,,,20,WEAK,Negative,False
CAP.NCRO,binary,Ampicillin.Sulbactam,ordinal,,,20,WEAK,Negative,False
CAP.NCRO,binary,ESBL.Producer,binary,,,20,WEAK,Negative,False
CAP.NCRO,binary,AmpC,binary,,,20,WEAK,Negative,False
CAP.NCRO,binary,Carbapenemase,binary,,,20,WEAK,Negative,False
CAP.NCRO,binary,MRSA,binary,,,20,WEAK,Negative,False
CAP.NCRO,binary,VAN,binary,,,20,WEAK,Negative,False
CAP.NCRO,binary,Meropenem.T,binary,,,20,WEAK,Negative,False
CAP.NCRO,binary,P.C.Sulbactam.T,ordinal,,,20,WEAK,Negative,False
CAP.NCRO,binary,Clinical.Improvement,ordinal,,,20,WEAK,Negative,False
CAP.NCRO,binary,ICU.Stay.in.28.Days,continuous,,,20,WEAK,Negative,False
CAP.NCRO,binary,GW.Stay.in.28.Days,continuous,,,20,WEAK,Negative,False
CAP.NCRO,binary,Total.Hospital.Stay,continuous,,,20,WEAK,Negative,False
CAP.NCRO,binary,Mortality.in.ICU,binary,,,20,WEAK,Negative,False
CAP.NCRO,binary,Mortality.in.Hospital,binary,,,20,WEAK,Negative,False
CAP.NCRO,binary,Mortality.post.28.Day.Discharge,binary,,,20,WEAK,Negative,False
CAP.NCRO,binary,Overall.Mortality,binary,,,20,WEAK,Negative,False
CAP.NCRO,binary,Relapse.post.28.Day.Discharge,binary,,,20,WEAK,Negative,False
CAP.NCRO,binary,Other.Illness.Leading.to.Hospitalization.post.28.Days.Discharge,binary,,,20,WEAK,Negative,False
BSI.NCRO,binary,Other.NCRO,binary,,,20,WEAK,Negative,False
BSI.NCRO,binary,Hospitalization.in.past.6.Months,binary,,,20,WEAK,Negative,False
BSI.NCRO,binary,CV.Catheter.in.6.Months,binary,,,20,WEAK,Negative,False
BSI.NCRO,binary,CV.Catheter.Now,binary,,,20,WEAK,Negative,False
BSI.NCRO,binary,Urinary.Catheter.in.6.Months,binary,,,20,WEAK,Negative,False
BSI.NCRO,binary,Urinary.Catheter.Now,binary,,,20,WEAK,Negative,False
BSI.NCRO,binary,Surgery.in.last.3.Months,binary,,,20,WEAK,Negative,False
BSI.NCRO,binary,Past.CREPA.infection,binary,,,20,WEAK,Negative,False
BSI.NCRO,binary,Endoscopy.in.1.week,binary,,,20,WEAK,Negative,False
BSI.NCRO,binary,Dialysis.in.1.week,binary,,,20,WEAK,Negative,False
BSI.NCRO,binary,Immunosuppressive.drugs.in.1.week,binary,,,20,WEAK,Negative,False
BSI.NCRO,binary,Inotropes,binary,,,20,WEAK,Negative,False
BSI.NCRO,binary,Dialysis.in.1.week.1,binary,,,20,WEAK,Negative,False
BSI.NCRO,binary,Ventilation,binary,,,20,WEAK,Negative,False
BSI.NCRO,binary,Overall.organ.support,binary,,,20,WEAK,Negative,False
BSI.NCRO,binary,Neutropenia,binary,,,20,WEAK,Negative,False
BSI.NCRO,binary,HIV.Present,binary,,,20,WEAK,Negative,False
BSI.NCRO,binary,TB,binary,,,20,WEAK,Negative,False
BSI.NCRO,binary,Any.Viral.Infection,binary,,,20,WEAK,Negative,False
BSI.NCRO,binary,Any.Fungal.Infection,binary,,,20,WEAK,Negative,False
BSI.NCRO,binary,Hemat.Malignancy,binary,,,20,WEAK,Negative,False
BSI.NCRO,binary,Solid.Organ,binary,,,20,WEAK,Negative,False
BSI.NCRO,binary,APACHEII,continuous,,,20,WEAK,Negative,False
BSI.NCRO,binary,SOFA,continuous,,,20,WEAK,Negative,False
BSI.NCRO,binary,Hb,binary,,,20,WEAK,Negative,False
BSI.NCRO,binary,TLC,binary,,,20,WEAK,Negative,False
BSI.NCRO,binary,ANC,binary,,,20,WEAK,Negative,False
BSI.NCRO,binary,Lympho,binary,,,20,WEAK,Negative,False
BSI.NCRO,binary,Platelet,binary,,,20,WEAK,Negative,False
BSI.NCRO,binary,INR,binary,,,20,WEAK,Negative,False
BSI.NCRO,binary,Bil,binary,,,20,WEAK,Negative,False
BSI.NCRO,binary,SGPT,binary,,,20,WEAK,Negative,False
BSI.NCRO,binary,SGOT,binary,,,20,WEAK,Negative,False
BSI.NCRO,binary,Albumin,binary,,,20,WEAK,Negative,False
BSI.NCRO,binary,Total.Protein,binary,,,20,WEAK,Negative,False
BSI.NCRO,binary,Globulin,binary,,,20,WEAK,Negative,False
BSI.NCRO,binary,ALP,binary,,,20,WEAK,Negative,False
BSI.NCRO,binary,Creatinine,binary,,,20,WEAK,Negative,False
BSI.NCRO,binary,Sodium,binary,,,20,WEAK,Negative,False
BSI.NCRO,binary,Potassium,binary,,,20,WEAK,Negative,False
BSI.NCRO,binary,Urea,binary,,,20,WEAK,Negative,False
BSI.NCRO,binary,Calcium,binary,,,20,WEAK,Negative,False
BSI.NCRO,binary,Magnesium,binary,,,20,WEAK,Negative,False
BSI.NCRO,binary,Procalcitonin,binary,,,20,WEAK,Negative,False
BSI.NCRO,binary,P.C.Z.A.E,binary,,,20,WEAK,Negative,False
BSI.NCRO,binary,P.C.only.E,binary,,,20,WEAK,Negative,False
BSI.NCRO,binary,Z.A.only.E,binary,,,20,WEAK,Negative,False
BSI.NCRO,binary,Neither.Abx.E,binary,,,20,WEAK,Negative,False
BSI.NCRO,binary,P.C.Z.A.T,binary,,,20,WEAK,Negative,False
BSI.NCRO,binary,P.C.only.T,binary,,,20,WEAK,Negative,False
BSI.NCRO,binary,Z.A.only.T,binary,,,20,WEAK,Negative,False
BSI.NCRO,binary,Neither.Abx.T,binary,,,20,WEAK,Negative,False
BSI.NCRO,binary,Amikacin,ordinal,,,20,WEAK,Negative,False
BSI.NCRO,binary,Ciprofloxacin,ordinal,,,20,WEAK,Negative,False
BSI.NCRO,binary,Colistin,ordinal,,,20,WEAK,Negative,False
BSI.NCRO,binary,Cefepime,ordinal,,,20,WEAK,Negative,False
BSI.NCRO,binary,Gentamicin,ordinal,,,20,WEAK,Negative,False
BSI.NCRO,binary,Imipenem,ordinal,,,20,WEAK,Negative,False
BSI.NCRO,binary,Levofloxacin,ordinal,,,20,WEAK,Negative,False
BSI.NCRO,binary,Meropenem,ordinal,,,20,WEAK,Negative,False
BSI.NCRO,binary,Minocycline,ordinal,,,20,WEAK,Negative,False
BSI.NCRO,binary,Cefoperazone.Sulbactam,ordinal,,,20,WEAK,Negative,False
BSI.NCRO,binary,Trimethoprim.Sulfamethoxazole,ordinal,,,20,WEAK,Negative,False
BSI.NCRO,binary,Ceftazidime,ordinal,,,20,WEAK,Negative,False
BSI.NCRO,binary,Piperacillin.Tazobactam,ordinal,,,20,WEAK,Negative,False
BSI.NCRO,binary,Ampicillin.Sulbactam,ordinal,,,20,WEAK,Negative,False
BSI.NCRO,binary,ESBL.Producer,binary,,,20,WEAK,Negative,False
BSI.NCRO,binary,AmpC,binary,,,20,WEAK,Negative,False
BSI.NCRO,binary,Carbapenemase,binary,,,20,WEAK,Negative,False
BSI.NCRO,binary,MRSA,binary,,,20,WEAK,Negative,False
BSI.NCRO,binary,VAN,binary,,,20,WEAK,Negative,False
BSI.NCRO,binary,Meropenem.T,binary,,,20,WEAK,Negative,False
BSI.NCRO,binary,P.C.Sulbactam.T,ordinal,,,20,WEAK,Negative,False
BSI.NCRO,binary,Clinical.Improvement,ordinal,,,20,WEAK,Negative,False
BSI.NCRO,binary,ICU.Stay.in.28.Days,continuous,,,20,WEAK,Negative,False
BSI.NCRO,binary,GW.Stay.in.28.Days,continuous,,,20,WEAK,Negative,False
BSI.NCRO,binary,Total.Hospital.Stay,continuous,,,20,WEAK,Negative,False
BSI.NCRO,binary,Mortality.in.ICU,binary,,,20,WEAK,Negative,False
BSI.NCRO,binary,Mortality.in.Hospital,binary,,,20,WEAK,Negative,False
BSI.NCRO,binary,Mortality.post.28.Day.Discharge,binary,,,20,WEAK,Negative,False
BSI.NCRO,binary,Overall.Mortality,binary,,,20,WEAK,Negative,False
BSI.NCRO,binary,Relapse.post.28.Day.Discharge,binary,,,20,WEAK,Negative,False
BSI.NCRO,binary,Other.Illness.Leading.to.Hospitalization.post.28.Days.Discharge,binary,,,20,WEAK,Negative,False
Other.NCRO,binary,Hospitalization.in.past.6.Months,binary,,,20,WEAK,Negative,False
Other.NCRO,binary,CV.Catheter.in.6.Months,binary,,,20,WEAK,Negative,False
Other.NCRO,binary,CV.Catheter.Now,binary,,,20,WEAK,Negative,False
Other.NCRO,binary,Urinary.Catheter.in.6.Months,binary,,,20,WEAK,Negative,False
Other.NCRO,binary,Urinary.Catheter.Now,binary,,,20,WEAK,Negative,False
Other.NCRO,binary,Surgery.in.last.3.Months,binary,,,20,WEAK,Negative,False
Other.NCRO,binary,Past.CREPA.infection,binary,,,20,WEAK,Negative,False
Other.NCRO,binary,Endoscopy.in.1.week,binary,,,20,WEAK,Negative,False
Other.NCRO,binary,Dialysis.in.1.week,binary,,,20,WEAK,Negative,False
Other.NCRO,binary,Immunosuppressive.drugs.in.1.week,binary,,,20,WEAK,Negative,False
Other.NCRO,binary,Inotropes,binary,,,20,WEAK,Negative,False
Other.NCRO,binary,Dialysis.in.1.week.1,binary,,,20,WEAK,Negative,False
Other.NCRO,binary,Ventilation,binary,,,20,WEAK,Negative,False
Other.NCRO,binary,Overall.organ.support,binary,,,20,WEAK,Negative,False
Other.NCRO,binary,Neutropenia,binary,,,20,WEAK,Negative,False
Other.NCRO,binary,HIV.Present,binary,,,20,WEAK,Negative,False
Other.NCRO,binary,TB,binary,,,20,WEAK,Negative,False
Other.NCRO,binary,Any.Viral.Infection,binary,,,20,WEAK,Negative,False
Other.NCRO,binary,Any.Fungal.Infection,binary,,,20,WEAK,Negative,False
Other.NCRO,binary,Hemat.Malignancy,binary,,,20,WEAK,Negative,False
Other.NCRO,binary,Solid.Organ,binary,,,20,WEAK,Negative,False
Other.NCRO,binary,APACHEII,continuous,,,20,WEAK,Negative,False
Other.NCRO,binary,SOFA,continuous,,,20,WEAK,Negative,False
Other.NCRO,binary,Hb,binary,,,20,WEAK,Negative,False
Other.NCRO,binary,TLC,binary,,,20,WEAK,Negative,False
Other.NCRO,binary,ANC,binary,,,20,WEAK,Negative,False
Other.NCRO,binary,Lympho,binary,,,20,WEAK,Negative,False
Other.NCRO,binary,Platelet,binary,,,20,WEAK,Negative,False
Other.NCRO,binary,INR,binary,,,20,WEAK,Negative,False
Other.NCRO,binary,Bil,binary,,,20,WEAK,Negative,False
Other.NCRO,binary,SGPT,binary,,,20,WEAK,Negative,False
Other.NCRO,binary,SGOT,binary,,,20,WEAK,Negative,False
Other.NCRO,binary,Albumin,binary,,,20,WEAK,Negative,False
Other.NCRO,binary,Total.Protein,binary,,,20,WEAK,Negative,False
Other.NCRO,binary,Globulin,binary,,,20,WEAK,Negative,False
Other.NCRO,binary,ALP,binary,,,20,WEAK,Negative,False
Other.NCRO,binary,Creatinine,binary,,,20,WEAK,Negative,False
Other.NCRO,binary,Sodium,binary,,,20,WEAK,Negative,False
Other.NCRO,binary,Potassium,binary,,,20,WEAK,Negative,False
Other.NCRO,binary,Urea,binary,,,20,WEAK,Negative,False
Other.NCRO,binary,Calcium,binary,,,20,WEAK,Negative,False
Other.NCRO,binary,Magnesium,binary,,,20,WEAK,Negative,False
Other.NCRO,binary,Procalcitonin,binary,,,20,WEAK,Negative,False
Other.NCRO,binary,P.C.Z.A.E,binary,,,20,WEAK,Negative,False
Other.NCRO,binary,P.C.only.E,binary,,,20,WEAK,Negative,False
Other.NCRO,binary,Z.A.only.E,binary,,,20,WEAK,Negative,False
Other.NCRO,binary,Neither.Abx.E,binary,,,20,WEAK,Negative,False
Other.NCRO,binary,P.C.Z.A.T,binary,,,20,WEAK,Negative,False
Other.NCRO,binary,P.C.only.T,binary,,,20,WEAK,Negative,False
Other.NCRO,binary,Z.A.only.T,binary,,,20,WEAK,Negative,False
Other.NCRO,binary,Neither.Abx.T,binary,,,20,WEAK,Negative,False
Other.NCRO,binary,Amikacin,ordinal,,,20,WEAK,Negative,False
Other.NCRO,binary,Ciprofloxacin,ordinal,,,20,WEAK,Negative,False
Other.NCRO,binary,Colistin,ordinal,,,20,WEAK,Negative,False
Other.NCRO,binary,Cefepime,ordinal,,,20,WEAK,Negative,False
Other.NCRO,binary,Gentamicin,ordinal,,,20,WEAK,Negative,False
Other.NCRO,binary,Imipenem,ordinal,,,20,WEAK,Negative,False
Other.NCRO,binary,Levofloxacin,ordinal,,,20,WEAK,Negative,False
Other.NCRO,binary,Meropenem,ordinal,,,20,WEAK,Negative,False
Other.NCRO,binary,Minocycline,ordinal,,,20,WEAK,Negative,False
Other.NCRO,binary,Cefoperazone.Sulbactam,ordinal,,,20,WEAK,Negative,False
Other.NCRO,binary,Trimethoprim.Sulfamethoxazole,ordinal,,,20,WEAK,Negative,False
Other.NCRO,binary,Ceftazidime,ordinal,,,20,WEAK,Negative,False
Other.NCRO,binary,Piperacillin.Tazobactam,ordinal,,,20,WEAK,Negative,False
Other.NCRO,binary,Ampicillin.Sulbactam,ordinal,,,20,WEAK,Negative,False
Other.NCRO,binary,ESBL.Producer,binary,,,20,WEAK,Negative,False
Other.NCRO,binary,AmpC,binary,,,20,WEAK,Negative,False
Other.NCRO,binary,Carbapenemase,binary,,,20,WEAK,Negative,False
Other.NCRO,binary,MRSA,binary,,,20,WEAK,Negative,False
Other.NCRO,binary,VAN,binary,,,20,WEAK,Negative,False
Other.NCRO,binary,Meropenem.T,binary,,,20,WEAK,Negative,False
Other.NCRO,binary,P.C.Sulbactam.T,ordinal,,,20,WEAK,Negative,False
Other.NCRO,binary,Clinical.Improvement,ordinal,,,20,WEAK,Negative,False
Other.NCRO,binary,ICU.Stay.in.28.Days,continuous,,,20,WEAK,Negative,False
Other.NCRO,binary,GW.Stay.in.28.Days,continuous,,,20,WEAK,Negative,False
Other.NCRO,binary,Total.Hospital.Stay,continuous,,,20,WEAK,Negative,False
Other.NCRO,binary,Mortality.in.ICU,binary,,,20,WEAK,Negative,False
Other.NCRO,binary,Mortality.in.Hospital,binary,,,20,WEAK,Negative,False
Other.NCRO,binary,Mortality.post.28.Day.Discharge,binary,,,20,WEAK,Negative,False
Other.NCRO,binary,Overall.Mortality,binary,,,20,WEAK,Negative,False
Other.NCRO,binary,Relapse.post.28.Day.Discharge,binary,,,20,WEAK,Negative,False
Other.NCRO,binary,Other.Illness.Leading.to.Hospitalization.post.28.Days.Discharge,binary,,,20,WEAK,Negative,False
Hospitalization.in.past.6.Months,binary,CV.Catheter.Now,binary,,,20,WEAK,Negative,False
Hospitalization.in.past.6.Months,binary,Urinary.Catheter.Now,binary,,,20,WEAK,Negative,False
Hospitalization.in.past.6.Months,binary,Endoscopy.in.1.week,binary,,,20,WEAK,Negative,False
Hospitalization.in.past.6.Months,binary,Dialysis.in.1.week,binary,,,20,WEAK,Negative,False
Hospitalization.in.past.6.Months,binary,Dialysis.in.1.week.1,binary,,,20,WEAK,Negative,False
Hospitalization.in.past.6.Months,binary,HIV.Present,binary,,,20,WEAK,Negative,False
Hospitalization.in.past.6.Months,binary,Hb,binary,,,20,WEAK,Negative,False
Hospitalization.in.past.6.Months,binary,INR,binary,,,20,WEAK,Negative,False
Hospitalization.in.past.6.Months,binary,Ciprofloxacin,ordinal,,,20,WEAK,Negative,False
Hospitalization.in.past.6.Months,binary,Colistin,ordinal,,,20,WEAK,Negative,False
Hospitalization.in.past.6.Months,binary,Cefepime,ordinal,,,20,WEAK,Negative,False
Hospitalization.in.past.6.Months,binary,Gentamicin,ordinal,,,20,WEAK,Negative,False
Hospitalization.in.past.6.Months,binary,Imipenem,ordinal,,,20,WEAK,Negative,False
Hospitalization.in.past.6.Months,binary,Levofloxacin,ordinal,,,20,WEAK,Negative,False
Hospitalization.in.past.6.Months,binary,Meropenem,ordinal,,,20,WEAK,Negative,False
Hospitalization.in.past.6.Months,binary,Cefoperazone.Sulbactam,ordinal,,,20,WEAK,Negative,False
Hospitalization.in.past.6.Months,binary,Ceftazidime,ordinal,,,20,WEAK,Negative,False
Hospitalization.in.past.6.Months,binary,Piperacillin.Tazobactam,ordinal,,,20,WEAK,Negative,False
Hospitalization.in.past.6.Months,binary,ESBL.Producer,binary,,,20,WEAK,Negative,False
Hospitalization.in.past.6.Months,binary,AmpC,binary,,,20,WEAK,Negative,False
Hospitalization.in.past.6.Months,binary,Carbapenemase,binary,,,20,WEAK,Negative,False
Hospitalization.in.past.6.Months,binary,MRSA,binary,,,20,WEAK,Negative,False
Hospitalization.in.past.6.Months,binary,VAN,binary,,,20,WEAK,Negative,False
CV.Catheter.in.6.Months,binary,CV.Catheter.Now,binary,,,20,WEAK,Negative,False
CV.Catheter.in.6.Months,binary,Urinary.Catheter.Now,binary,,,20,WEAK,Negative,False
CV.Catheter.in.6.Months,binary,Endoscopy.in.1.week,binary,,,20,WEAK,Negative,False
CV.Catheter.in.6.Months,binary,Dialysis.in.1.week,binary,,,20,WEAK,Negative,False
CV.Catheter.in.6.Months,binary,Dialysis.in.1.week.1,binary,,,20,WEAK,Negative,False
CV.Catheter.in.6.Months,binary,HIV.Present,binary,,,20,WEAK,Negative,False
CV.Catheter.in.6.Months,binary,Hb,binary,,,20,WEAK,Negative,False
CV.Catheter.in.6.Months,binary,INR,binary,,,20,WEAK,Negative,False
CV.Catheter.in.6.Months,binary,Ciprofloxacin,ordinal,,,20,WEAK,Negative,False
CV.Catheter.in.6.Months,binary,Colistin,ordinal,,,20,WEAK,Negative,False
CV.Catheter.in.6.Months,binary,Cefepime,ordinal,,,20,WEAK,Negative,False
CV.Catheter.in.6.Months,binary,Gentamicin,ordinal,,,20,WEAK,Negative,False
CV.Catheter.in.6.Months,binary,Imipenem,ordinal,,,20,WEAK,Negative,False
CV.Catheter.in.6.Months,binary,Levofloxacin,ordinal,,,20,WEAK,Negative,False
CV.Catheter.in.6.Months,binary,Meropenem,ordinal,,,20,WEAK,Negative,False
CV.Catheter.in.6.Months,binary,Cefoperazone.Sulbactam,ordinal,,,20,WEAK,Negative,False
CV.Catheter.in.6.Months,binary,Ceftazidime,ordinal,,,20,WEAK,Negative,False
CV.Catheter.in.6.Months,binary,Piperacillin.Tazobactam,ordinal,,,20,WEAK,Negative,False
CV.Catheter.in.6.Months,binary,ESBL.Producer,binary,,,20,WEAK,Negative,False
CV.Catheter.in.6.Months,binary,AmpC,binary,,,20,WEAK,Negative,False
CV.Catheter.in.6.Months,binary,Carbapenemase,binary,,,20,WEAK,Negative,False
CV.Catheter.in.6.Months,binary,MRSA,binary,,,20,WEAK,Negative,False
CV.Catheter.in.6.Months,binary,VAN,binary,,,20,WEAK,Negative,False
CV.Catheter.Now,binary,Urinary.Catheter.in.6.Months,binary,,,20,WEAK,Negative,False
CV.Catheter.Now,binary,Urinary.Catheter.Now,binary,,,20,WEAK,Negative,False
CV.Catheter.Now,binary,Surgery.in.last.3.Months,binary,,,20,WEAK,Negative,False
CV.Catheter.Now,binary,Past.CREPA.infection,binary,,,20,WEAK,Negative,False
CV.Catheter.Now,binary,Endoscopy.in.1.week,binary,,,20,WEAK,Negative,False
CV.Catheter.Now,binary,Dialysis.in.1.week,binary,,,20,WEAK,Negative,False
CV.Catheter.Now,binary,Immunosuppressive.drugs.in.1.week,binary,,,20,WEAK,Negative,False
CV.Catheter.Now,binary,Inotropes,binary,,,20,WEAK,Negative,False
CV.Catheter.Now,binary,Dialysis.in.1.week.1,binary,,,20,WEAK,Negative,False
CV.Catheter.Now,binary,Ventilation,binary,,,20,WEAK,Negative,False
CV.Catheter.Now,binary,Overall.organ.support,binary,,,20,WEAK,Negative,False
CV.Catheter.Now,binary,Neutropenia,binary,,,20,WEAK,Negative,False
CV.Catheter.Now,binary,HIV.Present,binary,,,20,WEAK,Negative,False
CV.Catheter.Now,binary,TB,binary,,,20,WEAK,Negative,False
CV.Catheter.Now,binary,Any.Viral.Infection,binary,,,20,WEAK,Negative,False
CV.Catheter.Now,binary,Any.Fungal.Infection,binary,,,20,WEAK,Negative,False
CV.Catheter.Now,binary,Hemat.Malignancy,binary,,,20,WEAK,Negative,False
CV.Catheter.Now,binary,Solid.Organ,binary,,,20,WEAK,Negative,False
CV.Catheter.Now,binary,APACHEII,continuous,,,20,WEAK,Negative,False
CV.Catheter.Now,binary,SOFA,continuous,,,20,WEAK,Negative,False
CV.Catheter.Now,binary,Hb,binary,,,20,WEAK,Negative,False
CV.Catheter.Now,binary,TLC,binary,,,20,WEAK,Negative,False
CV.Catheter.Now,binary,ANC,binary,,,20,WEAK,Negative,False
CV.Catheter.Now,binary,Lympho,binary,,,20,WEAK,Negative,False
CV.Catheter.Now,binary,Platelet,binary,,,20,WEAK,Negative,False
CV.Catheter.Now,binary,INR,binary,,,20,WEAK,Negative,False
CV.Catheter.Now,binary,Bil,binary,,,20,WEAK,Negative,False
CV.Catheter.Now,binary,SGPT,binary,,,20,WEAK,Negative,False
CV.Catheter.Now,binary,SGOT,binary,,,20,WEAK,Negative,False
CV.Catheter.Now,binary,Albumin,binary,,,20,WEAK,Negative,False
CV.Catheter.Now,binary,Total.Protein,binary,,,20,WEAK,Negative,False
CV.Catheter.Now,binary,Globulin,binary,,,20,WEAK,Negative,False
CV.Catheter.Now,binary,ALP,binary,,,20,WEAK,Negative,False
CV.Catheter.Now,binary,Creatinine,binary,,,20,WEAK,Negative,False
CV.Catheter.Now,binary,Sodium,binary,,,20,WEAK,Negative,False
CV.Catheter.Now,binary,Potassium,binary,,,20,WEAK,Negative,False
CV.Catheter.Now,binary,Urea,binary,,,20,WEAK,Negative,False
CV.Catheter.Now,binary,Calcium,binary,,,20,WEAK,Negative,False
CV.Catheter.Now,binary,Magnesium,binary,,,20,WEAK,Negative,False
CV.Catheter.Now,binary,Procalcitonin,binary,,,20,WEAK,Negative,False
CV.Catheter.Now,binary,P.C.Z.A.E,binary,,,20,WEAK,Negative,False
CV.Catheter.Now,binary,P.C.only.E,binary,,,20,WEAK,Negative,False
CV.Catheter.Now,binary,Z.A.only.E,binary,,,20,WEAK,Negative,False
CV.Catheter.Now,binary,Neither.Abx.E,binary,,,20,WEAK,Negative,False
CV.Catheter.Now,binary,P.C.Z.A.T,binary,,,20,WEAK,Negative,False
CV.Catheter.Now,binary,P.C.only.T,binary,,,20,WEAK,Negative,False
CV.Catheter.Now,binary,Z.A.only.T,binary,,,20,WEAK,Negative,False
CV.Catheter.Now,binary,Neither.Abx.T,binary,,,20,WEAK,Negative,False
CV.Catheter.Now,binary,Amikacin,ordinal,,,20,WEAK,Negative,False
CV.Catheter.Now,binary,Ciprofloxacin,ordinal,,,20,WEAK,Negative,False
CV.Catheter.Now,binary,Colistin,ordinal,,,20,WEAK,Negative,False
CV.Catheter.Now,binary,Cefepime,ordinal,,,20,WEAK,Negative,False
CV.Catheter.Now,binary,Gentamicin,ordinal,,,20,WEAK,Negative,False
CV.Catheter.Now,binary,Imipenem,ordinal,,,20,WEAK,Negative,False
CV.Catheter.Now,binary,Levofloxacin,ordinal,,,20,WEAK,Negative,False
CV.Catheter.Now,binary,Meropenem,ordinal,,,20,WEAK,Negative,False
CV.Catheter.Now,binary,Minocycline,ordinal,,,20,WEAK,Negative,False
CV.Catheter.Now,binary,Cefoperazone.Sulbactam,ordinal,,,20,WEAK,Negative,False
CV.Catheter.Now,binary,Trimethoprim.Sulfamethoxazole,ordinal,,,20,WEAK,Negative,False
CV.Catheter.Now,binary,Ceftazidime,ordinal,,,20,WEAK,Negative,False
CV.Catheter.Now,binary,Piperacillin.Tazobactam,ordinal,,,20,WEAK,Negative,False
CV.Catheter.Now,binary,Ampicillin.Sulbactam,ordinal,,,20,WEAK,Negative,False
CV.Catheter.Now,binary,ESBL.Producer,binary,,,20,WEAK,Negative,False
CV.Catheter.Now,binary,AmpC,binary,,,20,WEAK,Negative,False
CV.Catheter.Now,binary,Carbapenemase,binary,,,20,WEAK,Negative,False
CV.Catheter.Now,binary,MRSA,binary,,,20,WEAK,Negative,False
CV.Catheter.Now,binary,VAN,binary,,,20,WEAK,Negative,False
CV.Catheter.Now,binary,Meropenem.T,binary,,,20,WEAK,Negative,False
CV.Catheter.Now,binary,P.C.Sulbactam.T,ordinal,,,20,WEAK,Negative,False
CV.Catheter.Now,binary,Clinical.Improvement,ordinal,,,20,WEAK,Negative,False
CV.Catheter.Now,binary,ICU.Stay.in.28.Days,continuous,,,20,WEAK,Negative,False
CV.Catheter.Now,binary,GW.Stay.in.28.Days,continuous,,,20,WEAK,Negative,False
CV.Catheter.Now,binary,Total.Hospital.Stay,continuous,,,20,WEAK,Negative,False
CV.Catheter.Now,binary,Mortality.in.ICU,binary,,,20,WEAK,Negative,False
CV.Catheter.Now,binary,Mortality.in.Hospital,binary,,,20,WEAK,Negative,False
CV.Catheter.Now,binary,Mortality.post.28.Day.Discharge,binary,,,20,WEAK,Negative,False
CV.Catheter.Now,binary,Overall.Mortality,binary,,,20,WEAK,Negative,False
CV.Catheter.Now,binary,Relapse.post.28.Day.Discharge,binary,,,20,WEAK,Negative,False
CV.Catheter.Now,binary,Other.Illness.Leading.to.Hospitalization.post.28.Days.Discharge,binary,,,20,WEAK,Negative,False
Urinary.Catheter.in.6.Months,binary,Urinary.Catheter.Now,binary,,,20,WEAK,Negative,False
Urinary.Catheter.in.6.Months,binary,Endoscopy.in.1.week,binary,,,20,WEAK,Negative,False
Urinary.Catheter.in.6.Months,binary,Dialysis.in.1.week,binary,,,20,WEAK,Negative,False
Urinary.Catheter.in.6.Months,binary,Dialysis.in.1.week.1,binary,,,20,WEAK,Negative,False
Urinary.Catheter.in.6.Months,binary,HIV.Present,binary,,,20,WEAK,Negative,False
Urinary.Catheter.in.6.Months,binary,Hb,binary,,,20,WEAK,Negative,False
Urinary.Catheter.in.6.Months,binary,INR,binary,,,20,WEAK,Negative,False
Urinary.Catheter.in.6.Months,binary,Ciprofloxacin,ordinal,,,20,WEAK,Negative,False
Urinary.Catheter.in.6.Months,binary,Colistin,ordinal,,,20,WEAK,Negative,False
Urinary.Catheter.in.6.Months,binary,Cefepime,ordinal,,,20,WEAK,Negative,False
Urinary.Catheter.in.6.Months,binary,Gentamicin,ordinal,,,20,WEAK,Negative,False
Urinary.Catheter.in.6.Months,binary,Imipenem,ordinal,,,20,WEAK,Negative,False
Urinary.Catheter.in.6.Months,binary,Levofloxacin,ordinal,,,20,WEAK,Negative,False
Urinary.Catheter.in.6.Months,binary,Meropenem,ordinal,,,20,WEAK,Negative,False
Urinary.Catheter.in.6.Months,binary,Cefoperazone.Sulbactam,ordinal,,,20,WEAK,Negative,False
Urinary.Catheter.in.6.Months,binary,Ceftazidime,ordinal,,,20,WEAK,Negative,False
Urinary.Catheter.in.6.Months,binary,Piperacillin.Tazobactam,ordinal,,,20,WEAK,Negative,False
Urinary.Catheter.in.6.Months,binary,ESBL.Producer,binary,,,20,WEAK,Negative,False
Urinary.Catheter.in.6.Months,binary,AmpC,binary,,,20,WEAK,Negative,False
Urinary.Catheter.in.6.Months,binary,Carbapenemase,binary,,,20,WEAK,Negative,False
Urinary.Catheter.in.6.Months,binary,MRSA,binary,,,20,WEAK,Negative,False
Urinary.Catheter.in.6.Months,binary,VAN,binary,,,20,WEAK,Negative,False
Urinary.Catheter.Now,binary,Surgery.in.last.3.Months,binary,,,20,WEAK,Negative,False
Urinary.Catheter.Now,binary,Past.CREPA.infection,binary,,,20,WEAK,Negative,False
Urinary.Catheter.Now,binary,Endoscopy.in.1.week,binary,,,20,WEAK,Negative,False
Urinary.Catheter.Now,binary,Dialysis.in.1.week,binary,,,20,WEAK,Negative,False
Urinary.Catheter.Now,binary,Immunosuppressive.drugs.in.1.week,binary,,,20,WEAK,Negative,False
Urinary.Catheter.Now,binary,Inotropes,binary,,,20,WEAK,Negative,False
Urinary.Catheter.Now,binary,Dialysis.in.1.week.1,binary,,,20,WEAK,Negative,False
Urinary.Catheter.Now,binary,Ventilation,binary,,,20,WEAK,Negative,False
Urinary.Catheter.Now,binary,Overall.organ.support,binary,,,20,WEAK,Negative,False
Urinary.Catheter.Now,binary,Neutropenia,binary,,,20,WEAK,Negative,False
Urinary.Catheter.Now,binary,HIV.Present,binary,,,20,WEAK,Negative,False
Urinary.Catheter.Now,binary,TB,binary,,,20,WEAK,Negative,False
Urinary.Catheter.Now,binary,Any.Viral.Infection,binary,,,20,WEAK,Negative,False
Urinary.Catheter.Now,binary,Any.Fungal.Infection,binary,,,20,WEAK,Negative,False
Urinary.Catheter.Now,binary,Hemat.Malignancy,binary,,,20,WEAK,Negative,False
Urinary.Catheter.Now,binary,Solid.Organ,binary,,,20,WEAK,Negative,False
Urinary.Catheter.Now,binary,APACHEII,continuous,,,20,WEAK,Negative,False
Urinary.Catheter.Now,binary,SOFA,continuous,,,20,WEAK,Negative,False
Urinary.Catheter.Now,binary,Hb,binary,,,20,WEAK,Negative,False
Urinary.Catheter.Now,binary,TLC,binary,,,20,WEAK,Negative,False
Urinary.Catheter.Now,binary,ANC,binary,,,20,WEAK,Negative,False
Urinary.Catheter.Now,binary,Lympho,binary,,,20,WEAK,Negative,False
Urinary.Catheter.Now,binary,Platelet,binary,,,20,WEAK,Negative,False
Urinary.Catheter.Now,binary,INR,binary,,,20,WEAK,Negative,False
Urinary.Catheter.Now,binary,Bil,binary,,,20,WEAK,Negative,False
Urinary.Catheter.Now,binary,SGPT,binary,,,20,WEAK,Negative,False
Urinary.Catheter.Now,binary,SGOT,binary,,,20,WEAK,Negative,False
Urinary.Catheter.Now,binary,Albumin,binary,,,20,WEAK,Negative,False
Urinary.Catheter.Now,binary,Total.Protein,binary,,,20,WEAK,Negative,False
Urinary.Catheter.Now,binary,Globulin,binary,,,20,WEAK,Negative,False
Urinary.Catheter.Now,binary,ALP,binary,,,20,WEAK,Negative,False
Urinary.Catheter.Now,binary,Creatinine,binary,,,20,WEAK,Negative,False
Urinary.Catheter.Now,binary,Sodium,binary,,,20,WEAK,Negative,False
Urinary.Catheter.Now,binary,Potassium,binary,,,20,WEAK,Negative,False
Urinary.Catheter.Now,binary,Urea,binary,,,20,WEAK,Negative,False
Urinary.Catheter.Now,binary,Calcium,binary,,,20,WEAK,Negative,False
Urinary.Catheter.Now,binary,Magnesium,binary,,,20,WEAK,Negative,False
Urinary.Catheter.Now,binary,Procalcitonin,binary,,,20,WEAK,Negative,False
Urinary.Catheter.Now,binary,P.C.Z.A.E,binary,,,20,WEAK,Negative,False
Urinary.Catheter.Now,binary,P.C.only.E,binary,,,20,WEAK,Negative,False
Urinary.Catheter.Now,binary,Z.A.only.E,binary,,,20,WEAK,Negative,False
Urinary.Catheter.Now,binary,Neither.Abx.E,binary,,,20,WEAK,Negative,False
Urinary.Catheter.Now,binary,P.C.Z.A.T,binary,,,20,WEAK,Negative,False
Urinary.Catheter.Now,binary,P.C.only.T,binary,,,20,WEAK,Negative,False
Urinary.Catheter.Now,binary,Z.A.only.T,binary,,,20,WEAK,Negative,False
Urinary.Catheter.Now,binary,Neither.Abx.T,binary,,,20,WEAK,Negative,False
Urinary.Catheter.Now,binary,Amikacin,ordinal,,,20,WEAK,Negative,False
Urinary.Catheter.Now,binary,Ciprofloxacin,ordinal,,,20,WEAK,Negative,False
Urinary.Catheter.Now,binary,Colistin,ordinal,,,20,WEAK,Negative,False
Urinary.Catheter.Now,binary,Cefepime,ordinal,,,20,WEAK,Negative,False
Urinary.Catheter.Now,binary,Gentamicin,ordinal,,,20,WEAK,Negative,False
Urinary.Catheter.Now,binary,Imipenem,ordinal,,,20,WEAK,Negative,False
Urinary.Catheter.Now,binary,Levofloxacin,ordinal,,,20,WEAK,Negative,False
Urinary.Catheter.Now,binary,Meropenem,ordinal,,,20,WEAK,Negative,False
Urinary.Catheter.Now,binary,Minocycline,ordinal,,,20,WEAK,Negative,False
Urinary.Catheter.Now,binary,Cefoperazone.Sulbactam,ordinal,,,20,WEAK,Negative,False
Urinary.Catheter.Now,binary,Trimethoprim.Sulfamethoxazole,ordinal,,,20,WEAK,Negative,False
Urinary.Catheter.Now,binary,Ceftazidime,ordinal,,,20,WEAK,Negative,False
Urinary.Catheter.Now,binary,Piperacillin.Tazobactam,ordinal,,,20,WEAK,Negative,False
Urinary.Catheter.Now,binary,Ampicillin.Sulbactam,ordinal,,,20,WEAK,Negative,False
Urinary.Catheter.Now,binary,ESBL.Producer,binary,,,20,WEAK,Negative,False
Urinary.Catheter.Now,binary,AmpC,binary,,,20,WEAK,Negative,False
Urinary.Catheter.Now,binary,Carbapenemase,binary,,,20,WEAK,Negative,False
Urinary.Catheter.Now,binary,MRSA,binary,,,20,WEAK,Negative,False
Urinary.Catheter.Now,binary,VAN,binary,,,20,WEAK,Negative,False
Urinary.Catheter.Now,binary,Meropenem.T,binary,,,20,WEAK,Negative,False
Urinary.Catheter.Now,binary,P.C.Sulbactam.T,ordinal,,,20,WEAK,Negative,False
Urinary.Catheter.Now,binary,Clinical.Improvement,ordinal,,,20,WEAK,Negative,False
Urinary.Catheter.Now,binary,ICU.Stay.in.28.Days,continuous,,,20,WEAK,Negative,False
Urinary.Catheter.Now,binary,GW.Stay.in.28.Days,continuous,,,20,WEAK,Negative,False
Urinary.Catheter.Now,binary,Total.Hospital.Stay,continuous,,,20,WEAK,Negative,False
Urinary.Catheter.Now,binary,Mortality.in.ICU,binary,,,20,WEAK,Negative,False
Urinary.Catheter.Now,binary,Mortality.in.Hospital,binary,,,20,WEAK,Negative,False
Urinary.Catheter.Now,binary,Mortality.post.28.Day.Discharge,binary,,,20,WEAK,Negative,False
Urinary.Catheter.Now,binary,Overall.Mortality,binary,,,20,WEAK,Negative,False
Urinary.Catheter.Now,binary,Relapse.post.28.Day.Discharge,binary,,,20,WEAK,Negative,False
Urinary.Catheter.Now,binary,Other.Illness.Leading.to.Hospitalization.post.28.Days.Discharge,binary,,,20,WEAK,Negative,False
Surgery.in.last.3.Months,binary,Endoscopy.in.1.week,binary,,,20,WEAK,Negative,False
Surgery.in.last.3.Months,binary,Dialysis.in.1.week,binary,,,20,WEAK,Negative,False
Surgery.in.last.3.Months,binary,Dialysis.in.1.week.1,binary,,,20,WEAK,Negative,False
Surgery.in.last.3.Months,binary,HIV.Present,binary,,,20,WEAK,Negative,False
Surgery.in.last.3.Months,binary,Hb,binary,,,20,WEAK,Negative,False
Surgery.in.last.3.Months,binary,INR,binary,,,20,WEAK,Negative,False
Surgery.in.last.3.Months,binary,Ciprofloxacin,ordinal,,,20,WEAK,Negative,False
Surgery.in.last.3.Months,binary,Colistin,ordinal,,,20,WEAK,Negative,False
Surgery.in.last.3.Months,binary,Cefepime,ordinal,,,20,WEAK,Negative,False
Surgery.in.last.3.Months,binary,Gentamicin,ordinal,,,20,WEAK,Negative,False
Surgery.in.last.3.Months,binary,Imipenem,ordinal,,,20,WEAK,Negative,False
Surgery.in.last.3.Months,binary,Levofloxacin,ordinal,,,20,WEAK,Negative,False
Surgery.in.last.3.Months,binary,Meropenem,ordinal,,,20,WEAK,Negative,False
Surgery.in.last.3.Months,binary,Cefoperazone.Sulbactam,ordinal,,,20,WEAK,Negative,False
Surgery.in.last.3.Months,binary,Ceftazidime,ordinal,,,20,WEAK,Negative,False
Surgery.in.last.3.Months,binary,Piperacillin.Tazobactam,ordinal,,,20,WEAK,Negative,False
Surgery.in.last.3.Months,binary,ESBL.Producer,binary,,,20,WEAK,Negative,False
Surgery.in.last.3.Months,binary,AmpC,binary,,,20,WEAK,Negative,False
Surgery.in.last.3.Months,binary,Carbapenemase,binary,,,20,WEAK,Negative,False
Surgery.in.last.3.Months,binary,MRSA,binary,,,20,WEAK,Negative,False
Surgery.in.last.3.Months,binary,VAN,binary,,,20,WEAK,Negative,False
Past.CREPA.infection,binary,Endoscopy.in.1.week,binary,,,20,WEAK,Negative,False
Past.CREPA.infection,binary,Dialysis.in.1.week,binary,,,20,WEAK,Negative,False
Past.CREPA.infection,binary,Dialysis.in.1.week.1,binary,,,20,WEAK,Negative,False
Past.CREPA.infection,binary,HIV.Present,binary,,,20,WEAK,Negative,False
Past.CREPA.infection,binary,Hb,binary,,,20,WEAK,Negative,False
Past.CREPA.infection,binary,INR,binary,,,20,WEAK,Negative,False
Past.CREPA.infection,binary,Ciprofloxacin,ordinal,,,20,WEAK,Negative,False
Past.CREPA.infection,binary,Colistin,ordinal,,,20,WEAK,Negative,False
Past.CREPA.infection,binary,Cefepime,ordinal,,,20,WEAK,Negative,False
Past.CREPA.infection,binary,Gentamicin,ordinal,,,20,WEAK,Negative,False
Past.CREPA.infection,binary,Imipenem,ordinal,,,20,WEAK,Negative,False
Past.CREPA.infection,binary,Levofloxacin,ordinal,,,20,WEAK,Negative,False
Past.CREPA.infection,binary,Meropenem,ordinal,,,20,WEAK,Negative,False
Past.CREPA.infection,binary,Cefoperazone.Sulbactam,ordinal,,,20,WEAK,Negative,False
Past.CREPA.infection,binary,Ceftazidime,ordinal,,,20,WEAK,Negative,False
Past.CREPA.infection,binary,Piperacillin.Tazobactam,ordinal,,,20,WEAK,Negative,False
Past.CREPA.infection,binary,ESBL.Producer,binary,,,20,WEAK,Negative,False
Past.CREPA.infection,binary,AmpC,binary,,,20,WEAK,Negative,False
Past.CREPA.infection,binary,Carbapenemase,binary,,,20,WEAK,Negative,False
Past.CREPA.infection,binary,MRSA,binary,,,20,WEAK,Negative,False
Past.CREPA.infection,binary,VAN,binary,,,20,WEAK,Negative,False
Endoscopy.in.1.week,binary,Dialysis.in.1.week,binary,,,20,WEAK,Negative,False
Endoscopy.in.1.week,binary,Immunosuppressive.drugs.in.1.week,binary,,,20,WEAK,Negative,False
Endoscopy.in.1.week,binary,Inotropes,binary,,,20,WEAK,Negative,False
Endoscopy.in.1.week,binary,Dialysis.in.1.week.1,binary,,,20,WEAK,Negative,False
Endoscopy.in.1.week,binary,Ventilation,binary,,,20,WEAK,Negative,False
Endoscopy.in.1.week,binary,Overall.organ.support,binary,,,20,WEAK,Negative,False
Endoscopy.in.1.week,binary,Neutropenia,binary,,,20,WEAK,Negative,False
Endoscopy.in.1.week,binary,HIV.Present,binary,,,20,WEAK,Negative,False
Endoscopy.in.1.week,binary,TB,binary,,,20,WEAK,Negative,False
Endoscopy.in.1.week,binary,Any.Viral.Infection,binary,,,20,WEAK,Negative,False
Endoscopy.in.1.week,binary,Any.Fungal.Infection,binary,,,20,WEAK,Negative,False
Endoscopy.in.1.week,binary,Hemat.Malignancy,binary,,,20,WEAK,Negative,False
Endoscopy.in.1.week,binary,Solid.Organ,binary,,,20,WEAK,Negative,False
Endoscopy.in.1.week,binary,APACHEII,continuous,,,20,WEAK,Negative,False
Endoscopy.in.1.week,binary,SOFA,continuous,,,20,WEAK,Negative,False
Endoscopy.in.1.week,binary,Hb,binary,,,20,WEAK,Negative,False
Endoscopy.in.1.week,binary,TLC,binary,,,20,WEAK,Negative,False
Endoscopy.in.1.week,binary,ANC,binary,,,20,WEAK,Negative,False
Endoscopy.in.1.week,binary,Lympho,binary,,,20,WEAK,Negative,False
Endoscopy.in.1.week,binary,Platelet,binary,,,20,WEAK,Negative,False
Endoscopy.in.1.week,binary,INR,binary,,,20,WEAK,Negative,False
Endoscopy.in.1.week,binary,Bil,binary,,,20,WEAK,Negative,False
Endoscopy.in.1.week,binary,SGPT,binary,,,20,WEAK,Negative,False
Endoscopy.in.1.week,binary,SGOT,binary,,,20,WEAK,Negative,False
Endoscopy.in.1.week,binary,Albumin,binary,,,20,WEAK,Negative,False
Endoscopy.in.1.week,binary,Total.Protein,binary,,,20,WEAK,Negative,False
Endoscopy.in.1.week,binary,Globulin,binary,,,20,WEAK,Negative,False
Endoscopy.in.1.week,binary,ALP,binary,,,20,WEAK,Negative,False
Endoscopy.in.1.week,binary,Creatinine,binary,,,20,WEAK,Negative,False
Endoscopy.in.1.week,binary,Sodium,binary,,,20,WEAK,Negative,False
Endoscopy.in.1.week,binary,Potassium,binary,,,20,WEAK,Negative,False
Endoscopy.in.1.week,binary,Urea,binary,,,20,WEAK,Negative,False
Endoscopy.in.1.week,binary,Calcium,binary,,,20,WEAK,Negative,False
Endoscopy.in.1.week,binary,Magnesium,binary,,,20,WEAK,Negative,False
Endoscopy.in.1.week,binary,Procalcitonin,binary,,,20,WEAK,Negative,False
Endoscopy.in.1.week,binary,P.C.Z.A.E,binary,,,20,WEAK,Negative,False
Endoscopy.in.1.week,binary,P.C.only.E,binary,,,20,WEAK,Negative,False
Endoscopy.in.1.week,binary,Z.A.only.E,binary,,,20,WEAK,Negative,False
Endoscopy.in.1.week,binary,Neither.Abx.E,binary,,,20,WEAK,Negative,False
Endoscopy.in.1.week,binary,P.C.Z.A.T,binary,,,20,WEAK,Negative,False
Endoscopy.in.1.week,binary,P.C.only.T,binary,,,20,WEAK,Negative,False
Endoscopy.in.1.week,binary,Z.A.only.T,binary,,,20,WEAK,Negative,False
Endoscopy.in.1.week,binary,Neither.Abx.T,binary,,,20,WEAK,Negative,False
Endoscopy.in.1.week,binary,Amikacin,ordinal,,,20,WEAK,Negative,False
Endoscopy.in.1.week,binary,Ciprofloxacin,ordinal,,,20,WEAK,Negative,False
Endoscopy.in.1.week,binary,Colistin,ordinal,,,20,WEAK,Negative,False
Endoscopy.in.1.week,binary,Cefepime,ordinal,,,20,WEAK,Negative,False
Endoscopy.in.1.week,binary,Gentamicin,ordinal,,,20,WEAK,Negative,False
Endoscopy.in.1.week,binary,Imipenem,ordinal,,,20,WEAK,Negative,False
Endoscopy.in.1.week,binary,Levofloxacin,ordinal,,,20,WEAK,Negative,False
Endoscopy.in.1.week,binary,Meropenem,ordinal,,,20,WEAK,Negative,False
Endoscopy.in.1.week,binary,Minocycline,ordinal,,,20,WEAK,Negative,False
Endoscopy.in.1.week,binary,Cefoperazone.Sulbactam,ordinal,,,20,WEAK,Negative,False
Endoscopy.in.1.week,binary,Trimethoprim.Sulfamethoxazole,ordinal,,,20,WEAK,Negative,False
Endoscopy.in.1.week,binary,Ceftazidime,ordinal,,,20,WEAK,Negative,False
Endoscopy.in.1.week,binary,Piperacillin.Tazobactam,ordinal,,,20,WEAK,Negative,False
Endoscopy.in.1.week,binary,Ampicillin.Sulbactam,ordinal,,,20,WEAK,Negative,False
Endoscopy.in.1.week,binary,ESBL.Producer,binary,,,20,WEAK,Negative,False
Endoscopy.in.1.week,binary,AmpC,binary,,,20,WEAK,Negative,False
Endoscopy.in.1.week,binary,Carbapenemase,binary,,,20,WEAK,Negative,False
Endoscopy.in.1.week,binary,MRSA,binary,,,20,WEAK,Negative,False
Endoscopy.in.1.week,binary,VAN,binary,,,20,WEAK,Negative,False
Endoscopy.in.1.week,binary,Meropenem.T,binary,,,20,WEAK,Negative,False
Endoscopy.in.1.week,binary,P.C.Sulbactam.T,ordinal,,,20,WEAK,Negative,False
Endoscopy.in.1.week,binary,Clinical.Improvement,ordinal,,,20,WEAK,Negative,False
Endoscopy.in.1.week,binary,ICU.Stay.in.28.Days,continuous,,,20,WEAK,Negative,False
Endoscopy.in.1.week,binary,GW.Stay.in.28.Days,continuous,,,20,WEAK,Negative,False
Endoscopy.in.1.week,binary,Total.Hospital.Stay,continuous,,,20,WEAK,Negative,False
Endoscopy.in.1.week,binary,Mortality.in.ICU,binary,,,20,WEAK,Negative,False
Endoscopy.in.1.week,binary,Mortality.in.Hospital,binary,,,20,WEAK,Negative,False
Endoscopy.in.1.week,binary,Mortality.post.28.Day.Discharge,binary,,,20,WEAK,Negative,False
Endoscopy.in.1.week,binary,Overall.Mortality,binary,,,20,WEAK,Negative,False
Endoscopy.in.1.week,binary,Relapse.post.28.Day.Discharge,binary,,,20,WEAK,Negative,False
Endoscopy.in.1.week,binary,Other.Illness.Leading.to.Hospitalization.post.28.Days.Discharge,binary,,,20,WEAK,Negative,False
Dialysis.in.1.week,binary,Immunosuppressive.drugs.in.1.week,binary,,,20,WEAK,Negative,False
Dialysis.in.1.week,binary,Inotropes,binary,,,20,WEAK,Negative,False
Dialysis.in.1.week,binary,Dialysis.in.1.week.1,binary,,,20,WEAK,Negative,False
Dialysis.in.1.week,binary,Ventilation,binary,,,20,WEAK,Negative,False
Dialysis.in.1.week,binary,Overall.organ.support,binary,,,20,WEAK,Negative,False
Dialysis.in.1.week,binary,Neutropenia,binary,,,20,WEAK,Negative,False
Dialysis.in.1.week,binary,HIV.Present,binary,,,20,WEAK,Negative,False
Dialysis.in.1.week,binary,TB,binary,,,20,WEAK,Negative,False
Dialysis.in.1.week,binary,Any.Viral.Infection,binary,,,20,WEAK,Negative,False
Dialysis.in.1.week,binary,Any.Fungal.Infection,binary,,,20,WEAK,Negative,False
Dialysis.in.1.week,binary,Hemat.Malignancy,binary,,,20,WEAK,Negative,False
Dialysis.in.1.week,binary,Solid.Organ,binary,,,20,WEAK,Negative,False
Dialysis.in.1.week,binary,APACHEII,continuous,,,20,WEAK,Negative,False
Dialysis.in.1.week,binary,SOFA,continuous,,,20,WEAK,Negative,False
Dialysis.in.1.week,binary,Hb,binary,,,20,WEAK,Negative,False
Dialysis.in.1.week,binary,TLC,binary,,,20,WEAK,Negative,False
Dialysis.in.1.week,binary,ANC,binary,,,20,WEAK,Negative,False
Dialysis.in.1.week,binary,Lympho,binary,,,20,WEAK,Negative,False
Dialysis.in.1.week,binary,Platelet,binary,,,20,WEAK,Negative,False
Dialysis.in.1.week,binary,INR,binary,,,20,WEAK,Negative,False
Dialysis.in.1.week,binary,Bil,binary,,,20,WEAK,Negative,False
Dialysis.in.1.week,binary,SGPT,binary,,,20,WEAK,Negative,False
Dialysis.in.1.week,binary,SGOT,binary,,,20,WEAK,Negative,False
Dialysis.in.1.week,binary,Albumin,binary,,,20,WEAK,Negative,False
Dialysis.in.1.week,binary,Total.Protein,binary,,,20,WEAK,Negative,False
Dialysis.in.1.week,binary,Globulin,binary,,,20,WEAK,Negative,False
Dialysis.in.1.week,binary,ALP,binary,,,20,WEAK,Negative,False
Dialysis.in.1.week,binary,Creatinine,binary,,,20,WEAK,Negative,False
Dialysis.in.1.week,binary,Sodium,binary,,,20,WEAK,Negative,False
Dialysis.in.1.week,binary,Potassium,binary,,,20,WEAK,Negative,False
Dialysis.in.1.week,binary,Urea,binary,,,20,WEAK,Negative,False
Dialysis.in.1.week,binary,Calcium,binary,,,20,WEAK,Negative,False
Dialysis.in.1.week,binary,Magnesium,binary,,,20,WEAK,Negative,False
Dialysis.in.1.week,binary,Procalcitonin,binary,,,20,WEAK,Negative,False
Dialysis.in.1.week,binary,P.C.Z.A.E,binary,,,20,WEAK,Negative,False
Dialysis.in.1.week,binary,P.C.only.E,binary,,,20,WEAK,Negative,False
Dialysis.in.1.week,binary,Z.A.only.E,binary,,,20,WEAK,Negative,False
Dialysis.in.1.week,binary,Neither.Abx.E,binary,,,20,WEAK,Negative,False
Dialysis.in.1.week,binary,P.C.Z.A.T,binary,,,20,WEAK,Negative,False
Dialysis.in.1.week,binary,P.C.only.T,binary,,,20,WEAK,Negative,False
Dialysis.in.1.week,binary,Z.A.only.T,binary,,,20,WEAK,Negative,False
Dialysis.in.1.week,binary,Neither.Abx.T,binary,,,20,WEAK,Negative,False
Dialysis.in.1.week,binary,Amikacin,ordinal,,,20,WEAK,Negative,False
Dialysis.in.1.week,binary,Ciprofloxacin,ordinal,,,20,WEAK,Negative,False
Dialysis.in.1.week,binary,Colistin,ordinal,,,20,WEAK,Negative,False
Dialysis.in.1.week,binary,Cefepime,ordinal,,,20,WEAK,Negative,False
Dialysis.in.1.week,binary,Gentamicin,ordinal,,,20,WEAK,Negative,False
Dialysis.in.1.week,binary,Imipenem,ordinal,,,20,WEAK,Negative,False
Dialysis.in.1.week,binary,Levofloxacin,ordinal,,,20,WEAK,Negative,False
Dialysis.in.1.week,binary,Meropenem,ordinal,,,20,WEAK,Negative,False
Dialysis.in.1.week,binary,Minocycline,ordinal,,,20,WEAK,Negative,False
Dialysis.in.1.week,binary,Cefoperazone.Sulbactam,ordinal,,,20,WEAK,Negative,False
Dialysis.in.1.week,binary,Trimethoprim.Sulfamethoxazole,ordinal,,,20,WEAK,Negative,False
Dialysis.in.1.week,binary,Ceftazidime,ordinal,,,20,WEAK,Negative,False
Dialysis.in.1.week,binary,Piperacillin.Tazobactam,ordinal,,,20,WEAK,Negative,False
Dialysis.in.1.week,binary,Ampicillin.Sulbactam,ordinal,,,20,WEAK,Negative,False
Dialysis.in.1.week,binary,ESBL.Producer,binary,,,20,WEAK,Negative,False
Dialysis.in.1.week,binary,AmpC,binary,,,20,WEAK,Negative,False
Dialysis.in.1.week,binary,Carbapenemase,binary,,,20,WEAK,Negative,False
Dialysis.in.1.week,binary,MRSA,binary,,,20,WEAK,Negative,False
Dialysis.in.1.week,binary,VAN,binary,,,20,WEAK,Negative,False
Dialysis.in.1.week,binary,Meropenem.T,binary,,,20,WEAK,Negative,False
Dialysis.in.1.week,binary,P.C.Sulbactam.T,ordinal,,,20,WEAK,Negative,False
Dialysis.in.1.week,binary,Clinical.Improvement,ordinal,,,20,WEAK,Negative,False
Dialysis.in.1.week,binary,ICU.Stay.in.28.Days,continuous,,,20,WEAK,Negative,False
Dialysis.in.1.week,binary,GW.Stay.in.28.Days,continuous,,,20,WEAK,Negative,False
Dialysis.in.1.week,binary,Total.Hospital.Stay,continuous,,,20,WEAK,Negative,False
Dialysis.in.1.week,binary,Mortality.in.ICU,binary,,,20,WEAK,Negative,False
Dialysis.in.1.week,binary,Mortality.in.Hospital,binary,,,20,WEAK,Negative,False
Dialysis.in.1.week,binary,Mortality.post.28.Day.Discharge,binary,,,20,WEAK,Negative,False
Dialysis.in.1.week,binary,Overall.Mortality,binary,,,20,WEAK,Negative,False
Dialysis.in.1.week,binary,Relapse.post.28.Day.Discharge,binary,,,20,WEAK,Negative,False
Dialysis.in.1.week,binary,Other.Illness.Leading.to.Hospitalization.post.28.Days.Discharge,binary,,,20,WEAK,Negative,False
Immunosuppressive.drugs.in.1.week,binary,Dialysis.in.1.week.1,binary,,,20,WEAK,Negative,False
Immunosuppressive.drugs.in.1.week,binary,HIV.Present,binary,,,20,WEAK,Negative,False
Immunosuppressive.drugs.in.1.week,binary,Hb,binary,,,20,WEAK,Negative,False
Immunosuppressive.drugs.in.1.week,binary,INR,binary,,,20,WEAK,Negative,False
Immunosuppressive.drugs.in.1.week,binary,Ciprofloxacin,ordinal,,,20,WEAK,Negative,False
Immunosuppressive.drugs.in.1.week,binary,Colistin,ordinal,,,20,WEAK,Negative,False
Immunosuppressive.drugs.in.1.week,binary,Cefepime,ordinal,,,20,WEAK,Negative,False
Immunosuppressive.drugs.in.1.week,binary,Gentamicin,ordinal,,,20,WEAK,Negative,False
Immunosuppressive.drugs.in.1.week,binary,Imipenem,ordinal,,,20,WEAK,Negative,False
Immunosuppressive.drugs.in.1.week,binary,Levofloxacin,ordinal,,,20,WEAK,Negative,False
Immunosuppressive.drugs.in.1.week,binary,Meropenem,ordinal,,,20,WEAK,Negative,False
Immunosuppressive.drugs.in.1.week,binary,Cefoperazone.Sulbactam,ordinal,,,20,WEAK,Negative,False
Immunosuppressive.drugs.in.1.week,binary,Ceftazidime,ordinal,,,20,WEAK,Negative,False
Immunosuppressive.drugs.in.1.week,binary,Piperacillin.Tazobactam,ordinal,,,20,WEAK,Negative,False
Immunosuppressive.drugs.in.1.week,binary,ESBL.Producer,binary,,,20,WEAK,Negative,False
Immunosuppressive.drugs.in.1.week,binary,AmpC,binary,,,20,WEAK,Negative,False
Immunosuppressive.drugs.in.1.week,binary,Carbapenemase,binary,,,20,WEAK,Negative,False
Immunosuppressive.drugs.in.1.week,binary,MRSA,binary,,,20,WEAK,Negative,False
Immunosuppressive.drugs.in.1.week,binary,VAN,binary,,,20,WEAK,Negative,False
Inotropes,binary,Dialysis.in.1.week.1,binary,,,20,WEAK,Negative,False
Inotropes,binary,HIV.Present,binary,,,20,WEAK,Negative,False
Inotropes,binary,Hb,binary,,,20,WEAK,Negative,False
Inotropes,binary,INR,binary,,,20,WEAK,Negative,False
Inotropes,binary,Ciprofloxacin,ordinal,,,20,WEAK,Negative,False
Inotropes,binary,Colistin,ordinal,,,20,WEAK,Negative,False
Inotropes,binary,Cefepime,ordinal,,,20,WEAK,Negative,False
Inotropes,binary,Gentamicin,ordinal,,,20,WEAK,Negative,False
Inotropes,binary,Imipenem,ordinal,,,20,WEAK,Negative,False
Inotropes,binary,Levofloxacin,ordinal,,,20,WEAK,Negative,False
Inotropes,binary,Meropenem,ordinal,,,20,WEAK,Negative,False
Inotropes,binary,Cefoperazone.Sulbactam,ordinal,,,20,WEAK,Negative,False
Inotropes,binary,Ceftazidime,ordinal,,,20,WEAK,Negative,False
Inotropes,binary,Piperacillin.Tazobactam,ordinal,,,20,WEAK,Negative,False
Inotropes,binary,ESBL.Producer,binary,,,20,WEAK,Negative,False
Inotropes,binary,AmpC,binary,,,20,WEAK,Negative,False
Inotropes,binary,Carbapenemase,binary,,,20,WEAK,Negative,False
Inotropes,binary,MRSA,binary,,,20,WEAK,Negative,False
Inotropes,binary,VAN,binary,,,20,WEAK,Negative,False
Dialysis.in.1.week.1,binary,Ventilation,binary,,,20,WEAK,Negative,False
Dialysis.in.1.week.1,binary,Overall.organ.support,binary,,,20,WEAK,Negative,False
Dialysis.in.1.week.1,binary,Neutropenia,binary,,,20,WEAK,Negative,False
Dialysis.in.1.week.1,binary,HIV.Present,binary,,,20,WEAK,Negative,False
Dialysis.in.1.week.1,binary,TB,binary,,,20,WEAK,Negative,False
Dialysis.in.1.week.1,binary,Any.Viral.Infection,binary,,,20,WEAK,Negative,False
Dialysis.in.1.week.1,binary,Any.Fungal.Infection,binary,,,20,WEAK,Negative,False
Dialysis.in.1.week.1,binary,Hemat.Malignancy,binary,,,20,WEAK,Negative,False
Dialysis.in.1.week.1,binary,Solid.Organ,binary,,,20,WEAK,Negative,False
Dialysis.in.1.week.1,binary,APACHEII,continuous,,,20,WEAK,Negative,False
Dialysis.in.1.week.1,binary,SOFA,continuous,,,20,WEAK,Negative,False
Dialysis.in.1.week.1,binary,Hb,binary,,,20,WEAK,Negative,False
Dialysis.in.1.week.1,binary,TLC,binary,,,20,WEAK,Negative,False
Dialysis.in.1.week.1,binary,ANC,binary,,,20,WEAK,Negative,False
Dialysis.in.1.week.1,binary,Lympho,binary,,,20,WEAK,Negative,False
Dialysis.in.1.week.1,binary,Platelet,binary,,,20,WEAK,Negative,False
Dialysis.in.1.week.1,binary,INR,binary,,,20,WEAK,Negative,False
Dialysis.in.1.week.1,binary,Bil,binary,,,20,WEAK,Negative,False
Dialysis.in.1.week.1,binary,SGPT,binary,,,20,WEAK,Negative,False
Dialysis.in.1.week.1,binary,SGOT,binary,,,20,WEAK,Negative,False
Dialysis.in.1.week.1,binary,Albumin,binary,,,20,WEAK,Negative,False
Dialysis.in.1.week.1,binary,Total.Protein,binary,,,20,WEAK,Negative,False
Dialysis.in.1.week.1,binary,Globulin,binary,,,20,WEAK,Negative,False
Dialysis.in.1.week.1,binary,ALP,binary,,,20,WEAK,Negative,False
Dialysis.in.1.week.1,binary,Creatinine,binary,,,20,WEAK,Negative,False
Dialysis.in.1.week.1,binary,Sodium,binary,,,20,WEAK,Negative,False
Dialysis.in.1.week.1,binary,Potassium,binary,,,20,WEAK,Negative,False
Dialysis.in.1.week.1,binary,Urea,binary,,,20,WEAK,Negative,False
Dialysis.in.1.week.1,binary,Calcium,binary,,,20,WEAK,Negative,False
Dialysis.in.1.week.1,binary,Magnesium,binary,,,20,WEAK,Negative,False
Dialysis.in.1.week.1,binary,Procalcitonin,binary,,,20,WEAK,Negative,False
Dialysis.in.1.week.1,binary,P.C.Z.A.E,binary,,,20,WEAK,Negative,False
Dialysis.in.1.week.1,binary,P.C.only.E,binary,,,20,WEAK,Negative,False
Dialysis.in.1.week.1,binary,Z.A.only.E,binary,,,20,WEAK,Negative,False
Dialysis.in.1.week.1,binary,Neither.Abx.E,binary,,,20,WEAK,Negative,False
Dialysis.in.1.week.1,binary,P.C.Z.A.T,binary,,,20,WEAK,Negative,False
Dialysis.in.1.week.1,binary,P.C.only.T,binary,,,20,WEAK,Negative,False
Dialysis.in.1.week.1,binary,Z.A.only.T,binary,,,20,WEAK,Negative,False
Dialysis.in.1.week.1,binary,Neither.Abx.T,binary,,,20,WEAK,Negative,False
Dialysis.in.1.week.1,binary,Amikacin,ordinal,,,20,WEAK,Negative,False
Dialysis.in.1.week.1,binary,Ciprofloxacin,ordinal,,,20,WEAK,Negative,False
Dialysis.in.1.week.1,binary,Colistin,ordinal,,,20,WEAK,Negative,False
Dialysis.in.1.week.1,binary,Cefepime,ordinal,,,20,WEAK,Negative,False
Dialysis.in.1.week.1,binary,Gentamicin,ordinal,,,20,WEAK,Negative,False
Dialysis.in.1.week.1,binary,Imipenem,ordinal,,,20,WEAK,Negative,False
Dialysis.in.1.week.1,binary,Levofloxacin,ordinal,,,20,WEAK,Negative,False
Dialysis.in.1.week.1,binary,Meropenem,ordinal,,,20,WEAK,Negative,False
Dialysis.in.1.week.1,binary,Minocycline,ordinal,,,20,WEAK,Negative,False
Dialysis.in.1.week.1,binary,Cefoperazone.Sulbactam,ordinal,,,20,WEAK,Negative,False
Dialysis.in.1.week.1,binary,Trimethoprim.Sulfamethoxazole,ordinal,,,20,WEAK,Negative,False
Dialysis.in.1.week.1,binary,Ceftazidime,ordinal,,,20,WEAK,Negative,False
Dialysis.in.1.week.1,binary,Piperacillin.Tazobactam,ordinal,,,20,WEAK,Negative,False
Dialysis.in.1.week.1,binary,Ampicillin.Sulbactam,ordinal,,,20,WEAK,Negative,False
Dialysis.in.1.week.1,binary,ESBL.Producer,binary,,,20,WEAK,Negative,False
Dialysis.in.1.week.1,binary,AmpC,binary,,,20,WEAK,Negative,False
Dialysis.in.1.week.1,binary,Carbapenemase,binary,,,20,WEAK,Negative,False
Dialysis.in.1.week.1,binary,MRSA,binary,,,20,WEAK,Negative,False
Dialysis.in.1.week.1,binary,VAN,binary,,,20,WEAK,Negative,False
Dialysis.in.1.week.1,binary,Meropenem.T,binary,,,20,WEAK,Negative,False
Dialysis.in.1.week.1,binary,P.C.Sulbactam.T,ordinal,,,20,WEAK,Negative,False
Dialysis.in.1.week.1,binary,Clinical.Improvement,ordinal,,,20,WEAK,Negative,False
Dialysis.in.1.week.1,binary,ICU.Stay.in.28.Days,continuous,,,20,WEAK,Negative,False
Dialysis.in.1.week.1,binary,GW.Stay.in.28.Days,continuous,,,20,WEAK,Negative,False
Dialysis.in.1.week.1,binary,Total.Hospital.Stay,continuous,,,20,WEAK,Negative,False
Dialysis.in.1.week.1,binary,Mortality.in.ICU,binary,,,20,WEAK,Negative,False
Dialysis.in.1.week.1,binary,Mortality.in.Hospital,binary,,,20,WEAK,Negative,False
Dialysis.in.1.week.1,binary,Mortality.post.28.Day.Discharge,binary,,,20,WEAK,Negative,False
Dialysis.in.1.week.1,binary,Overall.Mortality,binary,,,20,WEAK,Negative,False
Dialysis.in.1.week.1,binary,Relapse.post.28.Day.Discharge,binary,,,20,WEAK,Negative,False
Dialysis.in.1.week.1,binary,Other.Illness.Leading.to.Hospitalization.post.28.Days.Discharge,binary,,,20,WEAK,Negative,False
Ventilation,binary,HIV.Present,binary,,,20,WEAK,Negative,False
Ventilation,binary,Hb,binary,,,20,WEAK,Negative,False
Ventilation,binary,INR,binary,,,20,WEAK,Negative,False
Ventilation,binary,Ciprofloxacin,ordinal,,,20,WEAK,Negative,False
Ventilation,binary,Colistin,ordinal,,,20,WEAK,Negative,False
Ventilation,binary,Cefepime,ordinal,,,20,WEAK,Negative,False
Ventilation,binary,Gentamicin,ordinal,,,20,WEAK,Negative,False
Ventilation,binary,Imipenem,ordinal,,,20,WEAK,Negative,False
Ventilation,binary,Levofloxacin,ordinal,,,20,WEAK,Negative,False
Ventilation,binary,Meropenem,ordinal,,,20,WEAK,Negative,False
Ventilation,binary,Cefoperazone.Sulbactam,ordinal,,,20,WEAK,Negative,False
Ventilation,binary,Ceftazidime,ordinal,,,20,WEAK,Negative,False
Ventilation,binary,Piperacillin.Tazobactam,ordinal,,,20,WEAK,Negative,False
Ventilation,binary,ESBL.Producer,binary,,,20,WEAK,Negative,False
Ventilation,binary,AmpC,binary,,,20,WEAK,Negative,False
Ventilation,binary,Carbapenemase,binary,,,20,WEAK,Negative,False
Ventilation,binary,MRSA,binary,,,20,WEAK,Negative,False
Ventilation,binary,VAN,binary,,,20,WEAK,Negative,False
Overall.organ.support,binary,HIV.Present,binary,,,20,WEAK,Negative,False
Overall.organ.support,binary,Hb,binary,,,20,WEAK,Negative,False
Overall.organ.support,binary,INR,binary,,,20,WEAK,Negative,False
Overall.organ.support,binary,Ciprofloxacin,ordinal,,,20,WEAK,Negative,False
Overall.organ.support,binary,Colistin,ordinal,,,20,WEAK,Negative,False
Overall.organ.support,binary,Cefepime,ordinal,,,20,WEAK,Negative,False
Overall.organ.support,binary,Gentamicin,ordinal,,,20,WEAK,Negative,False
Overall.organ.support,binary,Imipenem,ordinal,,,20,WEAK,Negative,False
Overall.organ.support,binary,Levofloxacin,ordinal,,,20,WEAK,Negative,False
Overall.organ.support,binary,Meropenem,ordinal,,,20,WEAK,Negative,False
Overall.organ.support,binary,Cefoperazone.Sulbactam,ordinal,,,20,WEAK,Negative,False
Overall.organ.support,binary,Ceftazidime,ordinal,,,20,WEAK,Negative,False
Overall.organ.support,binary,Piperacillin.Tazobactam,ordinal,,,20,WEAK,Negative,False
Overall.organ.support,binary,ESBL.Producer,binary,,,20,WEAK,Negative,False
Overall.organ.support,binary,AmpC,binary,,,20,WEAK,Negative,False
Overall.organ.support,binary,Carbapenemase,binary,,,20,WEAK,Negative,False
Overall.organ.support,binary,MRSA,binary,,,20,WEAK,Negative,False
Overall.organ.support,binary,VAN,binary,,,20,WEAK,Negative,False
Neutropenia,binary,HIV.Present,binary,,,20,WEAK,Negative,False
Neutropenia,binary,Hb,binary,,,20,WEAK,Negative,False
Neutropenia,binary,INR,binary,,,20,WEAK,Negative,False
Neutropenia,binary,Ciprofloxacin,ordinal,,,20,WEAK,Negative,False
Neutropenia,binary,Colistin,ordinal,,,20,WEAK,Negative,False
Neutropenia,binary,Cefepime,ordinal,,,20,WEAK,Negative,False
Neutropenia,binary,Gentamicin,ordinal,,,20,WEAK,Negative,False
Neutropenia,binary,Imipenem,ordinal,,,20,WEAK,Negative,False
Neutropenia,binary,Levofloxacin,ordinal,,,20,WEAK,Negative,False
Neutropenia,binary,Meropenem,ordinal,,,20,WEAK,Negative,False
Neutropenia,binary,Cefoperazone.Sulbactam,ordinal,,,20,WEAK,Negative,False
Neutropenia,binary,Ceftazidime,ordinal,,,20,WEAK,Negative,False
Neutropenia,binary,Piperacillin.Tazobactam,ordinal,,,20,WEAK,Negative,False
Neutropenia,binary,ESBL.Producer,binary,,,20,WEAK,Negative,False
Neutropenia,binary,AmpC,binary,,,20,WEAK,Negative,False
Neutropenia,binary,Carbapenemase,binary,,,20,WEAK,Negative,False
Neutropenia,binary,MRSA,binary,,,20,WEAK,Negative,False
Neutropenia,binary,VAN,binary,,,20,WEAK,Negative,False
HIV.Present,binary,TB,binary,,,20,WEAK,Negative,False
HIV.Present,binary,Any.Viral.Infection,binary,,,20,WEAK,Negative,False
HIV.Present,binary,Any.Fungal.Infection,binary,,,20,WEAK,Negative,False
HIV.Present,binary,Hemat.Malignancy,binary,,,20,WEAK,Negative,False
HIV.Present,binary,Solid.Organ,binary,,,20,WEAK,Negative,False
HIV.Present,binary,APACHEII,continuous,,,20,WEAK,Negative,False
HIV.Present,binary,SOFA,continuous,,,20,WEAK,Negative,False
HIV.Present,binary,Hb,binary,,,20,WEAK,Negative,False
HIV.Present,binary,TLC,binary,,,20,WEAK,Negative,False
HIV.Present,binary,ANC,binary,,,20,WEAK,Negative,False
HIV.Present,binary,Lympho,binary,,,20,WEAK,Negative,False
HIV.Present,binary,Platelet,binary,,,20,WEAK,Negative,False
HIV.Present,binary,INR,binary,,,20,WEAK,Negative,False
HIV.Present,binary,Bil,binary,,,20,WEAK,Negative,False
HIV.Present,binary,SGPT,binary,,,20,WEAK,Negative,False
HIV.Present,binary,SGOT,binary,,,20,WEAK,Negative,False
HIV.Present,binary,Albumin,binary,,,20,WEAK,Negative,False
HIV.Present,binary,Total.Protein,binary,,,20,WEAK,Negative,False
HIV.Present,binary,Globulin,binary,,,20,WEAK,Negative,False
HIV.Present,binary,ALP,binary,,,20,WEAK,Negative,False
HIV.Present,binary,Creatinine,binary,,,20,WEAK,Negative,False
HIV.Present,binary,Sodium,binary,,,20,WEAK,Negative,False
HIV.Present,binary,Potassium,binary,,,20,WEAK,Negative,False
HIV.Present,binary,Urea,binary,,,20,WEAK,Negative,False
HIV.Present,binary,Calcium,binary,,,20,WEAK,Negative,False
HIV.Present,binary,Magnesium,binary,,,20,WEAK,Negative,False
HIV.Present,binary,Procalcitonin,binary,,,20,WEAK,Negative,False
HIV.Present,binary,P.C.Z.A.E,binary,,,20,WEAK,Negative,False
HIV.Present,binary,P.C.only.E,binary,,,20,WEAK,Negative,False
HIV.Present,binary,Z.A.only.E,binary,,,20,WEAK,Negative,False
HIV.Present,binary,Neither.Abx.E,binary,,,20,WEAK,Negative,False
HIV.Present,binary,P.C.Z.A.T,binary,,,20,WEAK,Negative,False
HIV.Present,binary,P.C.only.T,binary,,,20,WEAK,Negative,False
HIV.Present,binary,Z.A.only.T,binary,,,20,WEAK,Negative,False
HIV.Present,binary,Neither.Abx.T,binary,,,20,WEAK,Negative,False
HIV.Present,binary,Amikacin,ordinal,,,20,WEAK,Negative,False
HIV.Present,binary,Ciprofloxacin,ordinal,,,20,WEAK,Negative,False
HIV.Present,binary,Colistin,ordinal,,,20,WEAK,Negative,False
HIV.Present,binary,Cefepime,ordinal,,,20,WEAK,Negative,False
HIV.Present,binary,Gentamicin,ordinal,,,20,WEAK,Negative,False
HIV.Present,binary,Imipenem,ordinal,,,20,WEAK,Negative,False
HIV.Present,binary,Levofloxacin,ordinal,,,20,WEAK,Negative,False
HIV.Present,binary,Meropenem,ordinal,,,20,WEAK,Negative,False
HIV.Present,binary,Minocycline,ordinal,,,20,WEAK,Negative,False
HIV.Present,binary,Cefoperazone.Sulbactam,ordinal,,,20,WEAK,Negative,False
HIV.Present,binary,Trimethoprim.Sulfamethoxazole,ordinal,,,20,WEAK,Negative,False
HIV.Present,binary,Ceftazidime,ordinal,,,20,WEAK,Negative,False
HIV.Present,binary,Piperacillin.Tazobactam,ordinal,,,20,WEAK,Negative,False
HIV.Present,binary,Ampicillin.Sulbactam,ordinal,,,20,WEAK,Negative,False
HIV.Present,binary,ESBL.Producer,binary,,,20,WEAK,Negative,False
HIV.Present,binary,AmpC,binary,,,20,WEAK,Negative,False
HIV.Present,binary,Carbapenemase,binary,,,20,WEAK,Negative,False
HIV.Present,binary,MRSA,binary,,,20,WEAK,Negative,False
HIV.Present,binary,VAN,binary,,,20,WEAK,Negative,False
HIV.Present,binary,Meropenem.T,binary,,,20,WEAK,Negative,False
HIV.Present,binary,P.C.Sulbactam.T,ordinal,,,20,WEAK,Negative,False
HIV.Present,binary,Clinical.Improvement,ordinal,,,20,WEAK,Negative,False
HIV.Present,binary,ICU.Stay.in.28.Days,continuous,,,20,WEAK,Negative,False
HIV.Present,binary,GW.Stay.in.28.Days,continuous,,,20,WEAK,Negative,False
HIV.Present,binary,Total.Hospital.Stay,continuous,,,20,WEAK,Negative,False
HIV.Present,binary,Mortality.in.ICU,binary,,,20,WEAK,Negative,False
HIV.Present,binary,Mortality.in.Hospital,binary,,,20,WEAK,Negative,False
HIV.Present,binary,Mortality.post.28.Day.Discharge,binary,,,20,WEAK,Negative,False
HIV.Present,binary,Overall.Mortality,binary,,,20,WEAK,Negative,False
HIV.Present,binary,Relapse.post.28.Day.Discharge,binary,,,20,WEAK,Negative,False
HIV.Present,binary,Other.Illness.Leading.to.Hospitalization.post.28.Days.Discharge,binary,,,20,WEAK,Negative,False
TB,binary,Hb,binary,,,20,WEAK,Negative,False
TB,binary,INR,binary,,,20,WEAK,Negative,False
TB,binary,Ciprofloxacin,ordinal,,,20,WEAK,Negative,False
TB,binary,Colistin,ordinal,,,20,WEAK,Negative,False
TB,binary,Cefepime,ordinal,,,20,WEAK,Negative,False
TB,binary,Gentamicin,ordinal,,,20,WEAK,Negative,False
TB,binary,Imipenem,ordinal,,,20,WEAK,Negative,False
TB,binary,Levofloxacin,ordinal,,,20,WEAK,Negative,False
TB,binary,Meropenem,ordinal,,,20,WEAK,Negative,False
TB,binary,Cefoperazone.Sulbactam,ordinal,,,20,WEAK,Negative,False
TB,binary,Ceftazidime,ordinal,,,20,WEAK,Negative,False
TB,binary,Piperacillin.Tazobactam,ordinal,,,20,WEAK,Negative,False
TB,binary,ESBL.Producer,binary,,,20,WEAK,Negative,False
TB,binary,AmpC,binary,,,20,WEAK,Negative,False
TB,binary,Carbapenemase,binary,,,20,WEAK,Negative,False
TB,binary,MRSA,binary,,,20,WEAK,Negative,False
TB,binary,VAN,binary,,,20,WEAK,Negative,False
Any.Viral.Infection,binary,Hb,binary,,,20,WEAK,Negative,False
Any.Viral.Infection,binary,INR,binary,,,20,WEAK,Negative,False
Any.Viral.Infection,binary,Ciprofloxacin,ordinal,,,20,WEAK,Negative,False
Any.Viral.Infection,binary,Colistin,ordinal,,,20,WEAK,Negative,False
Any.Viral.Infection,binary,Cefepime,ordinal,,,20,WEAK,Negative,False
Any.Viral.Infection,binary,Gentamicin,ordinal,,,20,WEAK,Negative,False
Any.Viral.Infection,binary,Imipenem,ordinal,,,20,WEAK,Negative,False
Any.Viral.Infection,binary,Levofloxacin,ordinal,,,20,WEAK,Negative,False
Any.Viral.Infection,binary,Meropenem,ordinal,,,20,WEAK,Negative,False
Any.Viral.Infection,binary,Cefoperazone.Sulbactam,ordinal,,,20,WEAK,Negative,False
Any.Viral.Infection,binary,Ceftazidime,ordinal,,,20,WEAK,Negative,False
Any.Viral.Infection,binary,Piperacillin.Tazobactam,ordinal,,,20,WEAK,Negative,False
Any.Viral.Infection,binary,ESBL.Producer,binary,,,20,WEAK,Negative,False
Any.Viral.Infection,binary,AmpC,binary,,,20,WEAK,Negative,False
Any.Viral.Infection,binary,Carbapenemase,binary,,,20,WEAK,Negative,False
Any.Viral.Infection,binary,MRSA,binary,,,20,WEAK,Negative,False
Any.Viral.Infection,binary,VAN,binary,,,20,WEAK,Negative,False
Any.Fungal.Infection,binary,Hb,binary,,,20,WEAK,Negative,False
Any.Fungal.Infection,binary,INR,binary,,,20,WEAK,Negative,False
Any.Fungal.Infection,binary,Ciprofloxacin,ordinal,,,20,WEAK,Negative,False
Any.Fungal.Infection,binary,Colistin,ordinal,,,20,WEAK,Negative,False
Any.Fungal.Infection,binary,Cefepime,ordinal,,,20,WEAK,Negative,False
Any.Fungal.Infection,binary,Gentamicin,ordinal,,,20,WEAK,Negative,False
Any.Fungal.Infection,binary,Imipenem,ordinal,,,20,WEAK,Negative,False
Any.Fungal.Infection,binary,Levofloxacin,ordinal,,,20,WEAK,Negative,False
Any.Fungal.Infection,binary,Meropenem,ordinal,,,20,WEAK,Negative,False
Any.Fungal.Infection,binary,Cefoperazone.Sulbactam,ordinal,,,20,WEAK,Negative,False
Any.Fungal.Infection,binary,Ceftazidime,ordinal,,,20,WEAK,Negative,False
Any.Fungal.Infection,binary,Piperacillin.Tazobactam,ordinal,,,20,WEAK,Negative,False
Any.Fungal.Infection,binary,ESBL.Producer,binary,,,20,WEAK,Negative,False
Any.Fungal.Infection,binary,AmpC,binary,,,20,WEAK,Negative,False
Any.Fungal.Infection,binary,Carbapenemase,binary,,,20,WEAK,Negative,False
Any.Fungal.Infection,binary,MRSA,binary,,,20,WEAK,Negative,False
Any.Fungal.Infection,binary,VAN,binary,,,20,WEAK,Negative,False
Hemat.Malignancy,binary,Hb,binary,,,20,WEAK,Negative,False
Hemat.Malignancy,binary,INR,binary,,,20,WEAK,Negative,False
Hemat.Malignancy,binary,Ciprofloxacin,ordinal,,,20,WEAK,Negative,False
Hemat.Malignancy,binary,Colistin,ordinal,,,20,WEAK,Negative,False
Hemat.Malignancy,binary,Cefepime,ordinal,,,20,WEAK,Negative,False
Hemat.Malignancy,binary,Gentamicin,ordinal,,,20,WEAK,Negative,False
Hemat.Malignancy,binary,Imipenem,ordinal,,,20,WEAK,Negative,False
Hemat.Malignancy,binary,Levofloxacin,ordinal,,,20,WEAK,Negative,False
Hemat.Malignancy,binary,Meropenem,ordinal,,,20,WEAK,Negative,False
Hemat.Malignancy,binary,Cefoperazone.Sulbactam,ordinal,,,20,WEAK,Negative,False
Hemat.Malignancy,binary,Ceftazidime,ordinal,,,20,WEAK,Negative,False
Hemat.Malignancy,binary,Piperacillin.Tazobactam,ordinal,,,20,WEAK,Negative,False
Hemat.Malignancy,binary,ESBL.Producer,binary,,,20,WEAK,Negative,False
Hemat.Malignancy,binary,AmpC,binary,,,20,WEAK,Negative,False
Hemat.Malignancy,binary,Carbapenemase,binary,,,20,WEAK,Negative,False
Hemat.Malignancy,binary,MRSA,binary,,,20,WEAK,Negative,False
Hemat.Malignancy,binary,VAN,binary,,,20,WEAK,Negative,False
Solid.Organ,binary,Hb,binary,,,20,WEAK,Negative,False
Solid.Organ,binary,INR,binary,,,20,WEAK,Negative,False
Solid.Organ,binary,Ciprofloxacin,ordinal,,,20,WEAK,Negative,False
Solid.Organ,binary,Colistin,ordinal,,,20,WEAK,Negative,False
Solid.Organ,binary,Cefepime,ordinal,,,20,WEAK,Negative,False
Solid.Organ,binary,Gentamicin,ordinal,,,20,WEAK,Negative,False
Solid.Organ,binary,Imipenem,ordinal,,,20,WEAK,Negative,False
Solid.Organ,binary,Levofloxacin,ordinal,,,20,WEAK,Negative,False
Solid.Organ,binary,Meropenem,ordinal,,,20,WEAK,Negative,False
Solid.Organ,binary,Cefoperazone.Sulbactam,ordinal,,,20,WEAK,Negative,False
Solid.Organ,binary,Ceftazidime,ordinal,,,20,WEAK,Negative,False
Solid.Organ,binary,Piperacillin.Tazobactam,ordinal,,,20,WEAK,Negative,False
Solid.Organ,binary,ESBL.Producer,binary,,,20,WEAK,Negative,False
Solid.Organ,binary,AmpC,binary,,,20,WEAK,Negative,False
Solid.Organ,binary,Carbapenemase,binary,,,20,WEAK,Negative,False
Solid.Organ,binary,MRSA,binary,,,20,WEAK,Negative,False
Solid.Organ,binary,VAN,binary,,,20,WEAK,Negative,False
APACHEII,continuous,Hb,binary,,,20,WEAK,Negative,False
APACHEII,continuous,INR,binary,,,20,WEAK,Negative,False
APACHEII,continuous,Ciprofloxacin,ordinal,,,20,WEAK,Negative,False
APACHEII,continuous,Colistin,ordinal,,,20,WEAK,Negative,False
APACHEII,continuous,Cefepime,ordinal,,,20,WEAK,Negative,False
APACHEII,continuous,Gentamicin,ordinal,,,20,WEAK,Negative,False
APACHEII,continuous,Imipenem,ordinal,,,20,WEAK,Negative,False
APACHEII,continuous,Levofloxacin,ordinal,,,20,WEAK,Negative,False
APACHEII,continuous,Meropenem,ordinal,,,20,WEAK,Negative,False
APACHEII,continuous,Cefoperazone.Sulbactam,ordinal,,,20,WEAK,Negative,False
APACHEII,continuous,Ceftazidime,ordinal,,,20,WEAK,Negative,False
APACHEII,continuous,Piperacillin.Tazobactam,ordinal,,,20,WEAK,Negative,False
APACHEII,continuous,ESBL.Producer,binary,,,20,WEAK,Negative,False
APACHEII,continuous,AmpC,binary,,,20,WEAK,Negative,False
APACHEII,continuous,Carbapenemase,binary,,,20,WEAK,Negative,False
APACHEII,continuous,MRSA,binary,,,20,WEAK,Negative,False
APACHEII,continuous,VAN,binary,,,20,WEAK,Negative,False
SOFA,continuous,Hb,binary,,,20,WEAK,Negative,False
SOFA,continuous,INR,binary,,,20,WEAK,Negative,False
SOFA,continuous,Ciprofloxacin,ordinal,,,20,WEAK,Negative,False
SOFA,continuous,Colistin,ordinal,,,20,WEAK,Negative,False
SOFA,continuous,Cefepime,ordinal,,,20,WEAK,Negative,False
SOFA,continuous,Gentamicin,ordinal,,,20,WEAK,Negative,False
SOFA,continuous,Imipenem,ordinal,,,20,WEAK,Negative,False
SOFA,continuous,Levofloxacin,ordinal,,,20,WEAK,Negative,False
SOFA,continuous,Meropenem,ordinal,,,20,WEAK,Negative,False
SOFA,continuous,Cefoperazone.Sulbactam,ordinal,,,20,WEAK,Negative,False
SOFA,continuous,Ceftazidime,ordinal,,,20,WEAK,Negative,False
SOFA,continuous,Piperacillin.Tazobactam,ordinal,,,20,WEAK,Negative,False
SOFA,continuous,ESBL.Producer,binary,,,20,WEAK,Negative,False
SOFA,continuous,AmpC,binary,,,20,WEAK,Negative,False
SOFA,continuous,Carbapenemase,binary,,,20,WEAK,Negative,False
SOFA,continuous,MRSA,binary,,,20,WEAK,Negative,False
SOFA,continuous,VAN,binary,,,20,WEAK,Negative,False
Hb,binary,TLC,binary,,,20,WEAK,Negative,False
Hb,binary,ANC,binary,,,20,WEAK,Negative,False
Hb,binary,Lympho,binary,,,20,WEAK,Negative,False
Hb,binary,Platelet,binary,,,20,WEAK,Negative,False
Hb,binary,INR,binary,,,20,WEAK,Negative,False
Hb,binary,Bil,binary,,,20,WEAK,Negative,False
Hb,binary,SGPT,binary,,,20,WEAK,Negative,False
Hb,binary,SGOT,binary,,,20,WEAK,Negative,False
Hb,binary,Albumin,binary,,,20,WEAK,Negative,False
Hb,binary,Total.Protein,binary,,,20,WEAK,Negative,False
Hb,binary,Globulin,binary,,,20,WEAK,Negative,False
Hb,binary,ALP,binary,,,20,WEAK,Negative,False
Hb,binary,Creatinine,binary,,,20,WEAK,Negative,False
Hb,binary,Sodium,binary,,,20,WEAK,Negative,False
Hb,binary,Potassium,binary,,,20,WEAK,Negative,False
Hb,binary,Urea,binary,,,20,WEAK,Negative,False
Hb,binary,Calcium,binary,,,20,WEAK,Negative,False
Hb,binary,Magnesium,binary,,,20,WEAK,Negative,False
Hb,binary,Procalcitonin,binary,,,20,WEAK,Negative,False
Hb,binary,P.C.Z.A.E,binary,,,20,WEAK,Negative,False
Hb,binary,P.C.only.E,binary,,,20,WEAK,Negative,False
Hb,binary,Z.A.only.E,binary,,,20,WEAK,Negative,False
Hb,binary,Neither.Abx.E,binary,,,20,WEAK,Negative,False
Hb,binary,P.C.Z.A.T,binary,,,20,WEAK,Negative,False
Hb,binary,P.C.only.T,binary,,,20,WEAK,Negative,False
Hb,binary,Z.A.only.T,binary,,,20,WEAK,Negative,False
Hb,binary,Neither.Abx.T,binary,,,20,WEAK,Negative,False
Hb,binary,Amikacin,ordinal,,,20,WEAK,Negative,False
Hb,binary,Ciprofloxacin,ordinal,,,20,WEAK,Negative,False
Hb,binary,Colistin,ordinal,,,20,WEAK,Negative,False
Hb,binary,Cefepime,ordinal,,,20,WEAK,Negative,False
Hb,binary,Gentamicin,ordinal,,,20,WEAK,Negative,False
Hb,binary,Imipenem,ordinal,,,20,WEAK,Negative,False
Hb,binary,Levofloxacin,ordinal,,,20,WEAK,Negative,False
Hb,binary,Meropenem,ordinal,,,20,WEAK,Negative,False
Hb,binary,Minocycline,ordinal,,,20,WEAK,Negative,False
Hb,binary,Cefoperazone.Sulbactam,ordinal,,,20,WEAK,Negative,False
Hb,binary,Trimethoprim.Sulfamethoxazole,ordinal,,,20,WEAK,Negative,False
Hb,binary,Ceftazidime,ordinal,,,20,WEAK,Negative,False
Hb,binary,Piperacillin.Tazobactam,ordinal,,,20,WEAK,Negative,False
Hb,binary,Ampicillin.Sulbactam,ordinal,,,20,WEAK,Negative,False
Hb,binary,ESBL.Producer,binary,,,20,WEAK,Negative,False
Hb,binary,AmpC,binary,,,20,WEAK,Negative,False
Hb,binary,Carbapenemase,binary,,,20,WEAK,Negative,False
Hb,binary,MRSA,binary,,,20,WEAK,Negative,False
Hb,binary,VAN,binary,,,20,WEAK,Negative,False
Hb,binary,Meropenem.T,binary,,,20,WEAK,Negative,False
Hb,binary,P.C.Sulbactam.T,ordinal,,,20,WEAK,Negative,False
Hb,binary,Clinical.Improvement,ordinal,,,20,WEAK,Negative,False
Hb,binary,ICU.Stay.in.28.Days,continuous,,,20,WEAK,Negative,False
Hb,binary,GW.Stay.in.28.Days,continuous,,,20,WEAK,Negative,False
Hb,binary,Total.Hospital.Stay,continuous,,,20,WEAK,Negative,False
Hb,binary,Mortality.in.ICU,binary,,,20,WEAK,Negative,False
Hb,binary,Mortality.in.Hospital,binary,,,20,WEAK,Negative,False
Hb,binary,Mortality.post.28.Day.Discharge,binary,,,20,WEAK,Negative,False
Hb,binary,Overall.Mortality,binary,,,20,WEAK,Negative,False
Hb,binary,Relapse.post.28.Day.Discharge,binary,,,20,WEAK,Negative,False
Hb,binary,Other.Illness.Leading.to.Hospitalization.post.28.Days.Discharge,binary,,,20,WEAK,Negative,False
TLC,binary,INR,binary,,,20,WEAK,Negative,False
TLC,binary,Ciprofloxacin,ordinal,,,20,WEAK,Negative,False
TLC,binary,Colistin,ordinal,,,20,WEAK,Negative,False
TLC,binary,Cefepime,ordinal,,,20,WEAK,Negative,False
TLC,binary,Gentamicin,ordinal,,,20,WEAK,Negative,False
TLC,binary,Imipenem,ordinal,,,20,WEAK,Negative,False
TLC,binary,Levofloxacin,ordinal,,,20,WEAK,Negative,False
TLC,binary,Meropenem,ordinal,,,20,WEAK,Negative,False
TLC,binary,Cefoperazone.Sulbactam,ordinal,,,20,WEAK,Negative,False
TLC,binary,Ceftazidime,ordinal,,,20,WEAK,Negative,False
TLC,binary,Piperacillin.Tazobactam,ordinal,,,20,WEAK,Negative,False
TLC,binary,ESBL.Producer,binary,,,20,WEAK,Negative,False
TLC,binary,AmpC,binary,,,20,WEAK,Negative,False
TLC,binary,Carbapenemase,binary,,,20,WEAK,Negative,False
TLC,binary,MRSA,binary,,,20,WEAK,Negative,False
TLC,binary,VAN,binary,,,20,WEAK,Negative,False
ANC,binary,INR,binary,,,20,WEAK,Negative,False
ANC,binary,Ciprofloxacin,ordinal,,,20,WEAK,Negative,False
ANC,binary,Colistin,ordinal,,,20,WEAK,Negative,False
ANC,binary,Cefepime,ordinal,,,20,WEAK,Negative,False
ANC,binary,Gentamicin,ordinal,,,20,WEAK,Negative,False
ANC,binary,Imipenem,ordinal,,,20,WEAK,Negative,False
ANC,binary,Levofloxacin,ordinal,,,20,WEAK,Negative,False
ANC,binary,Meropenem,ordinal,,,20,WEAK,Negative,False
ANC,binary,Cefoperazone.Sulbactam,ordinal,,,20,WEAK,Negative,False
ANC,binary,Ceftazidime,ordinal,,,20,WEAK,Negative,False
ANC,binary,Piperacillin.Tazobactam,ordinal,,,20,WEAK,Negative,False
ANC,binary,ESBL.Producer,binary,,,20,WEAK,Negative,False
ANC,binary,AmpC,binary,,,20,WEAK,Negative,False
ANC,binary,Carbapenemase,binary,,,20,WEAK,Negative,False
ANC,binary,MRSA,binary,,,20,WEAK,Negative,False
ANC,binary,VAN,binary,,,20,WEAK,Negative,False
Lympho,binary,INR,binary,,,20,WEAK,Negative,False
Lympho,binary,Ciprofloxacin,ordinal,,,20,WEAK,Negative,False
Lympho,binary,Colistin,ordinal,,,20,WEAK,Negative,False
Lympho,binary,Cefepime,ordinal,,,20,WEAK,Negative,False
Lympho,binary,Gentamicin,ordinal,,,20,WEAK,Negative,False
Lympho,binary,Imipenem,ordinal,,,20,WEAK,Negative,False
Lympho,binary,Levofloxacin,ordinal,,,20,WEAK,Negative,False
Lympho,binary,Meropenem,ordinal,,,20,WEAK,Negative,False
Lympho,binary,Cefoperazone.Sulbactam,ordinal,,,20,WEAK,Negative,False
Lympho,binary,Ceftazidime,ordinal,,,20,WEAK,Negative,False
Lympho,binary,Piperacillin.Tazobactam,ordinal,,,20,WEAK,Negative,False
Lympho,binary,ESBL.Producer,binary,,,20,WEAK,Negative,False
Lympho,binary,AmpC,binary,,,20,WEAK,Negative,False
Lympho,binary,Carbapenemase,binary,,,20,WEAK,Negative,False
Lympho,binary,MRSA,binary,,,20,WEAK,Negative,False
Lympho,binary,VAN,binary,,,20,WEAK,Negative,False
Platelet,binary,INR,binary,,,20,WEAK,Negative,False
Platelet,binary,Ciprofloxacin,ordinal,,,20,WEAK,Negative,False
Platelet,binary,Colistin,ordinal,,,20,WEAK,Negative,False
Platelet,binary,Cefepime,ordinal,,,20,WEAK,Negative,False
Platelet,binary,Gentamicin,ordinal,,,20,WEAK,Negative,False
Platelet,binary,Imipenem,ordinal,,,20,WEAK,Negative,False
Platelet,binary,Levofloxacin,ordinal,,,20,WEAK,Negative,False
Platelet,binary,Meropenem,ordinal,,,20,WEAK,Negative,False
Platelet,binary,Cefoperazone.Sulbactam,ordinal,,,20,WEAK,Negative,False
Platelet,binary,Ceftazidime,ordinal,,,20,WEAK,Negative,False
Platelet,binary,Piperacillin.Tazobactam,ordinal,,,20,WEAK,Negative,False
Platelet,binary,ESBL.Producer,binary,,,20,WEAK,Negative,False
Platelet,binary,AmpC,binary,,,20,WEAK,Negative,False
Platelet,binary,Carbapenemase,binary,,,20,WEAK,Negative,False
Platelet,binary,MRSA,binary,,,20,WEAK,Negative,False
Platelet,binary,VAN,binary,,,20,WEAK,Negative,False
INR,binary,Bil,binary,,,20,WEAK,Negative,False
INR,binary,SGPT,binary,,,20,WEAK,Negative,False
INR,binary,SGOT,binary,,,20,WEAK,Negative,False
INR,binary,Albumin,binary,,,20,WEAK,Negative,False
INR,binary,Total.Protein,binary,,,20,WEAK,Negative,False
INR,binary,Globulin,binary,,,20,WEAK,Negative,False
INR,binary,ALP,binary,,,20,WEAK,Negative,False
INR,binary,Creatinine,binary,,,20,WEAK,Negative,False
INR,binary,Sodium,binary,,,20,WEAK,Negative,False
INR,binary,Potassium,binary,,,20,WEAK,Negative,False
INR,binary,Urea,binary,,,20,WEAK,Negative,False
INR,binary,Calcium,binary,,,20,WEAK,Negative,False
INR,binary,Magnesium,binary,,,20,WEAK,Negative,False
INR,binary,Procalcitonin,binary,,,20,WEAK,Negative,False
INR,binary,P.C.Z.A.E,binary,,,20,WEAK,Negative,False
INR,binary,P.C.only.E,binary,,,20,WEAK,Negative,False
INR,binary,Z.A.only.E,binary,,,20,WEAK,Negative,False
INR,binary,Neither.Abx.E,binary,,,20,WEAK,Negative,False
INR,binary,P.C.Z.A.T,binary,,,20,WEAK,Negative,False
INR,binary,P.C.only.T,binary,,,20,WEAK,Negative,False
INR,binary,Z.A.only.T,binary,,,20,WEAK,Negative,False
INR,binary,Neither.Abx.T,binary,,,20,WEAK,Negative,False
INR,binary,Amikacin,ordinal,,,20,WEAK,Negative,False
INR,binary,Ciprofloxacin,ordinal,,,20,WEAK,Negative,False
INR,binary,Colistin,ordinal,,,20,WEAK,Negative,False
INR,binary,Cefepime,ordinal,,,20,WEAK,Negative,False
INR,binary,Gentamicin,ordinal,,,20,WEAK,Negative,False
INR,binary,Imipenem,ordinal,,,20,WEAK,Negative,False
INR,binary,Levofloxacin,ordinal,,,20,WEAK,Negative,False
INR,binary,Meropenem,ordinal,,,20,WEAK,Negative,False
INR,binary,Minocycline,ordinal,,,20,WEAK,Negative,False
INR,binary,Cefoperazone.Sulbactam,ordinal,,,20,WEAK,Negative,False
INR,binary,Trimethoprim.Sulfamethoxazole,ordinal,,,20,WEAK,Negative,False
INR,binary,Ceftazidime,ordinal,,,20,WEAK,Negative,False
INR,binary,Piperacillin.Tazobactam,ordinal,,,20,WEAK,Negative,False
INR,binary,Ampicillin.Sulbactam,ordinal,,,20,WEAK,Negative,False
INR,binary,ESBL.Producer,binary,,,20,WEAK,Negative,False
INR,binary,AmpC,binary,,,20,WEAK,Negative,False
INR,binary,Carbapenemase,binary,,,20,WEAK,Negative,False
INR,binary,MRSA,binary,,,20,WEAK,Negative,False
INR,binary,VAN,binary,,,20,WEAK,Negative,False
INR,binary,Meropenem.T,binary,,,20,WEAK,Negative,False
INR,binary,P.C.Sulbactam.T,ordinal,,,20,WEAK,Negative,False
INR,binary,Clinical.Improvement,ordinal,,,20,WEAK,Negative,False
INR,binary,ICU.Stay.in.28.Days,continuous,,,20,WEAK,Negative,False
INR,binary,GW.Stay.in.28.Days,continuous,,,20,WEAK,Negative,False
INR,binary,Total.Hospital.Stay,continuous,,,20,WEAK,Negative,False
INR,binary,Mortality.in.ICU,binary,,,20,WEAK,Negative,False
INR,binary,Mortality.in.Hospital,binary,,,20,WEAK,Negative,False
INR,binary,Mortality.post.28.Day.Discharge,binary,,,20,WEAK,Negative,False
INR,binary,Overall.Mortality,binary,,,20,WEAK,Negative,False
INR,binary,Relapse.post.28.Day.Discharge,binary,,,20,WEAK,Negative,False
INR,binary,Other.Illness.Leading.to.Hospitalization.post.28.Days.Discharge,binary,,,20,WEAK,Negative,False
Bil,binary,Ciprofloxacin,ordinal,,,20,WEAK,Negative,False
Bil,binary,Colistin,ordinal,,,20,WEAK,Negative,False
Bil,binary,Cefepime,ordinal,,,20,WEAK,Negative,False
Bil,binary,Gentamicin,ordinal,,,20,WEAK,Negative,False
Bil,binary,Imipenem,ordinal,,,20,WEAK,Negative,False
Bil,binary,Levofloxacin,ordinal,,,20,WEAK,Negative,False
Bil,binary,Meropenem,ordinal,,,20,WEAK,Negative,False
Bil,binary,Cefoperazone.Sulbactam,ordinal,,,20,WEAK,Negative,False
Bil,binary,Ceftazidime,ordinal,,,20,WEAK,Negative,False
Bil,binary,Piperacillin.Tazobactam,ordinal,,,20,WEAK,Negative,False
Bil,binary,ESBL.Producer,binary,,,20,WEAK,Negative,False
Bil,binary,AmpC,binary,,,20,WEAK,Negative,False
Bil,binary,Carbapenemase,binary,,,20,WEAK,Negative,False
Bil,binary,MRSA,binary,,,20,WEAK,Negative,False
Bil,binary,VAN,binary,,,20,WEAK,Negative,False
SGPT,binary,Ciprofloxacin,ordinal,,,20,WEAK,Negative,False
SGPT,binary,Colistin,ordinal,,,20,WEAK,Negative,False
SGPT,binary,Cefepime,ordinal,,,20,WEAK,Negative,False
SGPT,binary,Gentamicin,ordinal,,,20,WEAK,Negative,False
SGPT,binary,Imipenem,ordinal,,,20,WEAK,Negative,False
SGPT,binary,Levofloxacin,ordinal,,,20,WEAK,Negative,False
SGPT,binary,Meropenem,ordinal,,,20,WEAK,Negative,False
SGPT,binary,Cefoperazone.Sulbactam,ordinal,,,20,WEAK,Negative,False
SGPT,binary,Ceftazidime,ordinal,,,20,WEAK,Negative,False
SGPT,binary,Piperacillin.Tazobactam,ordinal,,,20,WEAK,Negative,False
SGPT,binary,ESBL.Producer,binary,,,20,WEAK,Negative,False
SGPT,binary,AmpC,binary,,,20,WEAK,Negative,False
SGPT,binary,Carbapenemase,binary,,,20,WEAK,Negative,False
SGPT,binary,MRSA,binary,,,20,WEAK,Negative,False
SGPT,binary,VAN,binary,,,20,WEAK,Negative,False
SGOT,binary,Ciprofloxacin,ordinal,,,20,WEAK,Negative,False
SGOT,binary,Colistin,ordinal,,,20,WEAK,Negative,False
SGOT,binary,Cefepime,ordinal,,,20,WEAK,Negative,False
SGOT,binary,Gentamicin,ordinal,,,20,WEAK,Negative,False
SGOT,binary,Imipenem,ordinal,,,20,WEAK,Negative,False
SGOT,binary,Levofloxacin,ordinal,,,20,WEAK,Negative,False
SGOT,binary,Meropenem,ordinal,,,20,WEAK,Negative,False
SGOT,binary,Cefoperazone.Sulbactam,ordinal,,,20,WEAK,Negative,False
SGOT,binary,Ceftazidime,ordinal,,,20,WEAK,Negative,False
SGOT,binary,Piperacillin.Tazobactam,ordinal,,,20,WEAK,Negative,False
SGOT,binary,ESBL.Producer,binary,,,20,WEAK,Negative,False
SGOT,binary,AmpC,binary,,,20,WEAK,Negative,False
SGOT,binary,Carbapenemase,binary,,,20,WEAK,Negative,False
SGOT,binary,MRSA,binary,,,20,WEAK,Negative,False
SGOT,binary,VAN,binary,,,20,WEAK,Negative,False
Albumin,binary,Ciprofloxacin,ordinal,,,20,WEAK,Negative,False
Albumin,binary,Colistin,ordinal,,,20,WEAK,Negative,False
Albumin,binary,Cefepime,ordinal,,,20,WEAK,Negative,False
Albumin,binary,Gentamicin,ordinal,,,20,WEAK,Negative,False
Albumin,binary,Imipenem,ordinal,,,20,WEAK,Negative,False
Albumin,binary,Levofloxacin,ordinal,,,20,WEAK,Negative,False
Albumin,binary,Meropenem,ordinal,,,20,WEAK,Negative,False
Albumin,binary,Cefoperazone.Sulbactam,ordinal,,,20,WEAK,Negative,False
Albumin,binary,Ceftazidime,ordinal,,,20,WEAK,Negative,False
Albumin,binary,Piperacillin.Tazobactam,ordinal,,,20,WEAK,Negative,False
Albumin,binary,ESBL.Producer,binary,,,20,WEAK,Negative,False
Albumin,binary,AmpC,binary,,,20,WEAK,Negative,False
Albumin,binary,Carbapenemase,binary,,,20,WEAK,Negative,False
Albumin,binary,MRSA,binary,,,20,WEAK,Negative,False
Albumin,binary,VAN,binary,,,20,WEAK,Negative,False
Total.Protein,binary,Ciprofloxacin,ordinal,,,20,WEAK,Negative,False
Total.Protein,binary,Colistin,ordinal,,,20,WEAK,Negative,False
Total.Protein,binary,Cefepime,ordinal,,,20,WEAK,Negative,False
Total.Protein,binary,Gentamicin,ordinal,,,20,WEAK,Negative,False
Total.Protein,binary,Imipenem,ordinal,,,20,WEAK,Negative,False
Total.Protein,binary,Levofloxacin,ordinal,,,20,WEAK,Negative,False
Total.Protein,binary,Meropenem,ordinal,,,20,WEAK,Negative,False
Total.Protein,binary,Cefoperazone.Sulbactam,ordinal,,,20,WEAK,Negative,False
Total.Protein,binary,Ceftazidime,ordinal,,,20,WEAK,Negative,False
Total.Protein,binary,Piperacillin.Tazobactam,ordinal,,,20,WEAK,Negative,False
Total.Protein,binary,ESBL.Producer,binary,,,20,WEAK,Negative,False
Total.Protein,binary,AmpC,binary,,,20,WEAK,Negative,False
Total.Protein,binary,Carbapenemase,binary,,,20,WEAK,Negative,False
Total.Protein,binary,MRSA,binary,,,20,WEAK,Negative,False
Total.Protein,binary,VAN,binary,,,20,WEAK,Negative,False
Globulin,binary,Ciprofloxacin,ordinal,,,20,WEAK,Negative,False
Globulin,binary,Colistin,ordinal,,,20,WEAK,Negative,False
Globulin,binary,Cefepime,ordinal,,,20,WEAK,Negative,False
Globulin,binary,Gentamicin,ordinal,,,20,WEAK,Negative,False
Globulin,binary,Imipenem,ordinal,,,20,WEAK,Negative,False
Globulin,binary,Levofloxacin,ordinal,,,20,WEAK,Negative,False
Globulin,binary,Meropenem,ordinal,,,20,WEAK,Negative,False
Globulin,binary,Cefoperazone.Sulbactam,ordinal,,,20,WEAK,Negative,False
Globulin,binary,Ceftazidime,ordinal,,,20,WEAK,Negative,False
Globulin,binary,Piperacillin.Tazobactam,ordinal,,,20,WEAK,Negative,False
Globulin,binary,ESBL.Producer,binary,,,20,WEAK,Negative,False
Globulin,binary,AmpC,binary,,,20,WEAK,Negative,False
Globulin,binary,Carbapenemase,binary,,,20,WEAK,Negative,False
Globulin,binary,MRSA,binary,,,20,WEAK,Negative,False
Globulin,binary,VAN,binary,,,20,WEAK,Negative,False
ALP,binary,Ciprofloxacin,ordinal,,,20,WEAK,Negative,False
ALP,binary,Colistin,ordinal,,,20,WEAK,Negative,False
ALP,binary,Cefepime,ordinal,,,20,WEAK,Negative,False
ALP,binary,Gentamicin,ordinal,,,20,WEAK,Negative,False
ALP,binary,Imipenem,ordinal,,,20,WEAK,Negative,False
ALP,binary,Levofloxacin,ordinal,,,20,WEAK,Negative,False
ALP,binary,Meropenem,ordinal,,,20,WEAK,Negative,False
ALP,binary,Cefoperazone.Sulbactam,ordinal,,,20,WEAK,Negative,False
ALP,binary,Ceftazidime,ordinal,,,20,WEAK,Negative,False
ALP,binary,Piperacillin.Tazobactam,ordinal,,,20,WEAK,Negative,False
ALP,binary,ESBL.Producer,binary,,,20,WEAK,Negative,False
ALP,binary,AmpC,binary,,,20,WEAK,Negative,False
ALP,binary,Carbapenemase,binary,,,20,WEAK,Negative,False
ALP,binary,MRSA,binary,,,20,WEAK,Negative,False
ALP,binary,VAN,binary,,,20,WEAK,Negative,False
Creatinine,binary,Ciprofloxacin,ordinal,,,20,WEAK,Negative,False
Creatinine,binary,Colistin,ordinal,,,20,WEAK,Negative,False
Creatinine,binary,Cefepime,ordinal,,,20,WEAK,Negative,False
Creatinine,binary,Gentamicin,ordinal,,,20,WEAK,Negative,False
Creatinine,binary,Imipenem,ordinal,,,20,WEAK,Negative,False
Creatinine,binary,Levofloxacin,ordinal,,,20,WEAK,Negative,False
Creatinine,binary,Meropenem,ordinal,,,20,WEAK,Negative,False
Creatinine,binary,Cefoperazone.Sulbactam,ordinal,,,20,WEAK,Negative,False
Creatinine,binary,Ceftazidime,ordinal,,,20,WEAK,Negative,False
Creatinine,binary,Piperacillin.Tazobactam,ordinal,,,20,WEAK,Negative,False
Creatinine,binary,ESBL.Producer,binary,,,20,WEAK,Negative,False
Creatinine,binary,AmpC,binary,,,20,WEAK,Negative,False
Creatinine,binary,Carbapenemase,binary,,,20,WEAK,Negative,False
Creatinine,binary,MRSA,binary,,,20,WEAK,Negative,False
Creatinine,binary,VAN,binary,,,20,WEAK,Negative,False
Sodium,binary,Ciprofloxacin,ordinal,,,20,WEAK,Negative,False
Sodium,binary,Colistin,ordinal,,,20,WEAK,Negative,False
Sodium,binary,Cefepime,ordinal,,,20,WEAK,Negative,False
Sodium,binary,Gentamicin,ordinal,,,20,WEAK,Negative,False
Sodium,binary,Imipenem,ordinal,,,20,WEAK,Negative,False
Sodium,binary,Levofloxacin,ordinal,,,20,WEAK,Negative,False
Sodium,binary,Meropenem,ordinal,,,20,WEAK,Negative,False
Sodium,binary,Cefoperazone.Sulbactam,ordinal,,,20,WEAK,Negative,False
Sodium,binary,Ceftazidime,ordinal,,,20,WEAK,Negative,False
Sodium,binary,Piperacillin.Tazobactam,ordinal,,,20,WEAK,Negative,False
Sodium,binary,ESBL.Producer,binary,,,20,WEAK,Negative,False
Sodium,binary,AmpC,binary,,,20,WEAK,Negative,False
Sodium,binary,Carbapenemase,binary,,,20,WEAK,Negative,False
Sodium,binary,MRSA,binary,,,20,WEAK,Negative,False
Sodium,binary,VAN,binary,,,20,WEAK,Negative,False
Potassium,binary,Ciprofloxacin,ordinal,,,20,WEAK,Negative,False
Potassium,binary,Colistin,ordinal,,,20,WEAK,Negative,False
Potassium,binary,Cefepime,ordinal,,,20,WEAK,Negative,False
Potassium,binary,Gentamicin,ordinal,,,20,WEAK,Negative,False
Potassium,binary,Imipenem,ordinal,,,20,WEAK,Negative,False
Potassium,binary,Levofloxacin,ordinal,,,20,WEAK,Negative,False
Potassium,binary,Meropenem,ordinal,,,20,WEAK,Negative,False
Potassium,binary,Cefoperazone.Sulbactam,ordinal,,,20,WEAK,Negative,False
Potassium,binary,Ceftazidime,ordinal,,,20,WEAK,Negative,False
Potassium,binary,Piperacillin.Tazobactam,ordinal,,,20,WEAK,Negative,False
Potassium,binary,ESBL.Producer,binary,,,20,WEAK,Negative,False
Potassium,binary,AmpC,binary,,,20,WEAK,Negative,False
Potassium,binary,Carbapenemase,binary,,,20,WEAK,Negative,False
Potassium,binary,MRSA,binary,,,20,WEAK,Negative,False
Potassium,binary,VAN,binary,,,20,WEAK,Negative,False
Urea,binary,Ciprofloxacin,ordinal,,,20,WEAK,Negative,False
Urea,binary,Colistin,ordinal,,,20,WEAK,Negative,False
Urea,binary,Cefepime,ordinal,,,20,WEAK,Negative,False
Urea,binary,Gentamicin,ordinal,,,20,WEAK,Negative,False
Urea,binary,Imipenem,ordinal,,,20,WEAK,Negative,False
Urea,binary,Levofloxacin,ordinal,,,20,WEAK,Negative,False
Urea,binary,Meropenem,ordinal,,,20,WEAK,Negative,False
Urea,binary,Cefoperazone.Sulbactam,ordinal,,,20,WEAK,Negative,False
Urea,binary,Ceftazidime,ordinal,,,20,WEAK,Negative,False
Urea,binary,Piperacillin.Tazobactam,ordinal,,,20,WEAK,Negative,False
Urea,binary,ESBL.Producer,binary,,,20,WEAK,Negative,False
Urea,binary,AmpC,binary,,,20,WEAK,Negative,False
Urea,binary,Carbapenemase,binary,,,20,WEAK,Negative,False
Urea,binary,MRSA,binary,,,20,WEAK,Negative,False
Urea,binary,VAN,binary,,,20,WEAK,Negative,False
Calcium,binary,Ciprofloxacin,ordinal,,,20,WEAK,Negative,False
Calcium,binary,Colistin,ordinal,,,20,WEAK,Negative,False
Calcium,binary,Cefepime,ordinal,,,20,WEAK,Negative,False
Calcium,binary,Gentamicin,ordinal,,,20,WEAK,Negative,False
Calcium,binary,Imipenem,ordinal,,,20,WEAK,Negative,False
Calcium,binary,Levofloxacin,ordinal,,,20,WEAK,Negative,False
Calcium,binary,Meropenem,ordinal,,,20,WEAK,Negative,False
Calcium,binary,Cefoperazone.Sulbactam,ordinal,,,20,WEAK,Negative,False
Calcium,binary,Ceftazidime,ordinal,,,20,WEAK,Negative,False
Calcium,binary,Piperacillin.Tazobactam,ordinal,,,20,WEAK,Negative,False
Calcium,binary,ESBL.Producer,binary,,,20,WEAK,Negative,False
Calcium,binary,AmpC,binary,,,20,WEAK,Negative,False
Calcium,binary,Carbapenemase,binary,,,20,WEAK,Negative,False
Calcium,binary,MRSA,binary,,,20,WEAK,Negative,False
Calcium,binary,VAN,binary,,,20,WEAK,Negative,False
Magnesium,binary,Ciprofloxacin,ordinal,,,20,WEAK,Negative,False
Magnesium,binary,Colistin,ordinal,,,20,WEAK,Negative,False
Magnesium,binary,Cefepime,ordinal,,,20,WEAK,Negative,False
Magnesium,binary,Gentamicin,ordinal,,,20,WEAK,Negative,False
Magnesium,binary,Imipenem,ordinal,,,20,WEAK,Negative,False
Magnesium,binary,Levofloxacin,ordinal,,,20,WEAK,Negative,False
Magnesium,binary,Meropenem,ordinal,,,20,WEAK,Negative,False
Magnesium,binary,Cefoperazone.Sulbactam,ordinal,,,20,WEAK,Negative,False
Magnesium,binary,Ceftazidime,ordinal,,,20,WEAK,Negative,False
Magnesium,binary,Piperacillin.Tazobactam,ordinal,,,20,WEAK,Negative,False
Magnesium,binary,ESBL.Producer,binary,,,20,WEAK,Negative,False
Magnesium,binary,AmpC,binary,,,20,WEAK,Negative,False
Magnesium,binary,Carbapenemase,binary,,,20,WEAK,Negative,False
Magnesium,binary,MRSA,binary,,,20,WEAK,Negative,False
Magnesium,binary,VAN,binary,,,20,WEAK,Negative,False
Procalcitonin,binary,Ciprofloxacin,ordinal,,,20,WEAK,Negative,False
Procalcitonin,binary,Colistin,ordinal,,,20,WEAK,Negative,False
Procalcitonin,binary,Cefepime,ordinal,,,20,WEAK,Negative,False
Procalcitonin,binary,Gentamicin,ordinal,,,20,WEAK,Negative,False
Procalcitonin,binary,Imipenem,ordinal,,,20,WEAK,Negative,False
Procalcitonin,binary,Levofloxacin,ordinal,,,20,WEAK,Negative,False
Procalcitonin,binary,Meropenem,ordinal,,,20,WEAK,Negative,False
Procalcitonin,binary,Cefoperazone.Sulbactam,ordinal,,,20,WEAK,Negative,False
Procalcitonin,binary,Ceftazidime,ordinal,,,20,WEAK,Negative,False
Procalcitonin,binary,Piperacillin.Tazobactam,ordinal,,,20,WEAK,Negative,False
Procalcitonin,binary,ESBL.Producer,binary,,,20,WEAK,Negative,False
Procalcitonin,binary,AmpC,binary,,,20,WEAK,Negative,False
Procalcitonin,binary,Carbapenemase,binary,,,20,WEAK,Negative,False
Procalcitonin,binary,MRSA,binary,,,20,WEAK,Negative,False
Procalcitonin,binary,VAN,binary,,,20,WEAK,Negative,False
P.C.Z.A.E,binary,Ciprofloxacin,ordinal,,,20,WEAK,Negative,False
P.C.Z.A.E,binary,Colistin,ordinal,,,20,WEAK,Negative,False
P.C.Z.A.E,binary,Cefepime,ordinal,,,20,WEAK,Negative,False
P.C.Z.A.E,binary,Gentamicin,ordinal,,,20,WEAK,Negative,False
P.C.Z.A.E,binary,Imipenem,ordinal,,,20,WEAK,Negative,False
P.C.Z.A.E,binary,Levofloxacin,ordinal,,,20,WEAK,Negative,False
P.C.Z.A.E,binary,Meropenem,ordinal,,,20,WEAK,Negative,False
P.C.Z.A.E,binary,Cefoperazone.Sulbactam,ordinal,,,20,WEAK,Negative,False
P.C.Z.A.E,binary,Ceftazidime,ordinal,,,20,WEAK,Negative,False
P.C.Z.A.E,binary,Piperacillin.Tazobactam,ordinal,,,20,WEAK,Negative,False
P.C.Z.A.E,binary,ESBL.Producer,binary,,,20,WEAK,Negative,False
P.C.Z.A.E,binary,AmpC,binary,,,20,WEAK,Negative,False
P.C.Z.A.E,binary,Carbapenemase,binary,,,20,WEAK,Negative,False
P.C.Z.A.E,binary,MRSA,binary,,,20,WEAK,Negative,False
P.C.Z.A.E,binary,VAN,binary,,,20,WEAK,Negative,False
P.C.only.E,binary,Ciprofloxacin,ordinal,,,20,WEAK,Negative,False
P.C.only.E,binary,Colistin,ordinal,,,20,WEAK,Negative,False
P.C.only.E,binary,Cefepime,ordinal,,,20,WEAK,Negative,False
P.C.only.E,binary,Gentamicin,ordinal,,,20,WEAK,Negative,False
P.C.only.E,binary,Imipenem,ordinal,,,20,WEAK,Negative,False
P.C.only.E,binary,Levofloxacin,ordinal,,,20,WEAK,Negative,False
P.C.only.E,binary,Meropenem,ordinal,,,20,WEAK,Negative,False
P.C.only.E,binary,Cefoperazone.Sulbactam,ordinal,,,20,WEAK,Negative,False
P.C.only.E,binary,Ceftazidime,ordinal,,,20,WEAK,Negative,False
P.C.only.E,binary,Piperacillin.Tazobactam,ordinal,,,20,WEAK,Negative,False
P.C.only.E,binary,ESBL.Producer,binary,,,20,WEAK,Negative,False
P.C.only.E,binary,AmpC,binary,,,20,WEAK,Negative,False
P.C.only.E,binary,Carbapenemase,binary,,,20,WEAK,Negative,False
P.C.only.E,binary,MRSA,binary,,,20,WEAK,Negative,False
P.C.only.E,binary,VAN,binary,,,20,WEAK,Negative,False
Z.A.only.E,binary,Ciprofloxacin,ordinal,,,20,WEAK,Negative,False
Z.A.only.E,binary,Colistin,ordinal,,,20,WEAK,Negative,False
Z.A.only.E,binary,Cefepime,ordinal,,,20,WEAK,Negative,False
Z.A.only.E,binary,Gentamicin,ordinal,,,20,WEAK,Negative,False
Z.A.only.E,binary,Imipenem,ordinal,,,20,WEAK,Negative,False
Z.A.only.E,binary,Levofloxacin,ordinal,,,20,WEAK,Negative,False
Z.A.only.E,binary,Meropenem,ordinal,,,20,WEAK,Negative,False
Z.A.only.E,binary,Cefoperazone.Sulbactam,ordinal,,,20,WEAK,Negative,False
Z.A.only.E,binary,Ceftazidime,ordinal,,,20,WEAK,Negative,False
Z.A.only.E,binary,Piperacillin.Tazobactam,ordinal,,,20,WEAK,Negative,False
Z.A.only.E,binary,ESBL.Producer,binary,,,20,WEAK,Negative,False
Z.A.only.E,binary,AmpC,binary,,,20,WEAK,Negative,False
Z.A.only.E,binary,Carbapenemase,binary,,,20,WEAK,Negative,False
Z.A.only.E,binary,MRSA,binary,,,20,WEAK,Negative,False
Z.A.only.E,binary,VAN,binary,,,20,WEAK,Negative,False
Neither.Abx.E,binary,Ciprofloxacin,ordinal,,,20,WEAK,Negative,False
Neither.Abx.E,binary,Colistin,ordinal,,,20,WEAK,Negative,False
Neither.Abx.E,binary,Cefepime,ordinal,,,20,WEAK,Negative,False
Neither.Abx.E,binary,Gentamicin,ordinal,,,20,WEAK,Negative,False
Neither.Abx.E,binary,Imipenem,ordinal,,,20,WEAK,Negative,False
Neither.Abx.E,binary,Levofloxacin,ordinal,,,20,WEAK,Negative,False
Neither.Abx.E,binary,Meropenem,ordinal,,,20,WEAK,Negative,False
Neither.Abx.E,binary,Cefoperazone.Sulbactam,ordinal,,,20,WEAK,Negative,False
Neither.Abx.E,binary,Ceftazidime,ordinal,,,20,WEAK,Negative,False
Neither.Abx.E,binary,Piperacillin.Tazobactam,ordinal,,,20,WEAK,Negative,False
Neither.Abx.E,binary,ESBL.Producer,binary,,,20,WEAK,Negative,False
Neither.Abx.E,binary,AmpC,binary,,,20,WEAK,Negative,False
Neither.Abx.E,binary,Carbapenemase,binary,,,20,WEAK,Negative,False
Neither.Abx.E,binary,MRSA,binary,,,20,WEAK,Negative,False
Neither.Abx.E,binary,VAN,binary,,,20,WEAK,Negative,False
P.C.Z.A.T,binary,Ciprofloxacin,ordinal,,,20,WEAK,Negative,False
P.C.Z.A.T,binary,Colistin,ordinal,,,20,WEAK,Negative,False
P.C.Z.A.T,binary,Cefepime,ordinal,,,20,WEAK,Negative,False
P.C.Z.A.T,binary,Gentamicin,ordinal,,,20,WEAK,Negative,False
P.C.Z.A.T,binary,Imipenem,ordinal,,,20,WEAK,Negative,False
P.C.Z.A.T,binary,Levofloxacin,ordinal,,,20,WEAK,Negative,False
P.C.Z.A.T,binary,Meropenem,ordinal,,,20,WEAK,Negative,False
P.C.Z.A.T,binary,Cefoperazone.Sulbactam,ordinal,,,20,WEAK,Negative,False
P.C.Z.A.T,binary,Ceftazidime,ordinal,,,20,WEAK,Negative,False
P.C.Z.A.T,binary,Piperacillin.Tazobactam,ordinal,,,20,WEAK,Negative,False
P.C.Z.A.T,binary,ESBL.Producer,binary,,,20,WEAK,Negative,False
P.C.Z.A.T,binary,AmpC,binary,,,20,WEAK,Negative,False
P.C.Z.A.T,binary,Carbapenemase,binary,,,20,WEAK,Negative,False
P.C.Z.A.T,binary,MRSA,binary,,,20,WEAK,Negative,False
P.C.Z.A.T,binary,VAN,binary,,,20,WEAK,Negative,False
P.C.only.T,binary,Ciprofloxacin,ordinal,,,20,WEAK,Negative,False
P.C.only.T,binary,Colistin,ordinal,,,20,WEAK,Negative,False
P.C.only.T,binary,Cefepime,ordinal,,,20,WEAK,Negative,False
P.C.only.T,binary,Gentamicin,ordinal,,,20,WEAK,Negative,False
P.C.only.T,binary,Imipenem,ordinal,,,20,WEAK,Negative,False
P.C.only.T,binary,Levofloxacin,ordinal,,,20,WEAK,Negative,False
P.C.only.T,binary,Meropenem,ordinal,,,20,WEAK,Negative,False
P.C.only.T,binary,Cefoperazone.Sulbactam,ordinal,,,20,WEAK,Negative,False
P.C.only.T,binary,Ceftazidime,ordinal,,,20,WEAK,Negative,False
P.C.only.T,binary,Piperacillin.Tazobactam,ordinal,,,20,WEAK,Negative,False
P.C.only.T,binary,ESBL.Producer,binary,,,20,WEAK,Negative,False
P.C.only.T,binary,AmpC,binary,,,20,WEAK,Negative,False
P.C.only.T,binary,Carbapenemase,binary,,,20,WEAK,Negative,False
P.C.only.T,binary,MRSA,binary,,,20,WEAK,Negative,False
P.C.only.T,binary,VAN,binary,,,20,WEAK,Negative,False
Z.A.only.T,binary,Ciprofloxacin,ordinal,,,20,WEAK,Negative,False
Z.A.only.T,binary,Colistin,ordinal,,,20,WEAK,Negative,False
Z.A.only.T,binary,Cefepime,ordinal,,,20,WEAK,Negative,False
Z.A.only.T,binary,Gentamicin,ordinal,,,20,WEAK,Negative,False
Z.A.only.T,binary,Imipenem,ordinal,,,20,WEAK,Negative,False
Z.A.only.T,binary,Levofloxacin,ordinal,,,20,WEAK,Negative,False
Z.A.only.T,binary,Meropenem,ordinal,,,20,WEAK,Negative,False
Z.A.only.T,binary,Cefoperazone.Sulbactam,ordinal,,,20,WEAK,Negative,False
Z.A.only.T,binary,Ceftazidime,ordinal,,,20,WEAK,Negative,False
Z.A.only.T,binary,Piperacillin.Tazobactam,ordinal,,,20,WEAK,Negative,False
Z.A.only.T,binary,ESBL.Producer,binary,,,20,WEAK,Negative,False
Z.A.only.T,binary,AmpC,binary,,,20,WEAK,Negative,False
Z.A.only.T,binary,Carbapenemase,binary,,,20,WEAK,Negative,False
Z.A.only.T,binary,MRSA,binary,,,20,WEAK,Negative,False
Z.A.only.T,binary,VAN,binary,,,20,WEAK,Negative,False
Neither.Abx.T,binary,Ciprofloxacin,ordinal,,,20,WEAK,Negative,False
Neither.Abx.T,binary,Colistin,ordinal,,,20,WEAK,Negative,False
Neither.Abx.T,binary,Cefepime,ordinal,,,20,WEAK,Negative,False
Neither.Abx.T,binary,Gentamicin,ordinal,,,20,WEAK,Negative,False
Neither.Abx.T,binary,Imipenem,ordinal,,,20,WEAK,Negative,False
Neither.Abx.T,binary,Levofloxacin,ordinal,,,20,WEAK,Negative,False
Neither.Abx.T,binary,Meropenem,ordinal,,,20,WEAK,Negative,False
Neither.Abx.T,binary,Cefoperazone.Sulbactam,ordinal,,,20,WEAK,Negative,False
Neither.Abx.T,binary,Ceftazidime,ordinal,,,20,WEAK,Negative,False
Neither.Abx.T,binary,Piperacillin.Tazobactam,ordinal,,,20,WEAK,Negative,False
Neither.Abx.T,binary,ESBL.Producer,binary,,,20,WEAK,Negative,False
Neither.Abx.T,binary,AmpC,binary,,,20,WEAK,Negative,False
Neither.Abx.T,binary,Carbapenemase,binary,,,20,WEAK,Negative,False
Neither.Abx.T,binary,MRSA,binary,,,20,WEAK,Negative,False
Neither.Abx.T,binary,VAN,binary,,,20,WEAK,Negative,False
Amikacin,ordinal,Ciprofloxacin,ordinal,,,20,WEAK,Negative,False
Amikacin,ordinal,Colistin,ordinal,,,20,WEAK,Negative,False
Amikacin,ordinal,Cefepime,ordinal,,,20,WEAK,Negative,False
Amikacin,ordinal,Gentamicin,ordinal,,,20,WEAK,Negative,False
Amikacin,ordinal,Imipenem,ordinal,,,20,WEAK,Negative,False
Amikacin,ordinal,Levofloxacin,ordinal,,,20,WEAK,Negative,False
Amikacin,ordinal,Meropenem,ordinal,,,20,WEAK,Negative,False
Amikacin,ordinal,Cefoperazone.Sulbactam,ordinal,,,20,WEAK,Negative,False
Amikacin,ordinal,Ceftazidime,ordinal,,,20,WEAK,Negative,False
Amikacin,ordinal,Piperacillin.Tazobactam,ordinal,,,20,WEAK,Negative,False
Amikacin,ordinal,ESBL.Producer,binary,,,20,WEAK,Negative,False
Amikacin,ordinal,AmpC,binary,,,20,WEAK,Negative,False
Amikacin,ordinal,Carbapenemase,binary,,,20,WEAK,Negative,False
Amikacin,ordinal,MRSA,binary,,,20,WEAK,Negative,False
Amikacin,ordinal,VAN,binary,,,20,WEAK,Negative,False
Ciprofloxacin,ordinal,Colistin,ordinal,,,20,WEAK,Negative,False
Ciprofloxacin,ordinal,Cefepime,ordinal,,,20,WEAK,Negative,False
Ciprofloxacin,ordinal,Gentamicin,ordinal,,,20,WEAK,Negative,False
Ciprofloxacin,ordinal,Imipenem,ordinal,,,20,WEAK,Negative,False
Ciprofloxacin,ordinal,Levofloxacin,ordinal,,,20,WEAK,Negative,False
Ciprofloxacin,ordinal,Meropenem,ordinal,,,20,WEAK,Negative,False
Ciprofloxacin,ordinal,Minocycline,ordinal,,,20,WEAK,Negative,False
Ciprofloxacin,ordinal,Cefoperazone.Sulbactam,ordinal,,,20,WEAK,Negative,False
Ciprofloxacin,ordinal,Trimethoprim.Sulfamethoxazole,ordinal,,,20,WEAK,Negative,False
Ciprofloxacin,ordinal,Ceftazidime,ordinal,,,20,WEAK,Negative,False
Ciprofloxacin,ordinal,Piperacillin.Tazobactam,ordinal,,,20,WEAK,Negative,False
Ciprofloxacin,ordinal,Ampicillin.Sulbactam,ordinal,,,20,WEAK,Negative,False
Ciprofloxacin,ordinal,ESBL.Producer,binary,,,20,WEAK,Negative,False
Ciprofloxacin,ordinal,AmpC,binary,,,20,WEAK,Negative,False
Ciprofloxacin,ordinal,Carbapenemase,binary,,,20,WEAK,Negative,False
Ciprofloxacin,ordinal,MRSA,binary,,,20,WEAK,Negative,False
Ciprofloxacin,ordinal,VAN,binary,,,20,WEAK,Negative,False
Ciprofloxacin,ordinal,Meropenem.T,binary,,,20,WEAK,Negative,False
Ciprofloxacin,ordinal,P.C.Sulbactam.T,ordinal,,,20,WEAK,Negative,False
Ciprofloxacin,ordinal,Clinical.Improvement,ordinal,,,20,WEAK,Negative,False
Ciprofloxacin,ordinal,ICU.Stay.in.28.Days,continuous,,,20,WEAK,Negative,False
Ciprofloxacin,ordinal,GW.Stay.in.28.Days,continuous,,,20,WEAK,Negative,False
Ciprofloxacin,ordinal,Total.Hospital.Stay,continuous,,,20,WEAK,Negative,False
Ciprofloxacin,ordinal,Mortality.in.ICU,binary,,,20,WEAK,Negative,False
Ciprofloxacin,ordinal,Mortality.in.Hospital,binary,,,20,WEAK,Negative,False
Ciprofloxacin,ordinal,Mortality.post.28.Day.Discharge,binary,,,20,WEAK,Negative,False
Ciprofloxacin,ordinal,Overall.Mortality,binary,,,20,WEAK,Negative,False
Ciprofloxacin,ordinal,Relapse.post.28.Day.Discharge,binary,,,20,WEAK,Negative,False
Ciprofloxacin,ordinal,Other.Illness.Leading.to.Hospitalization.post.28.Days.Discharge,binary,,,20,WEAK,Negative,False
Colistin,ordinal,Cefepime,ordinal,,,20,WEAK,Negative,False
Colistin,ordinal,Gentamicin,ordinal,,,20,WEAK,Negative,False
Colistin,ordinal,Imipenem,ordinal,,,20,WEAK,Negative,False
Colistin,ordinal,Levofloxacin,ordinal,,,20,WEAK,Negative,False
Colistin,ordinal,Meropenem,ordinal,,,20,WEAK,Negative,False
Colistin,ordinal,Minocycline,ordinal,,,20,WEAK,Negative,False
Colistin,ordinal,Cefoperazone.Sulbactam,ordinal,,,20,WEAK,Negative,False
Colistin,ordinal,Trimethoprim.Sulfamethoxazole,ordinal,,,20,WEAK,Negative,False
Colistin,ordinal,Ceftazidime,ordinal,,,20,WEAK,Negative,False
Colistin,ordinal,Piperacillin.Tazobactam,ordinal,,,20,WEAK,Negative,False
Colistin,ordinal,Ampicillin.Sulbactam,ordinal,,,20,WEAK,Negative,False
Colistin,ordinal,ESBL.Producer,binary,,,20,WEAK,Negative,False
Colistin,ordinal,AmpC,binary,,,20,WEAK,Negative,False
Colistin,ordinal,Carbapenemase,binary,,,20,WEAK,Negative,False
Colistin,ordinal,MRSA,binary,,,20,WEAK,Negative,False
Colistin,ordinal,VAN,binary,,,20,WEAK,Negative,False
Colistin,ordinal,Meropenem.T,binary,,,20,WEAK,Negative,False
Colistin,ordinal,P.C.Sulbactam.T,ordinal,,,20,WEAK,Negative,False
Colistin,ordinal,Clinical.Improvement,ordinal,,,20,WEAK,Negative,False
Colistin,ordinal,ICU.Stay.in.28.Days,continuous,,,20,WEAK,Negative,False
Colistin,ordinal,GW.Stay.in.28.Days,continuous,,,20,WEAK,Negative,False
Colistin,ordinal,Total.Hospital.Stay,continuous,,,20,WEAK,Negative,False
Colistin,ordinal,Mortality.in.ICU,binary,,,20,WEAK,Negative,False
Colistin,ordinal,Mortality.in.Hospital,binary,,,20,WEAK,Negative,False
Colistin,ordinal,Mortality.post.28.Day.Discharge,binary,,,20,WEAK,Negative,False
Colistin,ordinal,Overall.Mortality,binary,,,20,WEAK,Negative,False
Colistin,ordinal,Relapse.post.28.Day.Discharge,binary,,,20,WEAK,Negative,False
Colistin,ordinal,Other.Illness.Leading.to.Hospitalization.post.28.Days.Discharge,binary,,,20,WEAK,Negative,False
Cefepime,ordinal,Gentamicin,ordinal,,,20,WEAK,Negative,False
Cefepime,ordinal,Imipenem,ordinal,,,20,WEAK,Negative,False
Cefepime,ordinal,Levofloxacin,ordinal,,,20,WEAK,Negative,False
Cefepime,ordinal,Meropenem,ordinal,,,20,WEAK,Negative,False
Cefepime,ordinal,Minocycline,ordinal,,,20,WEAK,Negative,False
Cefepime,ordinal,Cefoperazone.Sulbactam,ordinal,,,20,WEAK,Negative,False
Cefepime,ordinal,Trimethoprim.Sulfamethoxazole,ordinal,,,20,WEAK,Negative,False
Cefepime,ordinal,Ceftazidime,ordinal,,,20,WEAK,Negative,False
Cefepime,ordinal,Piperacillin.Tazobactam,ordinal,,,20,WEAK,Negative,False
Cefepime,ordinal,Ampicillin.Sulbactam,ordinal,,,20,WEAK,Negative,False
Cefepime,ordinal,ESBL.Producer,binary,,,20,WEAK,Negative,False
Cefepime,ordinal,AmpC,binary,,,20,WEAK,Negative,False
Cefepime,ordinal,Carbapenemase,binary,,,20,WEAK,Negative,False
Cefepime,ordinal,MRSA,binary,,,20,WEAK,Negative,False
Cefepime,ordinal,VAN,binary,,,20,WEAK,Negative,False
Cefepime,ordinal,Meropenem.T,binary,,,20,WEAK,Negative,False
Cefepime,ordinal,P.C.Sulbactam.T,ordinal,,,20,WEAK,Negative,False
Cefepime,ordinal,Clinical.Improvement,ordinal,,,20,WEAK,Negative,False
Cefepime,ordinal,ICU.Stay.in.28.Days,continuous,,,20,WEAK,Negative,False
Cefepime,ordinal,GW.Stay.in.28.Days,continuous,,,20,WEAK,Negative,False
Cefepime,ordinal,Total.Hospital.Stay,continuous,,,20,WEAK,Negative,False
Cefepime,ordinal,Mortality.in.ICU,binary,,,20,WEAK,Negative,False
Cefepime,ordinal,Mortality.in.Hospital,binary,,,20,WEAK,Negative,False
Cefepime,ordinal,Mortality.post.28.Day.Discharge,binary,,,20,WEAK,Negative,False
Cefepime,ordinal,Overall.Mortality,binary,,,20,WEAK,Negative,False
Cefepime,ordinal,Relapse.post.28.Day.Discharge,binary,,,20,WEAK,Negative,False
Cefepime,ordinal,Other.Illness.Leading.to.Hospitalization.post.28.Days.Discharge,binary,,,20,WEAK,Negative,False
Gentamicin,ordinal,Imipenem,ordinal,,,20,WEAK,Negative,False
Gentamicin,ordinal,Levofloxacin,ordinal,,,20,WEAK,Negative,False
Gentamicin,ordinal,Meropenem,ordinal,,,20,WEAK,Negative,False
Gentamicin,ordinal,Minocycline,ordinal,,,20,WEAK,Negative,False
Gentamicin,ordinal,Cefoperazone.Sulbactam,ordinal,,,20,WEAK,Negative,False
Gentamicin,ordinal,Trimethoprim.Sulfamethoxazole,ordinal,,,20,WEAK,Negative,False
Gentamicin,ordinal,Ceftazidime,ordinal,,,20,WEAK,Negative,False
Gentamicin,ordinal,Piperacillin.Tazobactam,ordinal,,,20,WEAK,Negative,False
Gentamicin,ordinal,Ampicillin.Sulbactam,ordinal,,,20,WEAK,Negative,False
Gentamicin,ordinal,ESBL.Producer,binary,,,20,WEAK,Negative,False
Gentamicin,ordinal,AmpC,binary,,,20,WEAK,Negative,False
Gentamicin,ordinal,Carbapenemase,binary,,,20,WEAK,Negative,False
Gentamicin,ordinal,MRSA,binary,,,20,WEAK,Negative,False
Gentamicin,ordinal,VAN,binary,,,20,WEAK,Negative,False
Gentamicin,ordinal,Meropenem.T,binary,,,20,WEAK,Negative,False
Gentamicin,ordinal,P.C.Sulbactam.T,ordinal,,,20,WEAK,Negative,False
Gentamicin,ordinal,Clinical.Improvement,ordinal,,,20,WEAK,Negative,False
Gentamicin,ordinal,ICU.Stay.in.28.Days,continuous,,,20,WEAK,Negative,False
Gentamicin,ordinal,GW.Stay.in.28.Days,continuous,,,20,WEAK,Negative,False
Gentamicin,ordinal,Total.Hospital.Stay,continuous,,,20,WEAK,Negative,False
Gentamicin,ordinal,Mortality.in.ICU,binary,,,20,WEAK,Negative,False
Gentamicin,ordinal,Mortality.in.Hospital,binary,,,20,WEAK,Negative,False
Gentamicin,ordinal,Mortality.post.28.Day.Discharge,binary,,,20,WEAK,Negative,False
Gentamicin,ordinal,Overall.Mortality,binary,,,20,WEAK,Negative,False
Gentamicin,ordinal,Relapse.post.28.Day.Discharge,binary,,,20,WEAK,Negative,False
Gentamicin,ordinal,Other.Illness.Leading.to.Hospitalization.post.28.Days.Discharge,binary,,,20,WEAK,Negative,False
Imipenem,ordinal,Levofloxacin,ordinal,,,20,WEAK,Negative,False
Imipenem,ordinal,Meropenem,ordinal,,,20,WEAK,Negative,False
Imipenem,ordinal,Minocycline,ordinal,,,20,WEAK,Negative,False
Imipenem,ordinal,Cefoperazone.Sulbactam,ordinal,,,20,WEAK,Negative,False
Imipenem,ordinal,Trimethoprim.Sulfamethoxazole,ordinal,,,20,WEAK,Negative,False
Imipenem,ordinal,Ceftazidime,ordinal,,,20,WEAK,Negative,False
Imipenem,ordinal,Piperacillin.Tazobactam,ordinal,,,20,WEAK,Negative,False
Imipenem,ordinal,Ampicillin.Sulbactam,ordinal,,,20,WEAK,Negative,False
Imipenem,ordinal,ESBL.Producer,binary,,,20,WEAK,Negative,False
Imipenem,ordinal,AmpC,binary,,,20,WEAK,Negative,False
Imipenem,ordinal,Carbapenemase,binary,,,20,WEAK,Negative,False
Imipenem,ordinal,MRSA,binary,,,20,WEAK,Negative,False
Imipenem,ordinal,VAN,binary,,,20,WEAK,Negative,False
Imipenem,ordinal,Meropenem.T,binary,,,20,WEAK,Negative,False
Imipenem,ordinal,P.C.Sulbactam.T,ordinal,,,20,WEAK,Negative,False
Imipenem,ordinal,Clinical.Improvement,ordinal,,,20,WEAK,Negative,False
Imipenem,ordinal,ICU.Stay.in.28.Days,continuous,,,20,WEAK,Negative,False
Imipenem,ordinal,GW.Stay.in.28.Days,continuous,,,20,WEAK,Negative,False
Imipenem,ordinal,Total.Hospital.Stay,continuous,,,20,WEAK,Negative,False
Imipenem,ordinal,Mortality.in.ICU,binary,,,20,WEAK,Negative,False
Imipenem,ordinal,Mortality.in.Hospital,binary,,,20,WEAK,Negative,False
Imipenem,ordinal,Mortality.post.28.Day.Discharge,binary,,,20,WEAK,Negative,False
Imipenem,ordinal,Overall.Mortality,binary,,,20,WEAK,Negative,False
Imipenem,ordinal,Relapse.post.28.Day.Discharge,binary,,,20,WEAK,Negative,False
Imipenem,ordinal,Other.Illness.Leading.to.Hospitalization.post.28.Days.Discharge,binary,,,20,WEAK,Negative,False
Levofloxacin,ordinal,Meropenem,ordinal,,,20,WEAK,Negative,False
Levofloxacin,ordinal,Minocycline,ordinal,,,20,WEAK,Negative,False
Levofloxacin,ordinal,Cefoperazone.Sulbactam,ordinal,,,20,WEAK,Negative,False
Levofloxacin,ordinal,Trimethoprim.Sulfamethoxazole,ordinal,,,20,WEAK,Negative,False
Levofloxacin,ordinal,Ceftazidime,ordinal,,,20,WEAK,Negative,False
Levofloxacin,ordinal,Piperacillin.Tazobactam,ordinal,,,20,WEAK,Negative,False
Levofloxacin,ordinal,Ampicillin.Sulbactam,ordinal,,,20,WEAK,Negative,False
Levofloxacin,ordinal,ESBL.Producer,binary,,,20,WEAK,Negative,False
Levofloxacin,ordinal,AmpC,binary,,,20,WEAK,Negative,False
Levofloxacin,ordinal,Carbapenemase,binary,,,20,WEAK,Negative,False
Levofloxacin,ordinal,MRSA,binary,,,20,WEAK,Negative,False
Levofloxacin,ordinal,VAN,binary,,,20,WEAK,Negative,False
Levofloxacin,ordinal,Meropenem.T,binary,,,20,WEAK,Negative,False
Levofloxacin,ordinal,P.C.Sulbactam.T,ordinal,,,20,WEAK,Negative,False
Levofloxacin,ordinal,Clinical.Improvement,ordinal,,,20,WEAK,Negative,False
Levofloxacin,ordinal,ICU.Stay.in.28.Days,continuous,,,20,WEAK,Negative,False
Levofloxacin,ordinal,GW.Stay.in.28.Days,continuous,,,20,WEAK,Negative,False
Levofloxacin,ordinal,Total.Hospital.Stay,continuous,,,20,WEAK,Negative,False
Levofloxacin,ordinal,Mortality.in.ICU,binary,,,20,WEAK,Negative,False
Levofloxacin,ordinal,Mortality.in.Hospital,binary,,,20,WEAK,Negative,False
Levofloxacin,ordinal,Mortality.post.28.Day.Discharge,binary,,,20,WEAK,Negative,False
Levofloxacin,ordinal,Overall.Mortality,binary,,,20,WEAK,Negative,False
Levofloxacin,ordinal,Relapse.post.28.Day.Discharge,binary,,,20,WEAK,Negative,False
Levofloxacin,ordinal,Other.Illness.Leading.to.Hospitalization.post.28.Days.Discharge,binary,,,20,WEAK,Negative,False
Meropenem,ordinal,Minocycline,ordinal,,,20,WEAK,Negative,False
Meropenem,ordinal,Cefoperazone.Sulbactam,ordinal,,,20,WEAK,Negative,False
Meropenem,ordinal,Trimethoprim.Sulfamethoxazole,ordinal,,,20,WEAK,Negative,False
Meropenem,ordinal,Ceftazidime,ordinal,,,20,WEAK,Negative,False
Meropenem,ordinal,Piperacillin.Tazobactam,ordinal,,,20,WEAK,Negative,False
Meropenem,ordinal,Ampicillin.Sulbactam,ordinal,,,20,WEAK,Negative,False
Meropenem,ordinal,ESBL.Producer,binary,,,20,WEAK,Negative,False
Meropenem,ordinal,AmpC,binary,,,20,WEAK,Negative,False
Meropenem,ordinal,Carbapenemase,binary,,,20,WEAK,Negative,False
Meropenem,ordinal,MRSA,binary,,,20,WEAK,Negative,False
Meropenem,ordinal,VAN,binary,,,20,WEAK,Negative,False
Meropenem,ordinal,Meropenem.T,binary,,,20,WEAK,Negative,False
Meropenem,ordinal,P.C.Sulbactam.T,ordinal,,,20,WEAK,Negative,False
Meropenem,ordinal,Clinical.Improvement,ordinal,,,20,WEAK,Negative,False
Meropenem,ordinal,ICU.Stay.in.28.Days,continuous,,,20,WEAK,Negative,False
Meropenem,ordinal,GW.Stay.in.28.Days,continuous,,,20,WEAK,Negative,False
Meropenem,ordinal,Total.Hospital.Stay,continuous,,,20,WEAK,Negative,False
Meropenem,ordinal,Mortality.in.ICU,binary,,,20,WEAK,Negative,False
Meropenem,ordinal,Mortality.in.Hospital,binary,,,20,WEAK,Negative,False
Meropenem,ordinal,Mortality.post.28.Day.Discharge,binary,,,20,WEAK,Negative,False
Meropenem,ordinal,Overall.Mortality,binary,,,20,WEAK,Negative,False
Meropenem,ordinal,Relapse.post.28.Day.Discharge,binary,,,20,WEAK,Negative,False
Meropenem,ordinal,Other.Illness.Leading.to.Hospitalization.post.28.Days.Discharge,binary,,,20,WEAK,Negative,False
Minocycline,ordinal,Cefoperazone.Sulbactam,ordinal,,,20,WEAK,Negative,False
Minocycline,ordinal,Ceftazidime,ordinal,,,20,WEAK,Negative,False
Minocycline,ordinal,Piperacillin.Tazobactam,ordinal,,,20,WEAK,Negative,False
Minocycline,ordinal,ESBL.Producer,binary,,,20,WEAK,Negative,False
Minocycline,ordinal,AmpC,binary,,,20,WEAK,Negative,False
Minocycline,ordinal,Carbapenemase,binary,,,20,WEAK,Negative,False
Minocycline,ordinal,MRSA,binary,,,20,WEAK,Negative,False
Minocycline,ordinal,VAN,binary,,,20,WEAK,Negative,False
Cefoperazone.Sulbactam,ordinal,Trimethoprim.Sulfamethoxazole,ordinal,,,20,WEAK,Negative,False
Cefoperazone.Sulbactam,ordinal,Ceftazidime,ordinal,,,20,WEAK,Negative,False
Cefoperazone.Sulbactam,ordinal,Piperacillin.Tazobactam,ordinal,,,20,WEAK,Negative,False
Cefoperazone.Sulbactam,ordinal,Ampicillin.Sulbactam,ordinal,,,20,WEAK,Negative,False
Cefoperazone.Sulbactam,ordinal,ESBL.Producer,binary,,,20,WEAK,Negative,False
Cefoperazone.Sulbactam,ordinal,AmpC,binary,,,20,WEAK,Negative,False
Cefoperazone.Sulbactam,ordinal,Carbapenemase,binary,,,20,WEAK,Negative,False
Cefoperazone.Sulbactam,ordinal,MRSA,binary,,,20,WEAK,Negative,False
Cefoperazone.Sulbactam,ordinal,VAN,binary,,,20,WEAK,Negative,False
Cefoperazone.Sulbactam,ordinal,Meropenem.T,binary,,,20,WEAK,Negative,False
Cefoperazone.Sulbactam,ordinal,P.C.Sulbactam.T,ordinal,,,20,WEAK,Negative,False
Cefoperazone.Sulbactam,ordinal,Clinical.Improvement,ordinal,,,20,WEAK,Negative,False
Cefoperazone.Sulbactam,ordinal,ICU.Stay.in.28.Days,continuous,,,20,WEAK,Negative,False
Cefoperazone.Sulbactam,ordinal,GW.Stay.in.28.Days,continuous,,,20,WEAK,Negative,False
Cefoperazone.Sulbactam,ordinal,Total.Hospital.Stay,continuous,,,20,WEAK,Negative,False
Cefoperazone.Sulbactam,ordinal,Mortality.in.ICU,binary,,,20,WEAK,Negative,False
Cefoperazone.Sulbactam,ordinal,Mortality.in.Hospital,binary,,,20,WEAK,Negative,False
Cefoperazone.Sulbactam,ordinal,Mortality.post.28.Day.Discharge,binary,,,20,WEAK,Negative,False
Cefoperazone.Sulbactam,ordinal,Overall.Mortality,binary,,,20,WEAK,Negative,False
Cefoperazone.Sulbactam,ordinal,Relapse.post.28.Day.Discharge,binary,,,20,WEAK,Negative,False
Cefoperazone.Sulbactam,ordinal,Other.Illness.Leading.to.Hospitalization.post.28.Days.Discharge,binary,,,20,WEAK,Negative,False
Trimethoprim.Sulfamethoxazole,ordinal,Ceftazidime,ordinal,,,20,WEAK,Negative,False
Trimethoprim.Sulfamethoxazole,ordinal,Piperacillin.Tazobactam,ordinal,,,20,WEAK,Negative,False
Trimethoprim.Sulfamethoxazole,ordinal,ESBL.Producer,binary,,,20,WEAK,Negative,False
Trimethoprim.Sulfamethoxazole,ordinal,AmpC,binary,,,20,WEAK,Negative,False
Trimethoprim.Sulfamethoxazole,ordinal,Carbapenemase,binary,,,20,WEAK,Negative,False
Trimethoprim.Sulfamethoxazole,ordinal,MRSA,binary,,,20,WEAK,Negative,False
Trimethoprim.Sulfamethoxazole,ordinal,VAN,binary,,,20,WEAK,Negative,False
Ceftazidime,ordinal,Piperacillin.Tazobactam,ordinal,,,20,WEAK,Negative,False
Ceftazidime,ordinal,Ampicillin.Sulbactam,ordinal,,,20,WEAK,Negative,False
Ceftazidime,ordinal,ESBL.Producer,binary,,,20,WEAK,Negative,False
Ceftazidime,ordinal,AmpC,binary,,,20,WEAK,Negative,False
Ceftazidime,ordinal,Carbapenemase,binary,,,20,WEAK,Negative,False
Ceftazidime,ordinal,MRSA,binary,,,20,WEAK,Negative,False
Ceftazidime,ordinal,VAN,binary,,,20,WEAK,Negative,False
Ceftazidime,ordinal,Meropenem.T,binary,,,20,WEAK,Negative,False
Ceftazidime,ordinal,P.C.Sulbactam.T,ordinal,,,20,WEAK,Negative,False
Ceftazidime,ordinal,Clinical.Improvement,ordinal,,,20,WEAK,Negative,False
Ceftazidime,ordinal,ICU.Stay.in.28.Days,continuous,,,20,WEAK,Negative,False
Ceftazidime,ordinal,GW.Stay.in.28.Days,continuous,,,20,WEAK,Negative,False
Ceftazidime,ordinal,Total.Hospital.Stay,continuous,,,20,WEAK,Negative,False
Ceftazidime,ordinal,Mortality.in.ICU,binary,,,20,WEAK,Negative,False
Ceftazidime,ordinal,Mortality.in.Hospital,binary,,,20,WEAK,Negative,False
Ceftazidime,ordinal,Mortality.post.28.Day.Discharge,binary,,,20,WEAK,Negative,False
Ceftazidime,ordinal,Overall.Mortality,binary,,,20,WEAK,Negative,False
Ceftazidime,ordinal,Relapse.post.28.Day.Discharge,binary,,,20,WEAK,Negative,False
Ceftazidime,ordinal,Other.Illness.Leading.to.Hospitalization.post.28.Days.Discharge,binary,,,20,WEAK,Negative,False
Piperacillin.Tazobactam,ordinal,Ampicillin.Sulbactam,ordinal,,,20,WEAK,Negative,False
Piperacillin.Tazobactam,ordinal,ESBL.Producer,binary,,,20,WEAK,Negative,False
Piperacillin.Tazobactam,ordinal,AmpC,binary,,,20,WEAK,Negative,False
Piperacillin.Tazobactam,ordinal,Carbapenemase,binary,,,20,WEAK,Negative,False
Piperacillin.Tazobactam,ordinal,MRSA,binary,,,20,WEAK,Negative,False
Piperacillin.Tazobactam,ordinal,VAN,binary,,,20,WEAK,Negative,False
Piperacillin.Tazobactam,ordinal,Meropenem.T,binary,,,20,WEAK,Negative,False
Piperacillin.Tazobactam,ordinal,P.C.Sulbactam.T,ordinal,,,20,WEAK,Negative,False
Piperacillin.Tazobactam,ordinal,Clinical.Improvement,ordinal,,,20,WEAK,Negative,False
Piperacillin.Tazobactam,ordinal,ICU.Stay.in.28.Days,continuous,,,20,WEAK,Negative,False
Piperacillin.Tazobactam,ordinal,GW.Stay.in.28.Days,continuous,,,20,WEAK,Negative,False
Piperacillin.Tazobactam,ordinal,Total.Hospital.Stay,continuous,,,20,WEAK,Negative,False
Piperacillin.Tazobactam,ordinal,Mortality.in.ICU,binary,,,20,WEAK,Negative,False
Piperacillin.Tazobactam,ordinal,Mortality.in.Hospital,binary,,,20,WEAK,Negative,False
Piperacillin.Tazobactam,ordinal,Mortality.post.28.Day.Discharge,binary,,,20,WEAK,Negative,False
Piperacillin.Tazobactam,ordinal,Overall.Mortality,binary,,,20,WEAK,Negative,False
Piperacillin.Tazobactam,ordinal,Relapse.post.28.Day.Discharge,binary,,,20,WEAK,Negative,False
Piperacillin.Tazobactam,ordinal,Other.Illness.Leading.to.Hospitalization.post.28.Days.Discharge,binary,,,20,WEAK,Negative,False
Ampicillin.Sulbactam,ordinal,ESBL.Producer,binary,,,20,WEAK,Negative,False
Ampicillin.Sulbactam,ordinal,AmpC,binary,,,20,WEAK,Negative,False
Ampicillin.Sulbactam,ordinal,Carbapenemase,binary,,,20,WEAK,Negative,False
Ampicillin.Sulbactam,ordinal,MRSA,binary,,,20,WEAK,Negative,False
Ampicillin.Sulbactam,ordinal,VAN,binary,,,20,WEAK,Negative,False
ESBL.Producer,binary,AmpC,binary,,,20,WEAK,Negative,False
ESBL.Producer,binary,Carbapenemase,binary,,,20,WEAK,Negative,False
ESBL.Producer,binary,MRSA,binary,,,20,WEAK,Negative,False
ESBL.Producer,binary,VAN,binary,,,20,WEAK,Negative,False
ESBL.Producer,binary,Meropenem.T,binary,,,20,WEAK,Negative,False
ESBL.Producer,binary,P.C.Sulbactam.T,ordinal,,,20,WEAK,Negative,False
ESBL.Producer,binary,Clinical.Improvement,ordinal,,,20,WEAK,Negative,False
ESBL.Producer,binary,ICU.Stay.in.28.Days,continuous,,,20,WEAK,Negative,False
ESBL.Producer,binary,GW.Stay.in.28.Days,continuous,,,20,WEAK,Negative,False
ESBL.Producer,binary,Total.Hospital.Stay,continuous,,,20,WEAK,Negative,False
ESBL.Producer,binary,Mortality.in.ICU,binary,,,20,WEAK,Negative,False
ESBL.Producer,binary,Mortality.in.Hospital,binary,,,20,WEAK,Negative,False
ESBL.Producer,binary,Mortality.post.28.Day.Discharge,binary,,,20,WEAK,Negative,False
ESBL.Producer,binary,Overall.Mortality,binary,,,20,WEAK,Negative,False
ESBL.Producer,binary,Relapse.post.28.Day.Discharge,binary,,,20,WEAK,Negative,False
ESBL.Producer,binary,Other.Illness.Leading.to.Hospitalization.post.28.Days.Discharge,binary,,,20,WEAK,Negative,False
AmpC,binary,Carbapenemase,binary,,,20,WEAK,Negative,False
AmpC,binary,MRSA,binary,,,20,WEAK,Negative,False
AmpC,binary,VAN,binary,,,20,WEAK,Negative,False
AmpC,binary,Meropenem.T,binary,,,20,WEAK,Negative,False
AmpC,binary,P.C.Sulbactam.T,ordinal,,,20,WEAK,Negative,False
AmpC,binary,Clinical.Improvement,ordinal,,,20,WEAK,Negative,False
AmpC,binary,ICU.Stay.in.28.Days,continuous,,,20,WEAK,Negative,False
AmpC,binary,GW.Stay.in.28.Days,continuous,,,20,WEAK,Negative,False
AmpC,binary,Total.Hospital.Stay,continuous,,,20,WEAK,Negative,False
AmpC,binary,Mortality.in.ICU,binary,,,20,WEAK,Negative,False
AmpC,binary,Mortality.in.Hospital,binary,,,20,WEAK,Negative,False
AmpC,binary,Mortality.post.28.Day.Discharge,binary,,,20,WEAK,Negative,False
AmpC,binary,Overall.Mortality,binary,,,20,WEAK,Negative,False
AmpC,binary,Relapse.post.28.Day.Discharge,binary,,,20,WEAK,Negative,False
AmpC,binary,Other.Illness.Leading.to.Hospitalization.post.28.Days.Discharge,binary,,,20,WEAK,Negative,False
Carbapenemase,binary,MRSA,binary,,,20,WEAK,Negative,False
Carbapenemase,binary,VAN,binary,,,20,WEAK,Negative,False
Carbapenemase,binary,Meropenem.T,binary,,,20,WEAK,Negative,False
Carbapenemase,binary,P.C.Sulbactam.T,ordinal,,,20,WEAK,Negative,False
Carbapenemase,binary,Clinical.Improvement,ordinal,,,20,WEAK,Negative,False
Carbapenemase,binary,ICU.Stay.in.28.Days,continuous,,,20,WEAK,Negative,False
Carbapenemase,binary,GW.Stay.in.28.Days,continuous,,,20,WEAK,Negative,False
Carbapenemase,binary,Total.Hospital.Stay,continuous,,,20,WEAK,Negative,False
Carbapenemase,binary,Mortality.in.ICU,binary,,,20,WEAK,Negative,False
Carbapenemase,binary,Mortality.in.Hospital,binary,,,20,WEAK,Negative,False
Carbapenemase,binary,Mortality.post.28.Day.Discharge,binary,,,20,WEAK,Negative,False
Carbapenemase,binary,Overall.Mortality,binary,,,20,WEAK,Negative,False
Carbapenemase,binary,Relapse.post.28.Day.Discharge,binary,,,20,WEAK,Negative,False
Carbapenemase,binary,Other.Illness.Leading.to.Hospitalization.post.28.Days.Discharge,binary,,,20,WEAK,Negative,False
MRSA,binary,VAN,binary,,,20,WEAK,Negative,False
MRSA,binary,Meropenem.T,binary,,,20,WEAK,Negative,False
MRSA,binary,P.C.Sulbactam.T,ordinal,,,20,WEAK,Negative,False
MRSA,binary,Clinical.Improvement,ordinal,,,20,WEAK,Negative,False
MRSA,binary,ICU.Stay.in.28.Days,continuous,,,20,WEAK,Negative,False
MRSA,binary,GW.Stay.in.28.Days,continuous,,,20,WEAK,Negative,False
MRSA,binary,Total.Hospital.Stay,continuous,,,20,WEAK,Negative,False
MRSA,binary,Mortality.in.ICU,binary,,,20,WEAK,Negative,False
MRSA,binary,Mortality.in.Hospital,binary,,,20,WEAK,Negative,False
MRSA,binary,Mortality.post.28.Day.Discharge,binary,,,20,WEAK,Negative,False
MRSA,binary,Overall.Mortality,binary,,,20,WEAK,Negative,False
MRSA,binary,Relapse.post.28.Day.Discharge,binary,,,20,WEAK,Negative,False
MRSA,binary,Other.Illness.Leading.to.Hospitalization.post.28.Days.Discharge,binary,,,20,WEAK,Negative,False
VAN,binary,Meropenem.T,binary,,,20,WEAK,Negative,False
VAN,binary,P.C.Sulbactam.T,ordinal,,,20,WEAK,Negative,False
VAN,binary,Clinical.Improvement,ordinal,,,20,WEAK,Negative,False
VAN,binary,ICU.Stay.in.28.Days,continuous,,,20,WEAK,Negative,False
VAN,binary,GW.Stay.in.28.Days,continuous,,,20,WEAK,Negative,False
VAN,binary,Total.Hospital.Stay,continuous,,,20,WEAK,Negative,False
VAN,binary,Mortality.in.ICU,binary,,,20,WEAK,Negative,False
VAN,binary,Mortality.in.Hospital,binary,,,20,WEAK,Negative,False
VAN,binary,Mortality.post.28.Day.Discharge,binary,,,20,WEAK,Negative,False
VAN,binary,Overall.Mortality,binary,,,20,WEAK,Negative,False
VAN,binary,Relapse.post.28.Day.Discharge,binary,,,20,WEAK,Negative,False
VAN,binary,Other.Illness.Leading.to.Hospitalization.post.28.Days.Discharge,binary,,,20,WEAK,Negative,False
