Variable1,Variable1_Type,Variable2,Variable2_Type,Correlation,P_Value,N,Strength,Direction,Significant
Male,binary,Female,binary,-1.0,0.0,23,STRONG,Negative,True
Relapse.post.28.Day.Discharge,binary,Other.Illness.Leading.to.Hospitalization.post.28.Days.Discharge,binary,1.0,0.0,23,STRONG,Positive,True
Endoscopy.in.1.week,binary,Ertapenem,ordinal,-1.0,0.0,23,STRONG,Negative,True
Neutropenia,binary,Cefoperazone.Sulbactam,ordinal,-1.0,0.0,23,STRONG,Negative,True
Neutropenia,binary,Cefotaxime,ordinal,-1.0,0.0,23,STRONG,Negative,True
Neutropenia,binary,Ceftazidime,ordinal,-1.0,0.0,23,STRONG,Negative,True
Cefotaxime,ordinal,Ceftazidime,ordinal,1.0,0.0,23,STRONG,Positive,True
Neither.Abx.E,binary,Neither.Abx.T,binary,1.0,0.0,23,STRONG,Positive,True
Other.CRO,binary,Amoxicillin.Clavulanic.Acid,ordinal,-1.0,0.0,23,STRONG,Negative,True
Cefoperazone.Sulbactam,ordinal,Cefotaxime,ordinal,1.0,0.0,23,STRONG,Positive,True
Cefoperazone.Sulbactam,ordinal,Ceftazidime,ordinal,1.0,0.0,23,STRONG,Positive,True
CV.Catheter.in.6.Months,binary,Urinary.Catheter.in.6.Months,binary,1.0,0.0,23,STRONG,Positive,True
UTI.CRO,binary,Nitrofurantoin,ordinal,0.9899,2.581690353972139e-19,23,STRONG,Positive,True
NDM,binary,Ceftazidime.Avibactam,binary,-0.8872,1.6977657101959296e-08,23,STRONG,Negative,True
P.C.in.vitro,binary,Colistin,ordinal,0.8348,7.274029989979334e-07,23,STRONG,Positive,True
Ceftazidime.Avibactam.T,binary,Ceftazidime.Avibactam.Aztreonam.T,binary,0.8327,8.26371370409296e-07,23,STRONG,Positive,True
Mortality.in.ICU,binary,Overall.Mortality,binary,0.7968,5.358822188878605e-06,23,STRONG,Positive,True
APACHEII,continuous,SOFA,continuous,0.7867,8.505735847500978e-06,23,STRONG,Positive,True
Hemat.Malignancy,binary,Solid.Organ,binary,-0.7723,1.575082321035445e-05,23,STRONG,Negative,True
Inotropes,binary,Overall.organ.support,binary,0.7542,3.232088694579893e-05,23,STRONG,Positive,True
OXA48,binary,Ceftazidime.Avibactam.T,binary,0.7238,9.46841563435425e-05,23,MODERATE,Positive,True
Neutropenia,binary,Piperacillin.Tazobactam,ordinal,-0.723,9.720119627037232e-05,23,MODERATE,Negative,True
Cefotaxime,ordinal,Piperacillin.Tazobactam,ordinal,0.723,9.720119627037232e-05,23,MODERATE,Positive,True
Cefoperazone.Sulbactam,ordinal,Piperacillin.Tazobactam,ordinal,0.723,9.720119627037232e-05,23,MODERATE,Positive,True
Ceftazidime,ordinal,Piperacillin.Tazobactam,ordinal,0.723,9.720119627037232e-05,23,MODERATE,Positive,True
P.C.in.vitro,binary,Tigecycline,ordinal,0.7056,0.00016926492327363417,23,MODERATE,Positive,True
Albumin,binary,Total.Protein,binary,0.6937,0.00024178912538682252,23,MODERATE,Positive,True
Cefuroxime,ordinal,Cefoperazone.Sulbactam,ordinal,0.6908,0.000262642122940493,23,MODERATE,Positive,True
Hypothyroidism,binary,Relapse.post.28.Day.Discharge,binary,0.6908,0.000262642122940493,23,MODERATE,Positive,True
SGPT,binary,SGOT,binary,0.6908,0.000262642122940493,23,MODERATE,Positive,True
Neutropenia,binary,Cefuroxime,ordinal,-0.6908,0.00026264212294049193,23,MODERATE,Negative,True
Cefuroxime,ordinal,Ceftazidime,ordinal,0.6908,0.000262642122940493,23,MODERATE,Positive,True
Cefuroxime,ordinal,Cefotaxime,ordinal,0.6908,0.000262642122940493,23,MODERATE,Positive,True
Hypothyroidism,binary,Other.Illness.Leading.to.Hospitalization.post.28.Days.Discharge,binary,0.6908,0.000262642122940493,23,MODERATE,Positive,True
TLC,binary,ANC,binary,0.683,0.0003287140793435238,23,MODERATE,Positive,True
Albumin,binary,Cefuroxime,ordinal,0.6726,0.00043785951035132486,23,MODERATE,Positive,True
NDM,binary,Ceftazidime.Avibactam.Aztreonam.Synergy.T,ordinal,0.6604,0.000605148300024757,23,MODERATE,Positive,True
Piperacillin.Tazobactam,ordinal,Mortality.post.28.Day.Discharge,binary,-0.6573,0.0006551296624265876,23,MODERATE,Negative,True
Doxycycline,ordinal,Mortality.post.28.Day.Discharge,binary,0.6573,0.0006551296624265876,23,MODERATE,Positive,True
Immunosuppressive.drugs.in.1.week,binary,Ventilation,binary,0.6462,0.0008657681792698922,23,MODERATE,Positive,True
Amikacin,ordinal,Gentamicin,ordinal,0.6311,0.0012421041264128242,23,MODERATE,Positive,True
Neither.Abx.E,binary,Ceftazidime.Avibactam.T,binary,-0.6283,0.0013256973055603449,23,MODERATE,Negative,True
Neither.Abx.T,binary,Polymyxin.Colistin.Inclusion.T,binary,-0.6283,0.0013256973055603449,23,MODERATE,Negative,True
Neither.Abx.T,binary,Ceftazidime.Avibactam.T,binary,-0.6283,0.0013256973055603449,23,MODERATE,Negative,True
Neither.Abx.E,binary,Polymyxin.Colistin.Inclusion.T,binary,-0.6283,0.0013256973055603449,23,MODERATE,Negative,True
HTN,binary,Chloramphenicol,ordinal,-0.6191,0.001632362639175219,23,MODERATE,Negative,True
GW.Stay.in.28.Days,continuous,Total.Hospital.stay.in.28.days,continuous,0.61,0.0019964064088273327,23,MODERATE,Positive,True
ALP,binary,Ceftazidime.Avibactam.Aztreonam.Synergy.T,ordinal,-0.6074,0.0021115263001013846,23,MODERATE,Negative,True
Cefoperazone.Sulbactam,ordinal,Trimethoprim.Sulfamethoxazole,ordinal,0.6042,0.002262257230828676,23,MODERATE,Positive,True
Neutropenia,binary,Trimethoprim.Sulfamethoxazole,ordinal,-0.6042,0.002262257230828676,23,MODERATE,Negative,True
Trimethoprim.Sulfamethoxazole,ordinal,Ceftazidime,ordinal,0.6042,0.002262257230828676,23,MODERATE,Positive,True
Trimethoprim.Sulfamethoxazole,ordinal,Cefotaxime,ordinal,0.6042,0.002262257230828676,23,MODERATE,Positive,True
Any.Fungal.Infection,binary,Mortality.in.ICU,binary,0.5925,0.0028930127640343327,23,MODERATE,Positive,True
Female,binary,Hospitalization.in.past.6.Months,binary,-0.5923,0.002902808808032314,23,MODERATE,Negative,True
Male,binary,Hospitalization.in.past.6.Months,binary,0.5923,0.002902808808032314,23,MODERATE,Positive,True
Colistin,ordinal,Tigecycline,ordinal,0.5903,0.0030228901148910293,23,MODERATE,Positive,True
Ceftazidime.Avibactam,binary,Ceftazidime.Avibactam.Aztreonam.Synergy.T,ordinal,-0.5858,0.003310806982758221,23,MODERATE,Negative,True
CV.Catheter.in.6.Months,binary,Ceftazidime.Avibactam,binary,0.5855,0.003330621426828753,23,MODERATE,Positive,True
Urinary.Catheter.in.6.Months,binary,Ceftazidime.Avibactam,binary,0.5855,0.003330621426828753,23,MODERATE,Positive,True
Z.A.invitro,binary,ALP,binary,-0.5801,0.003710510425035314,23,MODERATE,Negative,True
Ventilation,binary,Overall.organ.support,binary,0.5801,0.003710510425035314,23,MODERATE,Positive,True
Immunosuppressive.drugs.in.1.week,binary,GW.Stay.in.28.Days,continuous,-0.5778,0.0038868673191905633,23,MODERATE,Negative,True
APACHEII,continuous,Total.Protein,binary,0.5774,0.003917978185422952,23,MODERATE,Positive,True
Any.Fungal.Infection,binary,Clinical.Improvement,ordinal,-0.5746,0.004135618104271917,23,MODERATE,Negative,True
Lympho,binary,Minocycline,ordinal,-0.5735,0.004224427764611395,23,MODERATE,Negative,True
SOFA,continuous,Overall.Mortality,binary,0.5679,0.004702608806331009,23,MODERATE,Positive,True
BSI.CRO,binary,Globulin,binary,-0.5677,0.004717065104561498,23,MODERATE,Negative,True
Globulin,binary,P.C.Z.A.T,binary,-0.5677,0.004717065104561498,23,MODERATE,Negative,True
Z.A.invitro,binary,Bil,binary,-0.5635,0.0051054075658054105,23,MODERATE,Negative,True
SOFA,continuous,Neither.Abx.T,binary,-0.5585,0.005608189047658404,23,MODERATE,Negative,True
SOFA,continuous,Neither.Abx.E,binary,-0.5585,0.005608189047658404,23,MODERATE,Negative,True
Z.A.invitro,binary,Ceftazidime.Avibactam.Aztreonam.Synergy.T,ordinal,0.5575,0.005715341735389379,23,MODERATE,Positive,True
OXA48,binary,Ceftazidime.Avibactam.Aztreonam.T,binary,0.5548,0.0060075898224005,23,MODERATE,Positive,True
Procalcitonin,binary,Cefoperazone.Sulbactam,ordinal,-0.5505,0.006492056112619937,23,MODERATE,Negative,True
Ceftriaxone,ordinal,Mortality.in.Hospital,binary,0.5505,0.006492056112619937,23,MODERATE,Positive,True
Other.CRO,binary,Past.CREPA.infection,binary,0.5505,0.00649205611261995,23,MODERATE,Positive,True
Hb,binary,Z.A.only.E,binary,-0.5505,0.006492056112619937,23,MODERATE,Negative,True
Platelet,binary,P.C.Z.A.T,binary,0.5505,0.00649205611261995,23,MODERATE,Positive,True
Neutropenia,binary,Procalcitonin,binary,0.5505,0.00649205611261995,23,MODERATE,Positive,True
Past.CREPA.infection,binary,Amoxicillin.Clavulanic.Acid,ordinal,-0.5505,0.006492056112619937,23,MODERATE,Negative,True
Procalcitonin,binary,Z.A.only.E,binary,0.5505,0.006492056112619937,23,MODERATE,Positive,True
Procalcitonin,binary,Ceftazidime,ordinal,-0.5505,0.006492056112619937,23,MODERATE,Negative,True
Procalcitonin,binary,Cefotaxime,ordinal,-0.5505,0.006492056112619937,23,MODERATE,Negative,True
P.C.in.vitro,binary,Nitrofurantoin,ordinal,0.5445,0.007227385988292636,23,MODERATE,Positive,True
NDM,binary,Creatinine,binary,0.5381,0.008085978843355001,23,MODERATE,Positive,True
Neutropenia,binary,Tigecycline,ordinal,-0.5362,0.00835464005212439,23,MODERATE,Negative,True
Ceftazidime,ordinal,Tigecycline,ordinal,0.5362,0.00835464005212439,23,MODERATE,Positive,True
Cefotaxime,ordinal,Tigecycline,ordinal,0.5362,0.00835464005212439,23,MODERATE,Positive,True
Cefoperazone.Sulbactam,ordinal,Tigecycline,ordinal,0.5362,0.00835464005212439,23,MODERATE,Positive,True
Past.CREPA.infection,binary,Polymyxin.Colistin.Inclusion.T,binary,-0.5303,0.009236600450781281,23,MODERATE,Negative,True
Any.Viral.Infection,binary,Procalcitonin,binary,0.5303,0.009236600450781281,23,MODERATE,Positive,True
Height,continuous,Globulin,binary,-0.5275,0.009696012754520204,23,MODERATE,Negative,True
Neither.Abx.E,binary,Ceftazidime.Avibactam.Aztreonam.T,binary,-0.5231,0.010420914235602957,23,MODERATE,Negative,True
Neither.Abx.T,binary,Ceftazidime.Avibactam.Aztreonam.T,binary,-0.5231,0.010420914235602957,23,MODERATE,Negative,True
Chloramphenicol,ordinal,Doxycycline,ordinal,0.5227,0.01049406198793622,23,MODERATE,Positive,True
Trimethoprim.Sulfamethoxazole,ordinal,Other.Illness.Leading.to.Hospitalization.post.28.Days.Discharge,binary,-0.5218,0.010652287013359771,23,MODERATE,Negative,True
Tigecycline,ordinal,Polymyxin.Colistin.Inclusion.T,binary,-0.5218,0.010660256743156496,23,MODERATE,Negative,True
Trimethoprim.Sulfamethoxazole,ordinal,Relapse.post.28.Day.Discharge,binary,-0.5218,0.010652287013359771,23,MODERATE,Negative,True
SOFA,continuous,Mortality.in.ICU,binary,0.5212,0.010754878586087967,23,MODERATE,Positive,True
NDM,binary,CV.Catheter.in.6.Months,binary,-0.5195,0.011075654355297969,23,MODERATE,Negative,True
P.C.in.vitro,binary,UTI.CRO,binary,0.5195,0.011075654355297969,23,MODERATE,Positive,True
NDM,binary,P.C.Z.A.E,binary,-0.5195,0.011075654355297969,23,MODERATE,Negative,True
NDM,binary,Urinary.Catheter.in.6.Months,binary,-0.5195,0.011075654355297969,23,MODERATE,Negative,True
Cefuroxime,ordinal,Clinical.Improvement,ordinal,-0.5153,0.011859412245542543,23,MODERATE,Negative,True
UTI.CRO,binary,P.C.only.E,binary,0.5111,0.0126871916593213,23,MODERATE,Positive,True
Minocycline,ordinal,Tigecycline,ordinal,0.507,0.013546313473997498,23,MODERATE,Positive,True
P.C.only.E,binary,Nitrofurantoin,ordinal,0.5059,0.013771722020907763,23,MODERATE,Positive,True
Colistin,ordinal,Nitrofurantoin,ordinal,0.504,0.014209829467773844,23,MODERATE,Positive,True
Past.CREPA.infection,binary,Neither.Abx.E,binary,0.5035,0.014314420269355426,23,MODERATE,Positive,True
Past.CREPA.infection,binary,Neither.Abx.T,binary,0.5035,0.014314420269355426,23,MODERATE,Positive,True
Hb,binary,P.C.only.T,binary,-0.5035,0.014314420269355426,23,MODERATE,Negative,True
Platelet,binary,Globulin,binary,-0.5017,0.01472551081360521,23,MODERATE,Negative,True
Lympho,binary,SGPT,binary,0.5017,0.01472551081360521,23,MODERATE,Positive,True
Overall.organ.support,binary,Magnesium,binary,0.5017,0.01472551081360521,23,MODERATE,Positive,True
Overall.organ.support,binary,Lympho,binary,-0.5017,0.01472551081360521,23,MODERATE,Negative,True
Z.A.invitro,binary,Magnesium,binary,0.5017,0.01472551081360521,23,MODERATE,Positive,True
Z.A.only.T,binary,Polymyxin.Colistin.Inclusion.T,binary,-0.5004,0.015031136260475558,23,MODERATE,Negative,True
SOFA,continuous,Albumin,binary,0.4974,0.015735499846575993,23,WEAK,Positive,True
Overall.organ.support,binary,APACHEII,continuous,0.4918,0.01714197825387493,23,WEAK,Positive,True
BSI.CRO,binary,P.C.Z.A.T,binary,0.4889,0.01791853557081396,23,WEAK,Positive,True
Immunosuppressive.drugs.in.1.week,binary,Lympho,binary,-0.4886,0.018006389520312284,23,WEAK,Negative,True
Immunosuppressive.drugs.in.1.week,binary,Magnesium,binary,0.4886,0.018006389520312284,23,WEAK,Positive,True
ALP,binary,Magnesium,binary,-0.4886,0.018006389520312284,23,WEAK,Negative,True
Ventilation,binary,Magnesium,binary,0.4886,0.018006389520312284,23,WEAK,Positive,True
Tigecycline,ordinal,Mortality.post.28.Day.Discharge,binary,0.4874,0.018311287359102736,23,WEAK,Positive,True
Clinical.Improvement,ordinal,GW.Stay.in.28.Days,continuous,0.4866,0.018555244421749016,23,WEAK,Positive,True
APACHEII,continuous,Magnesium,binary,0.4859,0.01875102864732136,23,WEAK,Positive,True
UTI.CRO,binary,Colistin,ordinal,0.4847,0.019080038008170503,23,WEAK,Positive,True
Gentamicin,ordinal,Overall.Mortality,binary,0.483,0.01955189625771556,23,WEAK,Positive,True
IAI.CRO,binary,Hb,binary,-0.483,0.01955189625771556,23,WEAK,Negative,True
Amikacin,ordinal,Tigecycline,ordinal,0.4828,0.0196337240999095,23,WEAK,Positive,True
Bil,binary,Ceftazidime.Avibactam.Aztreonam.Synergy.T,ordinal,-0.4799,0.020465946239273777,23,WEAK,Negative,True
Albumin,binary,Clinical.Improvement,ordinal,-0.4788,0.02080731548980349,23,WEAK,Negative,True
Inotropes,binary,TLC,binary,0.4776,0.0211716312600567,23,WEAK,Positive,True
DM,binary,UTI.CRO,binary,0.4776,0.0211716312600567,23,WEAK,Positive,True
Height,continuous,Sodium,binary,0.4776,0.02119179554338315,23,WEAK,Positive,True
Lympho,binary,SGOT,binary,0.4773,0.021281928974200684,23,WEAK,Positive,True
IAI.CRO,binary,Solid.Organ,binary,0.4763,0.021575642951278343,23,WEAK,Positive,True
NDM,binary,OXA48,binary,-0.4763,0.021575642951278343,23,WEAK,Negative,True
UTI.CRO,binary,IAI.CRO,binary,-0.4763,0.021575642951278343,23,WEAK,Negative,True
Weight,continuous,Inotropes,binary,-0.4761,0.021643302971795543,23,WEAK,Negative,True
Cefuroxime,ordinal,Piperacillin.Tazobactam,ordinal,0.4757,0.021774548251423182,23,WEAK,Positive,True
IAI.CRO,binary,Nitrofurantoin,ordinal,-0.4715,0.023122856437168913,23,WEAK,Negative,True
Ventilation,binary,APACHEII,continuous,0.4697,0.023724478639573558,23,WEAK,Positive,True
Overall.organ.support,binary,TLC,binary,0.4678,0.02438599672967062,23,WEAK,Positive,True
APACHEII,continuous,Albumin,binary,0.4673,0.024575805434977754,23,WEAK,Positive,True
CV.Catheter.in.6.Months,binary,Surgery.in.last.3.Months,binary,0.4666,0.024814859751905612,23,WEAK,Positive,True
HAP.CRO,binary,ANC,binary,-0.4666,0.024814859751905612,23,WEAK,Negative,True
Total.Protein,binary,Cefuroxime,ordinal,0.4666,0.024814859751905612,23,WEAK,Positive,True
Hypothyroidism,binary,ANC,binary,-0.4666,0.024814859751905612,23,WEAK,Negative,True
Urinary.Catheter.in.6.Months,binary,Surgery.in.last.3.Months,binary,0.4666,0.024814859751905612,23,WEAK,Positive,True
SGPT,binary,Piperacillin.Tazobactam,ordinal,-0.4661,0.024984468508042666,23,WEAK,Negative,True
Doxycycline,ordinal,Overall.Mortality,binary,0.4661,0.024984468508042666,23,WEAK,Positive,True
Total.Protein,binary,Piperacillin.Tazobactam,ordinal,0.4661,0.024984468508042666,23,WEAK,Positive,True
Nitrofurantoin,ordinal,Mortality.in.ICU,binary,0.4649,0.025393151933266113,23,WEAK,Positive,True
Hemat.Malignancy,binary,Cefoperazone.Sulbactam,ordinal,-0.4647,0.025491820973044536,23,WEAK,Negative,True
Neither.Abx.T,binary,Amoxicillin.Clavulanic.Acid,ordinal,-0.4647,0.025491820973044536,23,WEAK,Negative,True
Hemat.Malignancy,binary,Meropenem,ordinal,-0.4647,0.025491820973044536,23,WEAK,Negative,True
Neutropenia,binary,Hemat.Malignancy,binary,0.4647,0.025491820973044615,23,WEAK,Positive,True
Albumin,binary,Cefoperazone.Sulbactam,ordinal,0.4647,0.025491820973044536,23,WEAK,Positive,True
Neutropenia,binary,Albumin,binary,-0.4647,0.025491820973044615,23,WEAK,Negative,True
COPD,binary,Any.Fungal.Infection,binary,0.4647,0.025491820973044615,23,WEAK,Positive,True
Albumin,binary,Ceftazidime,ordinal,0.4647,0.025491820973044536,23,WEAK,Positive,True
Any.Fungal.Infection,binary,Meropenem,ordinal,-0.4647,0.025491820973044536,23,WEAK,Negative,True
Albumin,binary,Cefotaxime,ordinal,0.4647,0.025491820973044536,23,WEAK,Positive,True
Endoscopy.in.1.week,binary,P.C.only.T,binary,0.4647,0.025491820973044615,23,WEAK,Positive,True
Hemat.Malignancy,binary,Ceftazidime,ordinal,-0.4647,0.025491820973044536,23,WEAK,Negative,True
Hemat.Malignancy,binary,Cefotaxime,ordinal,-0.4647,0.025491820973044536,23,WEAK,Negative,True
P.C.only.T,binary,Ertapenem,ordinal,-0.4647,0.025491820973044536,23,WEAK,Negative,True
Z.A.only.E,binary,P.C.only.T,binary,0.4647,0.025491820973044615,23,WEAK,Positive,True
Other.CRO,binary,Neither.Abx.E,binary,0.4647,0.025491820973044615,23,WEAK,Positive,True
Neither.Abx.E,binary,Amoxicillin.Clavulanic.Acid,ordinal,-0.4647,0.025491820973044536,23,WEAK,Negative,True
Other.CRO,binary,Neither.Abx.T,binary,0.4647,0.025491820973044615,23,WEAK,Positive,True
Chloramphenicol,ordinal,Ceftazidime.Avibactam.T,binary,0.4644,0.025601606452249164,23,WEAK,Positive,True
HTN,binary,DM,binary,0.4644,0.025595401439362116,23,WEAK,Positive,True
Female,binary,P.C.Z.A.T,binary,-0.4623,0.026367356889877534,23,WEAK,Negative,True
Male,binary,P.C.Z.A.T,binary,0.4623,0.026367356889877534,23,WEAK,Positive,True
Inotropes,binary,P.C.Z.A.T,binary,0.4623,0.026367356889877534,23,WEAK,Positive,True
Z.A.only.T,binary,Ceftazidime.Avibactam.Aztreonam.T,binary,0.4623,0.026367356889877534,23,WEAK,Positive,True
P.C.Z.A.T,binary,Ceftazidime.Avibactam.Aztreonam.T,binary,0.4623,0.026367356889877534,23,WEAK,Positive,True
Inotropes,binary,Tigecycline,ordinal,-0.4612,0.02675455877674851,23,WEAK,Negative,True
P.C.Z.A.E,binary,Colistin,ordinal,-0.4572,0.02828853469777674,23,WEAK,Negative,True
Weight,continuous,IAI.CRO,binary,-0.4567,0.028457319029078894,23,WEAK,Negative,True
Inotropes,binary,APACHEII,continuous,0.4565,0.028552675599884614,23,WEAK,Positive,True
P.C.Z.A.T,binary,Amikacin,ordinal,-0.4554,0.028969472327872333,23,WEAK,Negative,True
BSI.CRO,binary,Amikacin,ordinal,-0.4554,0.028969472327872333,23,WEAK,Negative,True
APACHEII,continuous,Ceftazidime.Avibactam,binary,0.4532,0.029859679712303345,23,WEAK,Positive,True
OXA48,binary,Chloramphenicol,ordinal,0.4532,0.029887040883877548,23,WEAK,Positive,True
P.C.in.vitro,binary,Fosfomycin,ordinal,0.4524,0.03020682571088985,23,WEAK,Positive,True
P.C.Z.A.E,binary,Fosfomycin,ordinal,0.4524,0.03020682571088985,23,WEAK,Positive,True
Urinary.Catheter.in.6.Months,binary,Fosfomycin,ordinal,0.4524,0.03020682571088985,23,WEAK,Positive,True
CV.Catheter.in.6.Months,binary,P.C.Z.A.E,binary,0.4524,0.03020682571088985,23,WEAK,Positive,True
Urinary.Catheter.in.6.Months,binary,P.C.Z.A.E,binary,0.4524,0.03020682571088985,23,WEAK,Positive,True
CV.Catheter.in.6.Months,binary,Fosfomycin,ordinal,0.4524,0.03020682571088985,23,WEAK,Positive,True
Hypothyroidism,binary,Cefuroxime,ordinal,-0.4524,0.03020682571088985,23,WEAK,Negative,True
Past.CREPA.infection,binary,SOFA,continuous,-0.4518,0.030452019457013684,23,WEAK,Negative,True
APACHEII,continuous,Calcium,binary,0.4503,0.03109077791865147,23,WEAK,Positive,True
SOFA,continuous,Lympho,binary,-0.4503,0.03108353443200869,23,WEAK,Negative,True
ALP,binary,Chloramphenicol,ordinal,0.4461,0.0328569410473841,23,WEAK,Positive,True
Height,continuous,Weight,continuous,0.4458,0.03298503368466599,23,WEAK,Positive,True
Any.Fungal.Infection,binary,Overall.Mortality,binary,0.4444,0.03362890349247299,23,WEAK,Positive,True
ANC,binary,P.C.only.T,binary,-0.4444,0.033628903492473106,23,WEAK,Negative,True
SGOT,binary,Chloramphenicol,ordinal,0.4427,0.03437235622932281,23,WEAK,Positive,True
Creatinine,binary,Ceftazidime.Avibactam,binary,-0.4414,0.03500720996446907,23,WEAK,Negative,True
Hb,binary,ICU.Stay.in.28.Days,continuous,-0.4402,0.03554700481158289,23,WEAK,Negative,True
Platelet,binary,P.C.only.E,binary,-0.4393,0.03596803248970322,23,WEAK,Negative,True
SGOT,binary,Neither.Abx.E,binary,-0.4393,0.03596803248970322,23,WEAK,Negative,True
SGOT,binary,Neither.Abx.T,binary,-0.4393,0.03596803248970322,23,WEAK,Negative,True
DM,binary,Nitrofurantoin,ordinal,0.4384,0.036378745863666816,23,WEAK,Positive,True
IAI.CRO,binary,SGPT,binary,0.4377,0.03671152034251747,23,WEAK,Positive,True
Sodium,binary,Calcium,binary,0.4377,0.03671152034251747,23,WEAK,Positive,True
ANC,binary,Overall.Mortality,binary,0.4375,0.03682313626719694,23,WEAK,Positive,True
Globulin,binary,Sodium,binary,-0.4375,0.03682313626719694,23,WEAK,Negative,True
Z.A.invitro,binary,ANC,binary,-0.4375,0.03682313626719694,23,WEAK,Negative,True
Surgery.in.last.3.Months,binary,Overall.Mortality,binary,-0.4375,0.03682313626719694,23,WEAK,Negative,True
APACHEII,continuous,Mortality.in.ICU,binary,0.4373,0.03690582585517571,23,WEAK,Positive,True
Height,continuous,ICU.Stay.in.28.Days,continuous,-0.4356,0.03772440736313514,23,WEAK,Negative,True
Age,continuous,Globulin,binary,0.4351,0.03797974074702416,23,WEAK,Positive,True
Any.Fungal.Infection,binary,ICU.Stay.in.28.Days,continuous,0.4346,0.038245223659641274,23,WEAK,Positive,True
Weight,continuous,Total.Protein,binary,-0.4346,0.03824515003834196,23,WEAK,Negative,True
P.C.Z.A.T,binary,Trimethoprim.Sulfamethoxazole,ordinal,-0.4345,0.03827523901120752,23,WEAK,Negative,True
Solid.Organ,binary,Ceftazidime.Avibactam.T,binary,-0.4339,0.03860316790540716,23,WEAK,Negative,True
NDM,binary,Ceftazidime.Avibactam.T,binary,-0.4339,0.03860316790540716,23,WEAK,Negative,True
SOFA,continuous,Ceftriaxone,ordinal,0.4321,0.039466880064023636,23,WEAK,Positive,True
Age,continuous,Total.Hospital.stay.in.28.days,continuous,-0.4308,0.04015026542766802,23,WEAK,Negative,True
Height,continuous,BSI.CRO,binary,0.4294,0.040889030108484305,23,WEAK,Positive,True
APACHEII,continuous,Ceftriaxone,ordinal,0.4285,0.0413521208857979,23,WEAK,Positive,True
Immunosuppressive.drugs.in.1.week,binary,Minocycline,ordinal,0.4281,0.04158040600298542,23,WEAK,Positive,True
SOFA,continuous,Calcium,binary,0.427,0.04215459224867285,23,WEAK,Positive,True
SOFA,continuous,Minocycline,ordinal,0.427,0.04214522408093647,23,WEAK,Positive,True
Inotropes,binary,SOFA,continuous,0.427,0.042126765884177145,23,WEAK,Positive,True
UTI.CRO,binary,Total.Hospital.stay.in.28.days,continuous,-0.4265,0.042423499737087235,23,WEAK,Negative,True
HTN,binary,Gentamicin,ordinal,-0.425,0.043220961893075664,23,WEAK,Negative,True
HTN,binary,Ceftazidime.Avibactam.T,binary,-0.425,0.043220961893075664,23,WEAK,Negative,True
Colistin,ordinal,Polymyxin.Colistin.Inclusion.T,binary,-0.4233,0.0441295575187686,23,WEAK,Negative,True
Cefuroxime,ordinal,Tigecycline,ordinal,0.4233,0.04412955751876869,23,WEAK,Positive,True
P.C.in.vitro,binary,Polymyxin.Colistin.Inclusion.T,binary,-0.4226,0.04455595436671728,23,WEAK,Negative,True
IAI.CRO,binary,Potassium,binary,-0.4226,0.044555954366717214,23,WEAK,Negative,True
CV.Catheter.in.6.Months,binary,Any.Viral.Infection,binary,0.4226,0.04455595436671728,23,WEAK,Positive,True
Urinary.Catheter.in.6.Months,binary,Any.Viral.Infection,binary,0.4226,0.04455595436671728,23,WEAK,Positive,True
IAI.CRO,binary,BSI.CRO,binary,-0.4226,0.044555954366717214,23,WEAK,Negative,True
OXA48,binary,Z.A.only.T,binary,0.4226,0.044555954366717214,23,WEAK,Positive,True
OXA48,binary,Ceftazidime.Avibactam,binary,0.4226,0.044555954366717214,23,WEAK,Positive,True
Any.Viral.Infection,binary,Fosfomycin,ordinal,0.4226,0.04455595436671728,23,WEAK,Positive,True
Age,continuous,Immunosuppressive.drugs.in.1.week,binary,0.4171,0.04768288914873736,23,WEAK,Positive,True
Age,continuous,Piperacillin.Tazobactam,ordinal,0.4169,0.04782034622230315,23,WEAK,Positive,True
Overall.organ.support,binary,SOFA,continuous,0.4169,0.04778923911922893,23,WEAK,Positive,True
Urea,continuous,Minocycline,ordinal,0.4167,0.04791708995349766,23,WEAK,Positive,True
Colistin,ordinal,Minocycline,ordinal,0.4164,0.048097508450271984,23,WEAK,Positive,True
Bil,binary,ALP,binary,0.4154,0.048709364517005055,23,WEAK,Positive,True
Ventilation,binary,Bil,binary,-0.4154,0.048709364517005055,23,WEAK,Negative,True
Platelet,binary,Calcium,binary,0.411,0.05140769197388252,23,WEAK,Positive,False
SOFA,continuous,Fosfomycin,ordinal,0.4109,0.051472730307502296,23,WEAK,Positive,False
Weight,continuous,UTI.CRO,binary,0.4106,0.051638009486301144,23,WEAK,Positive,False
Hemat.Malignancy,binary,SOFA,continuous,0.4101,0.051917824459654364,23,WEAK,Positive,False
Z.A.only.T,binary,Tigecycline,ordinal,0.4097,0.05220045040630293,23,WEAK,Positive,False
Magnesium,binary,Ceftazidime.Avibactam.Aztreonam.Synergy.T,ordinal,0.4093,0.05244169045076697,23,WEAK,Positive,False
Trimethoprim.Sulfamethoxazole,ordinal,Tigecycline,ordinal,0.4085,0.052966638028646304,23,WEAK,Positive,False
APACHEII,continuous,Nitrofurantoin,ordinal,0.4079,0.05331603308793629,23,WEAK,Positive,False
Age,continuous,GW.Stay.in.28.Days,continuous,-0.4073,0.053741504635367025,23,WEAK,Negative,False
SGPT,binary,Total.Hospital.stay.in.28.days,continuous,0.407,0.05393003322224539,23,WEAK,Positive,False
BSI.CRO,binary,Solid.Organ,binary,-0.407,0.05389474460823392,23,WEAK,Negative,False
Solid.Organ,binary,Mortality.in.ICU,binary,-0.407,0.05389474460823392,23,WEAK,Negative,False
Solid.Organ,binary,Z.A.only.T,binary,-0.407,0.05389474460823392,23,WEAK,Negative,False
UTI.CRO,binary,Mortality.in.ICU,binary,0.407,0.05389474460823392,23,WEAK,Positive,False
Nitrofurantoin,ordinal,Total.Hospital.stay.in.28.days,continuous,-0.4067,0.054105039520412734,23,WEAK,Negative,False
Any.Viral.Infection,binary,APACHEII,continuous,0.4063,0.054390480622835226,23,WEAK,Positive,False
Urea,continuous,Chloramphenicol,ordinal,-0.406,0.05460230906290583,23,WEAK,Negative,False
Doxycycline,ordinal,Piperacillin.Tazobactam,ordinal,-0.405,0.055256986333561464,23,WEAK,Negative,False
Endoscopy.in.1.week,binary,Potassium,binary,0.4045,0.0555467119367927,23,WEAK,Positive,False
P.C.Z.A.T,binary,Cefoperazone.Sulbactam,ordinal,-0.4045,0.0555467119367927,23,WEAK,Negative,False
P.C.Z.A.T,binary,Other.Illness.Leading.to.Hospitalization.post.28.Days.Discharge,binary,0.4045,0.0555467119367927,23,WEAK,Positive,False
P.C.Z.A.T,binary,Mortality.in.Hospital,binary,0.4045,0.0555467119367927,23,WEAK,Positive,False
P.C.Z.A.T,binary,Relapse.post.28.Day.Discharge,binary,0.4045,0.0555467119367927,23,WEAK,Positive,False
Past.CREPA.infection,binary,Lympho,binary,0.4045,0.0555467119367927,23,WEAK,Positive,False
Hb,binary,Lympho,binary,-0.4045,0.0555467119367927,23,WEAK,Negative,False
Other.CRO,binary,Potassium,binary,0.4045,0.0555467119367927,23,WEAK,Positive,False
BSI.CRO,binary,Mortality.in.Hospital,binary,0.4045,0.0555467119367927,23,WEAK,Positive,False
BSI.CRO,binary,Ceftazidime,ordinal,-0.4045,0.0555467119367927,23,WEAK,Negative,False
BSI.CRO,binary,Ertapenem,ordinal,-0.4045,0.0555467119367927,23,WEAK,Negative,False
BSI.CRO,binary,Meropenem,ordinal,-0.4045,0.0555467119367927,23,WEAK,Negative,False
BSI.CRO,binary,Cefotaxime,ordinal,-0.4045,0.0555467119367927,23,WEAK,Negative,False
P.C.Z.A.T,binary,Ceftazidime,ordinal,-0.4045,0.0555467119367927,23,WEAK,Negative,False
P.C.Z.A.T,binary,Cefotaxime,ordinal,-0.4045,0.0555467119367927,23,WEAK,Negative,False
Neutropenia,binary,P.C.Z.A.T,binary,0.4045,0.0555467119367927,23,WEAK,Positive,False
BSI.CRO,binary,Cefoperazone.Sulbactam,ordinal,-0.4045,0.0555467119367927,23,WEAK,Negative,False
Meropenem,ordinal,Mortality.in.ICU,binary,-0.4045,0.0555467119367927,23,WEAK,Negative,False
Ceftazidime.Avibactam,binary,Relapse.post.28.Day.Discharge,binary,0.4045,0.0555467119367927,23,WEAK,Positive,False
COPD,binary,P.C.Z.A.T,binary,0.4045,0.0555467119367927,23,WEAK,Positive,False
Z.A.only.T,binary,Mortality.post.28.Day.Discharge,binary,0.4045,0.0555467119367927,23,WEAK,Positive,False
Ceftazidime.Avibactam,binary,Other.Illness.Leading.to.Hospitalization.post.28.Days.Discharge,binary,0.4045,0.0555467119367927,23,WEAK,Positive,False
COPD,binary,Mortality.in.ICU,binary,0.4045,0.0555467119367927,23,WEAK,Positive,False
Potassium,binary,Amoxicillin.Clavulanic.Acid,ordinal,-0.4045,0.0555467119367927,23,WEAK,Negative,False
Potassium,binary,Ertapenem,ordinal,-0.4045,0.0555467119367927,23,WEAK,Negative,False
Potassium,binary,Mortality.in.Hospital,binary,0.4045,0.0555467119367927,23,WEAK,Positive,False
BSI.CRO,binary,Neutropenia,binary,0.4045,0.0555467119367927,23,WEAK,Positive,False
BSI.CRO,binary,Endoscopy.in.1.week,binary,0.4045,0.0555467119367927,23,WEAK,Positive,False
P.C.Z.A.T,binary,Meropenem,ordinal,-0.4045,0.0555467119367927,23,WEAK,Negative,False
Inotropes,binary,Hemat.Malignancy,binary,0.4024,0.0569483785818497,23,WEAK,Positive,False
Bil,binary,Neither.Abx.T,binary,-0.4024,0.0569483785818497,23,WEAK,Negative,False
Bil,binary,Neither.Abx.E,binary,-0.4024,0.0569483785818497,23,WEAK,Negative,False
Immunosuppressive.drugs.in.1.week,binary,Albumin,binary,0.4024,0.0569483785818497,23,WEAK,Positive,False
DM,binary,P.C.only.T,binary,-0.4024,0.0569483785818497,23,WEAK,Negative,False
Male,binary,Albumin,binary,-0.4024,0.0569483785818497,23,WEAK,Negative,False
Female,binary,Albumin,binary,0.4024,0.0569483785818497,23,WEAK,Positive,False
Ventilation,binary,Albumin,binary,0.4024,0.0569483785818497,23,WEAK,Positive,False
Male,binary,Hemat.Malignancy,binary,0.4024,0.0569483785818497,23,WEAK,Positive,False
Female,binary,Hemat.Malignancy,binary,-0.4024,0.0569483785818497,23,WEAK,Negative,False
Bil,binary,Albumin,binary,0.4024,0.0569483785818497,23,WEAK,Positive,False
P.C.in.vitro,binary,Minocycline,ordinal,0.4017,0.05746979915588705,23,WEAK,Positive,False
Minocycline,ordinal,Cefuroxime,ordinal,0.4017,0.05746979915588705,23,WEAK,Positive,False
Past.CREPA.infection,binary,ICU.Stay.in.28.Days,continuous,-0.4011,0.05786801806971924,23,WEAK,Negative,False
Surgery.in.last.3.Months,binary,ICU.Stay.in.28.Days,continuous,-0.4009,0.057949536184789846,23,WEAK,Negative,False
Colistin,ordinal,Total.Hospital.stay.in.28.days,continuous,-0.4008,0.058052982231405044,23,WEAK,Negative,False
Amikacin,ordinal,Colistin,ordinal,0.3998,0.058750574762174844,23,WEAK,Positive,False
Trimethoprim.Sulfamethoxazole,ordinal,Piperacillin.Tazobactam,ordinal,0.3989,0.05938869959734011,23,WEAK,Positive,False
Any.Viral.Infection,binary,Calcium,binary,0.3985,0.05964652192821659,23,WEAK,Positive,False
HTN,binary,UTI.CRO,binary,0.3977,0.06019832435436917,23,WEAK,Positive,False
TLC,binary,Ceftazidime.Avibactam.T,binary,0.3977,0.06019832435436917,23,WEAK,Positive,False
Height,continuous,P.C.Z.A.T,binary,0.3976,0.06029341522557664,23,WEAK,Positive,False
Colistin,ordinal,Fosfomycin,ordinal,0.3975,0.06031074550632598,23,WEAK,Positive,False
SOFA,continuous,Ceftazidime.Avibactam.T,binary,0.3959,0.06151324653612392,23,WEAK,Positive,False
APACHEII,continuous,Fosfomycin,ordinal,0.3957,0.06158775610557617,23,WEAK,Positive,False
SOFA,continuous,Nitrofurantoin,ordinal,0.3949,0.06220876899657017,23,WEAK,Positive,False
Any.Fungal.Infection,binary,Hemat.Malignancy,binary,0.3947,0.062316214126902206,23,WEAK,Positive,False
Albumin,binary,Neither.Abx.T,binary,-0.3947,0.062316214126902206,23,WEAK,Negative,False
Albumin,binary,Neither.Abx.E,binary,-0.3947,0.062316214126902206,23,WEAK,Negative,False
Age,continuous,Platelet,binary,-0.3942,0.0626814468624192,23,WEAK,Negative,False
Globulin,binary,ICU.Stay.in.28.Days,continuous,0.3938,0.06300518296599857,23,WEAK,Positive,False
Trimethoprim.Sulfamethoxazole,ordinal,Ceftazidime.Avibactam,binary,-0.3938,0.06300721712036746,23,WEAK,Negative,False
NDM,binary,Total.Protein,binary,-0.393,0.0636161318046985,23,WEAK,Negative,False
TLC,binary,Overall.Mortality,binary,0.393,0.0636161318046985,23,WEAK,Positive,False
Solid.Organ,binary,ANC,binary,-0.393,0.0636161318046985,23,WEAK,Negative,False
UTI.CRO,binary,ANC,binary,0.393,0.0636161318046985,23,WEAK,Positive,False
Age,continuous,Doxycycline,ordinal,-0.3926,0.06387669714788302,23,WEAK,Negative,False
Piperacillin.Tazobactam,ordinal,GW.Stay.in.28.Days,continuous,-0.3912,0.06492964291516382,23,WEAK,Negative,False
Ceftazidime.Avibactam.T,binary,Ceftazidime.Avibactam.Aztreonam.Synergy.T,ordinal,-0.3903,0.06561033493116901,23,WEAK,Negative,False
Z.A.invitro,binary,Hospitalization.in.past.6.Months,binary,0.3895,0.0661837902667637,23,WEAK,Positive,False
Female,binary,Globulin,binary,0.3895,0.0661837902667637,23,WEAK,Positive,False
Male,binary,Globulin,binary,-0.3895,0.0661837902667637,23,WEAK,Negative,False
DM,binary,ANC,binary,0.3895,0.0661837902667637,23,WEAK,Positive,False
Inotropes,binary,Sodium,binary,-0.3895,0.0661837902667637,23,WEAK,Negative,False
Ventilation,binary,Globulin,binary,0.3895,0.0661837902667637,23,WEAK,Positive,False
Ventilation,binary,Total.Protein,binary,0.3895,0.0661837902667637,23,WEAK,Positive,False
Bil,binary,Sodium,binary,0.3895,0.0661837902667637,23,WEAK,Positive,False
Immunosuppressive.drugs.in.1.week,binary,Overall.organ.support,binary,0.3895,0.0661837902667637,23,WEAK,Positive,False
Bil,binary,Magnesium,binary,-0.3893,0.06632345838406455,23,WEAK,Negative,False
Inotropes,binary,Lympho,binary,-0.3893,0.06632345838406455,23,WEAK,Negative,False
DM,binary,Magnesium,binary,-0.3893,0.06632345838406455,23,WEAK,Negative,False
Inotropes,binary,Magnesium,binary,0.3893,0.06632345838406455,23,WEAK,Positive,False
Platelet,binary,Bil,binary,0.3893,0.06632345838406455,23,WEAK,Positive,False
Inotropes,binary,SGOT,binary,-0.3893,0.06632345838406455,23,WEAK,Negative,False
Any.Fungal.Infection,binary,Chloramphenicol,ordinal,0.389,0.0665747599077427,23,WEAK,Positive,False
ANC,binary,Nitrofurantoin,ordinal,0.389,0.0665747599077427,23,WEAK,Positive,False
Creatinine,binary,Ceftazidime.Avibactam.Aztreonam.Synergy.T,ordinal,0.3885,0.0669653384356649,23,WEAK,Positive,False
BSI.CRO,binary,Bil,binary,0.3883,0.06711099639498463,23,WEAK,Positive,False
Inotropes,binary,Z.A.only.T,binary,-0.3883,0.06711099639498463,23,WEAK,Negative,False
Hospitalization.in.past.6.Months,binary,Ceftazidime.Avibactam,binary,0.3883,0.06711099639498463,23,WEAK,Positive,False
Ventilation,binary,Mortality.in.ICU,binary,0.3883,0.06711099639498463,23,WEAK,Positive,False
Weight,continuous,NDM,binary,0.3882,0.06718085863613316,23,WEAK,Positive,False
HTN,binary,Neither.Abx.E,binary,0.3874,0.06776380696680939,23,WEAK,Positive,False
HTN,binary,Neither.Abx.T,binary,0.3874,0.06776380696680939,23,WEAK,Positive,False
Creatinine,binary,P.C.Z.A.E,binary,-0.3849,0.06974250849241062,23,WEAK,Negative,False
Hypothyroidism,binary,Calcium,binary,-0.3849,0.06974250849241061,23,WEAK,Negative,False
Hypothyroidism,binary,IAI.CRO,binary,0.3849,0.06974250849241061,23,WEAK,Positive,False
HAP.CRO,binary,Creatinine,binary,-0.3849,0.06974250849241061,23,WEAK,Negative,False
Ceftazidime.Avibactam,binary,Ceftazidime.Avibactam.T,binary,0.3849,0.06974250849241061,23,WEAK,Positive,False
IAI.CRO,binary,P.C.Z.A.E,binary,0.3849,0.06974250849241062,23,WEAK,Positive,False
CV.Catheter.in.6.Months,binary,Creatinine,binary,-0.3849,0.06974250849241061,23,WEAK,Negative,False
Z.A.only.T,binary,Ceftazidime.Avibactam.T,binary,0.3849,0.06974250849241061,23,WEAK,Positive,False
P.C.Z.A.T,binary,Ceftazidime.Avibactam.T,binary,0.3849,0.06974250849241061,23,WEAK,Positive,False
P.C.Z.A.T,binary,Polymyxin.Colistin.Inclusion.T,binary,0.3849,0.06974250849241061,23,WEAK,Positive,False
Gentamicin,ordinal,Mortality.in.ICU,binary,0.3849,0.06974250849241062,23,WEAK,Positive,False
Urinary.Catheter.in.6.Months,binary,Creatinine,binary,-0.3849,0.06974250849241061,23,WEAK,Negative,False
Urinary.Catheter.in.6.Months,binary,Total.Hospital.stay.in.28.days,continuous,-0.3848,0.06984001851464179,23,WEAK,Negative,False
ICU.Stay.in.28.Days,continuous,GW.Stay.in.28.Days,continuous,-0.3848,0.06979611497085415,23,WEAK,Negative,False
CV.Catheter.in.6.Months,binary,Total.Hospital.stay.in.28.days,continuous,-0.3848,0.06984001851464179,23,WEAK,Negative,False
Weight,continuous,Overall.organ.support,binary,-0.3847,0.0698908542307494,23,WEAK,Negative,False
Solid.Organ,binary,SOFA,continuous,-0.3842,0.07032181169649299,23,WEAK,Negative,False
Surgery.in.last.3.Months,binary,ANC,binary,-0.3839,0.07051100471113293,23,WEAK,Negative,False
Overall.organ.support,binary,Total.Protein,binary,0.3839,0.07051100471113293,23,WEAK,Positive,False
Platelet,binary,Nitrofurantoin,ordinal,-0.3839,0.07052718279210166,23,WEAK,Negative,False
Procalcitonin,binary,Tigecycline,ordinal,-0.3837,0.07068322804222894,23,WEAK,Negative,False
Neutropenia,binary,Minocycline,ordinal,-0.3815,0.07243093491841036,23,WEAK,Negative,False
Minocycline,ordinal,Cefoperazone.Sulbactam,ordinal,0.3815,0.07243093491841036,23,WEAK,Positive,False
Minocycline,ordinal,Ceftazidime,ordinal,0.3815,0.07243093491841036,23,WEAK,Positive,False
Minocycline,ordinal,Cefotaxime,ordinal,0.3815,0.07243093491841036,23,WEAK,Positive,False
Solid.Organ,binary,APACHEII,continuous,-0.3809,0.07292998364788573,23,WEAK,Negative,False
ICU.Stay.in.28.Days,continuous,Total.Hospital.stay.in.28.days,continuous,0.3806,0.07316501020900686,23,WEAK,Positive,False
Hb,binary,Total.Hospital.stay.in.28.days,continuous,-0.3805,0.07330762755530144,23,WEAK,Negative,False
Ventilation,binary,SOFA,continuous,0.3803,0.07341875064835603,23,WEAK,Positive,False
Immunosuppressive.drugs.in.1.week,binary,SOFA,continuous,0.3803,0.07341875064835603,23,WEAK,Positive,False
Nitrofurantoin,ordinal,Tigecycline,ordinal,0.38,0.0736893710143587,23,WEAK,Positive,False
GW.Stay.in.28.Days,continuous,Mortality.in.ICU,binary,-0.3795,0.07410582463228796,23,WEAK,Negative,False
Any.Viral.Infection,binary,Total.Hospital.stay.in.28.days,continuous,-0.3794,0.07418240622814976,23,WEAK,Negative,False
Age,continuous,HTN,binary,0.379,0.07449341528170142,23,WEAK,Positive,False
Weight,continuous,Nitrofurantoin,ordinal,0.3788,0.07465365049205634,23,WEAK,Positive,False
Solid.Organ,binary,Nitrofurantoin,ordinal,-0.3785,0.07492333262776942,23,WEAK,Negative,False
Cefuroxime,ordinal,Trimethoprim.Sulfamethoxazole,ordinal,0.3777,0.07561724857955329,23,WEAK,Positive,False
Immunosuppressive.drugs.in.1.week,binary,APACHEII,continuous,0.3771,0.07608577088098095,23,WEAK,Positive,False
OXA48,binary,Urea,continuous,-0.3763,0.07674507657564758,23,WEAK,Negative,False
IAI.CRO,binary,APACHEII,continuous,-0.3763,0.07674507657564758,23,WEAK,Negative,False
Gentamicin,ordinal,Tigecycline,ordinal,0.3757,0.07729577624347327,23,WEAK,Positive,False
Immunosuppressive.drugs.in.1.week,binary,Creatinine,binary,-0.375,0.07783823306705154,23,WEAK,Negative,False
Calcium,binary,Ceftazidime.Avibactam.Aztreonam.T,binary,0.375,0.07783823306705152,23,WEAK,Positive,False
SOFA,continuous,Clinical.Improvement,ordinal,-0.3742,0.07859101718660719,23,WEAK,Negative,False
Neither.Abx.E,binary,ICU.Stay.in.28.Days,continuous,-0.3737,0.07896160356132323,23,WEAK,Negative,False
Neither.Abx.T,binary,ICU.Stay.in.28.Days,continuous,-0.3737,0.07896160356132323,23,WEAK,Negative,False
Amikacin,ordinal,Fosfomycin,ordinal,0.3734,0.079295665597212,23,WEAK,Positive,False
P.C.in.vitro,binary,Amikacin,ordinal,0.3734,0.079295665597212,23,WEAK,Positive,False
Amikacin,ordinal,Doxycycline,ordinal,0.373,0.07963115974901393,23,WEAK,Positive,False
Bil,binary,Globulin,binary,-0.3729,0.07966182614439478,23,WEAK,Negative,False
Hospitalization.in.past.6.Months,binary,Surgery.in.last.3.Months,binary,0.3729,0.07966182614439478,23,WEAK,Positive,False
Overall.organ.support,binary,Bil,binary,-0.3729,0.07966182614439492,23,WEAK,Negative,False
Ventilation,binary,ICU.Stay.in.28.Days,continuous,0.3722,0.08034171097446713,23,WEAK,Positive,False
Minocycline,ordinal,GW.Stay.in.28.Days,continuous,-0.3709,0.08147570827383259,23,WEAK,Negative,False
Magnesium,binary,Procalcitonin,binary,0.3708,0.08152805394149021,23,WEAK,Positive,False
UTI.CRO,binary,Platelet,binary,-0.3706,0.08173246715498642,23,WEAK,Negative,False
Minocycline,ordinal,Total.Hospital.stay.in.28.days,continuous,-0.3701,0.08212410569477657,23,WEAK,Negative,False
Magnesium,binary,Trimethoprim.Sulfamethoxazole,ordinal,-0.37,0.08224254658209673,23,WEAK,Negative,False
Any.Fungal.Infection,binary,Colistin,ordinal,-0.3694,0.08277071458465245,23,WEAK,Negative,False
Minocycline,ordinal,Mortality.in.ICU,binary,0.3687,0.08341575662221463,23,WEAK,Positive,False
IAI.CRO,binary,Hemat.Malignancy,binary,-0.3679,0.08415286347267217,23,WEAK,Negative,False
Hemat.Malignancy,binary,Creatinine,binary,0.3679,0.08415286347267217,23,WEAK,Positive,False
Hemat.Malignancy,binary,Tigecycline,ordinal,-0.3672,0.08480889924971843,23,WEAK,Negative,False
Bil,binary,Clinical.Improvement,ordinal,-0.3661,0.08577915504195278,23,WEAK,Negative,False
UTI.CRO,binary,APACHEII,continuous,0.366,0.0858905882459637,23,WEAK,Positive,False
Weight,continuous,Urea,continuous,0.365,0.08681455788901671,23,WEAK,Positive,False
APACHEII,continuous,Overall.Mortality,binary,0.3635,0.0881849057623962,23,WEAK,Positive,False
UTI.CRO,binary,Tigecycline,ordinal,0.3622,0.08942397546868269,23,WEAK,Positive,False
BSI.CRO,binary,Tigecycline,ordinal,-0.3615,0.09009846715276885,23,WEAK,Negative,False
Chloramphenicol,ordinal,Mortality.post.28.Day.Discharge,binary,0.3615,0.09009846715276866,23,WEAK,Positive,False
P.C.Z.A.T,binary,Tigecycline,ordinal,-0.3615,0.09009846715276885,23,WEAK,Negative,False
Lympho,binary,Amikacin,ordinal,0.361,0.09054802405869465,23,WEAK,Positive,False
Ceftazidime.Avibactam.T,binary,ICU.Stay.in.28.Days,continuous,0.3597,0.09184491231617949,23,WEAK,Positive,False
SOFA,continuous,Total.Protein,binary,0.3594,0.09209398777823122,23,WEAK,Positive,False
Chloramphenicol,ordinal,Ceftazidime.Avibactam.Aztreonam.Synergy.T,ordinal,-0.3593,0.09222297535016112,23,WEAK,Negative,False
Other.CRO,binary,GW.Stay.in.28.Days,continuous,0.3593,0.0922376724002511,23,WEAK,Positive,False
Amoxicillin.Clavulanic.Acid,ordinal,GW.Stay.in.28.Days,continuous,-0.3593,0.0922376724002511,23,WEAK,Negative,False
NDM,binary,Other.Illness.Leading.to.Hospitalization.post.28.Days.Discharge,binary,-0.3589,0.09263590055411688,23,WEAK,Negative,False
Endoscopy.in.1.week,binary,TLC,binary,-0.3589,0.09263590055411688,23,WEAK,Negative,False
Solid.Organ,binary,Ceftazidime,ordinal,0.3589,0.09263590055411688,23,WEAK,Positive,False
Solid.Organ,binary,Cefoperazone.Sulbactam,ordinal,0.3589,0.09263590055411688,23,WEAK,Positive,False
NDM,binary,Relapse.post.28.Day.Discharge,binary,-0.3589,0.09263590055411688,23,WEAK,Negative,False
Neutropenia,binary,Solid.Organ,binary,-0.3589,0.09263590055411688,23,WEAK,Negative,False
Solid.Organ,binary,Meropenem,ordinal,0.3589,0.09263590055411688,23,WEAK,Positive,False
TLC,binary,Ertapenem,ordinal,0.3589,0.09263590055411688,23,WEAK,Positive,False
Solid.Organ,binary,Cefotaxime,ordinal,0.3589,0.09263590055411688,23,WEAK,Positive,False
Procalcitonin,binary,Piperacillin.Tazobactam,ordinal,-0.3582,0.09329321279934565,23,WEAK,Negative,False
Age,continuous,BSI.CRO,binary,-0.3581,0.09340928390864453,23,WEAK,Negative,False
Hb,binary,TLC,binary,0.3579,0.09356894281893029,23,WEAK,Positive,False
IAI.CRO,binary,ICU.Stay.in.28.Days,continuous,0.3578,0.09371738762637387,23,WEAK,Positive,False
Hb,binary,Amikacin,ordinal,-0.357,0.09447734783740303,23,WEAK,Negative,False
Neutropenia,binary,Clinical.Improvement,ordinal,0.356,0.09548627753319801,23,WEAK,Positive,False
Cefotaxime,ordinal,Clinical.Improvement,ordinal,-0.356,0.09548627753319801,23,WEAK,Negative,False
Ceftazidime,ordinal,Clinical.Improvement,ordinal,-0.356,0.09548627753319801,23,WEAK,Negative,False
Cefoperazone.Sulbactam,ordinal,Clinical.Improvement,ordinal,-0.356,0.09548627753319801,23,WEAK,Negative,False
Lympho,binary,Total.Hospital.stay.in.28.days,continuous,0.3552,0.09630509056050643,23,WEAK,Positive,False
Colistin,ordinal,ICU.Stay.in.28.Days,continuous,-0.3548,0.09668035512591067,23,WEAK,Negative,False
Age,continuous,Endoscopy.in.1.week,binary,-0.3541,0.09739657164411435,23,WEAK,Negative,False
Age,continuous,Ertapenem,ordinal,0.3541,0.09739657164411435,23,WEAK,Positive,False
Height,continuous,Neutropenia,binary,0.3538,0.09766290779148222,23,WEAK,Positive,False
Height,continuous,Cefoperazone.Sulbactam,ordinal,-0.3538,0.09766290779148222,23,WEAK,Negative,False
Height,continuous,Ceftazidime,ordinal,-0.3538,0.09766290779148222,23,WEAK,Negative,False
Height,continuous,Cefotaxime,ordinal,-0.3538,0.09766290779148222,23,WEAK,Negative,False
Weight,continuous,Cefotaxime,ordinal,-0.3536,0.09784043440554117,23,WEAK,Negative,False
Weight,continuous,Cefoperazone.Sulbactam,ordinal,-0.3536,0.09784043440554117,23,WEAK,Negative,False
Weight,continuous,Ceftazidime,ordinal,-0.3536,0.09784043440554117,23,WEAK,Negative,False
Weight,continuous,Neutropenia,binary,0.3536,0.09784043440554117,23,WEAK,Positive,False
Neither.Abx.E,binary,Ceftazidime.Avibactam.Aztreonam.Synergy.T,ordinal,0.3531,0.09840517453900023,23,WEAK,Positive,False
Neither.Abx.T,binary,Ceftazidime.Avibactam.Aztreonam.Synergy.T,ordinal,0.3531,0.09840517453900023,23,WEAK,Positive,False
Albumin,binary,Ceftazidime.Avibactam.Aztreonam.Synergy.T,ordinal,-0.3531,0.09840517453900023,23,WEAK,Negative,False
Solid.Organ,binary,TLC,binary,-0.3529,0.09855275316090427,23,WEAK,Negative,False
Clinical.Improvement,ordinal,Mortality.in.ICU,binary,-0.352,0.0995145806568921,23,WEAK,Negative,False
HAP.CRO,binary,Ceftazidime.Avibactam.Aztreonam.T,binary,-0.3519,0.09965519356283556,23,WEAK,Negative,False
HAP.CRO,binary,ALP,binary,-0.3519,0.09965519356283556,23,WEAK,Negative,False
Urinary.Catheter.in.6.Months,binary,Bil,binary,0.3519,0.09965519356283556,23,WEAK,Positive,False
Male,binary,HAP.CRO,binary,-0.3519,0.09965519356283557,23,WEAK,Negative,False
HAP.CRO,binary,Ventilation,binary,0.3519,0.09965519356283556,23,WEAK,Positive,False
Hospitalization.in.past.6.Months,binary,CV.Catheter.in.6.Months,binary,0.3519,0.09965519356283557,23,WEAK,Positive,False
Hospitalization.in.past.6.Months,binary,Urinary.Catheter.in.6.Months,binary,0.3519,0.09965519356283557,23,WEAK,Positive,False
Immunosuppressive.drugs.in.1.week,binary,P.C.Z.A.E,binary,0.3519,0.09965519356283557,23,WEAK,Positive,False
Female,binary,HAP.CRO,binary,0.3519,0.09965519356283557,23,WEAK,Positive,False
CV.Catheter.in.6.Months,binary,Bil,binary,0.3519,0.09965519356283556,23,WEAK,Positive,False
Immunosuppressive.drugs.in.1.week,binary,Fosfomycin,ordinal,0.3519,0.09965519356283557,23,WEAK,Positive,False
HAP.CRO,binary,Immunosuppressive.drugs.in.1.week,binary,0.3519,0.09965519356283556,23,WEAK,Positive,False
DM,binary,P.C.Z.A.E,binary,0.3519,0.09965519356283557,23,WEAK,Positive,False
Hypothyroidism,binary,Hospitalization.in.past.6.Months,binary,0.3519,0.09965519356283556,23,WEAK,Positive,False
P.C.in.vitro,binary,Inotropes,binary,-0.3519,0.09965519356283556,23,WEAK,Negative,False
Bil,binary,P.C.Z.A.E,binary,0.3519,0.09965519356283557,23,WEAK,Positive,False
Any.Fungal.Infection,binary,GW.Stay.in.28.Days,continuous,-0.3515,0.10007505456191425,23,WEAK,Negative,False
OXA48,binary,ICU.Stay.in.28.Days,continuous,0.351,0.10053308954639208,23,WEAK,Positive,False
Weight,continuous,Solid.Organ,binary,-0.3509,0.10068199781463939,23,WEAK,Negative,False
SOFA,continuous,Platelet,binary,0.3509,0.10060647811228847,23,WEAK,Positive,False
Height,continuous,Hb,binary,0.3506,0.1009806062376076,23,WEAK,Positive,False
Bil,binary,Colistin,ordinal,-0.3502,0.10133357753349534,23,WEAK,Negative,False
Minocycline,ordinal,Clinical.Improvement,ordinal,-0.3499,0.10171279605607057,23,WEAK,Negative,False
Urea,continuous,Z.A.only.T,binary,-0.3499,0.10173326444930708,23,WEAK,Negative,False
Weight,continuous,Potassium,binary,-0.3497,0.10191417976649597,23,WEAK,Negative,False
Weight,continuous,Ceftazidime.Avibactam,binary,-0.3497,0.10191417976649597,23,WEAK,Negative,False
Calcium,binary,Ceftazidime.Avibactam.T,binary,0.3497,0.10190561904276631,23,WEAK,Positive,False
HTN,binary,Calcium,binary,-0.3497,0.10190561904276631,23,WEAK,Negative,False
Calcium,binary,Gentamicin,ordinal,0.3497,0.10190561904276631,23,WEAK,Positive,False
Overall.organ.support,binary,P.C.Z.A.T,binary,0.3486,0.10305011361590281,23,WEAK,Positive,False
Surgery.in.last.3.Months,binary,Mortality.in.ICU,binary,-0.3486,0.10305011361590281,23,WEAK,Negative,False
ANC,binary,Mortality.in.ICU,binary,0.3486,0.10305011361590281,23,WEAK,Positive,False
Globulin,binary,Z.A.only.T,binary,0.3486,0.10305011361590281,23,WEAK,Positive,False
Total.Protein,binary,Ceftazidime.Avibactam,binary,0.3486,0.10305011361590281,23,WEAK,Positive,False
BSI.CRO,binary,Sodium,binary,0.3486,0.10305011361590288,23,WEAK,Positive,False
SGPT,binary,Mortality.in.ICU,binary,-0.3486,0.10305011361590281,23,WEAK,Negative,False
SGPT,binary,Potassium,binary,-0.3486,0.10305011361590281,23,WEAK,Negative,False
Overall.organ.support,binary,Mortality.in.ICU,binary,0.3486,0.10305011361590281,23,WEAK,Positive,False
Total.Protein,binary,Potassium,binary,0.3486,0.10305011361590281,23,WEAK,Positive,False
APACHEII,continuous,Lympho,binary,-0.348,0.10371433202270074,23,WEAK,Negative,False
UTI.CRO,binary,SOFA,continuous,0.3465,0.10528853553761902,23,WEAK,Positive,False
NDM,binary,Colistin,ordinal,0.3444,0.10757602652502274,23,WEAK,Positive,False
SOFA,continuous,Magnesium,binary,0.3443,0.10764478762362084,23,WEAK,Positive,False
Creatinine,binary,Colistin,ordinal,0.3443,0.10768632127622088,23,WEAK,Positive,False
IAI.CRO,binary,Colistin,ordinal,-0.3443,0.10768632127622088,23,WEAK,Negative,False
OXA48,binary,Ventilation,binary,0.3438,0.10822476339017598,23,WEAK,Positive,False
OXA48,binary,Immunosuppressive.drugs.in.1.week,binary,0.3438,0.10822476339017598,23,WEAK,Positive,False
IAI.CRO,binary,Ventilation,binary,-0.3438,0.10822476339017598,23,WEAK,Negative,False
IAI.CRO,binary,Ceftazidime.Avibactam.Aztreonam.T,binary,0.3438,0.10822476339017598,23,WEAK,Positive,False
Bil,binary,Calcium,binary,0.3438,0.10822476339017598,23,WEAK,Positive,False
CV.Catheter.in.6.Months,binary,Ceftazidime.Avibactam.Aztreonam.Synergy.T,ordinal,-0.343,0.10905953920444933,23,WEAK,Negative,False
Urinary.Catheter.in.6.Months,binary,Ceftazidime.Avibactam.Aztreonam.Synergy.T,ordinal,-0.343,0.10905953920444933,23,WEAK,Negative,False
P.C.Z.A.E,binary,Ceftazidime.Avibactam.Aztreonam.Synergy.T,ordinal,-0.343,0.10905953920444933,23,WEAK,Negative,False
Doxycycline,ordinal,Ceftazidime.Avibactam.Aztreonam.Synergy.T,ordinal,-0.3427,0.10945004405950923,23,WEAK,Negative,False
Height,continuous,IAI.CRO,binary,-0.3427,0.10939216541066815,23,WEAK,Negative,False
Any.Viral.Infection,binary,Ceftazidime.Avibactam.T,binary,0.3417,0.11056772653032705,23,WEAK,Positive,False
HTN,binary,Any.Viral.Infection,binary,-0.3417,0.11056772653032705,23,WEAK,Negative,False
Any.Viral.Infection,binary,Gentamicin,ordinal,0.3417,0.11056772653032705,23,WEAK,Positive,False
Piperacillin.Tazobactam,ordinal,ICU.Stay.in.28.Days,continuous,0.3413,0.11102834955953246,23,WEAK,Positive,False
Colistin,ordinal,Gentamicin,ordinal,0.341,0.11127931178197135,23,WEAK,Positive,False
Z.A.invitro,binary,Colistin,ordinal,0.3408,0.11150587727908878,23,WEAK,Positive,False
SGPT,binary,Colistin,ordinal,-0.3408,0.11150587727908878,23,WEAK,Negative,False
Amikacin,ordinal,Nitrofurantoin,ordinal,0.3403,0.11211792996274113,23,WEAK,Positive,False
Weight,continuous,Ceftazidime.Avibactam.Aztreonam.Synergy.T,ordinal,0.3403,0.1121250989414068,23,WEAK,Positive,False
Chloramphenicol,ordinal,Total.Hospital.stay.in.28.days,continuous,0.3398,0.11264123212528787,23,WEAK,Positive,False
Ventilation,binary,Procalcitonin,binary,-0.3397,0.11278769753209904,23,WEAK,Negative,False
Ventilation,binary,Hb,binary,0.3397,0.11278769753209904,23,WEAK,Positive,False
Past.CREPA.infection,binary,Immunosuppressive.drugs.in.1.week,binary,-0.3397,0.11278769753209889,23,WEAK,Negative,False
Procalcitonin,binary,Ceftazidime.Avibactam.Aztreonam.T,binary,0.3397,0.11278769753209889,23,WEAK,Positive,False
Inotropes,binary,Procalcitonin,binary,0.3397,0.11278769753209904,23,WEAK,Positive,False
DM,binary,Hb,binary,0.3397,0.11278769753209904,23,WEAK,Positive,False
Immunosuppressive.drugs.in.1.week,binary,Hb,binary,0.3397,0.11278769753209904,23,WEAK,Positive,False
Platelet,binary,Potassium,binary,0.3395,0.11303509814505601,23,WEAK,Positive,False
BSI.CRO,binary,Platelet,binary,0.3395,0.11303509814505605,23,WEAK,Positive,False
CV.Catheter.in.6.Months,binary,ICU.Stay.in.28.Days,continuous,-0.3391,0.11348710988659734,23,WEAK,Negative,False
Urinary.Catheter.in.6.Months,binary,ICU.Stay.in.28.Days,continuous,-0.3391,0.11348710988659734,23,WEAK,Negative,False
DM,binary,Trimethoprim.Sulfamethoxazole,ordinal,0.3389,0.11361968622407169,23,WEAK,Positive,False
Bil,binary,Trimethoprim.Sulfamethoxazole,ordinal,0.3389,0.11361968622407169,23,WEAK,Positive,False
Inotropes,binary,Trimethoprim.Sulfamethoxazole,ordinal,-0.3389,0.11361968622407169,23,WEAK,Negative,False
Urinary.Catheter.in.6.Months,binary,Procalcitonin,binary,0.3386,0.1139588944198238,23,WEAK,Positive,False
Urinary.Catheter.in.6.Months,binary,Past.CREPA.infection,binary,0.3386,0.1139588944198238,23,WEAK,Positive,False
Hb,binary,Cefuroxime,ordinal,0.3386,0.1139588944198238,23,WEAK,Positive,False
Surgery.in.last.3.Months,binary,Ceftazidime.Avibactam,binary,0.3386,0.1139588944198238,23,WEAK,Positive,False
Procalcitonin,binary,Cefuroxime,ordinal,-0.3386,0.1139588944198238,23,WEAK,Negative,False
Procalcitonin,binary,Fosfomycin,ordinal,0.3386,0.1139588944198238,23,WEAK,Positive,False
Procalcitonin,binary,P.C.Z.A.E,binary,0.3386,0.1139588944198238,23,WEAK,Positive,False
Ceftriaxone,ordinal,Fosfomycin,ordinal,0.3386,0.1139588944198238,23,WEAK,Positive,False
Hypothyroidism,binary,Hb,binary,-0.3386,0.1139588944198238,23,WEAK,Negative,False
Overall.organ.support,binary,Z.A.only.T,binary,-0.3386,0.1139588944198238,23,WEAK,Negative,False
P.C.in.vitro,binary,Past.CREPA.infection,binary,0.3386,0.1139588944198238,23,WEAK,Positive,False
ANC,binary,Ceftazidime.Avibactam,binary,-0.3386,0.1139588944198238,23,WEAK,Negative,False
P.C.in.vitro,binary,Ceftriaxone,ordinal,0.3386,0.1139588944198238,23,WEAK,Positive,False
P.C.Z.A.T,binary,Overall.Mortality,binary,0.3386,0.1139588944198238,23,WEAK,Positive,False
CV.Catheter.in.6.Months,binary,Past.CREPA.infection,binary,0.3386,0.1139588944198238,23,WEAK,Positive,False
CV.Catheter.in.6.Months,binary,Procalcitonin,binary,0.3386,0.1139588944198238,23,WEAK,Positive,False
Other.CRO,binary,Total.Hospital.stay.in.28.days,continuous,0.3383,0.114332489966003,23,WEAK,Positive,False
Amoxicillin.Clavulanic.Acid,ordinal,Total.Hospital.stay.in.28.days,continuous,-0.3383,0.114332489966003,23,WEAK,Negative,False
APACHEII,continuous,Neither.Abx.E,binary,-0.3375,0.1153131107506605,23,WEAK,Negative,False
APACHEII,continuous,Neither.Abx.T,binary,-0.3375,0.1153131107506605,23,WEAK,Negative,False
OXA48,binary,Neither.Abx.E,binary,-0.3372,0.11558182913392151,23,WEAK,Negative,False
Albumin,binary,Calcium,binary,0.3372,0.11558182913392154,23,WEAK,Positive,False
OXA48,binary,Albumin,binary,0.3372,0.11558182913392151,23,WEAK,Positive,False
Calcium,binary,Neither.Abx.T,binary,-0.3372,0.11558182913392151,23,WEAK,Negative,False
Calcium,binary,Neither.Abx.E,binary,-0.3372,0.11558182913392151,23,WEAK,Negative,False
OXA48,binary,Neither.Abx.T,binary,-0.3372,0.11558182913392151,23,WEAK,Negative,False
Calcium,binary,P.C.only.E,binary,-0.3372,0.11558182913392151,23,WEAK,Negative,False
Amikacin,ordinal,GW.Stay.in.28.Days,continuous,0.3367,0.1161656080779541,23,WEAK,Positive,False
Globulin,binary,Creatinine,binary,-0.3367,0.11616718211903171,23,WEAK,Negative,False
Trimethoprim.Sulfamethoxazole,ordinal,Clinical.Improvement,ordinal,-0.3367,0.11623130713994453,23,WEAK,Negative,False
Calcium,binary,Overall.Mortality,binary,0.3367,0.11616718211903171,23,WEAK,Positive,False
Z.A.invitro,binary,Calcium,binary,-0.3367,0.11616718211903171,23,WEAK,Negative,False
NDM,binary,APACHEII,continuous,-0.3361,0.11687138320443179,23,WEAK,Negative,False
UTI.CRO,binary,Chloramphenicol,ordinal,-0.3358,0.11725608167622074,23,WEAK,Negative,False
NDM,binary,Chloramphenicol,ordinal,-0.3358,0.11725608167622074,23,WEAK,Negative,False
Bil,binary,Nitrofurantoin,ordinal,-0.3353,0.11784314394236028,23,WEAK,Negative,False
TLC,binary,Calcium,binary,0.3352,0.11792989862931809,23,WEAK,Positive,False
HTN,binary,Any.Fungal.Infection,binary,-0.3351,0.1180608660527824,23,WEAK,Negative,False
Hemat.Malignancy,binary,Ceftazidime.Avibactam.T,binary,0.3351,0.1180608660527824,23,WEAK,Positive,False
P.C.only.E,binary,Polymyxin.Colistin.Inclusion.T,binary,0.3351,0.1180608660527824,23,WEAK,Positive,False
HTN,binary,P.C.only.T,binary,-0.3351,0.1180608660527824,23,WEAK,Negative,False
Any.Fungal.Infection,binary,Polymyxin.Colistin.Inclusion.T,binary,0.3351,0.1180608660527824,23,WEAK,Positive,False
Any.Viral.Infection,binary,Neither.Abx.E,binary,-0.3351,0.1180608660527824,23,WEAK,Negative,False
Any.Fungal.Infection,binary,Ceftazidime.Avibactam.T,binary,0.3351,0.1180608660527824,23,WEAK,Positive,False
P.C.only.T,binary,Polymyxin.Colistin.Inclusion.T,binary,0.3351,0.1180608660527824,23,WEAK,Positive,False
Any.Viral.Infection,binary,Neither.Abx.T,binary,-0.3351,0.1180608660527824,23,WEAK,Negative,False
Globulin,binary,Urea,continuous,-0.335,0.11814895832746704,23,WEAK,Negative,False
Amikacin,ordinal,Trimethoprim.Sulfamethoxazole,ordinal,0.334,0.11937722207367583,23,WEAK,Positive,False
Age,continuous,Chloramphenicol,ordinal,-0.3339,0.11943273484332825,23,WEAK,Negative,False
HTN,binary,Lympho,binary,-0.3337,0.1196668495869639,23,WEAK,Negative,False
HTN,binary,SGOT,binary,-0.3337,0.1196668495869639,23,WEAK,Negative,False
Any.Viral.Infection,binary,Magnesium,binary,0.3337,0.1196668495869639,23,WEAK,Positive,False
Hospitalization.in.past.6.Months,binary,Amikacin,ordinal,0.3335,0.11994022959548034,23,WEAK,Positive,False
NDM,binary,Trimethoprim.Sulfamethoxazole,ordinal,0.3316,0.1221338037680465,23,WEAK,Positive,False
Age,continuous,Bil,binary,-0.331,0.12283596864639992,23,WEAK,Negative,False
Piperacillin.Tazobactam,ordinal,Clinical.Improvement,ordinal,-0.3301,0.12396203932186259,23,WEAK,Negative,False
Age,continuous,UTI.CRO,binary,0.3289,0.1254491572508018,23,WEAK,Positive,False
Lympho,binary,GW.Stay.in.28.Days,continuous,0.3267,0.12814541601678692,23,WEAK,Positive,False
GW.Stay.in.28.Days,continuous,Mortality.in.Hospital,binary,0.3266,0.12822957556897918,23,WEAK,Positive,False
Total.Hospital.stay.in.28.days,continuous,Mortality.in.ICU,binary,-0.3266,0.12828331610281457,23,WEAK,Negative,False
Height,continuous,P.C.in.vitro,binary,0.3259,0.12910579195603805,23,WEAK,Positive,False
Nitrofurantoin,ordinal,Clinical.Improvement,ordinal,-0.3255,0.12956993411186357,23,WEAK,Negative,False
Polymyxin.Colistin.Inclusion.T,binary,ICU.Stay.in.28.Days,continuous,0.3251,0.130118285572041,23,WEAK,Positive,False
Age,continuous,APACHEII,continuous,0.3246,0.13076165490639896,23,WEAK,Positive,False
Tigecycline,ordinal,Overall.Mortality,binary,0.3241,0.13142734072988912,23,WEAK,Positive,False
Overall.organ.support,binary,Tigecycline,ordinal,-0.3241,0.13142734072988912,23,WEAK,Negative,False
Weight,continuous,Ceftazidime.Avibactam.T,binary,-0.3235,0.13214378369347277,23,WEAK,Negative,False
UTI.CRO,binary,Solid.Organ,binary,-0.3235,0.13209147217589395,23,WEAK,Negative,False
Hb,binary,Clinical.Improvement,ordinal,-0.3233,0.1323374871933354,23,WEAK,Negative,False
Procalcitonin,binary,Clinical.Improvement,ordinal,0.3233,0.1323374871933354,23,WEAK,Positive,False
Ertapenem,ordinal,ICU.Stay.in.28.Days,continuous,0.3231,0.1326443057079456,23,WEAK,Positive,False
Endoscopy.in.1.week,binary,ICU.Stay.in.28.Days,continuous,-0.3231,0.1326443057079456,23,WEAK,Negative,False
SGPT,binary,Cefotaxime,ordinal,-0.3223,0.13361470519071525,23,WEAK,Negative,False
Globulin,binary,Ertapenem,ordinal,0.3223,0.13361470519071525,23,WEAK,Positive,False
Sodium,binary,Amoxicillin.Clavulanic.Acid,ordinal,0.3223,0.13361470519071525,23,WEAK,Positive,False
Surgery.in.last.3.Months,binary,Relapse.post.28.Day.Discharge,binary,0.3223,0.13361470519071525,23,WEAK,Positive,False
Sodium,binary,Z.A.only.E,binary,-0.3223,0.13361470519071525,23,WEAK,Negative,False
COPD,binary,Globulin,binary,-0.3223,0.13361470519071525,23,WEAK,Negative,False
Total.Protein,binary,Cefotaxime,ordinal,0.3223,0.13361470519071525,23,WEAK,Positive,False
Total.Protein,binary,Meropenem,ordinal,0.3223,0.13361470519071525,23,WEAK,Positive,False
Total.Protein,binary,Cefoperazone.Sulbactam,ordinal,0.3223,0.13361470519071525,23,WEAK,Positive,False
Overall.organ.support,binary,Mortality.post.28.Day.Discharge,binary,-0.3223,0.13361470519071525,23,WEAK,Negative,False
Sodium,binary,Other.Illness.Leading.to.Hospitalization.post.28.Days.Discharge,binary,-0.3223,0.13361470519071525,23,WEAK,Negative,False
Sodium,binary,Relapse.post.28.Day.Discharge,binary,-0.3223,0.13361470519071525,23,WEAK,Negative,False
Mortality.in.Hospital,binary,Overall.Mortality,binary,0.3223,0.13361470519071525,23,WEAK,Positive,False
Mortality.post.28.Day.Discharge,binary,Overall.Mortality,binary,0.3223,0.13361470519071525,23,WEAK,Positive,False
Globulin,binary,Meropenem,ordinal,0.3223,0.13361470519071525,23,WEAK,Positive,False
Z.A.invitro,binary,Mortality.in.Hospital,binary,-0.3223,0.13361470519071525,23,WEAK,Negative,False
Z.A.invitro,binary,Mortality.post.28.Day.Discharge,binary,-0.3223,0.13361470519071525,23,WEAK,Negative,False
COPD,binary,Overall.Mortality,binary,0.3223,0.13361470519071525,23,WEAK,Positive,False
Globulin,binary,Ceftazidime,ordinal,0.3223,0.13361470519071525,23,WEAK,Positive,False
Globulin,binary,Cefotaxime,ordinal,0.3223,0.13361470519071525,23,WEAK,Positive,False
Globulin,binary,Cefoperazone.Sulbactam,ordinal,0.3223,0.13361470519071525,23,WEAK,Positive,False
Globulin,binary,Mortality.in.Hospital,binary,-0.3223,0.13361470519071525,23,WEAK,Negative,False
ANC,binary,Other.Illness.Leading.to.Hospitalization.post.28.Days.Discharge,binary,-0.3223,0.13361470519071525,23,WEAK,Negative,False
Other.CRO,binary,Sodium,binary,-0.3223,0.13361470519071525,23,WEAK,Negative,False
ANC,binary,Ertapenem,ordinal,0.3223,0.13361470519071525,23,WEAK,Positive,False
SGPT,binary,Relapse.post.28.Day.Discharge,binary,0.3223,0.13361470519071525,23,WEAK,Positive,False
SGPT,binary,Ceftazidime,ordinal,-0.3223,0.13361470519071525,23,WEAK,Negative,False
SGPT,binary,Cefoperazone.Sulbactam,ordinal,-0.3223,0.13361470519071525,23,WEAK,Negative,False
Surgery.in.last.3.Months,binary,Other.Illness.Leading.to.Hospitalization.post.28.Days.Discharge,binary,0.3223,0.13361470519071525,23,WEAK,Positive,False
Surgery.in.last.3.Months,binary,Ertapenem,ordinal,-0.3223,0.13361470519071525,23,WEAK,Negative,False
Z.A.invitro,binary,Amoxicillin.Clavulanic.Acid,ordinal,0.3223,0.13361470519071525,23,WEAK,Positive,False
Total.Protein,binary,Mortality.post.28.Day.Discharge,binary,-0.3223,0.13361470519071525,23,WEAK,Negative,False
Surgery.in.last.3.Months,binary,Endoscopy.in.1.week,binary,0.3223,0.13361470519071525,23,WEAK,Positive,False
Neutropenia,binary,Globulin,binary,-0.3223,0.13361470519071525,23,WEAK,Negative,False
Overall.organ.support,binary,Ertapenem,ordinal,0.3223,0.13361470519071525,23,WEAK,Positive,False
Neutropenia,binary,Total.Protein,binary,-0.3223,0.13361470519071525,23,WEAK,Negative,False
Neutropenia,binary,SGPT,binary,0.3223,0.13361470519071525,23,WEAK,Positive,False
Total.Protein,binary,Ceftazidime,ordinal,0.3223,0.13361470519071525,23,WEAK,Positive,False
Meropenem,ordinal,Overall.Mortality,binary,-0.3223,0.13361470519071525,23,WEAK,Negative,False
Z.A.invitro,binary,Other.CRO,binary,-0.3223,0.13361470519071525,23,WEAK,Negative,False
Endoscopy.in.1.week,binary,ANC,binary,-0.3223,0.13361470519071525,23,WEAK,Negative,False
SGPT,binary,Other.Illness.Leading.to.Hospitalization.post.28.Days.Discharge,binary,0.3223,0.13361470519071525,23,WEAK,Positive,False
SGPT,binary,Mortality.post.28.Day.Discharge,binary,0.3223,0.13361470519071525,23,WEAK,Positive,False
Lympho,binary,Cefuroxime,ordinal,-0.3223,0.13361470519071525,23,WEAK,Negative,False
ANC,binary,Relapse.post.28.Day.Discharge,binary,-0.3223,0.13361470519071525,23,WEAK,Negative,False
Endoscopy.in.1.week,binary,Overall.organ.support,binary,-0.3223,0.13361470519071525,23,WEAK,Negative,False
Endoscopy.in.1.week,binary,Globulin,binary,-0.3223,0.13361470519071525,23,WEAK,Negative,False
Z.A.invitro,binary,COPD,binary,-0.3223,0.13361470519071525,23,WEAK,Negative,False
SGPT,binary,Z.A.only.E,binary,0.3223,0.13361470519071525,23,WEAK,Positive,False
HTN,binary,Nitrofurantoin,ordinal,0.3221,0.1338852253872044,23,WEAK,Positive,False
SGOT,binary,Doxycycline,ordinal,0.322,0.13403974444146394,23,WEAK,Positive,False
Hypothyroidism,binary,Clinical.Improvement,ordinal,0.322,0.13397176178991677,23,WEAK,Positive,False
SGOT,binary,Piperacillin.Tazobactam,ordinal,-0.322,0.13403974444146394,23,WEAK,Negative,False
Magnesium,binary,Doxycycline,ordinal,-0.322,0.13403974444146394,23,WEAK,Negative,False
Lympho,binary,Doxycycline,ordinal,0.322,0.13403974444146394,23,WEAK,Positive,False
Lympho,binary,Piperacillin.Tazobactam,ordinal,-0.322,0.13403974444146394,23,WEAK,Negative,False
Platelet,binary,Piperacillin.Tazobactam,ordinal,-0.322,0.13403974444146394,23,WEAK,Negative,False
Age,continuous,Mortality.post.28.Day.Discharge,binary,-0.3219,0.1341756826996349,23,WEAK,Negative,False
Urea,continuous,Mortality.in.Hospital,binary,-0.3217,0.13448141175704023,23,WEAK,Negative,False
Urea,continuous,Meropenem,ordinal,-0.3217,0.13448141175704023,23,WEAK,Negative,False
Height,continuous,Other.CRO,binary,-0.3217,0.13448141175704023,23,WEAK,Negative,False
Height,continuous,Amoxicillin.Clavulanic.Acid,ordinal,0.3217,0.13448141175704023,23,WEAK,Positive,False
APACHEII,continuous,Mortality.post.28.Day.Discharge,binary,-0.3217,0.13448141175704023,23,WEAK,Negative,False
Weight,continuous,COPD,binary,-0.3215,0.13468512939845873,23,WEAK,Negative,False
UTI.CRO,binary,Bil,binary,-0.3213,0.13491259366476313,23,WEAK,Negative,False
Solid.Organ,binary,Ceftazidime.Avibactam.Aztreonam.T,binary,-0.3213,0.13491259366476313,23,WEAK,Negative,False
Female,binary,Solid.Organ,binary,0.3213,0.13491259366476313,23,WEAK,Positive,False
Ventilation,binary,TLC,binary,0.3213,0.13491259366476313,23,WEAK,Positive,False
Male,binary,Solid.Organ,binary,-0.3213,0.13491259366476313,23,WEAK,Negative,False
NDM,binary,ALP,binary,-0.3213,0.13491259366476313,23,WEAK,Negative,False
Ventilation,binary,Minocycline,ordinal,0.321,0.13525937448845488,23,WEAK,Positive,False
Height,continuous,Overall.Mortality,binary,0.3208,0.13563553012967638,23,WEAK,Positive,False
Surgery.in.last.3.Months,binary,Urea,continuous,0.3208,0.13563553012967638,23,WEAK,Positive,False
Surgery.in.last.3.Months,binary,Chloramphenicol,ordinal,-0.3204,0.13604423483792835,23,WEAK,Negative,False
Age,continuous,Any.Fungal.Infection,binary,-0.3204,0.13609818750198785,23,WEAK,Negative,False
Chloramphenicol,ordinal,Overall.Mortality,binary,0.3204,0.13604423483792835,23,WEAK,Positive,False
Colistin,ordinal,Ceftazidime.Avibactam.Aztreonam.Synergy.T,ordinal,0.3204,0.1361154525042719,23,WEAK,Positive,False
Ceftazidime.Avibactam.Aztreonam.Synergy.T,ordinal,Polymyxin.Colistin.Inclusion.T,binary,-0.32,0.13658003034934527,23,WEAK,Negative,False
SOFA,continuous,Polymyxin.Colistin.Inclusion.T,binary,0.3195,0.13730630285135723,23,WEAK,Positive,False
HAP.CRO,binary,Trimethoprim.Sulfamethoxazole,ordinal,-0.318,0.13916499206850713,23,WEAK,Negative,False
Hypothyroidism,binary,Trimethoprim.Sulfamethoxazole,ordinal,-0.318,0.13916499206850713,23,WEAK,Negative,False
Fosfomycin,ordinal,Tigecycline,ordinal,0.3175,0.13985950463276464,23,WEAK,Positive,False
P.C.only.E,binary,Amikacin,ordinal,0.3172,0.1402675735613922,23,WEAK,Positive,False
SGPT,binary,Trimethoprim.Sulfamethoxazole,ordinal,-0.3165,0.14121805981147206,23,WEAK,Negative,False
Procalcitonin,binary,GW.Stay.in.28.Days,continuous,0.3164,0.1412677216576918,23,WEAK,Positive,False
Past.CREPA.infection,binary,Colistin,ordinal,0.316,0.14188172575612668,23,WEAK,Positive,False
Colistin,ordinal,Ceftriaxone,ordinal,0.316,0.14188172575612665,23,WEAK,Positive,False
Hypothyroidism,binary,ICU.Stay.in.28.Days,continuous,0.3157,0.14228135333541314,23,WEAK,Positive,False
SGPT,binary,Minocycline,ordinal,-0.3151,0.14300736748292353,23,WEAK,Negative,False
Hb,binary,Minocycline,ordinal,0.315,0.14313280958290467,23,WEAK,Positive,False
Fosfomycin,ordinal,Total.Hospital.stay.in.28.days,continuous,-0.3148,0.14343524160327048,23,WEAK,Negative,False
Hemat.Malignancy,binary,P.C.Z.A.T,binary,0.3144,0.14403136819460388,23,WEAK,Positive,False
P.C.only.E,binary,Mortality.in.ICU,binary,0.3144,0.14403136819460388,23,WEAK,Positive,False
Potassium,binary,P.C.only.T,binary,0.3144,0.14403136819460388,23,WEAK,Positive,False
Hemat.Malignancy,binary,Mortality.in.ICU,binary,0.3144,0.14403136819460388,23,WEAK,Positive,False
BSI.CRO,binary,Hemat.Malignancy,binary,0.3144,0.14403136819460388,23,WEAK,Positive,False
Any.Fungal.Infection,binary,P.C.Z.A.T,binary,0.3144,0.14403136819460388,23,WEAK,Positive,False
Surgery.in.last.3.Months,binary,Total.Hospital.stay.in.28.days,continuous,-0.3142,0.1443063418748783,23,WEAK,Negative,False
UTI.CRO,binary,P.C.Z.A.T,binary,-0.3131,0.14573366749233507,23,WEAK,Negative,False
TLC,binary,Mortality.in.ICU,binary,0.3131,0.14573366749233507,23,WEAK,Positive,False
TLC,binary,P.C.Z.A.T,binary,0.3131,0.14573366749233507,23,WEAK,Positive,False
UTI.CRO,binary,BSI.CRO,binary,-0.3131,0.14573366749233507,23,WEAK,Negative,False
DM,binary,SGOT,binary,-0.313,0.1459044579561483,23,WEAK,Negative,False
Platelet,binary,Ceftazidime.Avibactam.Aztreonam.T,binary,0.313,0.14590445795614823,23,WEAK,Positive,False
SGOT,binary,ALP,binary,0.313,0.14590445795614823,23,WEAK,Positive,False
Male,binary,Platelet,binary,0.313,0.1459044579561483,23,WEAK,Positive,False
Ventilation,binary,Lympho,binary,-0.313,0.1459044579561483,23,WEAK,Negative,False
Inotropes,binary,Platelet,binary,0.313,0.1459044579561483,23,WEAK,Positive,False
Female,binary,Platelet,binary,-0.313,0.1459044579561483,23,WEAK,Negative,False
Age,continuous,Nitrofurantoin,ordinal,0.3127,0.14629245739553254,23,WEAK,Positive,False
Overall.organ.support,binary,SGOT,binary,-0.3125,0.14652840707651582,23,WEAK,Negative,False
Z.A.invitro,binary,Lympho,binary,-0.3125,0.14652840707651582,23,WEAK,Negative,False
Total.Protein,binary,Magnesium,binary,0.3125,0.14652840707651582,23,WEAK,Positive,False
Lympho,binary,Total.Protein,binary,-0.3125,0.14652840707651582,23,WEAK,Negative,False
Age,continuous,Hemat.Malignancy,binary,-0.3117,0.14761065024116785,23,WEAK,Negative,False
Weight,continuous,Piperacillin.Tazobactam,ordinal,-0.3113,0.1482533181796544,23,WEAK,Negative,False
Age,continuous,Colistin,ordinal,0.3112,0.1483610018599068,23,WEAK,Positive,False
ALP,binary,Urea,continuous,-0.311,0.14868447141828284,23,WEAK,Negative,False
Creatinine,binary,Ceftriaxone,ordinal,0.3105,0.14926485327894873,23,WEAK,Positive,False
Calcium,binary,Ceftriaxone,ordinal,0.3105,0.14926485327894873,23,WEAK,Positive,False
Surgery.in.last.3.Months,binary,Polymyxin.Colistin.Inclusion.T,binary,-0.3105,0.14926485327894873,23,WEAK,Negative,False
Overall.organ.support,binary,Ceftazidime.Avibactam.T,binary,0.3105,0.14926485327894873,23,WEAK,Positive,False
SGPT,binary,Gentamicin,ordinal,-0.3105,0.14926485327894873,23,WEAK,Negative,False
Hb,binary,Creatinine,binary,-0.3105,0.14926485327894873,23,WEAK,Negative,False
HTN,binary,Sodium,binary,-0.3105,0.14926485327894873,23,WEAK,Negative,False
IAI.CRO,binary,Past.CREPA.infection,binary,-0.3105,0.14926485327894873,23,WEAK,Negative,False
Surgery.in.last.3.Months,binary,Gentamicin,ordinal,-0.3105,0.14926485327894873,23,WEAK,Negative,False
Sodium,binary,Gentamicin,ordinal,0.3105,0.14926485327894873,23,WEAK,Positive,False
HTN,binary,Surgery.in.last.3.Months,binary,0.3105,0.14926485327894873,23,WEAK,Positive,False
Age,continuous,Any.Viral.Infection,binary,0.3101,0.14984955717303328,23,WEAK,Positive,False
P.C.Z.A.T,binary,Nitrofurantoin,ordinal,-0.31,0.15005534692590639,23,WEAK,Negative,False
BSI.CRO,binary,Nitrofurantoin,ordinal,-0.31,0.15005534692590639,23,WEAK,Negative,False
APACHEII,continuous,Gentamicin,ordinal,0.3099,0.15016815829668037,23,WEAK,Positive,False
Ventilation,binary,Nitrofurantoin,ordinal,0.3095,0.1507168683048699,23,WEAK,Positive,False
UTI.CRO,binary,Amikacin,ordinal,0.308,0.1527415708515215,23,WEAK,Positive,False
Nitrofurantoin,ordinal,Overall.Mortality,binary,0.3056,0.15611837210466525,23,WEAK,Positive,False
Ceftriaxone,ordinal,Overall.Mortality,binary,0.305,0.15707227889090145,23,WEAK,Positive,False
SGPT,binary,Procalcitonin,binary,0.305,0.15707227889090145,23,WEAK,Positive,False
Hb,binary,ANC,binary,0.305,0.15707227889090145,23,WEAK,Positive,False
Hb,binary,SGPT,binary,-0.305,0.15707227889090145,23,WEAK,Negative,False
Overall.organ.support,binary,Hb,binary,0.305,0.15707227889090145,23,WEAK,Positive,False
Globulin,binary,Procalcitonin,binary,-0.305,0.15707227889090145,23,WEAK,Negative,False
Surgery.in.last.3.Months,binary,Past.CREPA.infection,binary,0.305,0.15707227889090145,23,WEAK,Positive,False
Past.CREPA.infection,binary,Overall.organ.support,binary,-0.305,0.15707227889090145,23,WEAK,Negative,False
Z.A.invitro,binary,Past.CREPA.infection,binary,-0.305,0.15707227889090145,23,WEAK,Negative,False
Overall.organ.support,binary,Any.Fungal.Infection,binary,0.3035,0.15919806553224075,23,WEAK,Positive,False
Overall.organ.support,binary,Hemat.Malignancy,binary,0.3035,0.15919806553224075,23,WEAK,Positive,False
Z.A.invitro,binary,Hemat.Malignancy,binary,0.3035,0.15919806553224075,23,WEAK,Positive,False
Any.Fungal.Infection,binary,ANC,binary,0.3035,0.15919806553224075,23,WEAK,Positive,False
P.C.only.T,binary,Overall.Mortality,binary,-0.3035,0.15919806553224075,23,WEAK,Negative,False
Neither.Abx.T,binary,Overall.Mortality,binary,-0.3035,0.15919806553224075,23,WEAK,Negative,False
SGPT,binary,Neither.Abx.T,binary,-0.3035,0.15919806553224075,23,WEAK,Negative,False
Albumin,binary,Overall.Mortality,binary,0.3035,0.15919806553224075,23,WEAK,Positive,False
SGPT,binary,Neither.Abx.E,binary,-0.3035,0.15919806553224075,23,WEAK,Negative,False
Globulin,binary,P.C.only.E,binary,0.3035,0.15919806553224075,23,WEAK,Positive,False
Total.Protein,binary,P.C.only.T,binary,0.3035,0.15919806553224075,23,WEAK,Positive,False
Z.A.invitro,binary,P.C.only.T,binary,0.3035,0.15919806553224075,23,WEAK,Positive,False
Hemat.Malignancy,binary,ANC,binary,0.3035,0.15919806553224075,23,WEAK,Positive,False
Surgery.in.last.3.Months,binary,Any.Fungal.Infection,binary,-0.3035,0.15919806553224075,23,WEAK,Negative,False
Z.A.invitro,binary,Albumin,binary,-0.3035,0.15919806553224075,23,WEAK,Negative,False
Surgery.in.last.3.Months,binary,P.C.only.E,binary,-0.3035,0.15919806553224075,23,WEAK,Negative,False
Neither.Abx.E,binary,Overall.Mortality,binary,-0.3035,0.15919806553224075,23,WEAK,Negative,False
Lympho,binary,Magnesium,binary,-0.303,0.15986011814768428,23,WEAK,Negative,False
Platelet,binary,Total.Hospital.stay.in.28.days,continuous,0.3025,0.16056337917267843,23,WEAK,Positive,False
Calcium,binary,Magnesium,binary,0.3024,0.16076331211697323,23,WEAK,Positive,False
Height,continuous,Urea,continuous,0.3021,0.1612420436268811,23,WEAK,Positive,False
IAI.CRO,binary,Chloramphenicol,ordinal,0.3021,0.16119719527083964,23,WEAK,Positive,False
Clinical.Improvement,ordinal,ICU.Stay.in.28.Days,continuous,-0.3012,0.16257813994477474,23,WEAK,Negative,False
Doxycycline,ordinal,Tigecycline,ordinal,0.3003,0.16380787021637258,23,WEAK,Positive,False
Platelet,binary,GW.Stay.in.28.Days,continuous,0.3,0.16426166521376373,23,WEAK,Positive,False
Age,continuous,Total.Protein,binary,0.2996,0.16489148832982967,23,WEAK,Positive,False
Hb,binary,Ceftazidime.Avibactam.Aztreonam.Synergy.T,ordinal,-0.298,0.1671978764092072,23,WEAK,Negative,False
Creatinine,binary,Clinical.Improvement,ordinal,-0.2975,0.16800903756376653,23,WEAK,Negative,False
Chloramphenicol,ordinal,Ceftazidime.Avibactam.Aztreonam.T,binary,0.2974,0.16811621126322096,23,WEAK,Positive,False
DM,binary,Chloramphenicol,ordinal,-0.2974,0.16811621126322096,23,WEAK,Negative,False
Hospitalization.in.past.6.Months,binary,Chloramphenicol,ordinal,-0.2974,0.16811621126322096,23,WEAK,Negative,False
Lympho,binary,Fosfomycin,ordinal,-0.2955,0.17106631065032082,23,WEAK,Negative,False
HAP.CRO,binary,SGOT,binary,-0.2955,0.17106631065032085,23,WEAK,Negative,False
HAP.CRO,binary,Lympho,binary,-0.2955,0.17106631065032085,23,WEAK,Negative,False
HAP.CRO,binary,Platelet,binary,-0.2955,0.17106631065032085,23,WEAK,Negative,False
HAP.CRO,binary,Magnesium,binary,0.2955,0.17106631065032085,23,WEAK,Positive,False
P.C.in.vitro,binary,Platelet,binary,-0.2955,0.17106631065032085,23,WEAK,Negative,False
Magnesium,binary,Fosfomycin,ordinal,0.2955,0.17106631065032082,23,WEAK,Positive,False
Height,continuous,Mortality.in.ICU,binary,0.2942,0.17299434848900158,23,WEAK,Positive,False
Any.Fungal.Infection,binary,Ceftazidime.Avibactam.Aztreonam.Synergy.T,ordinal,-0.2942,0.17293968306663252,23,WEAK,Negative,False
Cefotaxime,ordinal,GW.Stay.in.28.Days,continuous,-0.294,0.17337165288506498,23,WEAK,Negative,False
Neutropenia,binary,GW.Stay.in.28.Days,continuous,0.294,0.17337165288506498,23,WEAK,Positive,False
Ceftazidime,ordinal,GW.Stay.in.28.Days,continuous,-0.294,0.17337165288506498,23,WEAK,Negative,False
Cefoperazone.Sulbactam,ordinal,GW.Stay.in.28.Days,continuous,-0.294,0.17337165288506498,23,WEAK,Negative,False
Weight,continuous,Colistin,ordinal,0.2939,0.1734414714848225,23,WEAK,Positive,False
Lympho,binary,P.C.Z.A.T,binary,-0.2936,0.173931874208705,23,WEAK,Negative,False
Lympho,binary,Mortality.in.ICU,binary,-0.2936,0.173931874208705,23,WEAK,Negative,False
Lympho,binary,Potassium,binary,-0.2936,0.173931874208705,23,WEAK,Negative,False
SGOT,binary,Potassium,binary,-0.2936,0.173931874208705,23,WEAK,Negative,False
Hospitalization.in.past.6.Months,binary,Clinical.Improvement,ordinal,0.2929,0.17501854041070214,23,WEAK,Positive,False
ALP,binary,Clinical.Improvement,ordinal,-0.2929,0.17501854041070214,23,WEAK,Negative,False
Female,binary,Ventilation,binary,0.2923,0.17590790448228627,23,WEAK,Positive,False
Male,binary,Ceftazidime.Avibactam.Aztreonam.T,binary,0.2923,0.17590790448228627,23,WEAK,Positive,False
Male,binary,Immunosuppressive.drugs.in.1.week,binary,-0.2923,0.17590790448228627,23,WEAK,Negative,False
Male,binary,Inotropes,binary,0.2923,0.17590790448228627,23,WEAK,Positive,False
Male,binary,Ventilation,binary,-0.2923,0.17590790448228627,23,WEAK,Negative,False
Female,binary,Immunosuppressive.drugs.in.1.week,binary,0.2923,0.17590790448228627,23,WEAK,Positive,False
Female,binary,Ceftazidime.Avibactam.Aztreonam.T,binary,-0.2923,0.17590790448228627,23,WEAK,Negative,False
Inotropes,binary,Bil,binary,-0.2923,0.17590790448228627,23,WEAK,Negative,False
Female,binary,Inotropes,binary,-0.2923,0.17590790448228627,23,WEAK,Negative,False
ALP,binary,Ceftazidime.Avibactam.Aztreonam.T,binary,0.2923,0.17590790448228627,23,WEAK,Positive,False
DM,binary,Hospitalization.in.past.6.Months,binary,0.2923,0.17590790448228627,23,WEAK,Positive,False
Surgery.in.last.3.Months,binary,Minocycline,ordinal,0.2921,0.17626363245570584,23,WEAK,Positive,False
Minocycline,ordinal,Overall.Mortality,binary,0.2921,0.17626363245570584,23,WEAK,Positive,False
Polymyxin.Colistin.Inclusion.T,binary,Mortality.post.28.Day.Discharge,binary,-0.2919,0.17648170442597821,23,WEAK,Negative,False
HTN,binary,Mortality.in.Hospital,binary,0.2919,0.17648170442597821,23,WEAK,Positive,False
HTN,binary,Other.Illness.Leading.to.Hospitalization.post.28.Days.Discharge,binary,0.2919,0.17648170442597821,23,WEAK,Positive,False
Any.Viral.Infection,binary,Z.A.only.E,binary,0.2919,0.17648170442597821,23,WEAK,Positive,False
COPD,binary,Any.Viral.Infection,binary,0.2919,0.17648170442597821,23,WEAK,Positive,False
Endoscopy.in.1.week,binary,Gentamicin,ordinal,-0.2919,0.17648170442597821,23,WEAK,Negative,False
Endoscopy.in.1.week,binary,Ceftazidime.Avibactam.T,binary,-0.2919,0.17648170442597821,23,WEAK,Negative,False
Amoxicillin.Clavulanic.Acid,ordinal,Polymyxin.Colistin.Inclusion.T,binary,0.2919,0.17648170442597821,23,WEAK,Positive,False
Any.Viral.Infection,binary,Cefoperazone.Sulbactam,ordinal,-0.2919,0.17648170442597821,23,WEAK,Negative,False
HTN,binary,Relapse.post.28.Day.Discharge,binary,0.2919,0.17648170442597821,23,WEAK,Positive,False
Other.CRO,binary,Polymyxin.Colistin.Inclusion.T,binary,-0.2919,0.17648170442597821,23,WEAK,Negative,False
Ertapenem,ordinal,Gentamicin,ordinal,0.2919,0.17648170442597821,23,WEAK,Positive,False
Ertapenem,ordinal,Ceftazidime.Avibactam.T,binary,0.2919,0.17648170442597821,23,WEAK,Positive,False
Neutropenia,binary,Any.Viral.Infection,binary,0.2919,0.17648170442597821,23,WEAK,Positive,False
Amoxicillin.Clavulanic.Acid,ordinal,Ceftazidime.Avibactam.T,binary,0.2919,0.17648170442597821,23,WEAK,Positive,False
Other.CRO,binary,Ceftazidime.Avibactam.T,binary,-0.2919,0.17648170442597821,23,WEAK,Negative,False
Gentamicin,ordinal,Other.Illness.Leading.to.Hospitalization.post.28.Days.Discharge,binary,-0.2919,0.17648170442597821,23,WEAK,Negative,False
Gentamicin,ordinal,Relapse.post.28.Day.Discharge,binary,-0.2919,0.17648170442597821,23,WEAK,Negative,False
Gentamicin,ordinal,Ceftazidime,ordinal,0.2919,0.17648170442597821,23,WEAK,Positive,False
Neutropenia,binary,Gentamicin,ordinal,-0.2919,0.17648170442597821,23,WEAK,Negative,False
Gentamicin,ordinal,Cefoperazone.Sulbactam,ordinal,0.2919,0.17648170442597821,23,WEAK,Positive,False
Any.Viral.Infection,binary,Ceftazidime,ordinal,-0.2919,0.17648170442597821,23,WEAK,Negative,False
Any.Viral.Infection,binary,Cefotaxime,ordinal,-0.2919,0.17648170442597821,23,WEAK,Negative,False
Gentamicin,ordinal,Cefotaxime,ordinal,0.2919,0.17648170442597821,23,WEAK,Positive,False
P.C.only.T,binary,Ceftazidime.Avibactam.Aztreonam.T,binary,-0.2918,0.1767628682279122,23,WEAK,Negative,False
Male,binary,P.C.only.T,binary,-0.2918,0.17676286822791207,23,WEAK,Negative,False
Albumin,binary,ALP,binary,0.2918,0.1767628682279122,23,WEAK,Positive,False
Any.Fungal.Infection,binary,Bil,binary,0.2918,0.1767628682279122,23,WEAK,Positive,False
DM,binary,Any.Fungal.Infection,binary,0.2918,0.17676286822791207,23,WEAK,Positive,False
DM,binary,P.C.only.E,binary,0.2918,0.17676286822791207,23,WEAK,Positive,False
Hemat.Malignancy,binary,ALP,binary,-0.2918,0.1767628682279122,23,WEAK,Negative,False
Female,binary,P.C.only.T,binary,0.2918,0.17676286822791207,23,WEAK,Positive,False
Ventilation,binary,Hemat.Malignancy,binary,0.2918,0.17676286822791207,23,WEAK,Positive,False
Ventilation,binary,Any.Fungal.Infection,binary,0.2918,0.17676286822791207,23,WEAK,Positive,False
P.C.only.E,binary,Ceftazidime.Avibactam.Aztreonam.T,binary,-0.2918,0.1767628682279122,23,WEAK,Negative,False
ALP,binary,P.C.only.T,binary,-0.2918,0.17676286822791207,23,WEAK,Negative,False
Hospitalization.in.past.6.Months,binary,P.C.only.E,binary,0.2918,0.17676286822791207,23,WEAK,Positive,False
ALP,binary,Neither.Abx.T,binary,-0.2918,0.17676286822791207,23,WEAK,Negative,False
Hospitalization.in.past.6.Months,binary,Albumin,binary,-0.2918,0.17676286822791207,23,WEAK,Negative,False
ALP,binary,Neither.Abx.E,binary,-0.2918,0.17676286822791207,23,WEAK,Negative,False
Weight,continuous,ALP,binary,-0.291,0.17800216093445034,23,WEAK,Negative,False
Meropenem,ordinal,ICU.Stay.in.28.Days,continuous,-0.2908,0.17827630983875356,23,WEAK,Negative,False
Total.Hospital.stay.in.28.days,continuous,Mortality.in.Hospital,binary,0.29,0.17952052773555974,23,WEAK,Positive,False
Age,continuous,Meropenem,ordinal,0.2897,0.17997191459010792,23,WEAK,Positive,False
Height,continuous,Z.A.only.E,binary,-0.2895,0.18031008524697562,23,WEAK,Negative,False
Other.CRO,binary,Urea,continuous,-0.2895,0.1803100852469757,23,WEAK,Negative,False
Endoscopy.in.1.week,binary,Urea,continuous,0.2895,0.1803100852469757,23,WEAK,Positive,False
Urea,continuous,Ertapenem,ordinal,-0.2895,0.18031008524697562,23,WEAK,Negative,False
Urea,continuous,Amoxicillin.Clavulanic.Acid,ordinal,0.2895,0.18031008524697562,23,WEAK,Positive,False
Solid.Organ,binary,Clinical.Improvement,ordinal,0.2893,0.18057441977279357,23,WEAK,Positive,False
Weight,continuous,Other.CRO,binary,-0.2893,0.1805353564389842,23,WEAK,Negative,False
UTI.CRO,binary,Clinical.Improvement,ordinal,-0.2893,0.18057441977279357,23,WEAK,Negative,False
Weight,continuous,Amoxicillin.Clavulanic.Acid,ordinal,0.2893,0.1805353564389842,23,WEAK,Positive,False
Solid.Organ,binary,GW.Stay.in.28.Days,continuous,0.2882,0.18232938677622557,23,WEAK,Positive,False
Creatinine,binary,Nitrofurantoin,ordinal,0.2882,0.18240711819507202,23,WEAK,Positive,False
Urea,continuous,Clinical.Improvement,ordinal,-0.2875,0.18345628174330272,23,WEAK,Negative,False
Height,continuous,Colistin,ordinal,0.2869,0.1844520945480611,23,WEAK,Positive,False
Weight,continuous,Hemat.Malignancy,binary,0.2854,0.18681208834788368,23,WEAK,Positive,False
Amikacin,ordinal,Clinical.Improvement,ordinal,0.2854,0.18675812910121964,23,WEAK,Positive,False
Globulin,binary,Polymyxin.Colistin.Inclusion.T,binary,-0.2847,0.18802479895890298,23,WEAK,Negative,False
Any.Viral.Infection,binary,Total.Protein,binary,0.2847,0.18802479895890298,23,WEAK,Positive,False
ANC,binary,Polymyxin.Colistin.Inclusion.T,binary,-0.2847,0.18802479895890298,23,WEAK,Negative,False
Ceftazidime.Avibactam.T,binary,Overall.Mortality,binary,0.2847,0.18802479895890298,23,WEAK,Positive,False
SGPT,binary,Polymyxin.Colistin.Inclusion.T,binary,0.2847,0.18802479895890298,23,WEAK,Positive,False
Any.Viral.Infection,binary,Sodium,binary,0.2847,0.18802479895890298,23,WEAK,Positive,False
Overall.organ.support,binary,Any.Viral.Infection,binary,0.2847,0.18802479895890298,23,WEAK,Positive,False
Weight,continuous,Chloramphenicol,ordinal,-0.2835,0.1899397707046796,23,WEAK,Negative,False
Procalcitonin,binary,Minocycline,ordinal,-0.2835,0.18983344128745086,23,WEAK,Negative,False
SGOT,binary,Minocycline,ordinal,-0.2832,0.1903817162720985,23,WEAK,Negative,False
Any.Fungal.Infection,binary,Doxycycline,ordinal,0.2829,0.19086917008959053,23,WEAK,Positive,False
Albumin,binary,Piperacillin.Tazobactam,ordinal,0.2829,0.19086917008959053,23,WEAK,Positive,False
Hemat.Malignancy,binary,Doxycycline,ordinal,0.2829,0.19086917008959053,23,WEAK,Positive,False
P.C.only.E,binary,Doxycycline,ordinal,0.2829,0.19086917008959053,23,WEAK,Positive,False
Hemat.Malignancy,binary,Piperacillin.Tazobactam,ordinal,-0.2829,0.19086917008959053,23,WEAK,Negative,False
HTN,binary,Procalcitonin,binary,-0.2828,0.190969797577406,23,WEAK,Negative,False
Hb,binary,Polymyxin.Colistin.Inclusion.T,binary,-0.2828,0.190969797577406,23,WEAK,Negative,False
Ceftriaxone,ordinal,Gentamicin,ordinal,0.2828,0.190969797577406,23,WEAK,Positive,False
HTN,binary,Hb,binary,0.2828,0.190969797577406,23,WEAK,Positive,False
Procalcitonin,binary,Ceftazidime.Avibactam.T,binary,0.2828,0.190969797577406,23,WEAK,Positive,False
Past.CREPA.infection,binary,Gentamicin,ordinal,0.2828,0.190969797577406,23,WEAK,Positive,False
Procalcitonin,binary,Polymyxin.Colistin.Inclusion.T,binary,0.2828,0.190969797577406,23,WEAK,Positive,False
Hb,binary,Gentamicin,ordinal,-0.2828,0.190969797577406,23,WEAK,Negative,False
Age,continuous,Polymyxin.Colistin.Inclusion.T,binary,-0.2825,0.19146382683074253,23,WEAK,Negative,False
Trimethoprim.Sulfamethoxazole,ordinal,Polymyxin.Colistin.Inclusion.T,binary,-0.2822,0.19197445178074576,23,WEAK,Negative,False
Trimethoprim.Sulfamethoxazole,ordinal,Ceftazidime.Avibactam.T,binary,-0.2822,0.19197445178074576,23,WEAK,Negative,False
Weight,continuous,HTN,binary,0.2822,0.19203710759534826,23,WEAK,Positive,False
OXA48,binary,Ceftazidime.Avibactam.Aztreonam.Synergy.T,ordinal,-0.2818,0.19261708493345467,23,WEAK,Negative,False
HTN,binary,Immunosuppressive.drugs.in.1.week,binary,0.2802,0.19528719961836014,23,WEAK,Positive,False
ALP,binary,Ceftazidime.Avibactam.T,binary,0.2802,0.19528719961836014,23,WEAK,Positive,False
Female,binary,Ceftazidime.Avibactam.T,binary,-0.2802,0.19528719961836014,23,WEAK,Negative,False
HTN,binary,ALP,binary,-0.2802,0.19528719961836014,23,WEAK,Negative,False
Male,binary,Ceftazidime.Avibactam.T,binary,0.2802,0.19528719961836014,23,WEAK,Positive,False
Immunosuppressive.drugs.in.1.week,binary,Gentamicin,ordinal,-0.2802,0.19528719961836014,23,WEAK,Negative,False
Inotropes,binary,Polymyxin.Colistin.Inclusion.T,binary,0.2802,0.19528719961836014,23,WEAK,Positive,False
Inotropes,binary,Ceftazidime.Avibactam.T,binary,0.2802,0.19528719961836014,23,WEAK,Positive,False
HTN,binary,Ceftazidime.Avibactam.Aztreonam.T,binary,-0.2802,0.19528719961836014,23,WEAK,Negative,False
HTN,binary,Hospitalization.in.past.6.Months,binary,0.2802,0.19528719961836014,23,WEAK,Positive,False
ANC,binary,Trimethoprim.Sulfamethoxazole,ordinal,0.28,0.19572107366583555,23,WEAK,Positive,False
Age,continuous,HAP.CRO,binary,0.2796,0.19639303361273674,23,WEAK,Positive,False
Weight,continuous,P.C.in.vitro,binary,0.2792,0.19697014172523664,23,WEAK,Positive,False
Ceftazidime.Avibactam.Aztreonam.T,binary,ICU.Stay.in.28.Days,continuous,0.2791,0.19713294303202222,23,WEAK,Positive,False
Any.Viral.Infection,binary,Ceftazidime.Avibactam,binary,0.2791,0.19724034557028677,23,WEAK,Positive,False
Any.Viral.Infection,binary,Mortality.in.ICU,binary,0.2791,0.19724034557028677,23,WEAK,Positive,False
Weight,continuous,BSI.CRO,binary,0.2782,0.19873390907308444,23,WEAK,Positive,False
NDM,binary,Hospitalization.in.past.6.Months,binary,-0.2779,0.1991858157826917,23,WEAK,Negative,False
UTI.CRO,binary,Immunosuppressive.drugs.in.1.week,binary,0.2779,0.1991858157826917,23,WEAK,Positive,False
UTI.CRO,binary,Ceftazidime.Avibactam.Aztreonam.T,binary,-0.2779,0.1991858157826917,23,WEAK,Negative,False
TLC,binary,Bil,binary,-0.2779,0.1991858157826917,23,WEAK,Negative,False
TLC,binary,Ceftazidime.Avibactam.Aztreonam.T,binary,0.2779,0.1991858157826917,23,WEAK,Positive,False
NDM,binary,Ventilation,binary,-0.2779,0.1991858157826917,23,WEAK,Negative,False
Ventilation,binary,Solid.Organ,binary,-0.2779,0.1991858157826917,23,WEAK,Negative,False
UTI.CRO,binary,Hospitalization.in.past.6.Months,binary,0.2779,0.1991858157826917,23,WEAK,Positive,False
UTI.CRO,binary,Ventilation,binary,0.2779,0.1991858157826917,23,WEAK,Positive,False
NDM,binary,Immunosuppressive.drugs.in.1.week,binary,-0.2779,0.1991858157826917,23,WEAK,Negative,False
Potassium,binary,Mortality.in.ICU,binary,-0.2778,0.1993805486554989,23,WEAK,Negative,False
P.C.Z.A.T,binary,Z.A.only.T,binary,-0.2778,0.1993805486554989,23,WEAK,Negative,False
OXA48,binary,Creatinine,binary,-0.2778,0.1993805486554989,23,WEAK,Negative,False
COPD,binary,Minocycline,ordinal,0.2775,0.19988164054852756,23,WEAK,Positive,False
Minocycline,ordinal,Other.Illness.Leading.to.Hospitalization.post.28.Days.Discharge,binary,0.2775,0.19988164054852756,23,WEAK,Positive,False
Meropenem,ordinal,Minocycline,ordinal,-0.2775,0.19988164054852756,23,WEAK,Negative,False
Minocycline,ordinal,Relapse.post.28.Day.Discharge,binary,0.2775,0.19988164054852756,23,WEAK,Positive,False
Hemat.Malignancy,binary,Urea,continuous,0.2769,0.20087837759050722,23,WEAK,Positive,False
SOFA,continuous,ICU.Stay.in.28.Days,continuous,0.2769,0.20078776499109624,23,WEAK,Positive,False
Any.Fungal.Infection,binary,Urea,continuous,0.2769,0.20087837759050722,23,WEAK,Positive,False
APACHEII,continuous,TLC,binary,0.2764,0.2017874993810607,23,WEAK,Positive,False
SOFA,continuous,Mortality.in.Hospital,binary,0.2757,0.2028472837014514,23,WEAK,Positive,False
Ceftazidime,ordinal,ICU.Stay.in.28.Days,continuous,0.2746,0.20473424370091098,23,WEAK,Positive,False
Cefotaxime,ordinal,ICU.Stay.in.28.Days,continuous,0.2746,0.20473424370091098,23,WEAK,Positive,False
Neutropenia,binary,ICU.Stay.in.28.Days,continuous,-0.2746,0.20473424370091098,23,WEAK,Negative,False
Cefoperazone.Sulbactam,ordinal,ICU.Stay.in.28.Days,continuous,0.2746,0.20473424370091098,23,WEAK,Positive,False
Z.A.only.T,binary,GW.Stay.in.28.Days,continuous,-0.2745,0.20491592898155925,23,WEAK,Negative,False
Age,continuous,Relapse.post.28.Day.Discharge,binary,0.2736,0.2064933710395894,23,WEAK,Positive,False
Age,continuous,Other.Illness.Leading.to.Hospitalization.post.28.Days.Discharge,binary,0.2736,0.2064933710395894,23,WEAK,Positive,False
UTI.CRO,binary,Creatinine,binary,0.2734,0.20676468836273396,23,WEAK,Positive,False
APACHEII,continuous,Ertapenem,ordinal,0.2734,0.20684405083727433,23,WEAK,Positive,False
OXA48,binary,Solid.Organ,binary,-0.2734,0.20676468836273396,23,WEAK,Negative,False
Endoscopy.in.1.week,binary,APACHEII,continuous,-0.2734,0.20684405083727433,23,WEAK,Negative,False
Solid.Organ,binary,Creatinine,binary,-0.2734,0.20676468836273396,23,WEAK,Negative,False
Solid.Organ,binary,Calcium,binary,-0.2734,0.20676468836273396,23,WEAK,Negative,False
SOFA,continuous,P.C.Z.A.T,binary,0.2727,0.2081451308231851,23,WEAK,Positive,False
Any.Fungal.Infection,binary,TLC,binary,0.2726,0.20825761252313538,23,WEAK,Positive,False
NDM,binary,Albumin,binary,-0.2726,0.20825761252313538,23,WEAK,Negative,False
NDM,binary,Neither.Abx.T,binary,0.2726,0.20825761252313538,23,WEAK,Positive,False
NDM,binary,Neither.Abx.E,binary,0.2726,0.20825761252313538,23,WEAK,Positive,False
UTI.CRO,binary,P.C.only.T,binary,-0.2726,0.20825761252313538,23,WEAK,Negative,False
Solid.Organ,binary,Neither.Abx.E,binary,0.2726,0.20825761252313538,23,WEAK,Positive,False
Solid.Organ,binary,P.C.only.T,binary,0.2726,0.20825761252313538,23,WEAK,Positive,False
Solid.Organ,binary,Neither.Abx.T,binary,0.2726,0.20825761252313538,23,WEAK,Positive,False
Hemat.Malignancy,binary,TLC,binary,0.2726,0.20825761252313538,23,WEAK,Positive,False
Inotropes,binary,Any.Viral.Infection,binary,0.2722,0.20889792849838507,23,WEAK,Positive,False
Any.Viral.Infection,binary,Ceftazidime.Avibactam.Aztreonam.T,binary,0.2722,0.208897928498385,23,WEAK,Positive,False
Bil,binary,Polymyxin.Colistin.Inclusion.T,binary,0.2722,0.20889792849838507,23,WEAK,Positive,False
HTN,binary,Bil,binary,-0.2722,0.208897928498385,23,WEAK,Negative,False
Age,continuous,Sodium,binary,-0.2711,0.2109203765271986,23,WEAK,Negative,False
OXA48,binary,SOFA,continuous,0.2711,0.21085290014968514,23,WEAK,Positive,False
Male,binary,Urinary.Catheter.in.6.Months,binary,0.2707,0.21160791276697158,23,WEAK,Positive,False
Male,binary,CV.Catheter.in.6.Months,binary,0.2707,0.21160791276697158,23,WEAK,Positive,False
Hypothyroidism,binary,Bil,binary,-0.2707,0.21160791276697158,23,WEAK,Negative,False
Hypothyroidism,binary,ALP,binary,0.2707,0.21160791276697158,23,WEAK,Positive,False
Bil,binary,Cefuroxime,ordinal,0.2707,0.21160791276697158,23,WEAK,Positive,False
DM,binary,Hypothyroidism,binary,-0.2707,0.21160791276697158,23,WEAK,Negative,False
Fosfomycin,ordinal,Ceftazidime.Avibactam.Aztreonam.T,binary,0.2707,0.21160791276697158,23,WEAK,Positive,False
Male,binary,Cefuroxime,ordinal,-0.2707,0.21160791276697158,23,WEAK,Negative,False
HAP.CRO,binary,Bil,binary,-0.2707,0.21160791276697158,23,WEAK,Negative,False
Urinary.Catheter.in.6.Months,binary,Ceftazidime.Avibactam.Aztreonam.T,binary,0.2707,0.21160791276697158,23,WEAK,Positive,False
ALP,binary,Fosfomycin,ordinal,0.2707,0.21160791276697158,23,WEAK,Positive,False
Hypothyroidism,binary,Ceftazidime.Avibactam.Aztreonam.T,binary,0.2707,0.21160791276697158,23,WEAK,Positive,False
ALP,binary,P.C.Z.A.E,binary,0.2707,0.21160791276697158,23,WEAK,Positive,False
CV.Catheter.in.6.Months,binary,Ventilation,binary,-0.2707,0.21160791276697158,23,WEAK,Negative,False
CV.Catheter.in.6.Months,binary,ALP,binary,0.2707,0.21160791276697158,23,WEAK,Positive,False
DM,binary,HAP.CRO,binary,-0.2707,0.21160791276697158,23,WEAK,Negative,False
Weight,continuous,Sodium,binary,0.2707,0.21150748016757637,23,WEAK,Positive,False
Female,binary,Cefuroxime,ordinal,0.2707,0.21160791276697158,23,WEAK,Positive,False
CV.Catheter.in.6.Months,binary,Ceftazidime.Avibactam.Aztreonam.T,binary,0.2707,0.21160791276697158,23,WEAK,Positive,False
Urinary.Catheter.in.6.Months,binary,Ventilation,binary,-0.2707,0.21160791276697158,23,WEAK,Negative,False
DM,binary,Cefuroxime,ordinal,0.2707,0.21160791276697158,23,WEAK,Positive,False
Cefuroxime,ordinal,Ceftazidime.Avibactam.Aztreonam.T,binary,-0.2707,0.21160791276697158,23,WEAK,Negative,False
Urinary.Catheter.in.6.Months,binary,ALP,binary,0.2707,0.21160791276697158,23,WEAK,Positive,False
Male,binary,Hypothyroidism,binary,0.2707,0.21160791276697158,23,WEAK,Positive,False
Ventilation,binary,Cefuroxime,ordinal,0.2707,0.21160791276697158,23,WEAK,Positive,False
Immunosuppressive.drugs.in.1.week,binary,Cefuroxime,ordinal,0.2707,0.21160791276697158,23,WEAK,Positive,False
Female,binary,Urinary.Catheter.in.6.Months,binary,-0.2707,0.21160791276697158,23,WEAK,Negative,False
P.C.Z.A.E,binary,Ceftazidime.Avibactam.Aztreonam.T,binary,0.2707,0.21160791276697158,23,WEAK,Positive,False
Female,binary,CV.Catheter.in.6.Months,binary,-0.2707,0.21160791276697158,23,WEAK,Negative,False
HAP.CRO,binary,Hospitalization.in.past.6.Months,binary,-0.2707,0.21160791276697158,23,WEAK,Negative,False
Female,binary,Hypothyroidism,binary,-0.2707,0.21160791276697158,23,WEAK,Negative,False
P.C.in.vitro,binary,Bil,binary,-0.2707,0.21160791276697158,23,WEAK,Negative,False
Gentamicin,ordinal,Trimethoprim.Sulfamethoxazole,ordinal,0.2705,0.21195135849869062,23,WEAK,Positive,False
Any.Viral.Infection,binary,Trimethoprim.Sulfamethoxazole,ordinal,-0.2705,0.21195135849869062,23,WEAK,Negative,False
Immunosuppressive.drugs.in.1.week,binary,Doxycycline,ordinal,-0.2704,0.21209893495949092,23,WEAK,Negative,False
Piperacillin.Tazobactam,ordinal,Ceftazidime.Avibactam.Aztreonam.T,binary,-0.2704,0.21209893495949092,23,WEAK,Negative,False
ALP,binary,Doxycycline,ordinal,0.2704,0.21209893495949092,23,WEAK,Positive,False
Ventilation,binary,Piperacillin.Tazobactam,ordinal,0.2704,0.21209893495949092,23,WEAK,Positive,False
DM,binary,Piperacillin.Tazobactam,ordinal,0.2704,0.21209893495949092,23,WEAK,Positive,False
Immunosuppressive.drugs.in.1.week,binary,Piperacillin.Tazobactam,ordinal,0.2704,0.21209893495949092,23,WEAK,Positive,False
Hospitalization.in.past.6.Months,binary,Piperacillin.Tazobactam,ordinal,0.2704,0.21209893495949092,23,WEAK,Positive,False
Height,continuous,Z.A.only.T,binary,-0.2703,0.212165792003006,23,WEAK,Negative,False
IAI.CRO,binary,Creatinine,binary,-0.2698,0.21305760605562976,23,WEAK,Negative,False
Hemat.Malignancy,binary,Nitrofurantoin,ordinal,0.2698,0.21305988451478736,23,WEAK,Positive,False
P.C.only.T,binary,Nitrofurantoin,ordinal,-0.2698,0.21305988451478736,23,WEAK,Negative,False
Urea,continuous,Polymyxin.Colistin.Inclusion.T,binary,0.2686,0.21532472798979804,23,WEAK,Positive,False
P.C.in.vitro,binary,Total.Hospital.stay.in.28.days,continuous,-0.2682,0.21600234380976838,23,WEAK,Negative,False
Doxycycline,ordinal,GW.Stay.in.28.Days,continuous,0.268,0.21636757541968832,23,WEAK,Positive,False
APACHEII,continuous,Cefuroxime,ordinal,0.2677,0.216829906910287,23,WEAK,Positive,False
Urea,continuous,Fosfomycin,ordinal,-0.2677,0.216829906910287,23,WEAK,Negative,False
Meropenem,ordinal,Clinical.Improvement,ordinal,0.267,0.2181296643901539,23,WEAK,Positive,False
Ertapenem,ordinal,Clinical.Improvement,ordinal,0.267,0.2181296643901539,23,WEAK,Positive,False
Endoscopy.in.1.week,binary,Clinical.Improvement,ordinal,-0.267,0.2181296643901539,23,WEAK,Negative,False
COPD,binary,Clinical.Improvement,ordinal,-0.267,0.2181296643901539,23,WEAK,Negative,False
HAP.CRO,binary,Amikacin,ordinal,-0.2667,0.21867217280252702,23,WEAK,Negative,False
Procalcitonin,binary,Trimethoprim.Sulfamethoxazole,ordinal,-0.2661,0.21973746257160467,23,WEAK,Negative,False
Albumin,binary,Colistin,ordinal,-0.266,0.21993433552571032,23,WEAK,Negative,False
Neither.Abx.T,binary,Colistin,ordinal,0.266,0.21993433552571032,23,WEAK,Positive,False
Neither.Abx.E,binary,Colistin,ordinal,0.266,0.21993433552571032,23,WEAK,Positive,False
OXA48,binary,COPD,binary,-0.2659,0.2200628377535892,23,WEAK,Negative,False
Calcium,binary,Relapse.post.28.Day.Discharge,binary,-0.2659,0.2200628377535892,23,WEAK,Negative,False
Calcium,binary,Other.Illness.Leading.to.Hospitalization.post.28.Days.Discharge,binary,-0.2659,0.2200628377535892,23,WEAK,Negative,False
OXA48,binary,Ertapenem,ordinal,0.2659,0.2200628377535892,23,WEAK,Positive,False
OXA48,binary,Amoxicillin.Clavulanic.Acid,ordinal,0.2659,0.2200628377535892,23,WEAK,Positive,False
Creatinine,binary,Mortality.post.28.Day.Discharge,binary,-0.2659,0.2200628377535892,23,WEAK,Negative,False
COPD,binary,IAI.CRO,binary,0.2659,0.2200628377535892,23,WEAK,Positive,False
OXA48,binary,Ceftazidime,ordinal,0.2659,0.2200628377535892,23,WEAK,Positive,False
Endoscopy.in.1.week,binary,Calcium,binary,-0.2659,0.2200628377535892,23,WEAK,Negative,False
Calcium,binary,Z.A.only.E,binary,-0.2659,0.2200628377535892,23,WEAK,Negative,False
Calcium,binary,Ertapenem,ordinal,0.2659,0.2200628377535892,23,WEAK,Positive,False
OXA48,binary,Cefoperazone.Sulbactam,ordinal,0.2659,0.2200628377535892,23,WEAK,Positive,False
OXA48,binary,Cefotaxime,ordinal,0.2659,0.2200628377535892,23,WEAK,Positive,False
OXA48,binary,Neutropenia,binary,-0.2659,0.2200628377535892,23,WEAK,Negative,False
OXA48,binary,Other.CRO,binary,-0.2659,0.2200628377535892,23,WEAK,Negative,False
IAI.CRO,binary,Z.A.only.E,binary,0.2659,0.2200628377535892,23,WEAK,Positive,False
Creatinine,binary,Other.Illness.Leading.to.Hospitalization.post.28.Days.Discharge,binary,-0.2659,0.2200628377535892,23,WEAK,Negative,False
IAI.CRO,binary,Other.Illness.Leading.to.Hospitalization.post.28.Days.Discharge,binary,0.2659,0.2200628377535892,23,WEAK,Positive,False
Creatinine,binary,Relapse.post.28.Day.Discharge,binary,-0.2659,0.2200628377535892,23,WEAK,Negative,False
IAI.CRO,binary,Mortality.post.28.Day.Discharge,binary,0.2659,0.2200628377535892,23,WEAK,Positive,False
IAI.CRO,binary,Relapse.post.28.Day.Discharge,binary,0.2659,0.2200628377535892,23,WEAK,Positive,False
OXA48,binary,Endoscopy.in.1.week,binary,-0.2659,0.2200628377535892,23,WEAK,Negative,False
UTI.CRO,binary,Minocycline,ordinal,0.2658,0.22027618168168583,23,WEAK,Positive,False
HAP.CRO,binary,Neither.Abx.T,binary,0.2655,0.22080336602731954,23,WEAK,Positive,False
P.C.in.vitro,binary,Neither.Abx.E,binary,0.2655,0.22080336602731954,23,WEAK,Positive,False
HAP.CRO,binary,Neither.Abx.E,binary,0.2655,0.22080336602731954,23,WEAK,Positive,False
Hypothyroidism,binary,P.C.only.E,binary,0.2655,0.22080336602731954,23,WEAK,Positive,False
Hypothyroidism,binary,Albumin,binary,-0.2655,0.22080336602731954,23,WEAK,Negative,False
HAP.CRO,binary,P.C.only.T,binary,0.2655,0.22080336602731954,23,WEAK,Positive,False
P.C.in.vitro,binary,Albumin,binary,-0.2655,0.22080336602731954,23,WEAK,Negative,False
Any.Fungal.Infection,binary,P.C.Z.A.E,binary,0.2655,0.22080336602731954,23,WEAK,Positive,False
P.C.in.vitro,binary,Neither.Abx.T,binary,0.2655,0.22080336602731954,23,WEAK,Positive,False
Hemat.Malignancy,binary,Cefuroxime,ordinal,-0.2655,0.22080336602731954,23,WEAK,Negative,False
UTI.CRO,binary,GW.Stay.in.28.Days,continuous,-0.2655,0.22088165413518,23,WEAK,Negative,False
P.C.only.E,binary,Cefuroxime,ordinal,-0.2655,0.22080336602731954,23,WEAK,Negative,False
DM,binary,Total.Hospital.stay.in.28.days,continuous,-0.2651,0.22152310872152647,23,WEAK,Negative,False
Hemat.Malignancy,binary,Ceftazidime.Avibactam.Aztreonam.Synergy.T,ordinal,0.2648,0.22203753918585406,23,WEAK,Positive,False
Neither.Abx.E,binary,GW.Stay.in.28.Days,continuous,0.2636,0.22425504675223124,23,WEAK,Positive,False
Fosfomycin,ordinal,Minocycline,ordinal,0.2636,0.22427347917796842,23,WEAK,Positive,False
Neither.Abx.T,binary,GW.Stay.in.28.Days,continuous,0.2636,0.22425504675223124,23,WEAK,Positive,False
BSI.CRO,binary,ICU.Stay.in.28.Days,continuous,-0.2636,0.22429290056556841,23,WEAK,Negative,False
DM,binary,GW.Stay.in.28.Days,continuous,-0.262,0.2271591661562049,23,WEAK,Negative,False
Ventilation,binary,GW.Stay.in.28.Days,continuous,-0.262,0.2271591661562049,23,WEAK,Negative,False
P.C.Z.A.E,binary,Chloramphenicol,ordinal,0.2616,0.2278465241011577,23,WEAK,Positive,False
Chloramphenicol,ordinal,Fosfomycin,ordinal,0.2616,0.2278465241011577,23,WEAK,Positive,False
COPD,binary,GW.Stay.in.28.Days,continuous,-0.2613,0.22847343994675676,23,WEAK,Negative,False
Meropenem,ordinal,GW.Stay.in.28.Days,continuous,0.2613,0.22847343994675676,23,WEAK,Positive,False
Past.CREPA.infection,binary,Ceftazidime.Avibactam.T,binary,-0.2593,0.23222437356147807,23,WEAK,Negative,False
Immunosuppressive.drugs.in.1.week,binary,ICU.Stay.in.28.Days,continuous,0.2592,0.2323970623605188,23,WEAK,Positive,False
Immunosuppressive.drugs.in.1.week,binary,Nitrofurantoin,ordinal,0.2579,0.23479381509656128,23,WEAK,Positive,False
Amoxicillin.Clavulanic.Acid,ordinal,Amikacin,ordinal,-0.2579,0.23473375216272527,23,WEAK,Negative,False
Amikacin,ordinal,Mortality.post.28.Day.Discharge,binary,0.2579,0.23473375216272527,23,WEAK,Positive,False
Hospitalization.in.past.6.Months,binary,Nitrofurantoin,ordinal,0.2579,0.23479381509656128,23,WEAK,Positive,False
Other.CRO,binary,Amikacin,ordinal,0.2579,0.23473375216272527,23,WEAK,Positive,False
Nitrofurantoin,ordinal,Ceftazidime.Avibactam.Aztreonam.T,binary,-0.2579,0.23479381509656128,23,WEAK,Negative,False
COPD,binary,Total.Hospital.stay.in.28.days,continuous,-0.2578,0.23504332040079037,23,WEAK,Negative,False
Age,continuous,Cefoperazone.Sulbactam,ordinal,0.2575,0.23552422424058925,23,WEAK,Positive,False
Age,continuous,Ceftazidime,ordinal,0.2575,0.23552422424058925,23,WEAK,Positive,False
Age,continuous,Cefotaxime,ordinal,0.2575,0.23552422424058925,23,WEAK,Positive,False
Age,continuous,Neutropenia,binary,-0.2575,0.23552422424058925,23,WEAK,Negative,False
APACHEII,continuous,Mortality.in.Hospital,binary,0.2573,0.2358843861952592,23,WEAK,Positive,False
Height,continuous,Mortality.in.Hospital,binary,0.2573,0.2358843861952592,23,WEAK,Positive,False
Weight,continuous,Z.A.only.E,binary,-0.2572,0.23612424883329752,23,WEAK,Negative,False
Age,continuous,P.C.in.vitro,binary,0.2563,0.2378824259955822,23,WEAK,Positive,False
DM,binary,Clinical.Improvement,ordinal,-0.2563,0.23786348165891838,23,WEAK,Negative,False
Ventilation,binary,Clinical.Improvement,ordinal,-0.2563,0.23786348165891838,23,WEAK,Negative,False
Immunosuppressive.drugs.in.1.week,binary,Clinical.Improvement,ordinal,-0.2563,0.23786348165891838,23,WEAK,Negative,False
Z.A.invitro,binary,Procalcitonin,binary,0.2562,0.23805209056328913,23,WEAK,Positive,False
Total.Protein,binary,Ceftriaxone,ordinal,0.2562,0.23805209056328913,23,WEAK,Positive,False
Past.CREPA.infection,binary,Overall.Mortality,binary,-0.2562,0.23805209056328913,23,WEAK,Negative,False
Surgery.in.last.3.Months,binary,Hb,binary,0.2562,0.23805209056328913,23,WEAK,Positive,False
Hb,binary,Overall.Mortality,binary,0.2562,0.23805209056328913,23,WEAK,Positive,False
Procalcitonin,binary,Overall.Mortality,binary,-0.2562,0.23805209056328913,23,WEAK,Negative,False
Surgery.in.last.3.Months,binary,Ceftriaxone,ordinal,-0.2562,0.23805209056328913,23,WEAK,Negative,False
Hb,binary,Globulin,binary,-0.2562,0.23805209056328913,23,WEAK,Negative,False
Past.CREPA.infection,binary,SGPT,binary,-0.2562,0.23805209056328913,23,WEAK,Negative,False
Overall.organ.support,binary,Procalcitonin,binary,0.2562,0.23805209056328913,23,WEAK,Positive,False
Z.A.invitro,binary,Hb,binary,-0.2562,0.23805209056328913,23,WEAK,Negative,False
Past.CREPA.infection,binary,ANC,binary,0.2562,0.23805209056328913,23,WEAK,Positive,False
Sodium,binary,Ceftriaxone,ordinal,0.2562,0.23805209056328913,23,WEAK,Positive,False
Weight,continuous,P.C.Z.A.E,binary,-0.2559,0.23848344473210467,23,WEAK,Negative,False
Z.A.invitro,binary,Trimethoprim.Sulfamethoxazole,ordinal,-0.2556,0.23910605017544925,23,WEAK,Negative,False
Trimethoprim.Sulfamethoxazole,ordinal,Overall.Mortality,binary,0.2556,0.23910605017544947,23,WEAK,Positive,False
Nitrofurantoin,ordinal,GW.Stay.in.28.Days,continuous,-0.2556,0.23914626329392089,23,WEAK,Negative,False
Overall.organ.support,binary,Trimethoprim.Sulfamethoxazole,ordinal,-0.2556,0.23910605017544925,23,WEAK,Negative,False
ANC,binary,Magnesium,binary,-0.255,0.2403677401445667,23,WEAK,Negative,False
Surgery.in.last.3.Months,binary,Lympho,binary,-0.255,0.2403677401445667,23,WEAK,Negative,False
Lympho,binary,Overall.Mortality,binary,-0.255,0.2403677401445667,23,WEAK,Negative,False
SGOT,binary,Globulin,binary,0.255,0.2403677401445667,23,WEAK,Positive,False
ANC,binary,Lympho,binary,0.255,0.2403677401445667,23,WEAK,Positive,False
Lympho,binary,Globulin,binary,0.255,0.2403677401445667,23,WEAK,Positive,False
Nitrofurantoin,ordinal,Minocycline,ordinal,0.2527,0.24467508197469434,23,WEAK,Positive,False
NDM,binary,Surgery.in.last.3.Months,binary,-0.2526,0.24486704810757173,23,WEAK,Negative,False
UTI.CRO,binary,Sodium,binary,-0.2526,0.24486704810757173,23,WEAK,Negative,False
Solid.Organ,binary,Overall.Mortality,binary,-0.2526,0.24486704810757173,23,WEAK,Negative,False
NDM,binary,ANC,binary,0.2526,0.24486704810757173,23,WEAK,Positive,False
Surgery.in.last.3.Months,binary,TLC,binary,-0.2526,0.24486704810757173,23,WEAK,Negative,False
UTI.CRO,binary,Overall.Mortality,binary,0.2526,0.24486704810757173,23,WEAK,Positive,False
HTN,binary,Amikacin,ordinal,-0.2524,0.24521165891541669,23,WEAK,Negative,False
Sodium,binary,Nitrofurantoin,ordinal,-0.2501,0.24981456383355735,23,WEAK,Negative,False
Chloramphenicol,ordinal,Piperacillin.Tazobactam,ordinal,-0.25,0.24994590679180836,23,WEAK,Negative,False
TLC,binary,P.C.only.T,binary,-0.2499,0.2501985158271241,23,WEAK,Negative,False
UTI.CRO,binary,Hemat.Malignancy,binary,0.2499,0.2501985158271241,23,WEAK,Positive,False
NDM,binary,Any.Fungal.Infection,binary,-0.2499,0.2501985158271241,23,WEAK,Negative,False
TLC,binary,P.C.only.E,binary,-0.2499,0.2501985158271241,23,WEAK,Negative,False
Any.Fungal.Infection,binary,Solid.Organ,binary,-0.2499,0.2501985158271241,23,WEAK,Negative,False
Age,continuous,Magnesium,binary,0.2497,0.2505713113636381,23,WEAK,Positive,False
ALP,binary,Z.A.only.T,binary,0.2496,0.25069994443775184,23,WEAK,Positive,False
Male,binary,BSI.CRO,binary,0.2496,0.25069994443775184,23,WEAK,Positive,False
Magnesium,binary,P.C.only.E,binary,-0.2496,0.250727654581376,23,WEAK,Negative,False
Hospitalization.in.past.6.Months,binary,P.C.Z.A.T,binary,-0.2496,0.25069994443775184,23,WEAK,Negative,False
BSI.CRO,binary,Hospitalization.in.past.6.Months,binary,-0.2496,0.25069994443775184,23,WEAK,Negative,False
SGOT,binary,P.C.only.T,binary,0.2496,0.250727654581376,23,WEAK,Positive,False
Male,binary,Ceftazidime.Avibactam,binary,0.2496,0.25069994443775184,23,WEAK,Positive,False
Female,binary,BSI.CRO,binary,-0.2496,0.25069994443775184,23,WEAK,Negative,False
Lympho,binary,Albumin,binary,-0.2496,0.250727654581376,23,WEAK,Negative,False
Lympho,binary,P.C.only.E,binary,0.2496,0.250727654581376,23,WEAK,Positive,False
Hemat.Malignancy,binary,Platelet,binary,0.2496,0.250727654581376,23,WEAK,Positive,False
Inotropes,binary,Mortality.in.ICU,binary,0.2496,0.25069994443775184,23,WEAK,Positive,False
Any.Fungal.Infection,binary,Magnesium,binary,-0.2496,0.250727654581376,23,WEAK,Negative,False
Inotropes,binary,Ceftazidime.Avibactam,binary,0.2496,0.25069994443775184,23,WEAK,Positive,False
BSI.CRO,binary,Immunosuppressive.drugs.in.1.week,binary,-0.2496,0.25069994443775184,23,WEAK,Negative,False
BSI.CRO,binary,Ceftazidime.Avibactam.Aztreonam.T,binary,0.2496,0.25069994443775184,23,WEAK,Positive,False
BSI.CRO,binary,Ventilation,binary,-0.2496,0.25069994443775184,23,WEAK,Negative,False
DM,binary,Z.A.only.T,binary,-0.2496,0.25069994443775184,23,WEAK,Negative,False
Inotropes,binary,Potassium,binary,0.2496,0.25069994443775184,23,WEAK,Positive,False
DM,binary,BSI.CRO,binary,-0.2496,0.25069994443775184,23,WEAK,Negative,False
Female,binary,Ceftazidime.Avibactam,binary,-0.2496,0.25069994443775184,23,WEAK,Negative,False
Hospitalization.in.past.6.Months,binary,Potassium,binary,-0.2496,0.25069994443775184,23,WEAK,Negative,False
Albumin,binary,Magnesium,binary,0.2496,0.250727654581376,23,WEAK,Positive,False
ALP,binary,Ceftazidime.Avibactam,binary,0.2496,0.25069994443775184,23,WEAK,Positive,False
Weight,continuous,ICU.Stay.in.28.Days,continuous,-0.2496,0.25066972096377926,23,WEAK,Negative,False
SOFA,continuous,Potassium,binary,0.2486,0.2527076093561955,23,WEAK,Positive,False
Polymyxin.Colistin.Inclusion.T,binary,Total.Hospital.stay.in.28.days,continuous,0.2483,0.2532259443701029,23,WEAK,Positive,False
APACHEII,continuous,Ceftazidime.Avibactam.T,binary,0.2479,0.2540763892980748,23,WEAK,Positive,False
Calcium,binary,P.C.Z.A.E,binary,0.2474,0.2549968061581696,23,WEAK,Positive,False
Creatinine,binary,Cefuroxime,ordinal,-0.2474,0.2549968061581696,23,WEAK,Negative,False
Calcium,binary,Fosfomycin,ordinal,0.2474,0.2549968061581696,23,WEAK,Positive,False
IAI.CRO,binary,HAP.CRO,binary,-0.2474,0.2549968061581696,23,WEAK,Negative,False
P.C.in.vitro,binary,Creatinine,binary,0.2474,0.2549968061581696,23,WEAK,Positive,False
P.C.in.vitro,binary,IAI.CRO,binary,-0.2474,0.2549968061581696,23,WEAK,Negative,False
OXA48,binary,HAP.CRO,binary,0.2474,0.2549968061581696,23,WEAK,Positive,False
CV.Catheter.in.6.Months,binary,Calcium,binary,0.2474,0.2549968061581696,23,WEAK,Positive,False
OXA48,binary,CV.Catheter.in.6.Months,binary,0.2474,0.2549968061581696,23,WEAK,Positive,False
OXA48,binary,Hypothyroidism,binary,0.2474,0.2549968061581696,23,WEAK,Positive,False
OXA48,binary,P.C.Z.A.E,binary,0.2474,0.2549968061581696,23,WEAK,Positive,False
OXA48,binary,Fosfomycin,ordinal,0.2474,0.2549968061581696,23,WEAK,Positive,False
OXA48,binary,Urinary.Catheter.in.6.Months,binary,0.2474,0.2549968061581696,23,WEAK,Positive,False
Urinary.Catheter.in.6.Months,binary,Calcium,binary,0.2474,0.2549968061581696,23,WEAK,Positive,False
Calcium,binary,Piperacillin.Tazobactam,ordinal,-0.2472,0.2555041564206085,23,WEAK,Negative,False
OXA48,binary,Doxycycline,ordinal,0.2472,0.2555041564206085,23,WEAK,Positive,False
SOFA,continuous,Cefuroxime,ordinal,0.2465,0.2568251279484518,23,WEAK,Positive,False
SGOT,binary,Ceftazidime.Avibactam.Aztreonam.Synergy.T,ordinal,-0.2456,0.2586721562714869,23,WEAK,Negative,False
Immunosuppressive.drugs.in.1.week,binary,Total.Hospital.stay.in.28.days,continuous,-0.2452,0.2594216494711791,23,WEAK,Negative,False
GW.Stay.in.28.Days,continuous,Mortality.post.28.Day.Discharge,binary,0.245,0.25992925991814,23,WEAK,Positive,False
Z.A.only.E,binary,GW.Stay.in.28.Days,continuous,0.245,0.25992925991814,23,WEAK,Positive,False
Age,continuous,Ventilation,binary,0.245,0.25990935328683423,23,WEAK,Positive,False
Cefuroxime,ordinal,Total.Hospital.stay.in.28.days,continuous,-0.2449,0.2601409330864596,23,WEAK,Negative,False
Doxycycline,ordinal,Nitrofurantoin,ordinal,0.2444,0.2611268856555184,23,WEAK,Positive,False
Surgery.in.last.3.Months,binary,Calcium,binary,-0.2441,0.261624717307497,23,WEAK,Negative,False
IAI.CRO,binary,ANC,binary,-0.2441,0.261624717307497,23,WEAK,Negative,False
OXA48,binary,Total.Protein,binary,0.2441,0.261624717307497,23,WEAK,Positive,False
Overall.organ.support,binary,Calcium,binary,0.2441,0.261624717307497,23,WEAK,Positive,False
Surgery.in.last.3.Months,binary,Creatinine,binary,-0.2441,0.261624717307497,23,WEAK,Negative,False
OXA48,binary,Overall.organ.support,binary,0.2441,0.261624717307497,23,WEAK,Positive,False
Total.Protein,binary,Calcium,binary,0.2441,0.261624717307497,23,WEAK,Positive,False
ANC,binary,Creatinine,binary,0.2441,0.261624717307497,23,WEAK,Positive,False
ANC,binary,Calcium,binary,0.2441,0.261624717307497,23,WEAK,Positive,False
OXA48,binary,Globulin,binary,0.2441,0.261624717307497,23,WEAK,Positive,False
ALP,binary,Cefotaxime,ordinal,0.2431,0.26371398158544596,23,WEAK,Positive,False
ALP,binary,Cefoperazone.Sulbactam,ordinal,0.2431,0.26371398158544596,23,WEAK,Positive,False
Male,binary,Endoscopy.in.1.week,binary,-0.2431,0.26371398158544596,23,WEAK,Negative,False
Bil,binary,Mortality.post.28.Day.Discharge,binary,0.2431,0.26371398158544596,23,WEAK,Positive,False
Bil,binary,Meropenem,ordinal,-0.2431,0.26371398158544596,23,WEAK,Negative,False
Female,binary,Amoxicillin.Clavulanic.Acid,ordinal,-0.2431,0.26371398158544596,23,WEAK,Negative,False
Inotropes,binary,Mortality.post.28.Day.Discharge,binary,-0.2431,0.26371398158544596,23,WEAK,Negative,False
Endoscopy.in.1.week,binary,Inotropes,binary,-0.2431,0.26371398158544607,23,WEAK,Negative,False
Ertapenem,ordinal,Ceftazidime.Avibactam.Aztreonam.T,binary,0.2431,0.26371398158544607,23,WEAK,Positive,False
DM,binary,Mortality.in.Hospital,binary,0.2431,0.26371398158544596,23,WEAK,Positive,False
Immunosuppressive.drugs.in.1.week,binary,Relapse.post.28.Day.Discharge,binary,0.2431,0.26371398158544596,23,WEAK,Positive,False
Inotropes,binary,Ertapenem,ordinal,0.2431,0.26371398158544596,23,WEAK,Positive,False
Female,binary,Other.CRO,binary,0.2431,0.26371398158544596,23,WEAK,Positive,False
COPD,binary,Bil,binary,0.2431,0.26371398158544607,23,WEAK,Positive,False
Ventilation,binary,Meropenem,ordinal,-0.2431,0.26371398158544596,23,WEAK,Negative,False
Hospitalization.in.past.6.Months,binary,Relapse.post.28.Day.Discharge,binary,0.2431,0.26371398158544596,23,WEAK,Positive,False
Bil,binary,Ertapenem,ordinal,-0.2431,0.26371398158544596,23,WEAK,Negative,False
Amoxicillin.Clavulanic.Acid,ordinal,Ceftazidime.Avibactam.Aztreonam.T,binary,0.2431,0.26371398158544607,23,WEAK,Positive,False
Male,binary,Z.A.only.E,binary,-0.2431,0.26371398158544596,23,WEAK,Negative,False
Male,binary,Ertapenem,ordinal,0.2431,0.26371398158544596,23,WEAK,Positive,False
Male,binary,Amoxicillin.Clavulanic.Acid,ordinal,0.2431,0.26371398158544596,23,WEAK,Positive,False
Female,binary,Mortality.post.28.Day.Discharge,binary,0.2431,0.26371398158544596,23,WEAK,Positive,False
ALP,binary,Ceftazidime,ordinal,0.2431,0.26371398158544596,23,WEAK,Positive,False
Female,binary,Ertapenem,ordinal,-0.2431,0.26371398158544596,23,WEAK,Negative,False
Female,binary,Z.A.only.E,binary,0.2431,0.26371398158544596,23,WEAK,Positive,False
Hospitalization.in.past.6.Months,binary,Other.Illness.Leading.to.Hospitalization.post.28.Days.Discharge,binary,0.2431,0.26371398158544596,23,WEAK,Positive,False
ALP,binary,Meropenem,ordinal,0.2431,0.26371398158544596,23,WEAK,Positive,False
Bil,binary,Mortality.in.Hospital,binary,0.2431,0.26371398158544596,23,WEAK,Positive,False
Male,binary,Other.CRO,binary,-0.2431,0.26371398158544596,23,WEAK,Negative,False
ALP,binary,Z.A.only.E,binary,-0.2431,0.26371398158544596,23,WEAK,Negative,False
DM,binary,COPD,binary,0.2431,0.26371398158544596,23,WEAK,Positive,False
Immunosuppressive.drugs.in.1.week,binary,Meropenem,ordinal,-0.2431,0.26371398158544596,23,WEAK,Negative,False
Other.CRO,binary,Ceftazidime.Avibactam.Aztreonam.T,binary,-0.2431,0.26371398158544607,23,WEAK,Negative,False
Endoscopy.in.1.week,binary,Ceftazidime.Avibactam.Aztreonam.T,binary,-0.2431,0.26371398158544607,23,WEAK,Negative,False
Ventilation,binary,Relapse.post.28.Day.Discharge,binary,0.2431,0.26371398158544596,23,WEAK,Positive,False
Ventilation,binary,Amoxicillin.Clavulanic.Acid,ordinal,-0.2431,0.26371398158544596,23,WEAK,Negative,False
Ventilation,binary,Other.Illness.Leading.to.Hospitalization.post.28.Days.Discharge,binary,0.2431,0.26371398158544596,23,WEAK,Positive,False
Female,binary,Endoscopy.in.1.week,binary,0.2431,0.26371398158544596,23,WEAK,Positive,False
Neutropenia,binary,ALP,binary,-0.2431,0.26371398158544607,23,WEAK,Negative,False
Other.CRO,binary,Ventilation,binary,0.2431,0.26371398158544607,23,WEAK,Positive,False
Endoscopy.in.1.week,binary,Bil,binary,0.2431,0.26371398158544607,23,WEAK,Positive,False
Male,binary,Mortality.post.28.Day.Discharge,binary,-0.2431,0.26371398158544596,23,WEAK,Negative,False
Immunosuppressive.drugs.in.1.week,binary,Other.Illness.Leading.to.Hospitalization.post.28.Days.Discharge,binary,0.2431,0.26371398158544596,23,WEAK,Positive,False
Albumin,binary,Minocycline,ordinal,0.2426,0.26470034727675235,23,WEAK,Positive,False
Z.A.invitro,binary,Urea,continuous,0.2423,0.2652164079747024,23,WEAK,Positive,False
IAI.CRO,binary,Total.Hospital.stay.in.28.days,continuous,0.2423,0.26521556145441144,23,WEAK,Positive,False
Weight,continuous,P.C.only.T,binary,-0.2422,0.2655947454993913,23,WEAK,Negative,False
Potassium,binary,GW.Stay.in.28.Days,continuous,0.2422,0.26546009604041565,23,WEAK,Positive,False
Potassium,binary,P.C.only.E,binary,-0.2418,0.2662759437709415,23,WEAK,Negative,False
Z.A.only.T,binary,Neither.Abx.T,binary,-0.2418,0.2662759437709415,23,WEAK,Negative,False
Neither.Abx.T,binary,Mortality.in.ICU,binary,-0.2418,0.2662759437709415,23,WEAK,Negative,False
Albumin,binary,Potassium,binary,0.2418,0.2662759437709415,23,WEAK,Positive,False
P.C.only.T,binary,Mortality.in.ICU,binary,-0.2418,0.2662759437709415,23,WEAK,Negative,False
P.C.only.E,binary,P.C.Z.A.T,binary,-0.2418,0.2662759437709415,23,WEAK,Negative,False
Any.Fungal.Infection,binary,Potassium,binary,-0.2418,0.2662759437709415,23,WEAK,Negative,False
Albumin,binary,Ceftazidime.Avibactam,binary,0.2418,0.2662759437709415,23,WEAK,Positive,False
Neither.Abx.E,binary,Mortality.in.ICU,binary,-0.2418,0.2662759437709415,23,WEAK,Negative,False
P.C.Z.A.T,binary,P.C.only.T,binary,-0.2418,0.2662759437709415,23,WEAK,Negative,False
Neither.Abx.E,binary,Ceftazidime.Avibactam,binary,-0.2418,0.2662759437709415,23,WEAK,Negative,False
Neither.Abx.E,binary,P.C.Z.A.T,binary,-0.2418,0.2662759437709415,23,WEAK,Negative,False
P.C.only.T,binary,Z.A.only.T,binary,-0.2418,0.2662759437709415,23,WEAK,Negative,False
Neither.Abx.E,binary,Z.A.only.T,binary,-0.2418,0.2662759437709415,23,WEAK,Negative,False
Neither.Abx.T,binary,Ceftazidime.Avibactam,binary,-0.2418,0.2662759437709415,23,WEAK,Negative,False
BSI.CRO,binary,P.C.only.E,binary,-0.2418,0.2662759437709415,23,WEAK,Negative,False
Albumin,binary,Mortality.in.ICU,binary,0.2418,0.2662759437709415,23,WEAK,Positive,False
P.C.Z.A.T,binary,Neither.Abx.T,binary,-0.2418,0.2662759437709415,23,WEAK,Negative,False
BSI.CRO,binary,Neither.Abx.T,binary,-0.2418,0.2662759437709415,23,WEAK,Negative,False
BSI.CRO,binary,Neither.Abx.E,binary,-0.2418,0.2662759437709415,23,WEAK,Negative,False
Any.Fungal.Infection,binary,Z.A.only.T,binary,-0.2418,0.2662759437709415,23,WEAK,Negative,False
TLC,binary,Minocycline,ordinal,0.2416,0.2666808625819206,23,WEAK,Positive,False
Urea,continuous,Ceftazidime.Avibactam.T,binary,-0.241,0.26793207633921534,23,WEAK,Negative,False
SOFA,continuous,Ceftazidime.Avibactam,binary,0.2406,0.2688329994217239,23,WEAK,Positive,False
Male,binary,Tigecycline,ordinal,-0.2406,0.2687226256462502,23,WEAK,Negative,False
Female,binary,Tigecycline,ordinal,0.2406,0.2687226256462502,23,WEAK,Positive,False
Weight,continuous,Total.Hospital.stay.in.28.days,continuous,-0.2403,0.269441862273985,23,WEAK,Negative,False
Hemat.Malignancy,binary,Clinical.Improvement,ordinal,-0.2394,0.27123068240527204,23,WEAK,Negative,False
UTI.CRO,binary,Urea,continuous,0.239,0.2720544601034714,23,WEAK,Positive,False
Tigecycline,ordinal,Total.Hospital.stay.in.28.days,continuous,-0.2389,0.27234968756160843,23,WEAK,Negative,False
Weight,continuous,TLC,binary,-0.2389,0.272298715083067,23,WEAK,Negative,False
Inotropes,binary,ALP,binary,-0.2385,0.273188766924616,23,WEAK,Negative,False
Female,binary,DM,binary,-0.2385,0.273188766924616,23,WEAK,Negative,False
Bil,binary,Ceftazidime.Avibactam.Aztreonam.T,binary,0.2385,0.273188766924616,23,WEAK,Positive,False
Inotropes,binary,Ventilation,binary,0.2385,0.273188766924616,23,WEAK,Positive,False
DM,binary,Inotropes,binary,0.2385,0.273188766924616,23,WEAK,Positive,False
Male,binary,DM,binary,0.2385,0.273188766924616,23,WEAK,Positive,False
Hospitalization.in.past.6.Months,binary,Bil,binary,-0.2385,0.273188766924616,23,WEAK,Negative,False
Cefuroxime,ordinal,Ceftazidime.Avibactam.Aztreonam.Synergy.T,ordinal,-0.2375,0.27522094461063945,23,WEAK,Negative,False
P.C.in.vitro,binary,Ceftazidime.Avibactam.Aztreonam.Synergy.T,ordinal,0.2375,0.27522094461063945,23,WEAK,Positive,False
P.C.only.T,binary,GW.Stay.in.28.Days,continuous,0.2372,0.2757383737361387,23,WEAK,Positive,False
Ceftazidime.Avibactam.Aztreonam.Synergy.T,ordinal,Relapse.post.28.Day.Discharge,binary,-0.237,0.2762635207514243,23,WEAK,Negative,False
COPD,binary,Ceftazidime.Avibactam.Aztreonam.Synergy.T,ordinal,-0.237,0.2762635207514244,23,WEAK,Negative,False
Ceftazidime.Avibactam.Aztreonam.Synergy.T,ordinal,Mortality.post.28.Day.Discharge,binary,-0.237,0.2762635207514243,23,WEAK,Negative,False
Ceftazidime.Avibactam.Aztreonam.Synergy.T,ordinal,Other.Illness.Leading.to.Hospitalization.post.28.Days.Discharge,binary,-0.237,0.2762635207514243,23,WEAK,Negative,False
Ceftazidime.Avibactam.Aztreonam.Synergy.T,ordinal,Mortality.in.Hospital,binary,-0.237,0.2762635207514243,23,WEAK,Negative,False
Potassium,binary,Amikacin,ordinal,-0.2368,0.276577674690713,23,WEAK,Negative,False
Clinical.Improvement,ordinal,Overall.Mortality,binary,-0.2367,0.2769437162727437,23,WEAK,Negative,False
ANC,binary,Clinical.Improvement,ordinal,-0.2367,0.2769437162727437,23,WEAK,Negative,False
Overall.organ.support,binary,ICU.Stay.in.28.Days,continuous,0.2363,0.27774753613755976,23,WEAK,Positive,False
SGPT,binary,ICU.Stay.in.28.Days,continuous,0.2363,0.27774753613755976,23,WEAK,Positive,False
Past.CREPA.infection,binary,Tigecycline,ordinal,0.2361,0.2780453096312143,23,WEAK,Positive,False
Ceftriaxone,ordinal,Tigecycline,ordinal,0.2361,0.2780453096312143,23,WEAK,Positive,False
Procalcitonin,binary,ICU.Stay.in.28.Days,continuous,-0.2348,0.2809028760289955,23,WEAK,Negative,False
APACHEII,continuous,Piperacillin.Tazobactam,ordinal,0.2346,0.28131540733346017,23,WEAK,Positive,False
APACHEII,continuous,Hb,binary,0.2337,0.2831176771020426,23,WEAK,Positive,False
Weight,continuous,P.C.only.E,binary,0.2335,0.2835663413515402,23,WEAK,Positive,False
Hb,binary,Procalcitonin,binary,-0.2333,0.2839440223524948,23,WEAK,Negative,False
HTN,binary,Polymyxin.Colistin.Inclusion.T,binary,-0.2333,0.2839440223524946,23,WEAK,Negative,False
Gentamicin,ordinal,Ceftazidime.Avibactam.T,binary,0.2333,0.2839440223524946,23,WEAK,Positive,False
BSI.CRO,binary,Potassium,binary,0.2333,0.2839440223524946,23,WEAK,Positive,False
Hb,binary,Ceftriaxone,ordinal,-0.2333,0.2839440223524948,23,WEAK,Negative,False
P.C.Z.A.T,binary,Mortality.in.ICU,binary,0.2333,0.2839440223524946,23,WEAK,Positive,False
P.C.only.E,binary,Minocycline,ordinal,-0.2333,0.2840803597079833,23,WEAK,Negative,False
Ceftazidime.Avibactam.T,binary,Polymyxin.Colistin.Inclusion.T,binary,0.2333,0.2839440223524946,23,WEAK,Positive,False
Weight,continuous,Cefuroxime,ordinal,-0.2327,0.2853361502189045,23,WEAK,Negative,False
Platelet,binary,Creatinine,binary,0.2326,0.28545857448625195,23,WEAK,Positive,False
Lympho,binary,Creatinine,binary,0.2326,0.28545857448625195,23,WEAK,Positive,False
Surgery.in.last.3.Months,binary,Total.Protein,binary,0.2321,0.2864782141856783,23,WEAK,Positive,False
ANC,binary,Sodium,binary,-0.2321,0.2864782141856783,23,WEAK,Negative,False
Overall.organ.support,binary,Overall.Mortality,binary,0.2321,0.2864782141856783,23,WEAK,Positive,False
Sodium,binary,Overall.Mortality,binary,0.2321,0.2864782141856783,23,WEAK,Positive,False
Surgery.in.last.3.Months,binary,SGPT,binary,-0.2321,0.2864782141856783,23,WEAK,Negative,False
SGPT,binary,Overall.Mortality,binary,-0.2321,0.2864782141856783,23,WEAK,Negative,False
Overall.organ.support,binary,Sodium,binary,-0.2321,0.2864782141856783,23,WEAK,Negative,False
ANC,binary,Total.Protein,binary,-0.2321,0.2864782141856783,23,WEAK,Negative,False
SGPT,binary,Globulin,binary,0.2321,0.2864782141856783,23,WEAK,Positive,False
Z.A.invitro,binary,Surgery.in.last.3.Months,binary,0.2321,0.2864782141856783,23,WEAK,Positive,False
Potassium,binary,Total.Hospital.stay.in.28.days,continuous,0.231,0.28894262718136593,23,WEAK,Positive,False
Age,continuous,Z.A.only.T,binary,0.2308,0.2894344413808608,23,WEAK,Positive,False
Colistin,ordinal,Mortality.in.ICU,binary,0.2308,0.28926904846794116,23,WEAK,Positive,False
Z.A.only.T,binary,Colistin,ordinal,0.2308,0.2892690484679412,23,WEAK,Positive,False
IAI.CRO,binary,SOFA,continuous,-0.2304,0.290143888790192,23,WEAK,Negative,False
Solid.Organ,binary,Hb,binary,-0.2301,0.2908823870786655,23,WEAK,Negative,False
NDM,binary,Hb,binary,-0.2301,0.2908823870786655,23,WEAK,Negative,False
Past.CREPA.infection,binary,TLC,binary,0.2301,0.2908823870786656,23,WEAK,Positive,False
UTI.CRO,binary,Procalcitonin,binary,-0.2301,0.2908823870786655,23,WEAK,Negative,False
UTI.CRO,binary,Hb,binary,0.2301,0.2908823870786655,23,WEAK,Positive,False
NDM,binary,Ceftriaxone,ordinal,0.2301,0.2908823870786655,23,WEAK,Positive,False
UTI.CRO,binary,Trimethoprim.Sulfamethoxazole,ordinal,0.2296,0.29195807823548947,23,WEAK,Positive,False
TLC,binary,Trimethoprim.Sulfamethoxazole,ordinal,-0.2296,0.29195807823548947,23,WEAK,Negative,False
SOFA,continuous,Gentamicin,ordinal,0.2292,0.29285043160049934,23,WEAK,Positive,False
Any.Viral.Infection,binary,Clinical.Improvement,ordinal,0.2286,0.2940333233939211,23,WEAK,Positive,False
Age,continuous,Surgery.in.last.3.Months,binary,0.2283,0.29484231578215025,23,WEAK,Positive,False
Height,continuous,Surgery.in.last.3.Months,binary,0.2281,0.2952107826165298,23,WEAK,Positive,False
APACHEII,continuous,SGPT,binary,-0.2281,0.2952107826165298,23,WEAK,Negative,False
Minocycline,ordinal,Piperacillin.Tazobactam,ordinal,0.2279,0.2956768559118729,23,WEAK,Positive,False
Hb,binary,Nitrofurantoin,ordinal,0.2278,0.295905317059692,23,WEAK,Positive,False
Procalcitonin,binary,Nitrofurantoin,ordinal,-0.2278,0.295905317059692,23,WEAK,Negative,False
HTN,binary,Total.Hospital.stay.in.28.days,continuous,-0.2276,0.2961980140896542,23,WEAK,Negative,False
P.C.Z.A.T,binary,Piperacillin.Tazobactam,ordinal,-0.2275,0.29655156514130104,23,WEAK,Negative,False
Doxycycline,ordinal,Ceftazidime.Avibactam,binary,0.2275,0.29655156514130104,23,WEAK,Positive,False
Doxycycline,ordinal,Mortality.in.ICU,binary,0.2275,0.29655156514130104,23,WEAK,Positive,False
BSI.CRO,binary,Piperacillin.Tazobactam,ordinal,-0.2275,0.29655156514130104,23,WEAK,Negative,False
Nitrofurantoin,ordinal,Trimethoprim.Sulfamethoxazole,ordinal,0.2273,0.2969815359983012,23,WEAK,Positive,False
Fosfomycin,ordinal,Nitrofurantoin,ordinal,0.2269,0.2978820286526546,23,WEAK,Positive,False
Any.Viral.Infection,binary,TLC,binary,0.226,0.29984629288725784,23,WEAK,Positive,False
NDM,binary,HTN,binary,0.226,0.2998462928872579,23,WEAK,Positive,False
HTN,binary,Solid.Organ,binary,0.226,0.29984629288725784,23,WEAK,Positive,False
TLC,binary,Polymyxin.Colistin.Inclusion.T,binary,-0.226,0.2998462928872579,23,WEAK,Negative,False
NDM,binary,Polymyxin.Colistin.Inclusion.T,binary,-0.226,0.2998462928872579,23,WEAK,Negative,False
APACHEII,continuous,Minocycline,ordinal,0.226,0.29985078103981144,23,WEAK,Positive,False
Albumin,binary,ICU.Stay.in.28.Days,continuous,0.226,0.29981693007151033,23,WEAK,Positive,False
SOFA,continuous,Hb,binary,0.2259,0.30001437700860467,23,WEAK,Positive,False
Age,continuous,Height,continuous,-0.2256,0.3007657349196382,23,WEAK,Negative,False
Z.A.only.E,binary,Total.Hospital.stay.in.28.days,continuous,0.2255,0.30077574618290964,23,WEAK,Positive,False
Cefuroxime,ordinal,Ceftazidime.Avibactam.T,binary,-0.2254,0.3011541654967457,23,WEAK,Negative,False
HTN,binary,Urinary.Catheter.in.6.Months,binary,-0.2254,0.3011541654967457,23,WEAK,Negative,False
HTN,binary,Cefuroxime,ordinal,0.2254,0.3011541654967457,23,WEAK,Positive,False
Urinary.Catheter.in.6.Months,binary,Gentamicin,ordinal,0.2254,0.3011541654967457,23,WEAK,Positive,False
P.C.in.vitro,binary,Gentamicin,ordinal,0.2254,0.3011541654967457,23,WEAK,Positive,False
Cefuroxime,ordinal,Polymyxin.Colistin.Inclusion.T,binary,-0.2254,0.3011541654967457,23,WEAK,Negative,False
HTN,binary,P.C.Z.A.E,binary,-0.2254,0.3011541654967457,23,WEAK,Negative,False
HTN,binary,CV.Catheter.in.6.Months,binary,-0.2254,0.3011541654967457,23,WEAK,Negative,False
CV.Catheter.in.6.Months,binary,Gentamicin,ordinal,0.2254,0.3011541654967457,23,WEAK,Positive,False
P.C.Z.A.E,binary,Ceftazidime.Avibactam.T,binary,0.2254,0.3011541654967457,23,WEAK,Positive,False
Fosfomycin,ordinal,Ceftazidime.Avibactam.T,binary,0.2254,0.3011541654967457,23,WEAK,Positive,False
Urinary.Catheter.in.6.Months,binary,Ceftazidime.Avibactam.T,binary,0.2254,0.3011541654967457,23,WEAK,Positive,False
Hypothyroidism,binary,Polymyxin.Colistin.Inclusion.T,binary,0.2254,0.3011541654967457,23,WEAK,Positive,False
Hypothyroidism,binary,Any.Viral.Infection,binary,-0.2254,0.3011541654967457,23,WEAK,Negative,False
CV.Catheter.in.6.Months,binary,Ceftazidime.Avibactam.T,binary,0.2254,0.3011541654967457,23,WEAK,Positive,False
Fosfomycin,ordinal,Gentamicin,ordinal,0.2254,0.3011541654967457,23,WEAK,Positive,False
Hypothyroidism,binary,Ceftazidime.Avibactam.T,binary,0.2254,0.3011541654967457,23,WEAK,Positive,False
HTN,binary,Fosfomycin,ordinal,-0.2254,0.3011541654967457,23,WEAK,Negative,False
P.C.Z.A.E,binary,Polymyxin.Colistin.Inclusion.T,binary,0.2254,0.3011541654967457,23,WEAK,Positive,False
Urea,continuous,Other.Illness.Leading.to.Hospitalization.post.28.Days.Discharge,binary,0.2252,0.30163667610880596,23,WEAK,Positive,False
Urea,continuous,Relapse.post.28.Day.Discharge,binary,0.2252,0.30163667610880596,23,WEAK,Positive,False
Doxycycline,ordinal,Ceftazidime.Avibactam.T,binary,0.2251,0.3016673688646667,23,WEAK,Positive,False
Piperacillin.Tazobactam,ordinal,Ceftazidime.Avibactam.T,binary,-0.2251,0.3016673688646667,23,WEAK,Negative,False
HTN,binary,Piperacillin.Tazobactam,ordinal,0.2251,0.3016673688646667,23,WEAK,Positive,False
Doxycycline,ordinal,Gentamicin,ordinal,0.2251,0.3016673688646667,23,WEAK,Positive,False
HTN,binary,Doxycycline,ordinal,-0.2251,0.3016673688646667,23,WEAK,Negative,False
Any.Viral.Infection,binary,Doxycycline,ordinal,-0.2251,0.3016673688646667,23,WEAK,Negative,False
Ceftriaxone,ordinal,ICU.Stay.in.28.Days,continuous,0.225,0.30200440351121,23,WEAK,Positive,False
NDM,binary,SGOT,binary,-0.2241,0.30403203820938435,23,WEAK,Negative,False
Solid.Organ,binary,SGOT,binary,-0.2241,0.30403203820938435,23,WEAK,Negative,False
Platelet,binary,Urea,continuous,0.2232,0.305893119757452,23,WEAK,Positive,False
Z.A.invitro,binary,Minocycline,ordinal,0.2229,0.3066298481762696,23,WEAK,Positive,False
COPD,binary,Platelet,binary,0.2227,0.3071213217886114,23,WEAK,Positive,False
Neutropenia,binary,Lympho,binary,0.2227,0.3071213217886114,23,WEAK,Positive,False
SGOT,binary,Cefoperazone.Sulbactam,ordinal,-0.2227,0.30712132178861157,23,WEAK,Negative,False
Neutropenia,binary,Platelet,binary,0.2227,0.3071213217886114,23,WEAK,Positive,False
SGOT,binary,Ertapenem,ordinal,-0.2227,0.30712132178861157,23,WEAK,Negative,False
SGOT,binary,Ceftazidime,ordinal,-0.2227,0.30712132178861157,23,WEAK,Negative,False
Platelet,binary,Amoxicillin.Clavulanic.Acid,ordinal,-0.2227,0.30712132178861157,23,WEAK,Negative,False
Magnesium,binary,Mortality.post.28.Day.Discharge,binary,-0.2227,0.30712132178861157,23,WEAK,Negative,False
Magnesium,binary,Mortality.in.Hospital,binary,-0.2227,0.30712132178861157,23,WEAK,Negative,False
SGOT,binary,Relapse.post.28.Day.Discharge,binary,0.2227,0.30712132178861157,23,WEAK,Positive,False
SGOT,binary,Other.Illness.Leading.to.Hospitalization.post.28.Days.Discharge,binary,0.2227,0.30712132178861157,23,WEAK,Positive,False
Magnesium,binary,Ertapenem,ordinal,0.2227,0.30712132178861157,23,WEAK,Positive,False
SGOT,binary,Z.A.only.E,binary,0.2227,0.30712132178861157,23,WEAK,Positive,False
COPD,binary,Magnesium,binary,-0.2227,0.3071213217886114,23,WEAK,Negative,False
Platelet,binary,Ertapenem,ordinal,-0.2227,0.30712132178861157,23,WEAK,Negative,False
Lympho,binary,Ceftazidime,ordinal,-0.2227,0.30712132178861157,23,WEAK,Negative,False
Platelet,binary,Other.Illness.Leading.to.Hospitalization.post.28.Days.Discharge,binary,0.2227,0.30712132178861157,23,WEAK,Positive,False
Platelet,binary,Relapse.post.28.Day.Discharge,binary,0.2227,0.30712132178861157,23,WEAK,Positive,False
Other.CRO,binary,Platelet,binary,0.2227,0.3071213217886114,23,WEAK,Positive,False
Lympho,binary,Cefotaxime,ordinal,-0.2227,0.30712132178861157,23,WEAK,Negative,False
Neutropenia,binary,SGOT,binary,0.2227,0.3071213217886114,23,WEAK,Positive,False
Lympho,binary,Mortality.post.28.Day.Discharge,binary,0.2227,0.30712132178861157,23,WEAK,Positive,False
Platelet,binary,Ceftazidime,ordinal,-0.2227,0.30712132178861157,23,WEAK,Negative,False
Platelet,binary,Mortality.post.28.Day.Discharge,binary,0.2227,0.30712132178861157,23,WEAK,Positive,False
Platelet,binary,Mortality.in.Hospital,binary,0.2227,0.30712132178861157,23,WEAK,Positive,False
Lympho,binary,Cefoperazone.Sulbactam,ordinal,-0.2227,0.30712132178861157,23,WEAK,Negative,False
Lympho,binary,Z.A.only.E,binary,0.2227,0.30712132178861157,23,WEAK,Positive,False
Lympho,binary,Amoxicillin.Clavulanic.Acid,ordinal,-0.2227,0.30712132178861157,23,WEAK,Negative,False
Platelet,binary,Meropenem,ordinal,-0.2227,0.30712132178861157,23,WEAK,Negative,False
Platelet,binary,Cefoperazone.Sulbactam,ordinal,-0.2227,0.30712132178861157,23,WEAK,Negative,False
Platelet,binary,Cefotaxime,ordinal,-0.2227,0.30712132178861157,23,WEAK,Negative,False
SGOT,binary,Cefotaxime,ordinal,-0.2227,0.30712132178861157,23,WEAK,Negative,False
SGOT,binary,Mortality.post.28.Day.Discharge,binary,0.2227,0.30712132178861157,23,WEAK,Positive,False
Other.CRO,binary,Lympho,binary,0.2227,0.3071213217886114,23,WEAK,Positive,False
Endoscopy.in.1.week,binary,Magnesium,binary,-0.2227,0.3071213217886114,23,WEAK,Negative,False
Endoscopy.in.1.week,binary,SGOT,binary,0.2227,0.3071213217886114,23,WEAK,Positive,False
Endoscopy.in.1.week,binary,Platelet,binary,0.2227,0.3071213217886114,23,WEAK,Positive,False
Urea,continuous,P.C.Z.A.T,binary,0.2226,0.3072131982435156,23,WEAK,Positive,False
Age,continuous,Minocycline,ordinal,0.2221,0.30834984202555443,23,WEAK,Positive,False
Sodium,binary,ICU.Stay.in.28.Days,continuous,-0.222,0.30874605836941943,23,WEAK,Negative,False
IAI.CRO,binary,Ceftazidime.Avibactam.Aztreonam.Synergy.T,ordinal,-0.2209,0.31110430287233864,23,WEAK,Negative,False
Weight,continuous,Gentamicin,ordinal,-0.2202,0.3125746957849713,23,WEAK,Negative,False
Lympho,binary,Platelet,binary,-0.2197,0.3138156953031336,23,WEAK,Negative,False
Platelet,binary,Magnesium,binary,0.2197,0.3138156953031336,23,WEAK,Positive,False
Urea,continuous,GW.Stay.in.28.Days,continuous,-0.2196,0.3141056571553404,23,WEAK,Negative,False
Past.CREPA.infection,binary,Chloramphenicol,ordinal,-0.2189,0.3156214270866727,23,WEAK,Negative,False
Chloramphenicol,ordinal,Ceftriaxone,ordinal,0.2189,0.31562142708667235,23,WEAK,Positive,False
Magnesium,binary,Tigecycline,ordinal,-0.2189,0.3156214270866727,23,WEAK,Negative,False
IAI.CRO,binary,Procalcitonin,binary,0.2185,0.31647874534882975,23,WEAK,Positive,False
OXA48,binary,Past.CREPA.infection,binary,-0.2185,0.31647874534882975,23,WEAK,Negative,False
Hb,binary,Calcium,binary,0.2185,0.31647874534882975,23,WEAK,Positive,False
Any.Fungal.Infection,binary,SOFA,continuous,0.2182,0.3172890646918966,23,WEAK,Positive,False
SGOT,binary,Clinical.Improvement,ordinal,-0.218,0.31767959332838697,23,WEAK,Negative,False
Magnesium,binary,Clinical.Improvement,ordinal,0.218,0.31767959332838697,23,WEAK,Positive,False
Hb,binary,GW.Stay.in.28.Days,continuous,-0.2176,0.31867684540551056,23,WEAK,Negative,False
DM,binary,Ceftazidime.Avibactam.Aztreonam.Synergy.T,ordinal,-0.2175,0.3188561861206854,23,WEAK,Negative,False
Chloramphenicol,ordinal,Nitrofurantoin,ordinal,-0.2168,0.3204508525402921,23,WEAK,Negative,False
Height,continuous,P.C.only.T,binary,-0.2163,0.3214956179227185,23,WEAK,Negative,False
Height,continuous,GW.Stay.in.28.Days,continuous,0.2163,0.32153786679527974,23,WEAK,Positive,False
Hemat.Malignancy,binary,APACHEII,continuous,0.2163,0.3214956179227185,23,WEAK,Positive,False
Chloramphenicol,ordinal,Clinical.Improvement,ordinal,-0.2154,0.32358751473821323,23,WEAK,Negative,False
Z.A.only.T,binary,Total.Hospital.stay.in.28.days,continuous,-0.2151,0.32439126066868096,23,WEAK,Negative,False
Height,continuous,Potassium,binary,-0.2147,0.32525084986570574,23,WEAK,Negative,False
SGOT,binary,Gentamicin,ordinal,-0.2145,0.3256182971909543,23,WEAK,Negative,False
Female,binary,SGOT,binary,0.2137,0.32742815708815387,23,WEAK,Positive,False
Bil,binary,SGOT,binary,0.2137,0.32742815708815387,23,WEAK,Positive,False
Male,binary,SGOT,binary,-0.2137,0.32742815708815387,23,WEAK,Negative,False
Urea,continuous,Gentamicin,ordinal,-0.2135,0.328069656649803,23,WEAK,Negative,False
Overall.organ.support,binary,Amikacin,ordinal,-0.2123,0.3307872554964518,23,WEAK,Negative,False
Amikacin,ordinal,Overall.Mortality,binary,0.2123,0.3307872554964518,23,WEAK,Positive,False
Immunosuppressive.drugs.in.1.week,binary,Amikacin,ordinal,-0.2122,0.3309900877536888,23,WEAK,Negative,False
Bil,binary,Amikacin,ordinal,-0.2122,0.3309900877536888,23,WEAK,Negative,False
Urea,continuous,Ceftazidime.Avibactam.Aztreonam.T,binary,-0.2117,0.3321646983311828,23,WEAK,Negative,False
Tigecycline,ordinal,Clinical.Improvement,ordinal,-0.2116,0.3323779653911401,23,WEAK,Negative,False
Z.A.only.T,binary,Fosfomycin,ordinal,0.2114,0.33278741980557874,23,WEAK,Positive,False
Hypothyroidism,binary,P.C.Z.A.T,binary,0.2114,0.33278741980557874,23,WEAK,Positive,False
Z.A.only.T,binary,Cefuroxime,ordinal,-0.2114,0.33278741980557874,23,WEAK,Negative,False
P.C.Z.A.T,binary,Cefuroxime,ordinal,-0.2114,0.33278741980557874,23,WEAK,Negative,False
HAP.CRO,binary,Potassium,binary,0.2114,0.33278741980557874,23,WEAK,Positive,False
CV.Catheter.in.6.Months,binary,Z.A.only.T,binary,0.2114,0.33278741980557874,23,WEAK,Positive,False
P.C.Z.A.E,binary,Ceftazidime.Avibactam,binary,0.2114,0.33278741980557874,23,WEAK,Positive,False
Hypothyroidism,binary,Z.A.only.T,binary,0.2114,0.33278741980557874,23,WEAK,Positive,False
Hypothyroidism,binary,Ceftazidime.Avibactam,binary,0.2114,0.33278741980557874,23,WEAK,Positive,False
IAI.CRO,binary,Ceftazidime.Avibactam.T,binary,0.2114,0.3327874198055785,23,WEAK,Positive,False
IAI.CRO,binary,Polymyxin.Colistin.Inclusion.T,binary,0.2114,0.3327874198055785,23,WEAK,Positive,False
BSI.CRO,binary,Cefuroxime,ordinal,-0.2114,0.33278741980557874,23,WEAK,Negative,False
Urinary.Catheter.in.6.Months,binary,Z.A.only.T,binary,0.2114,0.33278741980557874,23,WEAK,Positive,False
BSI.CRO,binary,Urinary.Catheter.in.6.Months,binary,0.2114,0.33278741980557874,23,WEAK,Positive,False
BSI.CRO,binary,CV.Catheter.in.6.Months,binary,0.2114,0.33278741980557874,23,WEAK,Positive,False
HAP.CRO,binary,Ceftazidime.Avibactam,binary,0.2114,0.33278741980557874,23,WEAK,Positive,False
P.C.in.vitro,binary,Z.A.only.T,binary,0.2114,0.33278741980557874,23,WEAK,Positive,False
HTN,binary,IAI.CRO,binary,-0.2114,0.3327874198055785,23,WEAK,Negative,False
Fosfomycin,ordinal,Ceftazidime.Avibactam,binary,0.2114,0.33278741980557874,23,WEAK,Positive,False
Fosfomycin,ordinal,Mortality.in.ICU,binary,0.2114,0.33278741980557874,23,WEAK,Positive,False
P.C.in.vitro,binary,Mortality.in.ICU,binary,0.2114,0.33278741980557874,23,WEAK,Positive,False
SOFA,continuous,Doxycycline,ordinal,0.2111,0.33364024886993293,23,WEAK,Positive,False
SOFA,continuous,Meropenem,ordinal,-0.2109,0.3341717948990452,23,WEAK,Negative,False
Trimethoprim.Sulfamethoxazole,ordinal,Total.Hospital.stay.in.28.days,continuous,-0.2108,0.334375636562107,23,WEAK,Negative,False
Neither.Abx.E,binary,P.C.only.T,binary,-0.2105,0.33494110466664706,23,WEAK,Negative,False
Any.Fungal.Infection,binary,P.C.only.T,binary,-0.2105,0.33494110466664706,23,WEAK,Negative,False
Hemat.Malignancy,binary,Neither.Abx.E,binary,-0.2105,0.33494110466664706,23,WEAK,Negative,False
P.C.only.T,binary,Neither.Abx.T,binary,-0.2105,0.33494110466664706,23,WEAK,Negative,False
Any.Fungal.Infection,binary,Neither.Abx.T,binary,-0.2105,0.33494110466664706,23,WEAK,Negative,False
Albumin,binary,P.C.only.T,binary,0.2105,0.33494110466664706,23,WEAK,Positive,False
Any.Fungal.Infection,binary,Neither.Abx.E,binary,-0.2105,0.33494110466664706,23,WEAK,Negative,False
Any.Fungal.Infection,binary,Albumin,binary,0.2105,0.33494110466664706,23,WEAK,Positive,False
Hemat.Malignancy,binary,P.C.only.T,binary,-0.2105,0.33494110466664706,23,WEAK,Negative,False
Hemat.Malignancy,binary,Neither.Abx.T,binary,-0.2105,0.33494110466664706,23,WEAK,Negative,False
P.C.only.E,binary,Neither.Abx.E,binary,-0.2105,0.33494110466664706,23,WEAK,Negative,False
P.C.only.E,binary,Neither.Abx.T,binary,-0.2105,0.33494110466664706,23,WEAK,Negative,False
P.C.only.E,binary,P.C.only.T,binary,-0.2105,0.33494110466664706,23,WEAK,Negative,False
SOFA,continuous,Creatinine,binary,0.2101,0.33594292014803795,23,WEAK,Positive,False
Weight,continuous,SGOT,binary,0.21,0.3361847084594555,23,WEAK,Positive,False
Hypothyroidism,binary,Total.Hospital.stay.in.28.days,continuous,0.2099,0.33646578094416674,23,WEAK,Positive,False
SGOT,binary,Albumin,binary,0.2097,0.3369682628407341,23,WEAK,Positive,False
Magnesium,binary,P.C.only.T,binary,0.2097,0.3369682628407341,23,WEAK,Positive,False
Age,continuous,P.C.Z.A.E,binary,-0.2097,0.3369561245885397,23,WEAK,Negative,False
Platelet,binary,Albumin,binary,0.2097,0.3369682628407341,23,WEAK,Positive,False
Platelet,binary,Neither.Abx.T,binary,-0.2097,0.3369682628407341,23,WEAK,Negative,False
Hemat.Malignancy,binary,Magnesium,binary,0.2097,0.3369682628407344,23,WEAK,Positive,False
Age,continuous,Cefuroxime,ordinal,0.2097,0.3369561245885397,23,WEAK,Positive,False
Platelet,binary,Neither.Abx.E,binary,-0.2097,0.3369682628407341,23,WEAK,Negative,False
Urea,continuous,Cefuroxime,ordinal,0.2095,0.33732320473067184,23,WEAK,Positive,False
Height,continuous,Ertapenem,ordinal,-0.2091,0.338365217234318,23,WEAK,Negative,False
Height,continuous,Endoscopy.in.1.week,binary,0.2091,0.338365217234318,23,WEAK,Positive,False
Weight,continuous,Meropenem,ordinal,-0.209,0.3386095484311198,23,WEAK,Negative,False
OXA48,binary,APACHEII,continuous,0.2083,0.3401344347265304,23,WEAK,Positive,False
Weight,continuous,OXA48,binary,-0.2082,0.3403786476200691,23,WEAK,Negative,False
Age,continuous,Albumin,binary,0.2078,0.3413274557476361,23,WEAK,Positive,False
ICU.Stay.in.28.Days,continuous,Mortality.in.ICU,binary,0.2077,0.3417050881124403,23,WEAK,Positive,False
Weight,continuous,Albumin,binary,-0.2076,0.3419382014110856,23,WEAK,Negative,False
Clinical.Improvement,ordinal,Total.Hospital.stay.in.28.days,continuous,0.2071,0.343086033525156,23,WEAK,Positive,False
Urea,continuous,Total.Hospital.stay.in.28.days,continuous,-0.2069,0.34342872580332734,23,WEAK,Negative,False
Urea,continuous,Amikacin,ordinal,-0.2069,0.343535779930213,23,WEAK,Negative,False
Urea,continuous,Mortality.in.ICU,binary,0.2067,0.3439123059412833,23,WEAK,Positive,False
Creatinine,binary,P.C.Z.A.T,binary,0.2066,0.3442549597426942,23,WEAK,Positive,False
Creatinine,binary,Mortality.in.ICU,binary,0.2066,0.3442549597426942,23,WEAK,Positive,False
Calcium,binary,Mortality.in.ICU,binary,0.2066,0.3442549597426942,23,WEAK,Positive,False
BSI.CRO,binary,Creatinine,binary,0.2066,0.3442549597426942,23,WEAK,Positive,False
Creatinine,binary,Potassium,binary,0.2066,0.3442549597426942,23,WEAK,Positive,False
Potassium,binary,Calcium,binary,0.2066,0.3442549597426942,23,WEAK,Positive,False
IAI.CRO,binary,Mortality.in.ICU,binary,-0.2066,0.3442549597426942,23,WEAK,Negative,False
Calcium,binary,P.C.Z.A.T,binary,0.2066,0.3442549597426942,23,WEAK,Positive,False
Calcium,binary,Z.A.only.T,binary,0.2066,0.3442549597426942,23,WEAK,Positive,False
BSI.CRO,binary,Calcium,binary,0.2066,0.3442549597426942,23,WEAK,Positive,False
Hospitalization.in.past.6.Months,binary,Total.Hospital.stay.in.28.days,continuous,-0.2055,0.3469872803420038,23,WEAK,Negative,False
Bil,binary,Urea,continuous,0.2051,0.347842052811983,23,WEAK,Positive,False
Creatinine,binary,GW.Stay.in.28.Days,continuous,0.2047,0.3487481669395947,23,WEAK,Positive,False
Past.CREPA.infection,binary,P.C.Z.A.T,binary,-0.2041,0.3501794812742312,23,WEAK,Negative,False
HAP.CRO,binary,Overall.organ.support,binary,0.2041,0.3501794812742312,23,WEAK,Positive,False
Lympho,binary,Mortality.in.Hospital,binary,-0.2041,0.35017948127423093,23,WEAK,Negative,False
Cefuroxime,ordinal,Overall.Mortality,binary,0.2041,0.3501794812742312,23,WEAK,Positive,False
HAP.CRO,binary,Globulin,binary,0.2041,0.3501794812742312,23,WEAK,Positive,False
SGPT,binary,Fosfomycin,ordinal,-0.2041,0.35017948127423126,23,WEAK,Negative,False
HAP.CRO,binary,SGPT,binary,-0.2041,0.3501794812742312,23,WEAK,Negative,False
HAP.CRO,binary,Total.Protein,binary,0.2041,0.3501794812742312,23,WEAK,Positive,False
HAP.CRO,binary,Overall.Mortality,binary,-0.2041,0.3501794812742312,23,WEAK,Negative,False
BSI.CRO,binary,Hb,binary,0.2041,0.3501794812742312,23,WEAK,Positive,False
HAP.CRO,binary,Sodium,binary,0.2041,0.3501794812742312,23,WEAK,Positive,False
Lympho,binary,Ertapenem,ordinal,0.2041,0.35017948127423093,23,WEAK,Positive,False
Platelet,binary,Z.A.only.E,binary,-0.2041,0.35017948127423093,23,WEAK,Negative,False
CV.Catheter.in.6.Months,binary,Overall.Mortality,binary,-0.2041,0.3501794812742312,23,WEAK,Negative,False
Procalcitonin,binary,Mortality.in.ICU,binary,-0.2041,0.3501794812742312,23,WEAK,Negative,False
Urinary.Catheter.in.6.Months,binary,Sodium,binary,0.2041,0.3501794812742312,23,WEAK,Positive,False
CV.Catheter.in.6.Months,binary,Total.Protein,binary,0.2041,0.3501794812742312,23,WEAK,Positive,False
SGOT,binary,Meropenem,ordinal,0.2041,0.35017948127423093,23,WEAK,Positive,False
CV.Catheter.in.6.Months,binary,SGPT,binary,-0.2041,0.3501794812742312,23,WEAK,Negative,False
SGOT,binary,Amoxicillin.Clavulanic.Acid,ordinal,0.2041,0.35017948127423093,23,WEAK,Positive,False
SGOT,binary,Mortality.in.Hospital,binary,-0.2041,0.35017948127423093,23,WEAK,Negative,False
Urinary.Catheter.in.6.Months,binary,Total.Protein,binary,0.2041,0.3501794812742312,23,WEAK,Positive,False
CV.Catheter.in.6.Months,binary,Sodium,binary,0.2041,0.3501794812742312,23,WEAK,Positive,False
Urinary.Catheter.in.6.Months,binary,SGPT,binary,-0.2041,0.3501794812742312,23,WEAK,Negative,False
Magnesium,binary,Amoxicillin.Clavulanic.Acid,ordinal,-0.2041,0.35017948127423093,23,WEAK,Negative,False
COPD,binary,SGOT,binary,-0.2041,0.35017948127423093,23,WEAK,Negative,False
P.C.Z.A.E,binary,Overall.Mortality,binary,-0.2041,0.3501794812742312,23,WEAK,Negative,False
Neutropenia,binary,Magnesium,binary,0.2041,0.35017948127423093,23,WEAK,Positive,False
Hypothyroidism,binary,Globulin,binary,0.2041,0.3501794812742312,23,WEAK,Positive,False
Magnesium,binary,Other.Illness.Leading.to.Hospitalization.post.28.Days.Discharge,binary,0.2041,0.35017948127423093,23,WEAK,Positive,False
Magnesium,binary,Relapse.post.28.Day.Discharge,binary,0.2041,0.35017948127423093,23,WEAK,Positive,False
Solid.Organ,binary,Colistin,ordinal,-0.2041,0.3502839594348083,23,WEAK,Negative,False
Magnesium,binary,Ceftazidime,ordinal,-0.2041,0.35017948127423093,23,WEAK,Negative,False
P.C.in.vitro,binary,SGPT,binary,-0.2041,0.3501794812742312,23,WEAK,Negative,False
P.C.in.vitro,binary,ANC,binary,0.2041,0.3501794812742312,23,WEAK,Positive,False
Total.Protein,binary,P.C.Z.A.E,binary,0.2041,0.35017948127423126,23,WEAK,Positive,False
Total.Protein,binary,Fosfomycin,ordinal,0.2041,0.35017948127423126,23,WEAK,Positive,False
Other.CRO,binary,Magnesium,binary,0.2041,0.35017948127423093,23,WEAK,Positive,False
Endoscopy.in.1.week,binary,Lympho,binary,-0.2041,0.35017948127423093,23,WEAK,Negative,False
Other.CRO,binary,SGOT,binary,-0.2041,0.35017948127423093,23,WEAK,Negative,False
Z.A.invitro,binary,Fosfomycin,ordinal,0.2041,0.35017948127423126,23,WEAK,Positive,False
Z.A.invitro,binary,HAP.CRO,binary,0.2041,0.35017948127423126,23,WEAK,Positive,False
P.C.in.vitro,binary,Sodium,binary,0.2041,0.3501794812742312,23,WEAK,Positive,False
Sodium,binary,Fosfomycin,ordinal,0.2041,0.35017948127423126,23,WEAK,Positive,False
Magnesium,binary,Meropenem,ordinal,-0.2041,0.35017948127423093,23,WEAK,Negative,False
Potassium,binary,Procalcitonin,binary,-0.2041,0.3501794812742312,23,WEAK,Negative,False
Surgery.in.last.3.Months,binary,Cefuroxime,ordinal,0.2041,0.35017948127423126,23,WEAK,Positive,False
Magnesium,binary,Cefoperazone.Sulbactam,ordinal,-0.2041,0.35017948127423093,23,WEAK,Negative,False
Magnesium,binary,Z.A.only.E,binary,0.2041,0.35017948127423093,23,WEAK,Positive,False
Ceftriaxone,ordinal,Ceftazidime.Avibactam,binary,-0.2041,0.3501794812742312,23,WEAK,Negative,False
Overall.organ.support,binary,P.C.Z.A.E,binary,0.2041,0.35017948127423126,23,WEAK,Positive,False
Lympho,binary,Other.Illness.Leading.to.Hospitalization.post.28.Days.Discharge,binary,-0.2041,0.35017948127423093,23,WEAK,Negative,False
Past.CREPA.infection,binary,Mortality.in.ICU,binary,-0.2041,0.3501794812742312,23,WEAK,Negative,False
Lympho,binary,Relapse.post.28.Day.Discharge,binary,-0.2041,0.35017948127423093,23,WEAK,Negative,False
Urinary.Catheter.in.6.Months,binary,Overall.Mortality,binary,-0.2041,0.3501794812742312,23,WEAK,Negative,False
Procalcitonin,binary,Z.A.only.T,binary,-0.2041,0.3501794812742312,23,WEAK,Negative,False
Hypothyroidism,binary,Overall.Mortality,binary,-0.2041,0.3501794812742312,23,WEAK,Negative,False
Hb,binary,Potassium,binary,0.2041,0.3501794812742312,23,WEAK,Positive,False
Z.A.invitro,binary,Cefuroxime,ordinal,-0.2041,0.35017948127423126,23,WEAK,Negative,False
Hb,binary,Mortality.in.ICU,binary,0.2041,0.3501794812742312,23,WEAK,Positive,False
Hb,binary,Ceftazidime.Avibactam,binary,0.2041,0.3501794812742312,23,WEAK,Positive,False
P.C.in.vitro,binary,Z.A.invitro,binary,0.2041,0.3501794812742312,23,WEAK,Positive,False
Hb,binary,P.C.Z.A.T,binary,0.2041,0.3501794812742312,23,WEAK,Positive,False
COPD,binary,Lympho,binary,-0.2041,0.35017948127423093,23,WEAK,Negative,False
Magnesium,binary,Cefotaxime,ordinal,-0.2041,0.35017948127423093,23,WEAK,Negative,False
Z.A.invitro,binary,Hypothyroidism,binary,0.2041,0.35017948127423126,23,WEAK,Positive,False
Sodium,binary,Cefuroxime,ordinal,-0.2041,0.35017948127423126,23,WEAK,Negative,False
Lympho,binary,Meropenem,ordinal,0.2041,0.35017948127423093,23,WEAK,Positive,False
Overall.organ.support,binary,Fosfomycin,ordinal,0.2041,0.35017948127423126,23,WEAK,Positive,False
Sodium,binary,P.C.Z.A.E,binary,0.2041,0.35017948127423126,23,WEAK,Positive,False
Surgery.in.last.3.Months,binary,Doxycycline,ordinal,-0.2039,0.35068848153473464,23,WEAK,Negative,False
Surgery.in.last.3.Months,binary,Piperacillin.Tazobactam,ordinal,0.2039,0.35068848153473464,23,WEAK,Positive,False
ANC,binary,Doxycycline,ordinal,0.2039,0.35068848153473464,23,WEAK,Positive,False
Globulin,binary,Doxycycline,ordinal,0.2039,0.35068848153473464,23,WEAK,Positive,False
Sodium,binary,Piperacillin.Tazobactam,ordinal,-0.2039,0.35068848153473464,23,WEAK,Negative,False
ANC,binary,Piperacillin.Tazobactam,ordinal,-0.2039,0.35068848153473464,23,WEAK,Negative,False
Trimethoprim.Sulfamethoxazole,ordinal,Mortality.in.ICU,binary,0.2037,0.3512470620944654,23,WEAK,Positive,False
Z.A.only.T,binary,Trimethoprim.Sulfamethoxazole,ordinal,0.2037,0.3512470620944654,23,WEAK,Positive,False
APACHEII,continuous,Trimethoprim.Sulfamethoxazole,ordinal,-0.2032,0.3523651158785364,23,WEAK,Negative,False
SGPT,binary,Ceftazidime.Avibactam.Aztreonam.Synergy.T,ordinal,-0.202,0.35536439060041625,23,WEAK,Negative,False
Ceftazidime.Avibactam.Aztreonam.Synergy.T,ordinal,Overall.Mortality,binary,-0.202,0.35536439060041625,23,WEAK,Negative,False
Piperacillin.Tazobactam,ordinal,Total.Hospital.stay.in.28.days,continuous,-0.2016,0.35639916081389067,23,WEAK,Negative,False
Bil,binary,GW.Stay.in.28.Days,continuous,-0.2015,0.35643330996981487,23,WEAK,Negative,False
Chloramphenicol,ordinal,ICU.Stay.in.28.Days,continuous,0.2011,0.3575281500403112,23,WEAK,Positive,False
CV.Catheter.in.6.Months,binary,GW.Stay.in.28.Days,continuous,-0.2009,0.3579314858125125,23,WEAK,Negative,False
Urinary.Catheter.in.6.Months,binary,GW.Stay.in.28.Days,continuous,-0.2009,0.3579314858125125,23,WEAK,Negative,False
Fosfomycin,ordinal,GW.Stay.in.28.Days,continuous,-0.2009,0.3579314858125125,23,WEAK,Negative,False
Cefuroxime,ordinal,GW.Stay.in.28.Days,continuous,-0.2009,0.3579314858125125,23,WEAK,Negative,False
P.C.Z.A.E,binary,GW.Stay.in.28.Days,continuous,-0.2009,0.3579314858125125,23,WEAK,Negative,False
Amikacin,ordinal,Ceftriaxone,ordinal,0.2008,0.3582249782760748,23,WEAK,Positive,False
Past.CREPA.infection,binary,Amikacin,ordinal,0.2008,0.35822497827607486,23,WEAK,Positive,False
Z.A.only.T,binary,Amikacin,ordinal,0.2004,0.3592365953104517,23,WEAK,Positive,False
Amikacin,ordinal,Mortality.in.ICU,binary,0.2004,0.3592365953104517,23,WEAK,Positive,False
Globulin,binary,Minocycline,ordinal,-0.1998,0.3605934174090005,23,WEAK,Negative,False
Height,continuous,Z.A.invitro,binary,0.1996,0.3612408159447512,23,WEAK,Positive,False
Chloramphenicol,ordinal,Colistin,ordinal,-0.1994,0.361604282596771,23,WEAK,Negative,False
P.C.only.T,binary,Total.Hospital.stay.in.28.days,continuous,0.1994,0.3617763031993727,23,WEAK,Positive,False
P.C.Z.A.T,binary,Total.Hospital.stay.in.28.days,continuous,0.1991,0.3623429440723162,23,WEAK,Positive,False
Platelet,binary,Tigecycline,ordinal,-0.199,0.3626670210227967,23,WEAK,Negative,False
Male,binary,Surgery.in.last.3.Months,binary,0.1989,0.36291519599967453,23,WEAK,Positive,False
Z.A.invitro,binary,Immunosuppressive.drugs.in.1.week,binary,0.1989,0.36291519599967464,23,WEAK,Positive,False
SGPT,binary,Ceftazidime.Avibactam.Aztreonam.T,binary,0.1989,0.36291519599967464,23,WEAK,Positive,False
Immunosuppressive.drugs.in.1.week,binary,Total.Protein,binary,0.1989,0.36291519599967453,23,WEAK,Positive,False
ALP,binary,Overall.Mortality,binary,0.1989,0.36291519599967453,23,WEAK,Positive,False
Hospitalization.in.past.6.Months,binary,Overall.Mortality,binary,-0.1989,0.36291519599967453,23,WEAK,Negative,False
DM,binary,SGPT,binary,-0.1989,0.36291519599967453,23,WEAK,Negative,False
DM,binary,Overall.organ.support,binary,0.1989,0.36291519599967453,23,WEAK,Positive,False
Z.A.invitro,binary,Ventilation,binary,0.1989,0.36291519599967464,23,WEAK,Positive,False
Male,binary,Total.Protein,binary,-0.1989,0.36291519599967453,23,WEAK,Negative,False
Female,binary,Surgery.in.last.3.Months,binary,-0.1989,0.36291519599967453,23,WEAK,Negative,False
Ventilation,binary,SGPT,binary,-0.1989,0.36291519599967453,23,WEAK,Negative,False
Inotropes,binary,Overall.Mortality,binary,0.1989,0.36291519599967453,23,WEAK,Positive,False
Inotropes,binary,Globulin,binary,-0.1989,0.36291519599967453,23,WEAK,Negative,False
Ceftazidime.Avibactam.Aztreonam.T,binary,Overall.Mortality,binary,0.1989,0.36291519599967453,23,WEAK,Positive,False
Hospitalization.in.past.6.Months,binary,SGPT,binary,-0.1989,0.36291519599967453,23,WEAK,Negative,False
Immunosuppressive.drugs.in.1.week,binary,Globulin,binary,0.1989,0.36291519599967453,23,WEAK,Positive,False
Female,binary,Total.Protein,binary,0.1989,0.36291519599967453,23,WEAK,Positive,False
Hospitalization.in.past.6.Months,binary,Globulin,binary,0.1989,0.36291519599967453,23,WEAK,Positive,False
Z.A.invitro,binary,Ceftazidime.Avibactam.Aztreonam.T,binary,-0.1989,0.36291519599967464,23,WEAK,Negative,False
Overall.organ.support,binary,ALP,binary,-0.1989,0.36291519599967464,23,WEAK,Negative,False
Globulin,binary,Ceftazidime.Avibactam.Aztreonam.T,binary,-0.1989,0.36291519599967464,23,WEAK,Negative,False
P.C.in.vitro,binary,ICU.Stay.in.28.Days,continuous,-0.1988,0.3632510362847618,23,WEAK,Negative,False
Male,binary,Height,continuous,0.1985,0.36394704210828477,23,WEAK,Positive,False
Female,binary,Height,continuous,-0.1985,0.36394704210828477,23,WEAK,Negative,False
Magnesium,binary,Minocycline,ordinal,0.1982,0.364533369915622,23,WEAK,Positive,False
Sodium,binary,Clinical.Improvement,ordinal,0.1972,0.36707541908766755,23,WEAK,Positive,False
NDM,binary,GW.Stay.in.28.Days,continuous,0.1972,0.36712471629011184,23,WEAK,Positive,False
Total.Protein,binary,Clinical.Improvement,ordinal,-0.1972,0.36707541908766755,23,WEAK,Negative,False
Z.A.invitro,binary,Clinical.Improvement,ordinal,0.1972,0.36707541908766755,23,WEAK,Positive,False
Weight,continuous,Lympho,binary,0.1969,0.36792242521366253,23,WEAK,Positive,False
SGPT,binary,GW.Stay.in.28.Days,continuous,0.1954,0.3715303994066703,23,WEAK,Positive,False
Female,binary,Creatinine,binary,-0.1953,0.37174667225765456,23,WEAK,Negative,False
Hospitalization.in.past.6.Months,binary,Calcium,binary,-0.1953,0.37174667225765456,23,WEAK,Negative,False
OXA48,binary,ALP,binary,0.1953,0.37174667225765434,23,WEAK,Positive,False
OXA48,binary,DM,binary,-0.1953,0.37174667225765434,23,WEAK,Negative,False
Hospitalization.in.past.6.Months,binary,Creatinine,binary,-0.1953,0.37174667225765456,23,WEAK,Negative,False
IAI.CRO,binary,Bil,binary,0.1953,0.37174667225765434,23,WEAK,Positive,False
IAI.CRO,binary,Hospitalization.in.past.6.Months,binary,0.1953,0.37174667225765434,23,WEAK,Positive,False
Inotropes,binary,Calcium,binary,0.1953,0.37174667225765456,23,WEAK,Positive,False
Male,binary,Creatinine,binary,0.1953,0.37174667225765456,23,WEAK,Positive,False
Ventilation,binary,Creatinine,binary,-0.1953,0.37174667225765456,23,WEAK,Negative,False
Surgery.in.last.3.Months,binary,Neither.Abx.E,binary,0.1951,0.37233767963650233,23,WEAK,Positive,False
P.C.only.E,binary,Overall.Mortality,binary,0.1951,0.3723376796365022,23,WEAK,Positive,False
Hemat.Malignancy,binary,Globulin,binary,-0.1951,0.3723376796365022,23,WEAK,Negative,False
SGPT,binary,P.C.only.T,binary,0.1951,0.37233767963650233,23,WEAK,Positive,False
Sodium,binary,Neither.Abx.T,binary,-0.1951,0.37233767963650233,23,WEAK,Negative,False
Sodium,binary,P.C.only.E,binary,-0.1951,0.37233767963650233,23,WEAK,Negative,False
Hemat.Malignancy,binary,Total.Protein,binary,-0.1951,0.3723376796365022,23,WEAK,Negative,False
Total.Protein,binary,P.C.only.E,binary,-0.1951,0.37233767963650233,23,WEAK,Negative,False
Creatinine,binary,Trimethoprim.Sulfamethoxazole,ordinal,0.1951,0.3723497434864334,23,WEAK,Positive,False
Total.Protein,binary,Neither.Abx.E,binary,-0.1951,0.37233767963650233,23,WEAK,Negative,False
Total.Protein,binary,Neither.Abx.T,binary,-0.1951,0.37233767963650233,23,WEAK,Negative,False
Hemat.Malignancy,binary,Sodium,binary,-0.1951,0.3723376796365022,23,WEAK,Negative,False
Hemat.Malignancy,binary,Overall.Mortality,binary,0.1951,0.3723376796365022,23,WEAK,Positive,False
Overall.organ.support,binary,Albumin,binary,0.1951,0.37233767963650233,23,WEAK,Positive,False
Sodium,binary,Neither.Abx.E,binary,-0.1951,0.37233767963650233,23,WEAK,Negative,False
Overall.organ.support,binary,P.C.only.T,binary,-0.1951,0.37233767963650233,23,WEAK,Negative,False
Overall.organ.support,binary,P.C.only.E,binary,-0.1951,0.37233767963650233,23,WEAK,Negative,False
Albumin,binary,Globulin,binary,0.1951,0.3723376796365022,23,WEAK,Positive,False
Any.Fungal.Infection,binary,Globulin,binary,-0.1951,0.3723376796365022,23,WEAK,Negative,False
Z.A.invitro,binary,Any.Fungal.Infection,binary,-0.1951,0.37233767963650233,23,WEAK,Negative,False
Surgery.in.last.3.Months,binary,Neither.Abx.T,binary,0.1951,0.37233767963650233,23,WEAK,Positive,False
Z.A.only.T,binary,Piperacillin.Tazobactam,ordinal,-0.195,0.37264129486044034,23,WEAK,Negative,False
Z.A.only.T,binary,Doxycycline,ordinal,0.195,0.37264129486044034,23,WEAK,Positive,False
Urea,continuous,Ceftriaxone,ordinal,-0.1948,0.3731644055827647,23,WEAK,Negative,False
Solid.Organ,binary,Ceftazidime.Avibactam.Aztreonam.Synergy.T,ordinal,-0.1947,0.3732853998178955,23,WEAK,Negative,False
UTI.CRO,binary,Ceftazidime.Avibactam.Aztreonam.Synergy.T,ordinal,0.1947,0.3732853998178955,23,WEAK,Positive,False
Neither.Abx.E,binary,Chloramphenicol,ordinal,-0.1945,0.3738465718503362,23,WEAK,Negative,False
Globulin,binary,Nitrofurantoin,ordinal,0.1945,0.3738465718503362,23,WEAK,Positive,False
Z.A.invitro,binary,Nitrofurantoin,ordinal,0.1945,0.3738465718503362,23,WEAK,Positive,False
Neither.Abx.T,binary,Chloramphenicol,ordinal,-0.1945,0.3738465718503362,23,WEAK,Negative,False
Albumin,binary,Chloramphenicol,ordinal,0.1945,0.3738465718503362,23,WEAK,Positive,False
SGPT,binary,Nitrofurantoin,ordinal,-0.1945,0.3738465718503362,23,WEAK,Negative,False
P.C.only.E,binary,Chloramphenicol,ordinal,-0.1945,0.3738465718503362,23,WEAK,Negative,False
ICU.Stay.in.28.Days,continuous,Other.Illness.Leading.to.Hospitalization.post.28.Days.Discharge,binary,0.1939,0.3754542722583626,23,WEAK,Positive,False
ICU.Stay.in.28.Days,continuous,Mortality.post.28.Day.Discharge,binary,-0.1939,0.3754542722583626,23,WEAK,Negative,False
ICU.Stay.in.28.Days,continuous,Relapse.post.28.Day.Discharge,binary,0.1939,0.3754542722583626,23,WEAK,Positive,False
Any.Viral.Infection,binary,ICU.Stay.in.28.Days,continuous,-0.1937,0.37590534915230595,23,WEAK,Negative,False
Cefotaxime,ordinal,Total.Hospital.stay.in.28.days,continuous,-0.1933,0.3767867549536329,23,WEAK,Negative,False
Cefoperazone.Sulbactam,ordinal,Total.Hospital.stay.in.28.days,continuous,-0.1933,0.3767867549536329,23,WEAK,Negative,False
Albumin,binary,GW.Stay.in.28.Days,continuous,-0.1933,0.3768453580142323,23,WEAK,Negative,False
Ceftazidime,ordinal,Total.Hospital.stay.in.28.days,continuous,-0.1933,0.3767867549536329,23,WEAK,Negative,False
Neutropenia,binary,Total.Hospital.stay.in.28.days,continuous,0.1933,0.3767867549536329,23,WEAK,Positive,False
ALP,binary,Trimethoprim.Sulfamethoxazole,ordinal,0.1921,0.37995319285048823,23,WEAK,Positive,False
Hemat.Malignancy,binary,Trimethoprim.Sulfamethoxazole,ordinal,-0.1921,0.37988687708486996,23,WEAK,Negative,False
Albumin,binary,Trimethoprim.Sulfamethoxazole,ordinal,0.1921,0.37988687708486996,23,WEAK,Positive,False
Immunosuppressive.drugs.in.1.week,binary,Urea,continuous,0.1919,0.3804757783121985,23,WEAK,Positive,False
Neither.Abx.E,binary,Clinical.Improvement,ordinal,0.1915,0.3813272319257813,23,WEAK,Positive,False
Neither.Abx.T,binary,Clinical.Improvement,ordinal,0.1915,0.3813272319257813,23,WEAK,Positive,False
Platelet,binary,Minocycline,ordinal,0.1912,0.3822535092617156,23,WEAK,Positive,False
Age,continuous,Ceftazidime.Avibactam,binary,0.191,0.3827252249843634,23,WEAK,Positive,False
APACHEII,continuous,Potassium,binary,0.1908,0.3830852844420674,23,WEAK,Positive,False
P.C.only.E,binary,Total.Hospital.stay.in.28.days,continuous,-0.1907,0.383443151581342,23,WEAK,Negative,False
Gentamicin,ordinal,Clinical.Improvement,ordinal,0.1905,0.3838657147907999,23,WEAK,Positive,False
TLC,binary,Gentamicin,ordinal,0.1898,0.38568061715861296,23,WEAK,Positive,False
UTI.CRO,binary,Polymyxin.Colistin.Inclusion.T,binary,-0.1898,0.38568061715861296,23,WEAK,Negative,False
Any.Viral.Infection,binary,Solid.Organ,binary,-0.1898,0.3856806171586131,23,WEAK,Negative,False
Solid.Organ,binary,Polymyxin.Colistin.Inclusion.T,binary,0.1898,0.38568061715861296,23,WEAK,Positive,False
NDM,binary,Any.Viral.Infection,binary,-0.1898,0.38568061715861296,23,WEAK,Negative,False
UTI.CRO,binary,Ceftazidime.Avibactam.T,binary,-0.1898,0.38568061715861296,23,WEAK,Negative,False
P.C.Z.A.T,binary,Ceftazidime.Avibactam.Aztreonam.Synergy.T,ordinal,-0.1893,0.3870685349829233,23,WEAK,Negative,False
Any.Viral.Infection,binary,GW.Stay.in.28.Days,continuous,-0.1888,0.38828015059521676,23,WEAK,Negative,False
Creatinine,binary,Total.Hospital.stay.in.28.days,continuous,0.1885,0.3890611082540707,23,WEAK,Positive,False
OXA48,binary,Total.Hospital.stay.in.28.days,continuous,0.1885,0.3890611082540707,23,WEAK,Positive,False
Nitrofurantoin,ordinal,Polymyxin.Colistin.Inclusion.T,binary,-0.1879,0.39057441064956355,23,WEAK,Negative,False
Immunosuppressive.drugs.in.1.week,binary,Cefotaxime,ordinal,0.187,0.39292084861641824,23,WEAK,Positive,False
Immunosuppressive.drugs.in.1.week,binary,Cefoperazone.Sulbactam,ordinal,0.187,0.39292084861641824,23,WEAK,Positive,False
Ventilation,binary,Mortality.post.28.Day.Discharge,binary,-0.187,0.39292084861641824,23,WEAK,Negative,False
Inotropes,binary,Mortality.in.Hospital,binary,0.187,0.39292084861641824,23,WEAK,Positive,False
Inotropes,binary,Cefotaxime,ordinal,-0.187,0.39292084861641824,23,WEAK,Negative,False
Inotropes,binary,Ceftazidime,ordinal,-0.187,0.39292084861641824,23,WEAK,Negative,False
Ventilation,binary,Ertapenem,ordinal,0.187,0.39292084861641824,23,WEAK,Positive,False
Ventilation,binary,Z.A.only.E,binary,-0.187,0.39292084861641824,23,WEAK,Negative,False
COPD,binary,ALP,binary,0.187,0.39292084861641835,23,WEAK,Positive,False
Hospitalization.in.past.6.Months,binary,Cefoperazone.Sulbactam,ordinal,0.187,0.39292084861641824,23,WEAK,Positive,False
Male,binary,Meropenem,ordinal,-0.187,0.39292084861641824,23,WEAK,Negative,False
Bil,binary,Z.A.only.E,binary,-0.187,0.39292084861641824,23,WEAK,Negative,False
Hospitalization.in.past.6.Months,binary,Mortality.post.28.Day.Discharge,binary,-0.187,0.39292084861641824,23,WEAK,Negative,False
Inotropes,binary,Z.A.only.E,binary,0.187,0.39292084861641824,23,WEAK,Positive,False
Inotropes,binary,Cefoperazone.Sulbactam,ordinal,-0.187,0.39292084861641824,23,WEAK,Negative,False
Hospitalization.in.past.6.Months,binary,Mortality.in.Hospital,binary,-0.187,0.39292084861641824,23,WEAK,Negative,False
Hospitalization.in.past.6.Months,binary,Ceftazidime,ordinal,0.187,0.39292084861641824,23,WEAK,Positive,False
Hospitalization.in.past.6.Months,binary,Cefotaxime,ordinal,0.187,0.39292084861641824,23,WEAK,Positive,False
Immunosuppressive.drugs.in.1.week,binary,Neutropenia,binary,-0.187,0.39292084861641824,23,WEAK,Negative,False
DM,binary,Cefoperazone.Sulbactam,ordinal,0.187,0.39292084861641824,23,WEAK,Positive,False
Endoscopy.in.1.week,binary,Immunosuppressive.drugs.in.1.week,binary,-0.187,0.39292084861641835,23,WEAK,Negative,False
Other.CRO,binary,Bil,binary,-0.187,0.39292084861641835,23,WEAK,Negative,False
DM,binary,Meropenem,ordinal,0.187,0.39292084861641824,23,WEAK,Positive,False
Z.A.only.E,binary,Ceftazidime.Avibactam.Aztreonam.T,binary,0.187,0.39292084861641835,23,WEAK,Positive,False
Ceftazidime.Avibactam.Aztreonam.T,binary,Other.Illness.Leading.to.Hospitalization.post.28.Days.Discharge,binary,0.187,0.39292084861641824,23,WEAK,Positive,False
Female,binary,Neutropenia,binary,-0.187,0.39292084861641824,23,WEAK,Negative,False
DM,binary,Ertapenem,ordinal,0.187,0.39292084861641824,23,WEAK,Positive,False
Endoscopy.in.1.week,binary,ALP,binary,0.187,0.39292084861641835,23,WEAK,Positive,False
Meropenem,ordinal,Ceftazidime.Avibactam.Aztreonam.T,binary,-0.187,0.39292084861641835,23,WEAK,Negative,False
Other.CRO,binary,Hospitalization.in.past.6.Months,binary,-0.187,0.39292084861641835,23,WEAK,Negative,False
DM,binary,Amoxicillin.Clavulanic.Acid,ordinal,0.187,0.39292084861641824,23,WEAK,Positive,False
Ceftazidime.Avibactam.Aztreonam.T,binary,Relapse.post.28.Day.Discharge,binary,0.187,0.39292084861641824,23,WEAK,Positive,False
Ceftazidime.Avibactam.Aztreonam.T,binary,Mortality.post.28.Day.Discharge,binary,0.187,0.39292084861641824,23,WEAK,Positive,False
Neutropenia,binary,Ceftazidime.Avibactam.Aztreonam.T,binary,0.187,0.39292084861641835,23,WEAK,Positive,False
Hospitalization.in.past.6.Months,binary,Amoxicillin.Clavulanic.Acid,ordinal,0.187,0.39292084861641824,23,WEAK,Positive,False
ALP,binary,Amoxicillin.Clavulanic.Acid,ordinal,-0.187,0.39292084861641824,23,WEAK,Negative,False
COPD,binary,Inotropes,binary,0.187,0.39292084861641835,23,WEAK,Positive,False
COPD,binary,Ventilation,binary,-0.187,0.39292084861641835,23,WEAK,Negative,False
Bil,binary,Other.Illness.Leading.to.Hospitalization.post.28.Days.Discharge,binary,-0.187,0.39292084861641824,23,WEAK,Negative,False
Female,binary,Ceftazidime,ordinal,0.187,0.39292084861641824,23,WEAK,Positive,False
Bil,binary,Relapse.post.28.Day.Discharge,binary,-0.187,0.39292084861641824,23,WEAK,Negative,False
Bil,binary,Ceftazidime,ordinal,0.187,0.39292084861641824,23,WEAK,Positive,False
Inotropes,binary,Neutropenia,binary,0.187,0.39292084861641824,23,WEAK,Positive,False
Immunosuppressive.drugs.in.1.week,binary,Z.A.only.E,binary,-0.187,0.39292084861641824,23,WEAK,Negative,False
Immunosuppressive.drugs.in.1.week,binary,Ertapenem,ordinal,0.187,0.39292084861641824,23,WEAK,Positive,False
Male,binary,Mortality.in.Hospital,binary,0.187,0.39292084861641824,23,WEAK,Positive,False
Male,binary,Cefotaxime,ordinal,-0.187,0.39292084861641824,23,WEAK,Negative,False
Male,binary,Other.Illness.Leading.to.Hospitalization.post.28.Days.Discharge,binary,0.187,0.39292084861641824,23,WEAK,Positive,False
Male,binary,Relapse.post.28.Day.Discharge,binary,0.187,0.39292084861641824,23,WEAK,Positive,False
Male,binary,Ceftazidime,ordinal,-0.187,0.39292084861641824,23,WEAK,Negative,False
Hospitalization.in.past.6.Months,binary,Endoscopy.in.1.week,binary,-0.187,0.39292084861641824,23,WEAK,Negative,False
Inotropes,binary,Meropenem,ordinal,-0.187,0.39292084861641824,23,WEAK,Negative,False
Inotropes,binary,Other.Illness.Leading.to.Hospitalization.post.28.Days.Discharge,binary,0.187,0.39292084861641824,23,WEAK,Positive,False
Inotropes,binary,Amoxicillin.Clavulanic.Acid,ordinal,-0.187,0.39292084861641824,23,WEAK,Negative,False
Hospitalization.in.past.6.Months,binary,Neutropenia,binary,-0.187,0.39292084861641824,23,WEAK,Negative,False
Cefotaxime,ordinal,Ceftazidime.Avibactam.Aztreonam.T,binary,-0.187,0.39292084861641835,23,WEAK,Negative,False
Male,binary,Neutropenia,binary,0.187,0.39292084861641824,23,WEAK,Positive,False
Female,binary,Meropenem,ordinal,0.187,0.39292084861641824,23,WEAK,Positive,False
ALP,binary,Other.Illness.Leading.to.Hospitalization.post.28.Days.Discharge,binary,0.187,0.39292084861641824,23,WEAK,Positive,False
DM,binary,Endoscopy.in.1.week,binary,-0.187,0.39292084861641824,23,WEAK,Negative,False
DM,binary,Neutropenia,binary,-0.187,0.39292084861641824,23,WEAK,Negative,False
Other.CRO,binary,ALP,binary,0.187,0.39292084861641835,23,WEAK,Positive,False
Female,binary,Cefotaxime,ordinal,0.187,0.39292084861641824,23,WEAK,Positive,False
ALP,binary,Mortality.post.28.Day.Discharge,binary,0.187,0.39292084861641824,23,WEAK,Positive,False
Ventilation,binary,Neutropenia,binary,-0.187,0.39292084861641824,23,WEAK,Negative,False
Ventilation,binary,Mortality.in.Hospital,binary,-0.187,0.39292084861641824,23,WEAK,Negative,False
Hospitalization.in.past.6.Months,binary,Z.A.only.E,binary,-0.187,0.39292084861641824,23,WEAK,Negative,False
Ventilation,binary,Ceftazidime,ordinal,0.187,0.39292084861641824,23,WEAK,Positive,False
Ventilation,binary,Cefoperazone.Sulbactam,ordinal,0.187,0.39292084861641824,23,WEAK,Positive,False
COPD,binary,Immunosuppressive.drugs.in.1.week,binary,-0.187,0.39292084861641835,23,WEAK,Negative,False
Hospitalization.in.past.6.Months,binary,Ertapenem,ordinal,0.187,0.39292084861641824,23,WEAK,Positive,False
ALP,binary,Ertapenem,ordinal,-0.187,0.39292084861641824,23,WEAK,Negative,False
COPD,binary,Ceftazidime.Avibactam.Aztreonam.T,binary,0.187,0.39292084861641835,23,WEAK,Positive,False
Hospitalization.in.past.6.Months,binary,Meropenem,ordinal,0.187,0.39292084861641824,23,WEAK,Positive,False
Ceftazidime.Avibactam.Aztreonam.T,binary,Mortality.in.Hospital,binary,0.187,0.39292084861641824,23,WEAK,Positive,False
Male,binary,Cefoperazone.Sulbactam,ordinal,-0.187,0.39292084861641824,23,WEAK,Negative,False
Female,binary,Other.Illness.Leading.to.Hospitalization.post.28.Days.Discharge,binary,-0.187,0.39292084861641824,23,WEAK,Negative,False
Bil,binary,Amoxicillin.Clavulanic.Acid,ordinal,0.187,0.39292084861641824,23,WEAK,Positive,False
Ventilation,binary,Cefotaxime,ordinal,0.187,0.39292084861641824,23,WEAK,Positive,False
DM,binary,Other.Illness.Leading.to.Hospitalization.post.28.Days.Discharge,binary,-0.187,0.39292084861641824,23,WEAK,Negative,False
Inotropes,binary,Relapse.post.28.Day.Discharge,binary,0.187,0.39292084861641824,23,WEAK,Positive,False
DM,binary,Ceftazidime,ordinal,0.187,0.39292084861641824,23,WEAK,Positive,False
Immunosuppressive.drugs.in.1.week,binary,Mortality.in.Hospital,binary,-0.187,0.39292084861641824,23,WEAK,Negative,False
Immunosuppressive.drugs.in.1.week,binary,Mortality.post.28.Day.Discharge,binary,-0.187,0.39292084861641824,23,WEAK,Negative,False
Immunosuppressive.drugs.in.1.week,binary,Amoxicillin.Clavulanic.Acid,ordinal,0.187,0.39292084861641824,23,WEAK,Positive,False
ALP,binary,Mortality.in.Hospital,binary,0.187,0.39292084861641824,23,WEAK,Positive,False
Immunosuppressive.drugs.in.1.week,binary,Ceftazidime,ordinal,0.187,0.39292084861641824,23,WEAK,Positive,False
Other.CRO,binary,Inotropes,binary,0.187,0.39292084861641835,23,WEAK,Positive,False
Other.CRO,binary,Immunosuppressive.drugs.in.1.week,binary,-0.187,0.39292084861641835,23,WEAK,Negative,False
DM,binary,Relapse.post.28.Day.Discharge,binary,-0.187,0.39292084861641824,23,WEAK,Negative,False
Female,binary,COPD,binary,-0.187,0.39292084861641824,23,WEAK,Negative,False
Endoscopy.in.1.week,binary,Ventilation,binary,-0.187,0.39292084861641835,23,WEAK,Negative,False
COPD,binary,Hospitalization.in.past.6.Months,binary,-0.187,0.39292084861641835,23,WEAK,Negative,False
DM,binary,Mortality.post.28.Day.Discharge,binary,-0.187,0.39292084861641824,23,WEAK,Negative,False
Female,binary,Mortality.in.Hospital,binary,-0.187,0.39292084861641824,23,WEAK,Negative,False
DM,binary,Cefotaxime,ordinal,0.187,0.39292084861641824,23,WEAK,Positive,False
DM,binary,Z.A.only.E,binary,-0.187,0.39292084861641824,23,WEAK,Negative,False
Female,binary,Relapse.post.28.Day.Discharge,binary,-0.187,0.39292084861641824,23,WEAK,Negative,False
Bil,binary,Cefoperazone.Sulbactam,ordinal,0.187,0.39292084861641824,23,WEAK,Positive,False
Bil,binary,Cefotaxime,ordinal,0.187,0.39292084861641824,23,WEAK,Positive,False
Male,binary,COPD,binary,0.187,0.39292084861641824,23,WEAK,Positive,False
DM,binary,Other.CRO,binary,-0.187,0.39292084861641824,23,WEAK,Negative,False
Ceftazidime,ordinal,Ceftazidime.Avibactam.Aztreonam.T,binary,-0.187,0.39292084861641835,23,WEAK,Negative,False
Neutropenia,binary,Bil,binary,-0.187,0.39292084861641835,23,WEAK,Negative,False
Cefoperazone.Sulbactam,ordinal,Ceftazidime.Avibactam.Aztreonam.T,binary,-0.187,0.39292084861641835,23,WEAK,Negative,False
Female,binary,Cefoperazone.Sulbactam,ordinal,0.187,0.39292084861641824,23,WEAK,Positive,False
ALP,binary,Relapse.post.28.Day.Discharge,binary,0.187,0.39292084861641824,23,WEAK,Positive,False
DM,binary,SOFA,continuous,0.1868,0.39334306007909453,23,WEAK,Positive,False
Age,continuous,Fosfomycin,ordinal,0.1864,0.39451008266311605,23,WEAK,Positive,False
Urinary.Catheter.in.6.Months,binary,APACHEII,continuous,0.1862,0.3948675232542575,23,WEAK,Positive,False
Ceftazidime.Avibactam.T,binary,Total.Hospital.stay.in.28.days,continuous,0.1862,0.3948329244797889,23,WEAK,Positive,False
CV.Catheter.in.6.Months,binary,APACHEII,continuous,0.1862,0.3948675232542575,23,WEAK,Positive,False
Z.A.only.T,binary,Nitrofurantoin,ordinal,0.186,0.3955410142639417,23,WEAK,Positive,False
Overall.organ.support,binary,Total.Hospital.stay.in.28.days,continuous,0.1856,0.3963930411235184,23,WEAK,Positive,False
Gentamicin,ordinal,Minocycline,ordinal,0.1856,0.39640422441459183,23,WEAK,Positive,False
Chloramphenicol,ordinal,Tigecycline,ordinal,0.1854,0.39701513793113813,23,WEAK,Positive,False
Overall.organ.support,binary,Urea,continuous,-0.1853,0.397226719291322,23,WEAK,Negative,False
Age,continuous,Past.CREPA.infection,binary,0.1852,0.39762908703351574,23,WEAK,Positive,False
Female,binary,Urea,continuous,-0.1852,0.3974235909482389,23,WEAK,Negative,False
Male,binary,Urea,continuous,0.1852,0.3974235909482389,23,WEAK,Positive,False
Urea,continuous,Nitrofurantoin,ordinal,0.1852,0.39763357611800215,23,WEAK,Positive,False
Amikacin,ordinal,Ceftazidime,ordinal,0.1842,0.4000480276731845,23,WEAK,Positive,False
Endoscopy.in.1.week,binary,Amikacin,ordinal,-0.1842,0.4000480276731846,23,WEAK,Negative,False
Amikacin,ordinal,Meropenem,ordinal,0.1842,0.4000480276731845,23,WEAK,Positive,False
Amikacin,ordinal,Other.Illness.Leading.to.Hospitalization.post.28.Days.Discharge,binary,-0.1842,0.4000480276731845,23,WEAK,Negative,False
Amikacin,ordinal,Cefoperazone.Sulbactam,ordinal,0.1842,0.4000480276731845,23,WEAK,Positive,False
Amikacin,ordinal,Relapse.post.28.Day.Discharge,binary,-0.1842,0.4000480276731845,23,WEAK,Negative,False
Amikacin,ordinal,Mortality.in.Hospital,binary,-0.1842,0.4000480276731845,23,WEAK,Negative,False
Amikacin,ordinal,Cefotaxime,ordinal,0.1842,0.4000480276731845,23,WEAK,Positive,False
Amikacin,ordinal,Ertapenem,ordinal,0.1842,0.4000480276731845,23,WEAK,Positive,False
COPD,binary,Amikacin,ordinal,-0.1842,0.4000480276731846,23,WEAK,Negative,False
Neutropenia,binary,Amikacin,ordinal,-0.1842,0.4000480276731846,23,WEAK,Negative,False
Age,continuous,Lympho,binary,-0.184,0.4007299803799865,23,WEAK,Negative,False
Height,continuous,Lympho,binary,-0.1838,0.40108591559412804,23,WEAK,Negative,False
Neither.Abx.E,binary,Tigecycline,ordinal,0.1836,0.40175655719299774,23,WEAK,Positive,False
Neither.Abx.T,binary,Tigecycline,ordinal,0.1836,0.40175655719299774,23,WEAK,Positive,False
Trimethoprim.Sulfamethoxazole,ordinal,GW.Stay.in.28.Days,continuous,-0.1836,0.40165697817552953,23,WEAK,Negative,False
NDM,binary,Cefuroxime,ordinal,-0.1833,0.4023875352271522,23,WEAK,Negative,False
Hypothyroidism,binary,Solid.Organ,binary,0.1833,0.4023875352271522,23,WEAK,Positive,False
HAP.CRO,binary,Solid.Organ,binary,0.1833,0.4023875352271522,23,WEAK,Positive,False
UTI.CRO,binary,Cefuroxime,ordinal,0.1833,0.4023875352271522,23,WEAK,Positive,False
UTI.CRO,binary,P.C.Z.A.E,binary,-0.1833,0.4023875352271522,23,WEAK,Negative,False
Solid.Organ,binary,P.C.Z.A.E,binary,0.1833,0.4023875352271522,23,WEAK,Positive,False
NDM,binary,P.C.in.vitro,binary,0.1833,0.4023875352271522,23,WEAK,Positive,False
Hypothyroidism,binary,UTI.CRO,binary,-0.1833,0.4023875352271522,23,WEAK,Negative,False
P.C.in.vitro,binary,TLC,binary,0.1833,0.4023875352271522,23,WEAK,Positive,False
UTI.CRO,binary,HAP.CRO,binary,-0.1833,0.4023875352271522,23,WEAK,Negative,False
UTI.CRO,binary,Urinary.Catheter.in.6.Months,binary,-0.1833,0.4023875352271522,23,WEAK,Negative,False
UTI.CRO,binary,CV.Catheter.in.6.Months,binary,-0.1833,0.4023875352271522,23,WEAK,Negative,False
Solid.Organ,binary,Piperacillin.Tazobactam,ordinal,0.1832,0.4028824937113782,23,WEAK,Positive,False
UTI.CRO,binary,Doxycycline,ordinal,0.1832,0.4028824937113782,23,WEAK,Positive,False
Solid.Organ,binary,Doxycycline,ordinal,-0.1832,0.4028824937113782,23,WEAK,Negative,False
NDM,binary,Piperacillin.Tazobactam,ordinal,-0.1832,0.4028824937113782,23,WEAK,Negative,False
UTI.CRO,binary,Piperacillin.Tazobactam,ordinal,0.1832,0.4028824937113782,23,WEAK,Positive,False
NDM,binary,Doxycycline,ordinal,-0.1832,0.4028824937113782,23,WEAK,Negative,False
TLC,binary,Doxycycline,ordinal,0.1832,0.4028824937113782,23,WEAK,Positive,False
TLC,binary,Piperacillin.Tazobactam,ordinal,-0.1832,0.4028824937113782,23,WEAK,Negative,False
Colistin,ordinal,Overall.Mortality,binary,0.1826,0.4043613705203771,23,WEAK,Positive,False
Globulin,binary,Colistin,ordinal,-0.1826,0.4043613705203771,23,WEAK,Negative,False
Surgery.in.last.3.Months,binary,Colistin,ordinal,0.1826,0.4043613705203771,23,WEAK,Positive,False
Total.Protein,binary,Colistin,ordinal,-0.1826,0.4043613705203771,23,WEAK,Negative,False
Overall.organ.support,binary,Colistin,ordinal,-0.1826,0.4043613705203771,23,WEAK,Negative,False
Hemat.Malignancy,binary,ICU.Stay.in.28.Days,continuous,0.1825,0.40451943108313415,23,WEAK,Positive,False
Male,binary,SGPT,binary,-0.1823,0.4050464580750803,23,WEAK,Negative,False
Ventilation,binary,Sodium,binary,-0.1823,0.4050464580750803,23,WEAK,Negative,False
Ventilation,binary,Overall.Mortality,binary,0.1823,0.4050464580750803,23,WEAK,Positive,False
Bil,binary,Overall.Mortality,binary,0.1823,0.4050464580750803,23,WEAK,Positive,False
Hospitalization.in.past.6.Months,binary,Overall.organ.support,binary,-0.1823,0.4050464580750803,23,WEAK,Negative,False
Overall.organ.support,binary,Ceftazidime.Avibactam.Aztreonam.T,binary,0.1823,0.4050464580750803,23,WEAK,Positive,False
DM,binary,Globulin,binary,-0.1823,0.4050464580750803,23,WEAK,Negative,False
Surgery.in.last.3.Months,binary,Inotropes,binary,-0.1823,0.4050464580750803,23,WEAK,Negative,False
Z.A.invitro,binary,DM,binary,-0.1823,0.4050464580750803,23,WEAK,Negative,False
Sodium,binary,Ceftazidime.Avibactam.Aztreonam.T,binary,0.1823,0.4050464580750803,23,WEAK,Positive,False
Bil,binary,SGPT,binary,0.1823,0.4050464580750803,23,WEAK,Positive,False
Immunosuppressive.drugs.in.1.week,binary,ANC,binary,-0.1823,0.4050464580750803,23,WEAK,Negative,False
Male,binary,Z.A.invitro,binary,0.1823,0.4050464580750803,23,WEAK,Positive,False
Female,binary,SGPT,binary,0.1823,0.4050464580750803,23,WEAK,Positive,False
DM,binary,Overall.Mortality,binary,0.1823,0.4050464580750803,23,WEAK,Positive,False
Total.Protein,binary,ALP,binary,0.1823,0.4050464580750803,23,WEAK,Positive,False
ANC,binary,Ceftazidime.Avibactam.Aztreonam.T,binary,0.1823,0.4050464580750803,23,WEAK,Positive,False
Z.A.invitro,binary,Inotropes,binary,0.1823,0.4050464580750803,23,WEAK,Positive,False
Female,binary,Z.A.invitro,binary,-0.1823,0.4050464580750803,23,WEAK,Negative,False
Inotropes,binary,ANC,binary,0.1823,0.4050464580750803,23,WEAK,Positive,False
DM,binary,Sodium,binary,-0.1823,0.4050464580750803,23,WEAK,Negative,False
Inotropes,binary,SGPT,binary,-0.1823,0.4050464580750803,23,WEAK,Negative,False
Inotropes,binary,Total.Protein,binary,0.1823,0.4050464580750803,23,WEAK,Positive,False
Hospitalization.in.past.6.Months,binary,Sodium,binary,-0.1823,0.4050464580750803,23,WEAK,Negative,False
Surgery.in.last.3.Months,binary,Immunosuppressive.drugs.in.1.week,binary,0.1823,0.4050464580750803,23,WEAK,Positive,False
Hospitalization.in.past.6.Months,binary,ANC,binary,-0.1823,0.4050464580750803,23,WEAK,Negative,False
Lympho,binary,Clinical.Improvement,ordinal,0.1817,0.40678582273165936,23,WEAK,Positive,False
P.C.Z.A.E,binary,Nitrofurantoin,ordinal,-0.1815,0.40722695680427207,23,WEAK,Negative,False
Nitrofurantoin,ordinal,Cefuroxime,ordinal,0.1815,0.40722695680427207,23,WEAK,Positive,False
CV.Catheter.in.6.Months,binary,Nitrofurantoin,ordinal,-0.1815,0.40722695680427207,23,WEAK,Negative,False
Hypothyroidism,binary,Nitrofurantoin,ordinal,-0.1815,0.40722695680427207,23,WEAK,Negative,False
HAP.CRO,binary,Nitrofurantoin,ordinal,-0.1815,0.40722695680427207,23,WEAK,Negative,False
Urinary.Catheter.in.6.Months,binary,Nitrofurantoin,ordinal,-0.1815,0.40722695680427207,23,WEAK,Negative,False
Ceftazidime.Avibactam.Aztreonam.T,binary,GW.Stay.in.28.Days,continuous,-0.1814,0.4074965607461527,23,WEAK,Negative,False
Nitrofurantoin,ordinal,Piperacillin.Tazobactam,ordinal,0.1813,0.4077201805078534,23,WEAK,Positive,False
Hospitalization.in.past.6.Months,binary,Hb,binary,-0.1812,0.40808977393601015,23,WEAK,Negative,False
ALP,binary,Procalcitonin,binary,-0.1812,0.40808977393601015,23,WEAK,Negative,False
Past.CREPA.infection,binary,Ceftazidime.Avibactam.Aztreonam.T,binary,-0.1812,0.40808977393601015,23,WEAK,Negative,False
Past.CREPA.infection,binary,Inotropes,binary,-0.1812,0.40808977393601015,23,WEAK,Negative,False
Bil,binary,Ceftriaxone,ordinal,0.1812,0.40808977393601015,23,WEAK,Positive,False
Inotropes,binary,Ceftriaxone,ordinal,-0.1812,0.40808977393601015,23,WEAK,Negative,False
Inotropes,binary,Hb,binary,0.1812,0.40808977393601015,23,WEAK,Positive,False
Hb,binary,ALP,binary,0.1812,0.40808977393601015,23,WEAK,Positive,False
Hospitalization.in.past.6.Months,binary,Past.CREPA.infection,binary,0.1812,0.40808977393601015,23,WEAK,Positive,False
Globulin,binary,GW.Stay.in.28.Days,continuous,-0.1809,0.4086613380884221,23,WEAK,Negative,False
SOFA,continuous,TLC,binary,0.1808,0.4090900041006956,23,WEAK,Positive,False
APACHEII,continuous,Colistin,ordinal,0.1808,0.40897717696921726,23,WEAK,Positive,False
ALP,binary,Tigecycline,ordinal,0.1805,0.40991540670365223,23,WEAK,Positive,False
SOFA,continuous,Ceftazidime.Avibactam.Aztreonam.T,binary,0.1802,0.41075520281243316,23,WEAK,Positive,False
BSI.CRO,binary,Minocycline,ordinal,-0.1801,0.41099619242294544,23,WEAK,Negative,False
Ceftazidime.Avibactam.Aztreonam.T,binary,Ceftazidime.Avibactam.Aztreonam.Synergy.T,ordinal,-0.18,0.41121298959657365,23,WEAK,Negative,False
Z.A.invitro,binary,SOFA,continuous,0.1797,0.41191711715759965,23,WEAK,Positive,False
Globulin,binary,Amikacin,ordinal,0.1796,0.41211275498954747,23,WEAK,Positive,False
Surgery.in.last.3.Months,binary,Amikacin,ordinal,-0.1796,0.41211275498954747,23,WEAK,Negative,False
Z.A.invitro,binary,Amikacin,ordinal,0.1796,0.41211275498954747,23,WEAK,Positive,False
Height,continuous,Solid.Organ,binary,-0.1793,0.41312498664999847,23,WEAK,Negative,False
Chloramphenicol,ordinal,Ceftazidime.Avibactam,binary,0.1787,0.4145230941483791,23,WEAK,Positive,False
Potassium,binary,Chloramphenicol,ordinal,-0.1787,0.4145230941483791,23,WEAK,Negative,False
Z.A.only.T,binary,Chloramphenicol,ordinal,0.1787,0.4145230941483791,23,WEAK,Positive,False
Chloramphenicol,ordinal,Mortality.in.ICU,binary,0.1787,0.4145230941483791,23,WEAK,Positive,False
SGPT,binary,Total.Protein,binary,-0.1786,0.41494432633139505,23,WEAK,Negative,False
Overall.organ.support,binary,SGPT,binary,-0.1786,0.41494432633139505,23,WEAK,Negative,False
Z.A.invitro,binary,Overall.Mortality,binary,-0.1786,0.41494432633139505,23,WEAK,Negative,False
Total.Protein,binary,Globulin,binary,0.1786,0.41494432633139505,23,WEAK,Positive,False
SGPT,binary,Sodium,binary,-0.1786,0.41494432633139505,23,WEAK,Negative,False
Z.A.invitro,binary,SGPT,binary,-0.1786,0.41494432633139505,23,WEAK,Negative,False
Surgery.in.last.3.Months,binary,Globulin,binary,-0.1786,0.41494432633139505,23,WEAK,Negative,False
Overall.organ.support,binary,ANC,binary,0.1786,0.41494432633139505,23,WEAK,Positive,False
Surgery.in.last.3.Months,binary,Overall.organ.support,binary,-0.1786,0.41494432633139505,23,WEAK,Negative,False
Globulin,binary,Overall.Mortality,binary,-0.1786,0.41494432633139505,23,WEAK,Negative,False
Z.A.invitro,binary,Overall.organ.support,binary,0.1786,0.41494432633139505,23,WEAK,Positive,False
Age,continuous,Overall.Mortality,binary,-0.1783,0.4155912912360024,23,WEAK,Negative,False
Minocycline,ordinal,Ceftazidime.Avibactam.T,binary,0.1782,0.4158910434895182,23,WEAK,Positive,False
Height,continuous,Piperacillin.Tazobactam,ordinal,-0.178,0.41658680005483356,23,WEAK,Negative,False
Past.CREPA.infection,binary,GW.Stay.in.28.Days,continuous,0.178,0.41646581736764615,23,WEAK,Positive,False
Z.A.invitro,binary,UTI.CRO,binary,0.1778,0.4170908783808559,23,WEAK,Positive,False
NDM,binary,Globulin,binary,-0.1778,0.4170908783808559,23,WEAK,Negative,False
Z.A.invitro,binary,Solid.Organ,binary,-0.1778,0.4170908783808559,23,WEAK,Negative,False
TLC,binary,Sodium,binary,-0.1778,0.4170908783808559,23,WEAK,Negative,False
Z.A.invitro,binary,TLC,binary,-0.1778,0.4170908783808559,23,WEAK,Negative,False
NDM,binary,Overall.Mortality,binary,0.1778,0.4170908783808559,23,WEAK,Positive,False
UTI.CRO,binary,Globulin,binary,0.1778,0.4170908783808559,23,WEAK,Positive,False
Solid.Organ,binary,SGPT,binary,0.1778,0.4170908783808559,23,WEAK,Positive,False
UTI.CRO,binary,SGPT,binary,-0.1778,0.4170908783808559,23,WEAK,Negative,False
NDM,binary,Overall.organ.support,binary,-0.1778,0.4170908783808559,23,WEAK,Negative,False
Overall.organ.support,binary,Solid.Organ,binary,-0.1778,0.4170908783808559,23,WEAK,Negative,False
Past.CREPA.infection,binary,Hemat.Malignancy,binary,-0.1777,0.41724967118716644,23,WEAK,Negative,False
Any.Fungal.Infection,binary,Procalcitonin,binary,-0.1777,0.4172496711871665,23,WEAK,Negative,False
Past.CREPA.infection,binary,P.C.only.E,binary,-0.1777,0.41724967118716644,23,WEAK,Negative,False
Hb,binary,Neither.Abx.T,binary,0.1777,0.41724967118716644,23,WEAK,Positive,False
Neither.Abx.E,binary,Ceftriaxone,ordinal,-0.1777,0.4172496711871665,23,WEAK,Negative,False
Hemat.Malignancy,binary,Hb,binary,0.1777,0.4172496711871665,23,WEAK,Positive,False
Any.Fungal.Infection,binary,Ceftriaxone,ordinal,-0.1777,0.4172496711871665,23,WEAK,Negative,False
Neither.Abx.T,binary,Ceftriaxone,ordinal,-0.1777,0.4172496711871665,23,WEAK,Negative,False
Procalcitonin,binary,Neither.Abx.E,binary,-0.1777,0.41724967118716644,23,WEAK,Negative,False
P.C.only.E,binary,Ceftriaxone,ordinal,-0.1777,0.4172496711871665,23,WEAK,Negative,False
Past.CREPA.infection,binary,Any.Fungal.Infection,binary,-0.1777,0.41724967118716644,23,WEAK,Negative,False
Past.CREPA.infection,binary,P.C.only.T,binary,-0.1777,0.41724967118716644,23,WEAK,Negative,False
Albumin,binary,Ceftriaxone,ordinal,0.1777,0.4172496711871665,23,WEAK,Positive,False
Hemat.Malignancy,binary,Ceftriaxone,ordinal,-0.1777,0.4172496711871665,23,WEAK,Negative,False
Hb,binary,Neither.Abx.E,binary,0.1777,0.41724967118716644,23,WEAK,Positive,False
Any.Fungal.Infection,binary,Hb,binary,0.1777,0.4172496711871665,23,WEAK,Positive,False
Procalcitonin,binary,Neither.Abx.T,binary,-0.1777,0.41724967118716644,23,WEAK,Negative,False
Procalcitonin,binary,P.C.only.E,binary,-0.1777,0.41724967118716644,23,WEAK,Negative,False
Any.Fungal.Infection,binary,Trimethoprim.Sulfamethoxazole,ordinal,0.1773,0.41827605679539964,23,WEAK,Positive,False
P.C.only.E,binary,Trimethoprim.Sulfamethoxazole,ordinal,0.1773,0.41827605679539964,23,WEAK,Positive,False
Neither.Abx.E,binary,Trimethoprim.Sulfamethoxazole,ordinal,0.1773,0.41827605679539964,23,WEAK,Positive,False
Neither.Abx.T,binary,Trimethoprim.Sulfamethoxazole,ordinal,0.1773,0.41827605679539964,23,WEAK,Positive,False
Urea,continuous,Mortality.post.28.Day.Discharge,binary,-0.1769,0.4193751157894767,23,WEAK,Negative,False
Urea,continuous,Z.A.only.E,binary,-0.1769,0.4193751157894767,23,WEAK,Negative,False
DM,binary,Mortality.in.ICU,binary,0.1757,0.422728746061838,23,WEAK,Positive,False
Bil,binary,P.C.Z.A.T,binary,0.1757,0.422728746061838,23,WEAK,Positive,False
Potassium,binary,Ceftazidime.Avibactam.Aztreonam.T,binary,-0.1757,0.4227287460618381,23,WEAK,Negative,False
Ventilation,binary,Ceftazidime.Avibactam,binary,0.1757,0.422728746061838,23,WEAK,Positive,False
Immunosuppressive.drugs.in.1.week,binary,Mortality.in.ICU,binary,0.1757,0.422728746061838,23,WEAK,Positive,False
Immunosuppressive.drugs.in.1.week,binary,Ceftazidime.Avibactam,binary,0.1757,0.422728746061838,23,WEAK,Positive,False
Male,binary,Potassium,binary,-0.1757,0.422728746061838,23,WEAK,Negative,False
Ventilation,binary,Potassium,binary,0.1757,0.422728746061838,23,WEAK,Positive,False
Female,binary,Potassium,binary,0.1757,0.422728746061838,23,WEAK,Positive,False
Hospitalization.in.past.6.Months,binary,Z.A.only.T,binary,0.1757,0.422728746061838,23,WEAK,Positive,False
Ceftriaxone,ordinal,Total.Hospital.stay.in.28.days,continuous,0.1756,0.422885638264789,23,WEAK,Positive,False
Height,continuous,Ceftriaxone,ordinal,0.1753,0.42370275698690735,23,WEAK,Positive,False
Age,continuous,Hypothyroidism,binary,0.1747,0.42522794244940554,23,WEAK,Positive,False
Minocycline,ordinal,Mortality.in.Hospital,binary,-0.1734,0.4287332450472263,23,WEAK,Negative,False
Other.CRO,binary,Minocycline,ordinal,-0.1734,0.4287332450472263,23,WEAK,Negative,False
Z.A.only.E,binary,Minocycline,ordinal,-0.1734,0.4287332450472263,23,WEAK,Negative,False
Amoxicillin.Clavulanic.Acid,ordinal,Minocycline,ordinal,0.1734,0.4287332450472263,23,WEAK,Positive,False
Height,continuous,Albumin,binary,-0.1731,0.42972996186257606,23,WEAK,Negative,False
Urea,continuous,P.C.only.T,binary,0.1731,0.42972996186257606,23,WEAK,Positive,False
NDM,binary,Platelet,binary,0.1724,0.4316115408619263,23,WEAK,Positive,False
Solid.Organ,binary,Magnesium,binary,-0.1724,0.4316115408619263,23,WEAK,Negative,False
Hospitalization.in.past.6.Months,binary,Urea,continuous,0.172,0.4325538359526272,23,WEAK,Positive,False
Bil,binary,P.C.only.E,binary,-0.171,0.43523689811761856,23,WEAK,Negative,False
Immunosuppressive.drugs.in.1.week,binary,Neither.Abx.E,binary,-0.171,0.43523689811761856,23,WEAK,Negative,False
Inotropes,binary,Any.Fungal.Infection,binary,0.171,0.43523689811761856,23,WEAK,Positive,False
Hemat.Malignancy,binary,Ceftazidime.Avibactam.Aztreonam.T,binary,0.171,0.43523689811761856,23,WEAK,Positive,False
Immunosuppressive.drugs.in.1.week,binary,Neither.Abx.T,binary,-0.171,0.43523689811761856,23,WEAK,Negative,False
Immunosuppressive.drugs.in.1.week,binary,P.C.only.T,binary,-0.171,0.43523689811761856,23,WEAK,Negative,False
Male,binary,Any.Fungal.Infection,binary,0.171,0.43523689811761856,23,WEAK,Positive,False
ALP,binary,P.C.only.E,binary,0.171,0.43523689811761856,23,WEAK,Positive,False
Hemat.Malignancy,binary,Bil,binary,-0.171,0.43523689811761856,23,WEAK,Negative,False
Female,binary,Any.Fungal.Infection,binary,-0.171,0.43523689811761856,23,WEAK,Negative,False
Hospitalization.in.past.6.Months,binary,P.C.only.T,binary,-0.171,0.43523689811761856,23,WEAK,Negative,False
Any.Fungal.Infection,binary,ALP,binary,0.171,0.43523689811761856,23,WEAK,Positive,False
Ventilation,binary,P.C.only.T,binary,-0.171,0.43523689811761856,23,WEAK,Negative,False
Hospitalization.in.past.6.Months,binary,Any.Fungal.Infection,binary,-0.171,0.43523689811761856,23,WEAK,Negative,False
Any.Fungal.Infection,binary,Ceftazidime.Avibactam.Aztreonam.T,binary,0.171,0.43523689811761856,23,WEAK,Positive,False
Neutropenia,binary,Creatinine,binary,0.1709,0.4354778629768453,23,WEAK,Positive,False
COPD,binary,Creatinine,binary,0.1709,0.4354778629768453,23,WEAK,Positive,False
IAI.CRO,binary,Ertapenem,ordinal,0.1709,0.4354778629768453,23,WEAK,Positive,False
IAI.CRO,binary,Endoscopy.in.1.week,binary,-0.1709,0.4354778629768453,23,WEAK,Negative,False
IAI.CRO,binary,Ceftazidime,ordinal,0.1709,0.4354778629768453,23,WEAK,Positive,False
Calcium,binary,Cefotaxime,ordinal,-0.1709,0.4354778629768453,23,WEAK,Negative,False
Calcium,binary,Mortality.post.28.Day.Discharge,binary,0.1709,0.4354778629768453,23,WEAK,Positive,False
IAI.CRO,binary,Meropenem,ordinal,0.1709,0.4354778629768453,23,WEAK,Positive,False
Calcium,binary,Mortality.in.Hospital,binary,0.1709,0.4354778629768453,23,WEAK,Positive,False
Creatinine,binary,Ertapenem,ordinal,-0.1709,0.4354778629768453,23,WEAK,Negative,False
Calcium,binary,Meropenem,ordinal,-0.1709,0.4354778629768453,23,WEAK,Negative,False
Calcium,binary,Cefoperazone.Sulbactam,ordinal,-0.1709,0.4354778629768453,23,WEAK,Negative,False
Calcium,binary,Amoxicillin.Clavulanic.Acid,ordinal,-0.1709,0.4354778629768453,23,WEAK,Negative,False
Endoscopy.in.1.week,binary,Creatinine,binary,0.1709,0.4354778629768453,23,WEAK,Positive,False
OXA48,binary,Meropenem,ordinal,-0.1709,0.4354778629768453,23,WEAK,Negative,False
IAI.CRO,binary,Amoxicillin.Clavulanic.Acid,ordinal,0.1709,0.4354778629768453,23,WEAK,Positive,False
OXA48,binary,Z.A.only.E,binary,0.1709,0.4354778629768453,23,WEAK,Positive,False
Neutropenia,binary,Calcium,binary,0.1709,0.4354778629768453,23,WEAK,Positive,False
IAI.CRO,binary,Cefotaxime,ordinal,0.1709,0.4354778629768453,23,WEAK,Positive,False
Creatinine,binary,Z.A.only.E,binary,0.1709,0.4354778629768453,23,WEAK,Positive,False
IAI.CRO,binary,Mortality.in.Hospital,binary,-0.1709,0.4354778629768453,23,WEAK,Negative,False
Creatinine,binary,Amoxicillin.Clavulanic.Acid,ordinal,-0.1709,0.4354778629768453,23,WEAK,Negative,False
Calcium,binary,Ceftazidime,ordinal,-0.1709,0.4354778629768453,23,WEAK,Negative,False
Other.CRO,binary,Creatinine,binary,0.1709,0.4354778629768453,23,WEAK,Positive,False
Other.CRO,binary,Calcium,binary,0.1709,0.4354778629768453,23,WEAK,Positive,False
IAI.CRO,binary,Cefoperazone.Sulbactam,ordinal,0.1709,0.4354778629768453,23,WEAK,Positive,False
OXA48,binary,Mortality.in.Hospital,binary,0.1709,0.4354778629768453,23,WEAK,Positive,False
Creatinine,binary,Meropenem,ordinal,-0.1709,0.4354778629768453,23,WEAK,Negative,False
OXA48,binary,Mortality.post.28.Day.Discharge,binary,0.1709,0.4354778629768453,23,WEAK,Positive,False
OXA48,binary,Other.Illness.Leading.to.Hospitalization.post.28.Days.Discharge,binary,0.1709,0.4354778629768453,23,WEAK,Positive,False
OXA48,binary,Relapse.post.28.Day.Discharge,binary,0.1709,0.4354778629768453,23,WEAK,Positive,False
Creatinine,binary,Cefotaxime,ordinal,-0.1709,0.4354778629768453,23,WEAK,Negative,False
Creatinine,binary,Cefoperazone.Sulbactam,ordinal,-0.1709,0.4354778629768453,23,WEAK,Negative,False
IAI.CRO,binary,Neutropenia,binary,-0.1709,0.4354778629768453,23,WEAK,Negative,False
Creatinine,binary,Ceftazidime,ordinal,-0.1709,0.4354778629768453,23,WEAK,Negative,False
IAI.CRO,binary,Other.CRO,binary,-0.1709,0.4354778629768453,23,WEAK,Negative,False
Creatinine,binary,Mortality.in.Hospital,binary,0.1709,0.4354778629768453,23,WEAK,Positive,False
COPD,binary,Calcium,binary,0.1709,0.4354778629768453,23,WEAK,Positive,False
Calcium,binary,GW.Stay.in.28.Days,continuous,-0.1706,0.4364112416641726,23,WEAK,Negative,False
Hypothyroidism,binary,TLC,binary,-0.1681,0.4433650147108447,23,WEAK,Negative,False
HAP.CRO,binary,TLC,binary,-0.1681,0.4433650147108447,23,WEAK,Negative,False
Age,continuous,IAI.CRO,binary,-0.1681,0.4431784909299333,23,WEAK,Negative,False
NDM,binary,HAP.CRO,binary,-0.1681,0.4433650147108447,23,WEAK,Negative,False
Solid.Organ,binary,Fosfomycin,ordinal,-0.1681,0.4433650147108447,23,WEAK,Negative,False
Solid.Organ,binary,Cefuroxime,ordinal,0.1681,0.4433650147108447,23,WEAK,Positive,False
TLC,binary,P.C.Z.A.E,binary,-0.1681,0.4433650147108447,23,WEAK,Negative,False
CV.Catheter.in.6.Months,binary,Solid.Organ,binary,-0.1681,0.4433650147108447,23,WEAK,Negative,False
CV.Catheter.in.6.Months,binary,TLC,binary,-0.1681,0.4433650147108447,23,WEAK,Negative,False
NDM,binary,Hypothyroidism,binary,-0.1681,0.4433650147108447,23,WEAK,Negative,False
TLC,binary,Cefuroxime,ordinal,0.1681,0.4433650147108447,23,WEAK,Positive,False
NDM,binary,Fosfomycin,ordinal,-0.1681,0.4433650147108447,23,WEAK,Negative,False
Urinary.Catheter.in.6.Months,binary,TLC,binary,-0.1681,0.4433650147108447,23,WEAK,Negative,False
TLC,binary,Fosfomycin,ordinal,-0.1681,0.4433650147108447,23,WEAK,Negative,False
UTI.CRO,binary,Fosfomycin,ordinal,0.1681,0.4433650147108447,23,WEAK,Positive,False
P.C.in.vitro,binary,Solid.Organ,binary,-0.1681,0.4433650147108447,23,WEAK,Negative,False
Urinary.Catheter.in.6.Months,binary,Solid.Organ,binary,-0.1681,0.4433650147108447,23,WEAK,Negative,False
TLC,binary,Chloramphenicol,ordinal,0.1679,0.44384321903860696,23,WEAK,Positive,False
Weight,continuous,Creatinine,binary,0.1679,0.44375073315255836,23,WEAK,Positive,False
Solid.Organ,binary,Chloramphenicol,ordinal,-0.1679,0.44384321903860696,23,WEAK,Negative,False
Nitrofurantoin,ordinal,Ceftazidime.Avibactam.Aztreonam.Synergy.T,ordinal,0.1673,0.445595612949695,23,WEAK,Positive,False
Solid.Organ,binary,P.C.Z.A.T,binary,-0.167,0.446310147376749,23,WEAK,Negative,False
Solid.Organ,binary,Ceftazidime.Avibactam,binary,-0.167,0.446310147376749,23,WEAK,Negative,False
UTI.CRO,binary,Z.A.only.T,binary,0.167,0.446310147376749,23,WEAK,Positive,False
Any.Viral.Infection,binary,SOFA,continuous,0.1667,0.4471891034061514,23,WEAK,Positive,False
Calcium,binary,Minocycline,ordinal,0.1667,0.4471933557283226,23,WEAK,Positive,False
Trimethoprim.Sulfamethoxazole,ordinal,Ceftazidime.Avibactam.Aztreonam.Synergy.T,ordinal,0.1662,0.4485697300151323,23,WEAK,Positive,False
Hb,binary,Urea,continuous,0.1656,0.45029474809225356,23,WEAK,Positive,False
Age,continuous,Female,binary,0.1655,0.45038188892282194,23,WEAK,Positive,False
Age,continuous,Male,binary,-0.1655,0.45038188892282194,23,WEAK,Negative,False
Hospitalization.in.past.6.Months,binary,APACHEII,continuous,0.1654,0.45072300022820105,23,WEAK,Positive,False
APACHEII,continuous,Polymyxin.Colistin.Inclusion.T,binary,0.1653,0.45109056191594304,23,WEAK,Positive,False
Weight,continuous,Polymyxin.Colistin.Inclusion.T,binary,-0.1652,0.4513175381052942,23,WEAK,Negative,False
Magnesium,binary,ICU.Stay.in.28.Days,continuous,0.1649,0.4521731581137817,23,WEAK,Positive,False
HTN,binary,Colistin,ordinal,0.1646,0.45285045428342147,23,WEAK,Positive,False
Any.Viral.Infection,binary,Colistin,ordinal,0.1646,0.45285045428342147,23,WEAK,Positive,False
Solid.Organ,binary,Total.Hospital.stay.in.28.days,continuous,0.1646,0.45293266949656436,23,WEAK,Positive,False
Colistin,ordinal,Ceftazidime.Avibactam.T,binary,-0.1646,0.45285045428342147,23,WEAK,Negative,False
Magnesium,binary,Total.Hospital.stay.in.28.days,continuous,0.1644,0.45342787163602005,23,WEAK,Positive,False
Weight,continuous,Any.Fungal.Infection,binary,-0.1643,0.4537171934266063,23,WEAK,Negative,False
Ertapenem,ordinal,Ceftazidime.Avibactam.Aztreonam.Synergy.T,ordinal,-0.1641,0.45443584273090076,23,WEAK,Negative,False
Neutropenia,binary,Ceftazidime.Avibactam.Aztreonam.Synergy.T,ordinal,0.1641,0.45443584273090076,23,WEAK,Positive,False
Cefotaxime,ordinal,Ceftazidime.Avibactam.Aztreonam.Synergy.T,ordinal,-0.1641,0.45443584273090076,23,WEAK,Negative,False
Female,binary,IAI.CRO,binary,-0.1641,0.4543867404753925,23,WEAK,Negative,False
Endoscopy.in.1.week,binary,Ceftazidime.Avibactam.Aztreonam.Synergy.T,ordinal,0.1641,0.45443584273090076,23,WEAK,Positive,False
Other.CRO,binary,Ceftazidime.Avibactam.Aztreonam.Synergy.T,ordinal,0.1641,0.45443584273090076,23,WEAK,Positive,False
Immunosuppressive.drugs.in.1.week,binary,Calcium,binary,0.1641,0.4543867404753925,23,WEAK,Positive,False
Ceftazidime,ordinal,Ceftazidime.Avibactam.Aztreonam.Synergy.T,ordinal,-0.1641,0.45443584273090076,23,WEAK,Negative,False
Ventilation,binary,Calcium,binary,0.1641,0.4543867404753925,23,WEAK,Positive,False
IAI.CRO,binary,Immunosuppressive.drugs.in.1.week,binary,-0.1641,0.4543867404753925,23,WEAK,Negative,False
IAI.CRO,binary,ALP,binary,0.1641,0.4543867404753925,23,WEAK,Positive,False
Amoxicillin.Clavulanic.Acid,ordinal,Ceftazidime.Avibactam.Aztreonam.Synergy.T,ordinal,-0.1641,0.45443584273090076,23,WEAK,Negative,False
Cefoperazone.Sulbactam,ordinal,Ceftazidime.Avibactam.Aztreonam.Synergy.T,ordinal,-0.1641,0.45443584273090076,23,WEAK,Negative,False
Z.A.only.E,binary,Ceftazidime.Avibactam.Aztreonam.Synergy.T,ordinal,0.1641,0.45443584273090076,23,WEAK,Positive,False
Male,binary,IAI.CRO,binary,0.1641,0.4543867404753925,23,WEAK,Positive,False
Meropenem,ordinal,Ceftazidime.Avibactam.Aztreonam.Synergy.T,ordinal,-0.1641,0.45443584273090076,23,WEAK,Negative,False
Height,continuous,SGPT,binary,-0.1639,0.45478455588420585,23,WEAK,Negative,False
Gentamicin,ordinal,Ceftazidime.Avibactam,binary,0.1636,0.45578168730937235,23,WEAK,Positive,False
BSI.CRO,binary,Ceftazidime.Avibactam.T,binary,0.1636,0.45578168730937246,23,WEAK,Positive,False
Polymyxin.Colistin.Inclusion.T,binary,Mortality.in.ICU,binary,0.1636,0.45578168730937235,23,WEAK,Positive,False
Any.Viral.Infection,binary,Potassium,binary,-0.1636,0.45578168730937235,23,WEAK,Negative,False
Ceftazidime.Avibactam,binary,Polymyxin.Colistin.Inclusion.T,binary,0.1636,0.45578168730937246,23,WEAK,Positive,False
HTN,binary,Z.A.only.T,binary,-0.1636,0.45578168730937235,23,WEAK,Negative,False
BSI.CRO,binary,Polymyxin.Colistin.Inclusion.T,binary,0.1636,0.45578168730937246,23,WEAK,Positive,False
Z.A.only.T,binary,Gentamicin,ordinal,0.1636,0.45578168730937246,23,WEAK,Positive,False
Ceftazidime.Avibactam.T,binary,Mortality.in.ICU,binary,0.1636,0.45578168730937235,23,WEAK,Positive,False
HTN,binary,Mortality.in.ICU,binary,-0.1636,0.45578168730937235,23,WEAK,Negative,False
HTN,binary,BSI.CRO,binary,-0.1636,0.45578168730937235,23,WEAK,Negative,False
HTN,binary,Ceftazidime.Avibactam,binary,-0.1636,0.45578168730937235,23,WEAK,Negative,False
Past.CREPA.infection,binary,Albumin,binary,-0.1629,0.45770113180183614,23,WEAK,Negative,False
P.C.only.T,binary,Ceftriaxone,ordinal,0.1629,0.45770113180183614,23,WEAK,Positive,False
Hb,binary,Albumin,binary,0.1629,0.45770113180183614,23,WEAK,Positive,False
Procalcitonin,binary,P.C.only.T,binary,0.1629,0.45770113180183614,23,WEAK,Positive,False
Hb,binary,P.C.only.E,binary,-0.1629,0.45770113180183614,23,WEAK,Negative,False
OXA48,binary,Tigecycline,ordinal,0.1629,0.4575625341161712,23,WEAK,Positive,False
Albumin,binary,Procalcitonin,binary,-0.1629,0.45770113180183614,23,WEAK,Negative,False
Hemat.Malignancy,binary,Procalcitonin,binary,0.1629,0.45770113180183614,23,WEAK,Positive,False
P.C.Z.A.T,binary,Fosfomycin,ordinal,-0.1627,0.45838963222142604,23,WEAK,Negative,False
BSI.CRO,binary,P.C.Z.A.E,binary,-0.1627,0.45838963222142604,23,WEAK,Negative,False
BSI.CRO,binary,Fosfomycin,ordinal,-0.1627,0.45838963222142604,23,WEAK,Negative,False
OXA48,binary,HTN,binary,-0.1627,0.458389632221426,23,WEAK,Negative,False
CV.Catheter.in.6.Months,binary,P.C.Z.A.T,binary,-0.1627,0.45838963222142604,23,WEAK,Negative,False
CV.Catheter.in.6.Months,binary,Potassium,binary,-0.1627,0.45838963222142604,23,WEAK,Negative,False
Hypothyroidism,binary,Mortality.in.ICU,binary,-0.1627,0.45838963222142604,23,WEAK,Negative,False
Cefuroxime,ordinal,Ceftazidime.Avibactam,binary,0.1627,0.45838963222142604,23,WEAK,Positive,False
Cefuroxime,ordinal,Mortality.in.ICU,binary,0.1627,0.45838963222142604,23,WEAK,Positive,False
Urinary.Catheter.in.6.Months,binary,P.C.Z.A.T,binary,-0.1627,0.45838963222142604,23,WEAK,Negative,False
Urinary.Catheter.in.6.Months,binary,Potassium,binary,-0.1627,0.45838963222142604,23,WEAK,Negative,False
OXA48,binary,Gentamicin,ordinal,0.1627,0.458389632221426,23,WEAK,Positive,False
P.C.in.vitro,binary,P.C.Z.A.T,binary,-0.1627,0.45838963222142604,23,WEAK,Negative,False
Urinary.Catheter.in.6.Months,binary,Mortality.in.ICU,binary,-0.1627,0.45838963222142604,23,WEAK,Negative,False
P.C.in.vitro,binary,Potassium,binary,-0.1627,0.45838963222142604,23,WEAK,Negative,False
P.C.in.vitro,binary,BSI.CRO,binary,-0.1627,0.45838963222142604,23,WEAK,Negative,False
P.C.in.vitro,binary,Ceftazidime.Avibactam,binary,-0.1627,0.45838963222142604,23,WEAK,Negative,False
HAP.CRO,binary,BSI.CRO,binary,-0.1627,0.45838963222142604,23,WEAK,Negative,False
Any.Viral.Infection,binary,Creatinine,binary,-0.1627,0.458389632221426,23,WEAK,Negative,False
Creatinine,binary,Gentamicin,ordinal,0.1627,0.458389632221426,23,WEAK,Positive,False
Creatinine,binary,Polymyxin.Colistin.Inclusion.T,binary,0.1627,0.458389632221426,23,WEAK,Positive,False
HAP.CRO,binary,Z.A.only.T,binary,-0.1627,0.45838963222142604,23,WEAK,Negative,False
HAP.CRO,binary,P.C.Z.A.T,binary,-0.1627,0.45838963222142604,23,WEAK,Negative,False
Potassium,binary,Fosfomycin,ordinal,-0.1627,0.45838963222142604,23,WEAK,Negative,False
Potassium,binary,Cefuroxime,ordinal,0.1627,0.45838963222142604,23,WEAK,Positive,False
CV.Catheter.in.6.Months,binary,Mortality.in.ICU,binary,-0.1627,0.45838963222142604,23,WEAK,Negative,False
HAP.CRO,binary,Mortality.in.ICU,binary,-0.1627,0.45838963222142604,23,WEAK,Negative,False
Potassium,binary,P.C.Z.A.E,binary,-0.1627,0.45838963222142604,23,WEAK,Negative,False
HTN,binary,Creatinine,binary,-0.1627,0.458389632221426,23,WEAK,Negative,False
P.C.Z.A.E,binary,P.C.Z.A.T,binary,-0.1627,0.45838963222142604,23,WEAK,Negative,False
Hypothyroidism,binary,BSI.CRO,binary,-0.1627,0.45838963222142604,23,WEAK,Negative,False
P.C.Z.A.E,binary,Mortality.in.ICU,binary,-0.1627,0.45838963222142604,23,WEAK,Negative,False
P.C.Z.A.E,binary,Z.A.only.T,binary,-0.1627,0.45838963222142604,23,WEAK,Negative,False
Hypothyroidism,binary,Potassium,binary,-0.1627,0.45838963222142604,23,WEAK,Negative,False
Piperacillin.Tazobactam,ordinal,Ceftazidime.Avibactam,binary,0.1625,0.45886059084091463,23,WEAK,Positive,False
BSI.CRO,binary,Doxycycline,ordinal,-0.1625,0.45886059084091463,23,WEAK,Negative,False
P.C.Z.A.T,binary,Doxycycline,ordinal,-0.1625,0.45886059084091463,23,WEAK,Negative,False
Potassium,binary,Piperacillin.Tazobactam,ordinal,0.1625,0.45886059084091463,23,WEAK,Positive,False
Potassium,binary,Doxycycline,ordinal,-0.1625,0.45886059084091463,23,WEAK,Negative,False
Piperacillin.Tazobactam,ordinal,Mortality.in.ICU,binary,0.1625,0.45886059084091463,23,WEAK,Positive,False
Other.CRO,binary,SOFA,continuous,-0.1622,0.45966365564222056,23,WEAK,Negative,False
SOFA,continuous,Amoxicillin.Clavulanic.Acid,ordinal,0.1622,0.45966365564222056,23,WEAK,Positive,False
SOFA,continuous,Z.A.only.E,binary,-0.1622,0.45966365564222056,23,WEAK,Negative,False
Past.CREPA.infection,binary,Clinical.Improvement,ordinal,0.1617,0.4611457688511822,23,WEAK,Positive,False
Z.A.only.E,binary,ICU.Stay.in.28.Days,continuous,0.1615,0.4614860927442414,23,WEAK,Positive,False
Gentamicin,ordinal,GW.Stay.in.28.Days,continuous,0.1608,0.4635109515466003,23,WEAK,Positive,False
Ceftazidime.Avibactam.T,binary,GW.Stay.in.28.Days,continuous,-0.1608,0.4635109515466003,23,WEAK,Negative,False
COPD,binary,Urea,continuous,0.1608,0.4635147844839607,23,WEAK,Positive,False
Weight,continuous,Other.Illness.Leading.to.Hospitalization.post.28.Days.Discharge,binary,-0.1607,0.463738803238689,23,WEAK,Negative,False
Weight,continuous,Relapse.post.28.Day.Discharge,binary,-0.1607,0.463738803238689,23,WEAK,Negative,False
Overall.organ.support,binary,Chloramphenicol,ordinal,0.1602,0.4652285935522681,23,WEAK,Positive,False
Z.A.invitro,binary,Chloramphenicol,ordinal,-0.1602,0.4652285935522681,23,WEAK,Negative,False
Globulin,binary,Chloramphenicol,ordinal,0.1602,0.4652285935522681,23,WEAK,Positive,False
Sodium,binary,Chloramphenicol,ordinal,0.1602,0.4652285935522681,23,WEAK,Positive,False
SGPT,binary,Chloramphenicol,ordinal,0.1602,0.4652285935522681,23,WEAK,Positive,False
Total.Protein,binary,Chloramphenicol,ordinal,0.1602,0.4652285935522681,23,WEAK,Positive,False
Inotropes,binary,Total.Hospital.stay.in.28.days,continuous,0.1591,0.46850348036329825,23,WEAK,Positive,False
Hemat.Malignancy,binary,Amikacin,ordinal,-0.1586,0.4698064947317375,23,WEAK,Negative,False
Any.Fungal.Infection,binary,Amikacin,ordinal,-0.1586,0.4698064947317375,23,WEAK,Negative,False
APACHEII,continuous,Ceftazidime.Avibactam.Aztreonam.Synergy.T,ordinal,-0.1584,0.4702526335769645,23,WEAK,Negative,False
Weight,continuous,Any.Viral.Infection,binary,-0.1583,0.4706488028390985,23,WEAK,Negative,False
Immunosuppressive.drugs.in.1.week,binary,Trimethoprim.Sulfamethoxazole,ordinal,-0.1582,0.4710104380384987,23,WEAK,Negative,False
Ventilation,binary,Trimethoprim.Sulfamethoxazole,ordinal,-0.1582,0.4710104380384987,23,WEAK,Negative,False
Surgery.in.last.3.Months,binary,SOFA,continuous,-0.1581,0.47108802271107736,23,WEAK,Negative,False
Height,continuous,Trimethoprim.Sulfamethoxazole,ordinal,-0.158,0.47147252655729066,23,WEAK,Negative,False
Total.Protein,binary,ICU.Stay.in.28.Days,continuous,0.1575,0.472887495668343,23,WEAK,Positive,False
Platelet,binary,Trimethoprim.Sulfamethoxazole,ordinal,-0.157,0.4744331124342056,23,WEAK,Negative,False
SGOT,binary,Trimethoprim.Sulfamethoxazole,ordinal,-0.157,0.4744331124342056,23,WEAK,Negative,False
Weight,continuous,Z.A.invitro,binary,0.1567,0.4751115635172763,23,WEAK,Positive,False
Weight,continuous,SGPT,binary,0.1567,0.4751115635172763,23,WEAK,Positive,False
Amikacin,ordinal,Ceftazidime.Avibactam.Aztreonam.Synergy.T,ordinal,0.1561,0.4768426236039951,23,WEAK,Positive,False
Chloramphenicol,ordinal,Minocycline,ordinal,-0.1559,0.47745176822160057,23,WEAK,Negative,False
Polymyxin.Colistin.Inclusion.T,binary,Mortality.in.Hospital,binary,0.1557,0.4780680319811506,23,WEAK,Positive,False
Polymyxin.Colistin.Inclusion.T,binary,Relapse.post.28.Day.Discharge,binary,0.1557,0.4780680319811506,23,WEAK,Positive,False
Meropenem,ordinal,Polymyxin.Colistin.Inclusion.T,binary,-0.1557,0.4780680319811506,23,WEAK,Negative,False
Gentamicin,ordinal,Mortality.post.28.Day.Discharge,binary,0.1557,0.4780680319811506,23,WEAK,Positive,False
Gentamicin,ordinal,Mortality.in.Hospital,binary,0.1557,0.4780680319811506,23,WEAK,Positive,False
Meropenem,ordinal,Ceftazidime.Avibactam.T,binary,-0.1557,0.4780680319811506,23,WEAK,Negative,False
HTN,binary,Endoscopy.in.1.week,binary,-0.1557,0.4780680319811506,23,WEAK,Negative,False
Cefoperazone.Sulbactam,ordinal,Ceftazidime.Avibactam.T,binary,-0.1557,0.4780680319811506,23,WEAK,Negative,False
Amoxicillin.Clavulanic.Acid,ordinal,Gentamicin,ordinal,-0.1557,0.4780680319811506,23,WEAK,Negative,False
COPD,binary,Polymyxin.Colistin.Inclusion.T,binary,0.1557,0.4780680319811506,23,WEAK,Positive,False
Cefoperazone.Sulbactam,ordinal,Polymyxin.Colistin.Inclusion.T,binary,-0.1557,0.4780680319811506,23,WEAK,Negative,False
Z.A.only.E,binary,Gentamicin,ordinal,0.1557,0.4780680319811506,23,WEAK,Positive,False
Z.A.only.E,binary,Polymyxin.Colistin.Inclusion.T,binary,0.1557,0.4780680319811506,23,WEAK,Positive,False
COPD,binary,Gentamicin,ordinal,0.1557,0.4780680319811506,23,WEAK,Positive,False
COPD,binary,Ceftazidime.Avibactam.T,binary,0.1557,0.4780680319811506,23,WEAK,Positive,False
HTN,binary,Cefoperazone.Sulbactam,ordinal,0.1557,0.4780680319811506,23,WEAK,Positive,False
Any.Viral.Infection,binary,Relapse.post.28.Day.Discharge,binary,-0.1557,0.4780680319811506,23,WEAK,Negative,False
Any.Viral.Infection,binary,Mortality.in.Hospital,binary,-0.1557,0.4780680319811506,23,WEAK,Negative,False
HTN,binary,Other.CRO,binary,-0.1557,0.4780680319811506,23,WEAK,Negative,False
HTN,binary,Meropenem,ordinal,0.1557,0.4780680319811506,23,WEAK,Positive,False
HTN,binary,Ertapenem,ordinal,0.1557,0.4780680319811506,23,WEAK,Positive,False
Ertapenem,ordinal,Polymyxin.Colistin.Inclusion.T,binary,-0.1557,0.4780680319811506,23,WEAK,Negative,False
Other.CRO,binary,Any.Viral.Infection,binary,-0.1557,0.4780680319811506,23,WEAK,Negative,False
Endoscopy.in.1.week,binary,Any.Viral.Infection,binary,-0.1557,0.4780680319811506,23,WEAK,Negative,False
Ceftazidime,ordinal,Ceftazidime.Avibactam.T,binary,-0.1557,0.4780680319811506,23,WEAK,Negative,False
HTN,binary,Cefotaxime,ordinal,0.1557,0.4780680319811506,23,WEAK,Positive,False
Any.Viral.Infection,binary,Amoxicillin.Clavulanic.Acid,ordinal,0.1557,0.4780680319811506,23,WEAK,Positive,False
Any.Viral.Infection,binary,Mortality.post.28.Day.Discharge,binary,-0.1557,0.4780680319811506,23,WEAK,Negative,False
Any.Viral.Infection,binary,Ertapenem,ordinal,0.1557,0.4780680319811506,23,WEAK,Positive,False
Any.Viral.Infection,binary,Meropenem,ordinal,0.1557,0.4780680319811506,23,WEAK,Positive,False
Cefotaxime,ordinal,Polymyxin.Colistin.Inclusion.T,binary,-0.1557,0.4780680319811506,23,WEAK,Negative,False
Ceftazidime,ordinal,Polymyxin.Colistin.Inclusion.T,binary,-0.1557,0.4780680319811506,23,WEAK,Negative,False
HTN,binary,Ceftazidime,ordinal,0.1557,0.4780680319811506,23,WEAK,Positive,False
Any.Viral.Infection,binary,Other.Illness.Leading.to.Hospitalization.post.28.Days.Discharge,binary,-0.1557,0.4780680319811506,23,WEAK,Negative,False
Cefotaxime,ordinal,Ceftazidime.Avibactam.T,binary,-0.1557,0.4780680319811506,23,WEAK,Negative,False
HTN,binary,Neutropenia,binary,-0.1557,0.4780680319811506,23,WEAK,Negative,False
HTN,binary,COPD,binary,-0.1557,0.4780680319811506,23,WEAK,Negative,False
Endoscopy.in.1.week,binary,Polymyxin.Colistin.Inclusion.T,binary,0.1557,0.4780680319811506,23,WEAK,Positive,False
Ceftazidime.Avibactam.T,binary,Relapse.post.28.Day.Discharge,binary,0.1557,0.4780680319811506,23,WEAK,Positive,False
Ceftazidime.Avibactam.T,binary,Other.Illness.Leading.to.Hospitalization.post.28.Days.Discharge,binary,0.1557,0.4780680319811506,23,WEAK,Positive,False
Ceftazidime.Avibactam.T,binary,Mortality.in.Hospital,binary,0.1557,0.4780680319811506,23,WEAK,Positive,False
Ceftazidime.Avibactam.T,binary,Mortality.post.28.Day.Discharge,binary,0.1557,0.4780680319811506,23,WEAK,Positive,False
Other.CRO,binary,Gentamicin,ordinal,0.1557,0.4780680319811506,23,WEAK,Positive,False
Gentamicin,ordinal,Meropenem,ordinal,-0.1557,0.4780680319811506,23,WEAK,Negative,False
HTN,binary,Mortality.post.28.Day.Discharge,binary,-0.1557,0.4780680319811506,23,WEAK,Negative,False
HTN,binary,Amoxicillin.Clavulanic.Acid,ordinal,0.1557,0.4780680319811506,23,WEAK,Positive,False
HTN,binary,Z.A.only.E,binary,-0.1557,0.4780680319811506,23,WEAK,Negative,False
Z.A.only.E,binary,Ceftazidime.Avibactam.T,binary,0.1557,0.4780680319811506,23,WEAK,Positive,False
Polymyxin.Colistin.Inclusion.T,binary,Other.Illness.Leading.to.Hospitalization.post.28.Days.Discharge,binary,0.1557,0.4780680319811506,23,WEAK,Positive,False
Neutropenia,binary,Ceftazidime.Avibactam.T,binary,0.1557,0.4780680319811506,23,WEAK,Positive,False
Neutropenia,binary,Polymyxin.Colistin.Inclusion.T,binary,0.1557,0.4780680319811506,23,WEAK,Positive,False
Creatinine,binary,ICU.Stay.in.28.Days,continuous,0.1553,0.47933621313993974,23,WEAK,Positive,False
Chloramphenicol,ordinal,Gentamicin,ordinal,0.1548,0.4806901269121742,23,WEAK,Positive,False
IAI.CRO,binary,Urea,continuous,-0.1546,0.4813239721540936,23,WEAK,Negative,False
IAI.CRO,binary,Amikacin,ordinal,0.154,0.48303406953613054,23,WEAK,Positive,False
Total.Protein,binary,Ceftazidime.Avibactam.Aztreonam.Synergy.T,ordinal,-0.1535,0.48436303894592914,23,WEAK,Negative,False
Amikacin,ordinal,Chloramphenicol,ordinal,0.1529,0.48613104150834374,23,WEAK,Positive,False
Hypothyroidism,binary,SOFA,continuous,-0.1526,0.4869659652031866,23,WEAK,Negative,False
Amikacin,ordinal,Ceftazidime.Avibactam.Aztreonam.T,binary,-0.1516,0.48992600426310123,23,WEAK,Negative,False
Inotropes,binary,Amikacin,ordinal,-0.1516,0.48992600426310123,23,WEAK,Negative,False
Height,continuous,HTN,binary,0.1515,0.490177813187608,23,WEAK,Positive,False
Hypothyroidism,binary,APACHEII,continuous,-0.1513,0.4906965816275039,23,WEAK,Negative,False
Ceftazidime.Avibactam,binary,Total.Hospital.stay.in.28.days,continuous,-0.1513,0.49062883039499733,23,WEAK,Negative,False
Sodium,binary,Tigecycline,ordinal,0.1512,0.4909570368206901,23,WEAK,Positive,False
ANC,binary,Tigecycline,ordinal,0.1512,0.4909570368206901,23,WEAK,Positive,False
BSI.CRO,binary,Urea,continuous,0.1511,0.49138965476415086,23,WEAK,Positive,False
APACHEII,continuous,P.C.Z.A.T,binary,0.1511,0.49138965476415086,23,WEAK,Positive,False
Calcium,binary,Chloramphenicol,ordinal,0.1511,0.4914547115619385,23,WEAK,Positive,False
Creatinine,binary,Chloramphenicol,ordinal,-0.1511,0.4914547115619385,23,WEAK,Negative,False
Lympho,binary,Gentamicin,ordinal,0.151,0.49171469215754227,23,WEAK,Positive,False
Platelet,binary,Polymyxin.Colistin.Inclusion.T,binary,0.151,0.49171469215754227,23,WEAK,Positive,False
SGOT,binary,Ceftazidime.Avibactam.T,binary,0.151,0.49171469215754227,23,WEAK,Positive,False
Platelet,binary,Ceftazidime.Avibactam.T,binary,0.151,0.49171469215754227,23,WEAK,Positive,False
SGOT,binary,Polymyxin.Colistin.Inclusion.T,binary,0.151,0.49171469215754227,23,WEAK,Positive,False
SOFA,continuous,Globulin,binary,-0.151,0.49173057471750375,23,WEAK,Negative,False
Any.Viral.Infection,binary,Platelet,binary,-0.151,0.49171469215754227,23,WEAK,Negative,False
Any.Viral.Infection,binary,Lympho,binary,-0.151,0.49171469215754227,23,WEAK,Negative,False
HTN,binary,Platelet,binary,-0.151,0.49171469215754227,23,WEAK,Negative,False
NDM,binary,SOFA,continuous,-0.1507,0.4926182812435963,23,WEAK,Negative,False
OXA48,binary,GW.Stay.in.28.Days,continuous,-0.1501,0.49415018822270845,23,WEAK,Negative,False
Past.CREPA.infection,binary,Ceftriaxone,ordinal,-0.15,0.49451925663381996,23,WEAK,Negative,False
Any.Viral.Infection,binary,Polymyxin.Colistin.Inclusion.T,binary,0.15,0.49451925663381996,23,WEAK,Positive,False
Past.CREPA.infection,binary,Hb,binary,0.15,0.49451925663381996,23,WEAK,Positive,False
Past.CREPA.infection,binary,Procalcitonin,binary,-0.15,0.49451925663381996,23,WEAK,Negative,False
Procalcitonin,binary,Ceftriaxone,ordinal,-0.15,0.49451925663381996,23,WEAK,Negative,False
Ceftriaxone,ordinal,Trimethoprim.Sulfamethoxazole,ordinal,0.1497,0.4954657475870151,23,WEAK,Positive,False
Hb,binary,Trimethoprim.Sulfamethoxazole,ordinal,-0.1497,0.4954657475870151,23,WEAK,Negative,False
Past.CREPA.infection,binary,Trimethoprim.Sulfamethoxazole,ordinal,0.1497,0.4954657475870151,23,WEAK,Positive,False
Calcium,binary,Colistin,ordinal,-0.1492,0.49687899806896624,23,WEAK,Negative,False
OXA48,binary,Colistin,ordinal,-0.1492,0.49687899806896624,23,WEAK,Negative,False
Inotropes,binary,Chloramphenicol,ordinal,-0.1487,0.49827397293956704,23,WEAK,Negative,False
Female,binary,Chloramphenicol,ordinal,0.1487,0.49827397293956704,23,WEAK,Positive,False
Male,binary,Chloramphenicol,ordinal,-0.1487,0.49827397293956704,23,WEAK,Negative,False
Immunosuppressive.drugs.in.1.week,binary,Chloramphenicol,ordinal,-0.1487,0.49827397293956704,23,WEAK,Negative,False
Ventilation,binary,Chloramphenicol,ordinal,0.1487,0.49827397293956704,23,WEAK,Positive,False
Bil,binary,Chloramphenicol,ordinal,0.1487,0.49827397293956704,23,WEAK,Positive,False
IAI.CRO,binary,Clinical.Improvement,ordinal,0.1487,0.4981695004548156,23,WEAK,Positive,False
Weight,continuous,Minocycline,ordinal,-0.1485,0.49881887594009655,23,WEAK,Negative,False
HTN,binary,Ceftazidime.Avibactam.Aztreonam.Synergy.T,ordinal,0.1483,0.4994732266113355,23,WEAK,Positive,False
Gentamicin,ordinal,Ceftazidime.Avibactam.Aztreonam.Synergy.T,ordinal,-0.1483,0.4994732266113355,23,WEAK,Negative,False
P.C.only.T,binary,Trimethoprim.Sulfamethoxazole,ordinal,-0.1478,0.5010417862087181,23,WEAK,Negative,False
Magnesium,binary,Chloramphenicol,ordinal,-0.1476,0.5015833747125217,23,WEAK,Negative,False
Lympho,binary,Chloramphenicol,ordinal,0.1476,0.5015833747125217,23,WEAK,Positive,False
Urea,continuous,Neither.Abx.T,binary,-0.1471,0.5030004566290943,23,WEAK,Negative,False
Urea,continuous,Neither.Abx.E,binary,-0.1471,0.5030004566290943,23,WEAK,Negative,False
Inotropes,binary,Colistin,ordinal,-0.1469,0.5036502561119386,23,WEAK,Negative,False
Albumin,binary,Polymyxin.Colistin.Inclusion.T,binary,0.1466,0.5044676350373302,23,WEAK,Positive,False
HTN,binary,P.C.only.E,binary,0.1466,0.5044676350373302,23,WEAK,Positive,False
Albumin,binary,Gentamicin,ordinal,0.1466,0.5044676350373302,23,WEAK,Positive,False
HTN,binary,Albumin,binary,-0.1466,0.5044676350373302,23,WEAK,Negative,False
Neither.Abx.T,binary,Gentamicin,ordinal,-0.1466,0.5044676350373302,23,WEAK,Negative,False
Hemat.Malignancy,binary,Gentamicin,ordinal,-0.1466,0.5044676350373302,23,WEAK,Negative,False
P.C.only.E,binary,Ceftazidime.Avibactam.T,binary,-0.1466,0.5044676350373302,23,WEAK,Negative,False
Neither.Abx.E,binary,Gentamicin,ordinal,-0.1466,0.5044676350373302,23,WEAK,Negative,False
Albumin,binary,Ceftazidime.Avibactam.T,binary,0.1466,0.5044676350373302,23,WEAK,Positive,False
Any.Viral.Infection,binary,P.C.only.T,binary,0.1466,0.5044676350373302,23,WEAK,Positive,False
P.C.only.T,binary,Ceftazidime.Avibactam.T,binary,-0.1466,0.5044676350373302,23,WEAK,Negative,False
Procalcitonin,binary,Total.Hospital.stay.in.28.days,continuous,0.1463,0.5052567897322019,23,WEAK,Positive,False
Age,continuous,Procalcitonin,binary,-0.1462,0.5056836899100503,23,WEAK,Negative,False
Lympho,binary,Procalcitonin,binary,0.1461,0.5060037774343098,23,WEAK,Positive,False
Platelet,binary,Procalcitonin,binary,0.1461,0.5060037774343098,23,WEAK,Positive,False
SGOT,binary,Ceftriaxone,ordinal,0.1461,0.5060037774343098,23,WEAK,Positive,False
Any.Viral.Infection,binary,Tigecycline,ordinal,-0.1461,0.5059401741707646,23,WEAK,Negative,False
Hb,binary,SGOT,binary,-0.1461,0.5060037774343098,23,WEAK,Negative,False
SGOT,binary,Procalcitonin,binary,0.1461,0.5060037774343098,23,WEAK,Positive,False
Past.CREPA.infection,binary,Magnesium,binary,-0.1461,0.5060037774343098,23,WEAK,Negative,False
Platelet,binary,Ceftriaxone,ordinal,0.1461,0.5060037774343098,23,WEAK,Positive,False
Minocycline,ordinal,Ceftazidime.Avibactam,binary,0.1458,0.5069230810625699,23,WEAK,Positive,False
Potassium,binary,Minocycline,ordinal,0.1458,0.5069230810625699,23,WEAK,Positive,False
Ceftazidime.Avibactam.Aztreonam.T,binary,Total.Hospital.stay.in.28.days,continuous,0.1458,0.5068058987119134,23,WEAK,Positive,False
Z.A.only.T,binary,Minocycline,ordinal,0.1458,0.5069230810625699,23,WEAK,Positive,False
Globulin,binary,Piperacillin.Tazobactam,ordinal,0.1457,0.5072537585691628,23,WEAK,Positive,False
Sodium,binary,Doxycycline,ordinal,-0.1457,0.5072537585691628,23,WEAK,Negative,False
DM,binary,APACHEII,continuous,0.1456,0.507550681502094,23,WEAK,Positive,False
TLC,binary,Nitrofurantoin,ordinal,0.1456,0.5074753405003569,23,WEAK,Positive,False
APACHEII,continuous,Bil,binary,-0.1456,0.507550681502094,23,WEAK,Negative,False
Total.Hospital.stay.in.28.days,continuous,Other.Illness.Leading.to.Hospitalization.post.28.Days.Discharge,binary,0.145,0.5091952795460597,23,WEAK,Positive,False
Total.Hospital.stay.in.28.days,continuous,Relapse.post.28.Day.Discharge,binary,0.145,0.5091952795460597,23,WEAK,Positive,False
OXA48,binary,Minocycline,ordinal,0.1449,0.509374275958145,23,WEAK,Positive,False
APACHEII,continuous,Other.Illness.Leading.to.Hospitalization.post.28.Days.Discharge,binary,0.1447,0.5099376164025702,23,WEAK,Positive,False
APACHEII,continuous,Relapse.post.28.Day.Discharge,binary,0.1447,0.5099376164025702,23,WEAK,Positive,False
HTN,binary,Urea,continuous,0.1446,0.510333877928245,23,WEAK,Positive,False
Tigecycline,ordinal,Mortality.in.ICU,binary,0.1446,0.510360313734042,23,WEAK,Positive,False
Urea,continuous,Trimethoprim.Sulfamethoxazole,ordinal,-0.1445,0.5106764078030943,23,WEAK,Negative,False
Ceftazidime.Avibactam.Aztreonam.Synergy.T,ordinal,Clinical.Improvement,ordinal,0.1443,0.5111973326070743,23,WEAK,Positive,False
OXA48,binary,ANC,binary,-0.1431,0.5147881968545527,23,WEAK,Negative,False
Creatinine,binary,Sodium,binary,-0.1431,0.5147881968545527,23,WEAK,Negative,False
Overall.organ.support,binary,Creatinine,binary,-0.1431,0.5147881968545527,23,WEAK,Negative,False
OXA48,binary,Overall.Mortality,binary,0.1431,0.5147881968545527,23,WEAK,Positive,False
Total.Protein,binary,Creatinine,binary,-0.1431,0.5147881968545527,23,WEAK,Negative,False
Weight,continuous,Z.A.only.T,binary,0.1431,0.5149372513399684,23,WEAK,Positive,False
IAI.CRO,binary,Globulin,binary,0.1431,0.5147881968545527,23,WEAK,Positive,False
Globulin,binary,Calcium,binary,-0.1431,0.5147881968545527,23,WEAK,Negative,False
IAI.CRO,binary,Surgery.in.last.3.Months,binary,-0.1431,0.5147881968545527,23,WEAK,Negative,False
IAI.CRO,binary,Overall.Mortality,binary,-0.1431,0.5147881968545527,23,WEAK,Negative,False
Creatinine,binary,Overall.Mortality,binary,0.1431,0.5147881968545527,23,WEAK,Positive,False
OXA48,binary,Surgery.in.last.3.Months,binary,0.1431,0.5147881968545527,23,WEAK,Positive,False
SOFA,continuous,Ceftazidime.Avibactam.Aztreonam.Synergy.T,ordinal,-0.1428,0.5156254883101647,23,WEAK,Negative,False
SGPT,binary,Urea,continuous,0.1426,0.516417666375605,23,WEAK,Positive,False
Z.A.invitro,binary,APACHEII,continuous,0.1426,0.516417666375605,23,WEAK,Positive,False
Weight,continuous,ANC,binary,0.1425,0.5166272283720282,23,WEAK,Positive,False
CV.Catheter.in.6.Months,binary,Hemat.Malignancy,binary,-0.1416,0.5192692497501693,23,WEAK,Negative,False
Neither.Abx.E,binary,Cefuroxime,ordinal,0.1416,0.5192692497501693,23,WEAK,Positive,False
Hypothyroidism,binary,Any.Fungal.Infection,binary,-0.1416,0.5192692497501693,23,WEAK,Negative,False
Hypothyroidism,binary,P.C.only.T,binary,-0.1416,0.5192692497501693,23,WEAK,Negative,False
Hypothyroidism,binary,Hemat.Malignancy,binary,-0.1416,0.5192692497501693,23,WEAK,Negative,False
Urinary.Catheter.in.6.Months,binary,Albumin,binary,0.1416,0.5192692497501693,23,WEAK,Positive,False
CV.Catheter.in.6.Months,binary,Any.Fungal.Infection,binary,-0.1416,0.5192692497501693,23,WEAK,Negative,False
Urinary.Catheter.in.6.Months,binary,Hemat.Malignancy,binary,-0.1416,0.5192692497501693,23,WEAK,Negative,False
CV.Catheter.in.6.Months,binary,Albumin,binary,0.1416,0.5192692497501693,23,WEAK,Positive,False
Urinary.Catheter.in.6.Months,binary,P.C.only.T,binary,-0.1416,0.5192692497501693,23,WEAK,Negative,False
Any.Fungal.Infection,binary,Fosfomycin,ordinal,-0.1416,0.5192692497501693,23,WEAK,Negative,False
HAP.CRO,binary,Any.Fungal.Infection,binary,-0.1416,0.5192692497501693,23,WEAK,Negative,False
HAP.CRO,binary,Hemat.Malignancy,binary,-0.1416,0.5192692497501693,23,WEAK,Negative,False
Neither.Abx.E,binary,Fosfomycin,ordinal,-0.1416,0.5192692497501693,23,WEAK,Negative,False
Hemat.Malignancy,binary,Fosfomycin,ordinal,-0.1416,0.5192692497501693,23,WEAK,Negative,False
HAP.CRO,binary,Albumin,binary,0.1416,0.5192692497501693,23,WEAK,Positive,False
HAP.CRO,binary,P.C.only.E,binary,-0.1416,0.5192692497501693,23,WEAK,Negative,False
Hypothyroidism,binary,Neither.Abx.E,binary,-0.1416,0.5192692497501693,23,WEAK,Negative,False
Hemat.Malignancy,binary,P.C.Z.A.E,binary,-0.1416,0.5192692497501693,23,WEAK,Negative,False
Any.Fungal.Infection,binary,Cefuroxime,ordinal,0.1416,0.5192692497501693,23,WEAK,Positive,False
P.C.in.vitro,binary,P.C.only.T,binary,-0.1416,0.5192692497501693,23,WEAK,Negative,False
P.C.only.T,binary,Fosfomycin,ordinal,-0.1416,0.5192692497501693,23,WEAK,Negative,False
CV.Catheter.in.6.Months,binary,Neither.Abx.E,binary,-0.1416,0.5192692497501693,23,WEAK,Negative,False
CV.Catheter.in.6.Months,binary,P.C.only.T,binary,-0.1416,0.5192692497501693,23,WEAK,Negative,False
CV.Catheter.in.6.Months,binary,Neither.Abx.T,binary,-0.1416,0.5192692497501693,23,WEAK,Negative,False
P.C.Z.A.E,binary,Neither.Abx.E,binary,-0.1416,0.5192692497501693,23,WEAK,Negative,False
Urinary.Catheter.in.6.Months,binary,Neither.Abx.E,binary,-0.1416,0.5192692497501693,23,WEAK,Negative,False
P.C.only.E,binary,Fosfomycin,ordinal,-0.1416,0.5192692497501693,23,WEAK,Negative,False
P.C.in.vitro,binary,P.C.only.E,binary,-0.1416,0.5192692497501693,23,WEAK,Negative,False
CV.Catheter.in.6.Months,binary,P.C.only.E,binary,-0.1416,0.5192692497501693,23,WEAK,Negative,False
P.C.only.T,binary,Cefuroxime,ordinal,0.1416,0.5192692497501693,23,WEAK,Positive,False
Urinary.Catheter.in.6.Months,binary,P.C.only.E,binary,-0.1416,0.5192692497501693,23,WEAK,Negative,False
Urinary.Catheter.in.6.Months,binary,Neither.Abx.T,binary,-0.1416,0.5192692497501693,23,WEAK,Negative,False
P.C.in.vitro,binary,Any.Fungal.Infection,binary,-0.1416,0.5192692497501693,23,WEAK,Negative,False
P.C.Z.A.E,binary,P.C.only.E,binary,-0.1416,0.5192692497501693,23,WEAK,Negative,False
P.C.Z.A.E,binary,Neither.Abx.T,binary,-0.1416,0.5192692497501693,23,WEAK,Negative,False
P.C.Z.A.E,binary,P.C.only.T,binary,-0.1416,0.5192692497501693,23,WEAK,Negative,False
P.C.in.vitro,binary,Hemat.Malignancy,binary,-0.1416,0.5192692497501693,23,WEAK,Negative,False
Albumin,binary,P.C.Z.A.E,binary,0.1416,0.5192692497501693,23,WEAK,Positive,False
Albumin,binary,Fosfomycin,ordinal,0.1416,0.5192692497501693,23,WEAK,Positive,False
Urinary.Catheter.in.6.Months,binary,Any.Fungal.Infection,binary,-0.1416,0.5192692497501693,23,WEAK,Negative,False
Neither.Abx.T,binary,Fosfomycin,ordinal,-0.1416,0.5192692497501693,23,WEAK,Negative,False
Hypothyroidism,binary,Neither.Abx.T,binary,-0.1416,0.5192692497501693,23,WEAK,Negative,False
Neither.Abx.T,binary,Cefuroxime,ordinal,0.1416,0.5192692497501693,23,WEAK,Positive,False
Neither.Abx.E,binary,Piperacillin.Tazobactam,ordinal,0.1415,0.5197055777487543,23,WEAK,Positive,False
Any.Fungal.Infection,binary,Piperacillin.Tazobactam,ordinal,0.1415,0.5197055777487543,23,WEAK,Positive,False
Neither.Abx.E,binary,Doxycycline,ordinal,-0.1415,0.5197055777487543,23,WEAK,Negative,False
Neither.Abx.T,binary,Piperacillin.Tazobactam,ordinal,0.1415,0.5197055777487543,23,WEAK,Positive,False
P.C.only.T,binary,Doxycycline,ordinal,-0.1415,0.5197055777487543,23,WEAK,Negative,False
P.C.only.T,binary,Piperacillin.Tazobactam,ordinal,0.1415,0.5197055777487543,23,WEAK,Positive,False
Neither.Abx.T,binary,Doxycycline,ordinal,-0.1415,0.5197055777487543,23,WEAK,Negative,False
Albumin,binary,Doxycycline,ordinal,0.1415,0.5197055777487543,23,WEAK,Positive,False
P.C.only.E,binary,Piperacillin.Tazobactam,ordinal,0.1415,0.5197055777487543,23,WEAK,Positive,False
Age,continuous,OXA48,binary,0.1412,0.5203725496446111,23,WEAK,Positive,False
ANC,binary,Cefoperazone.Sulbactam,ordinal,-0.141,0.5209977777563369,23,WEAK,Negative,False
ANC,binary,Cefotaxime,ordinal,-0.141,0.5209977777563369,23,WEAK,Negative,False
Total.Protein,binary,Amoxicillin.Clavulanic.Acid,ordinal,-0.141,0.5209977777563369,23,WEAK,Negative,False
Z.A.invitro,binary,Endoscopy.in.1.week,binary,0.141,0.5209977777563369,23,WEAK,Positive,False
Sodium,binary,Cefotaxime,ordinal,-0.141,0.5209977777563369,23,WEAK,Negative,False
Overall.organ.support,binary,Other.Illness.Leading.to.Hospitalization.post.28.Days.Discharge,binary,0.141,0.5209977777563369,23,WEAK,Positive,False
Sodium,binary,Cefoperazone.Sulbactam,ordinal,-0.141,0.5209977777563369,23,WEAK,Negative,False
ANC,binary,Amoxicillin.Clavulanic.Acid,ordinal,-0.141,0.5209977777563369,23,WEAK,Negative,False
Total.Protein,binary,Ertapenem,ordinal,-0.141,0.5209977777563369,23,WEAK,Negative,False
Overall.Mortality,binary,Relapse.post.28.Day.Discharge,binary,-0.141,0.5209977777563369,23,WEAK,Negative,False
Z.A.invitro,binary,Other.Illness.Leading.to.Hospitalization.post.28.Days.Discharge,binary,0.141,0.5209977777563369,23,WEAK,Positive,False
Globulin,binary,Other.Illness.Leading.to.Hospitalization.post.28.Days.Discharge,binary,0.141,0.5209977777563369,23,WEAK,Positive,False
SGPT,binary,Mortality.in.Hospital,binary,-0.141,0.5209977777563369,23,WEAK,Negative,False
Globulin,binary,Relapse.post.28.Day.Discharge,binary,0.141,0.5209977777563369,23,WEAK,Positive,False
Z.A.invitro,binary,Relapse.post.28.Day.Discharge,binary,0.141,0.5209977777563369,23,WEAK,Positive,False
ANC,binary,Meropenem,ordinal,-0.141,0.5209977777563369,23,WEAK,Negative,False
Total.Protein,binary,Z.A.only.E,binary,0.141,0.5209977777563369,23,WEAK,Positive,False
Total.Protein,binary,Mortality.in.Hospital,binary,0.141,0.5209977777563369,23,WEAK,Positive,False
Overall.Mortality,binary,Other.Illness.Leading.to.Hospitalization.post.28.Days.Discharge,binary,-0.141,0.5209977777563369,23,WEAK,Negative,False
Overall.organ.support,binary,Cefotaxime,ordinal,-0.141,0.5209977777563369,23,WEAK,Negative,False
Overall.organ.support,binary,Ceftazidime,ordinal,-0.141,0.5209977777563369,23,WEAK,Negative,False
Endoscopy.in.1.week,binary,Total.Protein,binary,0.141,0.5209977777563369,23,WEAK,Positive,False
Other.CRO,binary,Total.Protein,binary,0.141,0.5209977777563369,23,WEAK,Positive,False
Surgery.in.last.3.Months,binary,Mortality.post.28.Day.Discharge,binary,-0.141,0.5209977777563369,23,WEAK,Negative,False
Surgery.in.last.3.Months,binary,Meropenem,ordinal,0.141,0.5209977777563369,23,WEAK,Positive,False
Other.CRO,binary,Overall.Mortality,binary,-0.141,0.5209977777563369,23,WEAK,Negative,False
Amoxicillin.Clavulanic.Acid,ordinal,Overall.Mortality,binary,0.141,0.5209977777563369,23,WEAK,Positive,False
ANC,binary,Z.A.only.E,binary,0.141,0.5209977777563369,23,WEAK,Positive,False
Ceftazidime,ordinal,Overall.Mortality,binary,0.141,0.5209977777563369,23,WEAK,Positive,False
COPD,binary,Total.Protein,binary,0.141,0.5209977777563369,23,WEAK,Positive,False
Ertapenem,ordinal,Overall.Mortality,binary,0.141,0.5209977777563369,23,WEAK,Positive,False
Z.A.invitro,binary,Ertapenem,ordinal,-0.141,0.5209977777563369,23,WEAK,Negative,False
Globulin,binary,Mortality.post.28.Day.Discharge,binary,0.141,0.5209977777563369,23,WEAK,Positive,False
Cefoperazone.Sulbactam,ordinal,Overall.Mortality,binary,0.141,0.5209977777563369,23,WEAK,Positive,False
Z.A.only.E,binary,Overall.Mortality,binary,-0.141,0.5209977777563369,23,WEAK,Negative,False
ANC,binary,Mortality.post.28.Day.Discharge,binary,0.141,0.5209977777563369,23,WEAK,Positive,False
Endoscopy.in.1.week,binary,Overall.Mortality,binary,-0.141,0.5209977777563369,23,WEAK,Negative,False
Total.Protein,binary,Relapse.post.28.Day.Discharge,binary,0.141,0.5209977777563369,23,WEAK,Positive,False
ANC,binary,Mortality.in.Hospital,binary,0.141,0.5209977777563369,23,WEAK,Positive,False
Globulin,binary,Z.A.only.E,binary,0.141,0.5209977777563369,23,WEAK,Positive,False
Total.Protein,binary,Other.Illness.Leading.to.Hospitalization.post.28.Days.Discharge,binary,0.141,0.5209977777563369,23,WEAK,Positive,False
Overall.organ.support,binary,Neutropenia,binary,0.141,0.5209977777563369,23,WEAK,Positive,False
COPD,binary,Surgery.in.last.3.Months,binary,-0.141,0.5209977777563369,23,WEAK,Negative,False
Surgery.in.last.3.Months,binary,Amoxicillin.Clavulanic.Acid,ordinal,0.141,0.5209977777563369,23,WEAK,Positive,False
Surgery.in.last.3.Months,binary,Z.A.only.E,binary,-0.141,0.5209977777563369,23,WEAK,Negative,False
Z.A.invitro,binary,Z.A.only.E,binary,0.141,0.5209977777563369,23,WEAK,Positive,False
Surgery.in.last.3.Months,binary,Neutropenia,binary,-0.141,0.5209977777563369,23,WEAK,Negative,False
Z.A.invitro,binary,Ceftazidime,ordinal,-0.141,0.5209977777563369,23,WEAK,Negative,False
Z.A.invitro,binary,Cefotaxime,ordinal,-0.141,0.5209977777563369,23,WEAK,Negative,False
COPD,binary,Sodium,binary,0.141,0.5209977777563369,23,WEAK,Positive,False
COPD,binary,SGPT,binary,-0.141,0.5209977777563369,23,WEAK,Negative,False
Overall.organ.support,binary,Meropenem,ordinal,-0.141,0.5209977777563369,23,WEAK,Negative,False
SGPT,binary,Ertapenem,ordinal,0.141,0.5209977777563369,23,WEAK,Positive,False
Neutropenia,binary,Sodium,binary,0.141,0.5209977777563369,23,WEAK,Positive,False
Endoscopy.in.1.week,binary,SGPT,binary,-0.141,0.5209977777563369,23,WEAK,Negative,False
ANC,binary,Ceftazidime,ordinal,-0.141,0.5209977777563369,23,WEAK,Negative,False
Endoscopy.in.1.week,binary,Sodium,binary,0.141,0.5209977777563369,23,WEAK,Positive,False
Surgery.in.last.3.Months,binary,Ceftazidime,ordinal,0.141,0.5209977777563369,23,WEAK,Positive,False
Surgery.in.last.3.Months,binary,Cefoperazone.Sulbactam,ordinal,0.141,0.5209977777563369,23,WEAK,Positive,False
Sodium,binary,Mortality.post.28.Day.Discharge,binary,0.141,0.5209977777563369,23,WEAK,Positive,False
Sodium,binary,Mortality.in.Hospital,binary,0.141,0.5209977777563369,23,WEAK,Positive,False
COPD,binary,Overall.organ.support,binary,0.141,0.5209977777563369,23,WEAK,Positive,False
COPD,binary,ANC,binary,0.141,0.5209977777563369,23,WEAK,Positive,False
Z.A.invitro,binary,Cefoperazone.Sulbactam,ordinal,-0.141,0.5209977777563369,23,WEAK,Negative,False
Z.A.invitro,binary,Neutropenia,binary,0.141,0.5209977777563369,23,WEAK,Positive,False
Z.A.invitro,binary,Meropenem,ordinal,-0.141,0.5209977777563369,23,WEAK,Negative,False
Surgery.in.last.3.Months,binary,Cefotaxime,ordinal,0.141,0.5209977777563369,23,WEAK,Positive,False
Globulin,binary,Amoxicillin.Clavulanic.Acid,ordinal,-0.141,0.5209977777563369,23,WEAK,Negative,False
Overall.organ.support,binary,Amoxicillin.Clavulanic.Acid,ordinal,-0.141,0.5209977777563369,23,WEAK,Negative,False
Sodium,binary,Ertapenem,ordinal,-0.141,0.5209977777563369,23,WEAK,Negative,False
Sodium,binary,Meropenem,ordinal,-0.141,0.5209977777563369,23,WEAK,Negative,False
Other.CRO,binary,Overall.organ.support,binary,0.141,0.5209977777563369,23,WEAK,Positive,False
Other.CRO,binary,Surgery.in.last.3.Months,binary,-0.141,0.5209977777563369,23,WEAK,Negative,False
Cefotaxime,ordinal,Overall.Mortality,binary,0.141,0.5209977777563369,23,WEAK,Positive,False
Other.CRO,binary,Globulin,binary,0.141,0.5209977777563369,23,WEAK,Positive,False
Sodium,binary,Ceftazidime,ordinal,-0.141,0.5209977777563369,23,WEAK,Negative,False
Other.CRO,binary,ANC,binary,0.141,0.5209977777563369,23,WEAK,Positive,False
Other.CRO,binary,SGPT,binary,-0.141,0.5209977777563369,23,WEAK,Negative,False
Surgery.in.last.3.Months,binary,Mortality.in.Hospital,binary,-0.141,0.5209977777563369,23,WEAK,Negative,False
Overall.organ.support,binary,Relapse.post.28.Day.Discharge,binary,0.141,0.5209977777563369,23,WEAK,Positive,False
Overall.organ.support,binary,Mortality.in.Hospital,binary,0.141,0.5209977777563369,23,WEAK,Positive,False
Neutropenia,binary,Overall.Mortality,binary,-0.141,0.5209977777563369,23,WEAK,Negative,False
Overall.organ.support,binary,Z.A.only.E,binary,0.141,0.5209977777563369,23,WEAK,Positive,False
SGPT,binary,Meropenem,ordinal,0.141,0.5209977777563369,23,WEAK,Positive,False
SGPT,binary,Amoxicillin.Clavulanic.Acid,ordinal,0.141,0.5209977777563369,23,WEAK,Positive,False
Neutropenia,binary,ANC,binary,0.141,0.5209977777563369,23,WEAK,Positive,False
Overall.organ.support,binary,Cefoperazone.Sulbactam,ordinal,-0.141,0.5209977777563369,23,WEAK,Negative,False
P.C.only.E,binary,GW.Stay.in.28.Days,continuous,-0.1406,0.5222990352226632,23,WEAK,Negative,False
Fosfomycin,ordinal,ICU.Stay.in.28.Days,continuous,-0.1403,0.5231393413268943,23,WEAK,Negative,False
SOFA,continuous,Chloramphenicol,ordinal,0.1402,0.5234136946252717,23,WEAK,Positive,False
Age,continuous,Urea,continuous,-0.1401,0.5236439279036158,23,WEAK,Negative,False
Height,continuous,APACHEII,continuous,0.14,0.5239553471481563,23,WEAK,Positive,False
Doxycycline,ordinal,Clinical.Improvement,ordinal,-0.1399,0.5244134282109765,23,WEAK,Negative,False
Weight,continuous,Hypothyroidism,binary,-0.1396,0.5252210148149937,23,WEAK,Negative,False
Weight,continuous,Ceftazidime.Avibactam.Aztreonam.T,binary,-0.1389,0.5274417621061784,23,WEAK,Negative,False
Hemat.Malignancy,binary,Total.Hospital.stay.in.28.days,continuous,0.1387,0.5279852219039572,23,WEAK,Positive,False
Creatinine,binary,Amikacin,ordinal,0.1386,0.5283272394771356,23,WEAK,Positive,False
Sodium,binary,Minocycline,ordinal,0.1384,0.5289868947218442,23,WEAK,Positive,False
Height,continuous,Hemat.Malignancy,binary,0.1384,0.528707666471126,23,WEAK,Positive,False
Height,continuous,Any.Fungal.Infection,binary,0.1384,0.528707666471126,23,WEAK,Positive,False
HTN,binary,ICU.Stay.in.28.Days,continuous,-0.1383,0.5290249337668969,23,WEAK,Negative,False
APACHEII,continuous,ICU.Stay.in.28.Days,continuous,0.1377,0.5310255160740078,23,WEAK,Positive,False
Female,binary,Magnesium,binary,0.1374,0.5318293884164047,23,WEAK,Positive,False
SGOT,binary,Ceftazidime.Avibactam.Aztreonam.T,binary,0.1374,0.5318293884164047,23,WEAK,Positive,False
Hospitalization.in.past.6.Months,binary,SGOT,binary,-0.1374,0.5318293884164047,23,WEAK,Negative,False
Male,binary,Magnesium,binary,-0.1374,0.5318293884164047,23,WEAK,Negative,False
Platelet,binary,ALP,binary,0.1374,0.5318293884164047,23,WEAK,Positive,False
Immunosuppressive.drugs.in.1.week,binary,SGOT,binary,-0.1374,0.5318293884164047,23,WEAK,Negative,False
Immunosuppressive.drugs.in.1.week,binary,Platelet,binary,-0.1374,0.5318293884164047,23,WEAK,Negative,False
Ventilation,binary,Platelet,binary,-0.1374,0.5318293884164047,23,WEAK,Negative,False
Ventilation,binary,SGOT,binary,-0.1374,0.5318293884164047,23,WEAK,Negative,False
DM,binary,Lympho,binary,-0.1374,0.5318293884164047,23,WEAK,Negative,False
DM,binary,Platelet,binary,-0.1374,0.5318293884164047,23,WEAK,Negative,False
Hospitalization.in.past.6.Months,binary,Platelet,binary,-0.1374,0.5318293884164047,23,WEAK,Negative,False
Lympho,binary,ALP,binary,0.1374,0.5318293884164047,23,WEAK,Positive,False
P.C.only.T,binary,Ceftazidime.Avibactam.Aztreonam.Synergy.T,ordinal,0.1373,0.532123160891416,23,WEAK,Positive,False
P.C.Z.A.T,binary,Minocycline,ordinal,0.1372,0.5324882420417407,23,WEAK,Positive,False
SOFA,continuous,GW.Stay.in.28.Days,continuous,-0.1371,0.532852571502251,23,WEAK,Negative,False
Age,continuous,Tigecycline,ordinal,0.1366,0.5343467870407432,23,WEAK,Positive,False
SOFA,continuous,SGPT,binary,-0.1366,0.5343229333168832,23,WEAK,Negative,False
Urea,continuous,Procalcitonin,binary,-0.1363,0.5350602224445828,23,WEAK,Negative,False
BSI.CRO,binary,Trimethoprim.Sulfamethoxazole,ordinal,-0.1358,0.5367257136419452,23,WEAK,Negative,False
TLC,binary,Tigecycline,ordinal,0.1358,0.5366048226359638,23,WEAK,Positive,False
NDM,binary,Tigecycline,ordinal,0.1358,0.5366048226359638,23,WEAK,Positive,False
Colistin,ordinal,Ceftazidime.Avibactam.Aztreonam.T,binary,-0.1356,0.5373588538934853,23,WEAK,Negative,False
ALP,binary,Colistin,ordinal,-0.1356,0.5373588538934853,23,WEAK,Negative,False
Hospitalization.in.past.6.Months,binary,Colistin,ordinal,0.1356,0.5373588538934853,23,WEAK,Positive,False
Age,continuous,Amikacin,ordinal,-0.1356,0.5373729568494293,23,WEAK,Negative,False
Nitrofurantoin,ordinal,Ceftazidime.Avibactam.T,binary,-0.1342,0.5414962821217815,23,WEAK,Negative,False
Creatinine,binary,P.C.only.E,binary,0.1328,0.5456642396769972,23,WEAK,Positive,False
OXA48,binary,Any.Fungal.Infection,binary,0.1328,0.5456642396769972,23,WEAK,Positive,False
OXA48,binary,Hemat.Malignancy,binary,0.1328,0.5456642396769972,23,WEAK,Positive,False
Albumin,binary,Creatinine,binary,-0.1328,0.5456642396769972,23,WEAK,Negative,False
IAI.CRO,binary,Neither.Abx.T,binary,-0.1328,0.5456642396769972,23,WEAK,Negative,False
Hemat.Malignancy,binary,Calcium,binary,0.1328,0.5456642396769972,23,WEAK,Positive,False
IAI.CRO,binary,Neither.Abx.E,binary,-0.1328,0.5456642396769972,23,WEAK,Negative,False
Any.Fungal.Infection,binary,Creatinine,binary,0.1328,0.5456642396769972,23,WEAK,Positive,False
Creatinine,binary,P.C.only.T,binary,0.1328,0.5456642396769972,23,WEAK,Positive,False
Any.Fungal.Infection,binary,Calcium,binary,0.1328,0.5456642396769972,23,WEAK,Positive,False
IAI.CRO,binary,P.C.only.E,binary,-0.1328,0.5456642396769972,23,WEAK,Negative,False
Ventilation,binary,Total.Hospital.stay.in.28.days,continuous,0.1325,0.5465723186921502,23,WEAK,Positive,False
NDM,binary,IAI.CRO,binary,-0.1323,0.5472909127246369,23,WEAK,Negative,False
OXA48,binary,UTI.CRO,binary,-0.1323,0.5472909127246369,23,WEAK,Negative,False
IAI.CRO,binary,TLC,binary,-0.1323,0.5472909127246369,23,WEAK,Negative,False
UTI.CRO,binary,Calcium,binary,-0.1323,0.5472909127246369,23,WEAK,Negative,False
Weight,continuous,Immunosuppressive.drugs.in.1.week,binary,0.1323,0.5474738729028953,23,WEAK,Positive,False
OXA48,binary,TLC,binary,0.1323,0.5472909127246369,23,WEAK,Positive,False
Potassium,binary,Clinical.Improvement,ordinal,-0.132,0.5482478554951467,23,WEAK,Negative,False
APACHEII,continuous,Amikacin,ordinal,0.1315,0.5497630167560943,23,WEAK,Positive,False
Z.A.invitro,binary,CV.Catheter.in.6.Months,binary,-0.1312,0.5506296842569474,23,WEAK,Negative,False
Z.A.invitro,binary,Urinary.Catheter.in.6.Months,binary,-0.1312,0.5506296842569474,23,WEAK,Negative,False
Surgery.in.last.3.Months,binary,P.C.Z.A.E,binary,0.1312,0.5506296842569474,23,WEAK,Positive,False
ANC,binary,P.C.Z.A.E,binary,-0.1312,0.5506296842569474,23,WEAK,Negative,False
Hypothyroidism,binary,SGPT,binary,0.1312,0.5506296842569474,23,WEAK,Positive,False
Hypothyroidism,binary,Surgery.in.last.3.Months,binary,0.1312,0.5506296842569474,23,WEAK,Positive,False
CV.Catheter.in.6.Months,binary,Globulin,binary,-0.1312,0.5506296842569474,23,WEAK,Negative,False
HAP.CRO,binary,Surgery.in.last.3.Months,binary,0.1312,0.5506296842569474,23,WEAK,Positive,False
Globulin,binary,Fosfomycin,ordinal,-0.1312,0.5506296842569474,23,WEAK,Negative,False
CV.Catheter.in.6.Months,binary,ANC,binary,-0.1312,0.5506296842569474,23,WEAK,Negative,False
Globulin,binary,P.C.Z.A.E,binary,-0.1312,0.5506296842569474,23,WEAK,Negative,False
Urinary.Catheter.in.6.Months,binary,ANC,binary,-0.1312,0.5506296842569474,23,WEAK,Negative,False
Urinary.Catheter.in.6.Months,binary,Overall.organ.support,binary,-0.1312,0.5506296842569474,23,WEAK,Negative,False
Urinary.Catheter.in.6.Months,binary,Globulin,binary,-0.1312,0.5506296842569474,23,WEAK,Negative,False
P.C.in.vitro,binary,Total.Protein,binary,-0.1312,0.5506296842569474,23,WEAK,Negative,False
P.C.in.vitro,binary,Globulin,binary,-0.1312,0.5506296842569474,23,WEAK,Negative,False
P.C.in.vitro,binary,Surgery.in.last.3.Months,binary,0.1312,0.5506296842569474,23,WEAK,Positive,False
P.C.in.vitro,binary,Overall.Mortality,binary,0.1312,0.5506296842569474,23,WEAK,Positive,False
Surgery.in.last.3.Months,binary,Fosfomycin,ordinal,0.1312,0.5506296842569474,23,WEAK,Positive,False
P.C.in.vitro,binary,Overall.organ.support,binary,-0.1312,0.5506296842569474,23,WEAK,Negative,False
Fosfomycin,ordinal,Overall.Mortality,binary,0.1312,0.5506296842569474,23,WEAK,Positive,False
Globulin,binary,Cefuroxime,ordinal,0.1312,0.5506296842569474,23,WEAK,Positive,False
SGPT,binary,Cefuroxime,ordinal,-0.1312,0.5506296842569474,23,WEAK,Negative,False
SGPT,binary,P.C.Z.A.E,binary,0.1312,0.5506296842569474,23,WEAK,Positive,False
Hypothyroidism,binary,Overall.organ.support,binary,-0.1312,0.5506296842569474,23,WEAK,Negative,False
Hypothyroidism,binary,Sodium,binary,-0.1312,0.5506296842569474,23,WEAK,Negative,False
Hypothyroidism,binary,Total.Protein,binary,-0.1312,0.5506296842569474,23,WEAK,Negative,False
Overall.organ.support,binary,Cefuroxime,ordinal,0.1312,0.5506296842569474,23,WEAK,Positive,False
Z.A.invitro,binary,P.C.Z.A.E,binary,-0.1312,0.5506296842569474,23,WEAK,Negative,False
ANC,binary,Cefuroxime,ordinal,0.1312,0.5506296842569474,23,WEAK,Positive,False
ANC,binary,Fosfomycin,ordinal,-0.1312,0.5506296842569474,23,WEAK,Negative,False
CV.Catheter.in.6.Months,binary,Overall.organ.support,binary,-0.1312,0.5506296842569474,23,WEAK,Negative,False
Calcium,binary,Nitrofurantoin,ordinal,-0.131,0.5513706879258352,23,WEAK,Negative,False
Neither.Abx.T,binary,Minocycline,ordinal,-0.1306,0.5524445152516577,23,WEAK,Negative,False
Ertapenem,ordinal,GW.Stay.in.28.Days,continuous,-0.1306,0.5523944417495111,23,WEAK,Negative,False
Endoscopy.in.1.week,binary,GW.Stay.in.28.Days,continuous,0.1306,0.5523944417495111,23,WEAK,Positive,False
Neither.Abx.E,binary,Minocycline,ordinal,-0.1306,0.5524445152516577,23,WEAK,Negative,False
P.C.only.T,binary,ICU.Stay.in.28.Days,continuous,0.1304,0.5532306022185892,23,WEAK,Positive,False
Age,continuous,P.C.only.T,binary,-0.1299,0.5547218777836762,23,WEAK,Negative,False
SGPT,binary,Tigecycline,ordinal,-0.1296,0.5555422506428186,23,WEAK,Negative,False
Globulin,binary,Tigecycline,ordinal,0.1296,0.5555422506428186,23,WEAK,Positive,False
HAP.CRO,binary,Clinical.Improvement,ordinal,0.1288,0.5580135096060017,23,WEAK,Positive,False
SGOT,binary,Magnesium,binary,-0.1288,0.5581116062341263,23,WEAK,Negative,False
Fosfomycin,ordinal,Clinical.Improvement,ordinal,-0.1288,0.5580135096060017,23,WEAK,Negative,False
Urinary.Catheter.in.6.Months,binary,Clinical.Improvement,ordinal,0.1288,0.5580135096060017,23,WEAK,Positive,False
CV.Catheter.in.6.Months,binary,Clinical.Improvement,ordinal,0.1288,0.5580135096060017,23,WEAK,Positive,False
P.C.in.vitro,binary,Clinical.Improvement,ordinal,-0.1288,0.5580135096060017,23,WEAK,Negative,False
P.C.Z.A.E,binary,Clinical.Improvement,ordinal,-0.1288,0.5580135096060017,23,WEAK,Negative,False
Height,continuous,Mortality.post.28.Day.Discharge,binary,-0.1287,0.5585050423231827,23,WEAK,Negative,False
APACHEII,continuous,Z.A.only.E,binary,-0.1287,0.5585050423231827,23,WEAK,Negative,False
Total.Hospital.stay.in.28.days,continuous,Overall.Mortality,binary,-0.1285,0.558926645619382,23,WEAK,Negative,False
Magnesium,binary,Z.A.only.T,binary,-0.1284,0.5591665308985728,23,WEAK,Negative,False
SGOT,binary,Ceftazidime.Avibactam,binary,0.1284,0.5591665308985728,23,WEAK,Positive,False
SGOT,binary,Z.A.only.T,binary,0.1284,0.5591665308985728,23,WEAK,Positive,False
Inotropes,binary,Minocycline,ordinal,0.1284,0.5592531579610035,23,WEAK,Positive,False
Lympho,binary,Z.A.only.T,binary,0.1284,0.5591665308985728,23,WEAK,Positive,False
BSI.CRO,binary,Magnesium,binary,-0.1284,0.5591665308985728,23,WEAK,Negative,False
Minocycline,ordinal,Ceftazidime.Avibactam.Aztreonam.T,binary,0.1284,0.5592531579610035,23,WEAK,Positive,False
BSI.CRO,binary,SGOT,binary,0.1284,0.5591665308985728,23,WEAK,Positive,False
Height,continuous,Nitrofurantoin,ordinal,0.1283,0.5597202221781508,23,WEAK,Positive,False
Weight,continuous,Surgery.in.last.3.Months,binary,0.1282,0.5598097225221033,23,WEAK,Positive,False
Age,continuous,CV.Catheter.in.6.Months,binary,0.1281,0.5601359899361579,23,WEAK,Positive,False
Age,continuous,Urinary.Catheter.in.6.Months,binary,0.1281,0.5601359899361579,23,WEAK,Positive,False
P.C.Z.A.T,binary,ICU.Stay.in.28.Days,continuous,0.1278,0.5611818180654562,23,WEAK,Positive,False
Inotropes,binary,GW.Stay.in.28.Days,continuous,0.1276,0.5616402142539535,23,WEAK,Positive,False
UTI.CRO,binary,TLC,binary,0.1275,0.5622391737726988,23,WEAK,Positive,False
NDM,binary,TLC,binary,-0.1275,0.5622391737726988,23,WEAK,Negative,False
NDM,binary,UTI.CRO,binary,0.1275,0.5622391737726988,23,WEAK,Positive,False
Age,continuous,P.C.Z.A.T,binary,-0.1273,0.5626529713097592,23,WEAK,Negative,False
SOFA,continuous,Colistin,ordinal,0.127,0.5637097555750922,23,WEAK,Positive,False
NDM,binary,Other.CRO,binary,0.1267,0.5646873680613327,23,WEAK,Positive,False
NDM,binary,Amoxicillin.Clavulanic.Acid,ordinal,-0.1267,0.5646873680613327,23,WEAK,Negative,False
UTI.CRO,binary,Z.A.only.E,binary,-0.1267,0.5646873680613327,23,WEAK,Negative,False
UTI.CRO,binary,Meropenem,ordinal,0.1267,0.5646873680613327,23,WEAK,Positive,False
UTI.CRO,binary,Ertapenem,ordinal,0.1267,0.5646873680613327,23,WEAK,Positive,False
NDM,binary,Z.A.only.E,binary,0.1267,0.5646873680613327,23,WEAK,Positive,False
UTI.CRO,binary,Amoxicillin.Clavulanic.Acid,ordinal,0.1267,0.5646873680613327,23,WEAK,Positive,False
COPD,binary,Solid.Organ,binary,0.1267,0.5646873680613327,23,WEAK,Positive,False
COPD,binary,TLC,binary,0.1267,0.5646873680613327,23,WEAK,Positive,False
UTI.CRO,binary,Endoscopy.in.1.week,binary,-0.1267,0.5646873680613327,23,WEAK,Negative,False
UTI.CRO,binary,Ceftazidime,ordinal,0.1267,0.5646873680613327,23,WEAK,Positive,False
UTI.CRO,binary,Cefotaxime,ordinal,0.1267,0.5646873680613327,23,WEAK,Positive,False
UTI.CRO,binary,Cefoperazone.Sulbactam,ordinal,0.1267,0.5646873680613327,23,WEAK,Positive,False
NDM,binary,Mortality.post.28.Day.Discharge,binary,0.1267,0.5646873680613327,23,WEAK,Positive,False
NDM,binary,Ertapenem,ordinal,-0.1267,0.5646873680613327,23,WEAK,Negative,False
UTI.CRO,binary,Other.CRO,binary,-0.1267,0.5646873680613327,23,WEAK,Negative,False
UTI.CRO,binary,Neutropenia,binary,-0.1267,0.5646873680613327,23,WEAK,Negative,False
TLC,binary,Cefotaxime,ordinal,-0.1267,0.5646873680613327,23,WEAK,Negative,False
Other.CRO,binary,Solid.Organ,binary,0.1267,0.5646873680613327,23,WEAK,Positive,False
TLC,binary,Amoxicillin.Clavulanic.Acid,ordinal,-0.1267,0.5646873680613327,23,WEAK,Negative,False
TLC,binary,Meropenem,ordinal,-0.1267,0.5646873680613327,23,WEAK,Negative,False
UTI.CRO,binary,Mortality.in.Hospital,binary,-0.1267,0.5646873680613327,23,WEAK,Negative,False
UTI.CRO,binary,Mortality.post.28.Day.Discharge,binary,-0.1267,0.5646873680613327,23,WEAK,Negative,False
UTI.CRO,binary,Relapse.post.28.Day.Discharge,binary,-0.1267,0.5646873680613327,23,WEAK,Negative,False
UTI.CRO,binary,Other.Illness.Leading.to.Hospitalization.post.28.Days.Discharge,binary,-0.1267,0.5646873680613327,23,WEAK,Negative,False
Solid.Organ,binary,Relapse.post.28.Day.Discharge,binary,0.1267,0.5646873680613327,23,WEAK,Positive,False
Solid.Organ,binary,Mortality.post.28.Day.Discharge,binary,0.1267,0.5646873680613327,23,WEAK,Positive,False
Endoscopy.in.1.week,binary,Solid.Organ,binary,0.1267,0.5646873680613327,23,WEAK,Positive,False
Solid.Organ,binary,Mortality.in.Hospital,binary,0.1267,0.5646873680613327,23,WEAK,Positive,False
Solid.Organ,binary,Other.Illness.Leading.to.Hospitalization.post.28.Days.Discharge,binary,0.1267,0.5646873680613327,23,WEAK,Positive,False
NDM,binary,Ceftazidime,ordinal,-0.1267,0.5646873680613327,23,WEAK,Negative,False
NDM,binary,Cefoperazone.Sulbactam,ordinal,-0.1267,0.5646873680613327,23,WEAK,Negative,False
NDM,binary,Cefotaxime,ordinal,-0.1267,0.5646873680613327,23,WEAK,Negative,False
Solid.Organ,binary,Z.A.only.E,binary,0.1267,0.5646873680613327,23,WEAK,Positive,False
NDM,binary,Mortality.in.Hospital,binary,0.1267,0.5646873680613327,23,WEAK,Positive,False
Neutropenia,binary,TLC,binary,0.1267,0.5646873680613327,23,WEAK,Positive,False
NDM,binary,Meropenem,ordinal,-0.1267,0.5646873680613327,23,WEAK,Negative,False
TLC,binary,Cefoperazone.Sulbactam,ordinal,-0.1267,0.5646873680613327,23,WEAK,Negative,False
Other.CRO,binary,TLC,binary,0.1267,0.5646873680613327,23,WEAK,Positive,False
Solid.Organ,binary,Ertapenem,ordinal,-0.1267,0.5646873680613327,23,WEAK,Negative,False
Solid.Organ,binary,Amoxicillin.Clavulanic.Acid,ordinal,-0.1267,0.5646873680613327,23,WEAK,Negative,False
TLC,binary,Relapse.post.28.Day.Discharge,binary,0.1267,0.5646873680613327,23,WEAK,Positive,False
TLC,binary,Mortality.in.Hospital,binary,0.1267,0.5646873680613327,23,WEAK,Positive,False
TLC,binary,Mortality.post.28.Day.Discharge,binary,0.1267,0.5646873680613327,23,WEAK,Positive,False
NDM,binary,COPD,binary,0.1267,0.5646873680613327,23,WEAK,Positive,False
TLC,binary,Ceftazidime,ordinal,-0.1267,0.5646873680613327,23,WEAK,Negative,False
NDM,binary,Endoscopy.in.1.week,binary,0.1267,0.5646873680613327,23,WEAK,Positive,False
NDM,binary,Neutropenia,binary,0.1267,0.5646873680613327,23,WEAK,Positive,False
COPD,binary,UTI.CRO,binary,-0.1267,0.5646873680613327,23,WEAK,Negative,False
TLC,binary,Other.Illness.Leading.to.Hospitalization.post.28.Days.Discharge,binary,0.1267,0.5646873680613327,23,WEAK,Positive,False
TLC,binary,Z.A.only.E,binary,0.1267,0.5646873680613327,23,WEAK,Positive,False
Potassium,binary,Ceftazidime.Avibactam.Aztreonam.Synergy.T,ordinal,0.1262,0.5661751059527402,23,WEAK,Positive,False
Amikacin,ordinal,Ceftazidime.Avibactam.T,binary,-0.1262,0.5660610077735565,23,WEAK,Negative,False
Z.A.only.T,binary,Ceftazidime.Avibactam.Aztreonam.Synergy.T,ordinal,0.1262,0.5661751059527402,23,WEAK,Positive,False
Amikacin,ordinal,Polymyxin.Colistin.Inclusion.T,binary,-0.1262,0.5660610077735565,23,WEAK,Negative,False
DM,binary,Urea,continuous,0.1257,0.5676545935491876,23,WEAK,Positive,False
Neutropenia,binary,Nitrofurantoin,ordinal,-0.1254,0.5686478819254457,23,WEAK,Negative,False
Nitrofurantoin,ordinal,Other.Illness.Leading.to.Hospitalization.post.28.Days.Discharge,binary,-0.1254,0.5686478819254457,23,WEAK,Negative,False
COPD,binary,Nitrofurantoin,ordinal,-0.1254,0.5686478819254457,23,WEAK,Negative,False
Nitrofurantoin,ordinal,Ceftazidime,ordinal,0.1254,0.5686478819254457,23,WEAK,Positive,False
Nitrofurantoin,ordinal,Mortality.post.28.Day.Discharge,binary,-0.1254,0.5686478819254457,23,WEAK,Negative,False
Nitrofurantoin,ordinal,Mortality.in.Hospital,binary,-0.1254,0.5686478819254457,23,WEAK,Negative,False
Nitrofurantoin,ordinal,Relapse.post.28.Day.Discharge,binary,-0.1254,0.5686478819254457,23,WEAK,Negative,False
Amoxicillin.Clavulanic.Acid,ordinal,Nitrofurantoin,ordinal,0.1254,0.5686478819254457,23,WEAK,Positive,False
Nitrofurantoin,ordinal,Cefotaxime,ordinal,0.1254,0.5686478819254457,23,WEAK,Positive,False
Nitrofurantoin,ordinal,Cefoperazone.Sulbactam,ordinal,0.1254,0.5686478819254457,23,WEAK,Positive,False
Nitrofurantoin,ordinal,Meropenem,ordinal,0.1254,0.5686478819254457,23,WEAK,Positive,False
Endoscopy.in.1.week,binary,Nitrofurantoin,ordinal,-0.1254,0.5686478819254457,23,WEAK,Negative,False
Z.A.only.E,binary,Nitrofurantoin,ordinal,-0.1254,0.5686478819254457,23,WEAK,Negative,False
Ertapenem,ordinal,Nitrofurantoin,ordinal,0.1254,0.5686478819254457,23,WEAK,Positive,False
Other.CRO,binary,Nitrofurantoin,ordinal,-0.1254,0.5686478819254457,23,WEAK,Negative,False
Any.Viral.Infection,binary,Ceftazidime.Avibactam.Aztreonam.Synergy.T,ordinal,-0.1249,0.5701962058627875,23,WEAK,Negative,False
SOFA,continuous,Urea,continuous,0.1248,0.5706041131605049,23,WEAK,Positive,False
SGOT,binary,Urea,continuous,0.1247,0.570626932433361,23,WEAK,Positive,False
SGOT,binary,Calcium,binary,-0.1241,0.5727551171955401,23,WEAK,Negative,False
IAI.CRO,binary,Magnesium,binary,-0.1241,0.5727551171955401,23,WEAK,Negative,False
OXA48,binary,Lympho,binary,-0.1241,0.5727551171955401,23,WEAK,Negative,False
IAI.CRO,binary,SGOT,binary,0.1241,0.5727551171955401,23,WEAK,Positive,False
OXA48,binary,Magnesium,binary,0.1241,0.5727551171955401,23,WEAK,Positive,False
OXA48,binary,Platelet,binary,-0.1241,0.5727551171955401,23,WEAK,Negative,False
IAI.CRO,binary,Platelet,binary,0.1241,0.5727551171955401,23,WEAK,Positive,False
IAI.CRO,binary,Lympho,binary,0.1241,0.5727551171955401,23,WEAK,Positive,False
Lympho,binary,Calcium,binary,-0.1241,0.5727551171955401,23,WEAK,Negative,False
Magnesium,binary,Overall.Mortality,binary,-0.1234,0.5749352653649077,23,WEAK,Negative,False
ANC,binary,Platelet,binary,-0.1234,0.5749352653649076,23,WEAK,Negative,False
Lympho,binary,Sodium,binary,-0.1234,0.5749352653649077,23,WEAK,Negative,False
Z.A.invitro,binary,Platelet,binary,-0.1234,0.5749352653649076,23,WEAK,Negative,False
Z.A.invitro,binary,SGOT,binary,-0.1234,0.5749352653649076,23,WEAK,Negative,False
Surgery.in.last.3.Months,binary,Platelet,binary,0.1234,0.5749352653649076,23,WEAK,Positive,False
Platelet,binary,SGPT,binary,0.1234,0.5749352653649077,23,WEAK,Positive,False
Platelet,binary,Overall.Mortality,binary,0.1234,0.5749352653649077,23,WEAK,Positive,False
SGOT,binary,Sodium,binary,-0.1234,0.5749352653649077,23,WEAK,Negative,False
Globulin,binary,Magnesium,binary,0.1234,0.5749352653649076,23,WEAK,Positive,False
Platelet,binary,Colistin,ordinal,-0.1233,0.5750304172157504,23,WEAK,Negative,False
Urea,continuous,Doxycycline,ordinal,-0.1223,0.5781337003681901,23,WEAK,Negative,False
Solid.Organ,binary,Bil,binary,0.1216,0.5805301856059782,23,WEAK,Positive,False
NDM,binary,Ceftazidime.Avibactam.Aztreonam.T,binary,-0.1216,0.5805301856059782,23,WEAK,Negative,False
NDM,binary,Inotropes,binary,-0.1216,0.5805301856059782,23,WEAK,Negative,False
Female,binary,NDM,binary,0.1216,0.5805301856059782,23,WEAK,Positive,False
TLC,binary,ALP,binary,-0.1216,0.5805301856059782,23,WEAK,Negative,False
Inotropes,binary,Solid.Organ,binary,-0.1216,0.5805301856059782,23,WEAK,Negative,False
DM,binary,TLC,binary,0.1216,0.5805301856059782,23,WEAK,Positive,False
DM,binary,Solid.Organ,binary,0.1216,0.5805301856059782,23,WEAK,Positive,False
Male,binary,NDM,binary,-0.1216,0.5805301856059782,23,WEAK,Negative,False
Age,continuous,Overall.organ.support,binary,0.1213,0.5815197148386073,23,WEAK,Positive,False
Age,continuous,Creatinine,binary,-0.1211,0.5821789577879146,23,WEAK,Negative,False
Tigecycline,ordinal,Ceftazidime.Avibactam,binary,-0.1205,0.5839173193600076,23,WEAK,Negative,False
Potassium,binary,Tigecycline,ordinal,-0.1205,0.5839173193600076,23,WEAK,Negative,False
TLC,binary,ICU.Stay.in.28.Days,continuous,0.12,0.5853618297192381,23,WEAK,Positive,False
TLC,binary,Total.Hospital.stay.in.28.days,continuous,0.1197,0.5863955138210057,23,WEAK,Positive,False
Female,binary,ICU.Stay.in.28.Days,continuous,-0.1196,0.5866818162744802,23,WEAK,Negative,False
Inotropes,binary,ICU.Stay.in.28.Days,continuous,0.1196,0.5866818162744802,23,WEAK,Positive,False
Male,binary,ICU.Stay.in.28.Days,continuous,0.1196,0.5866818162744802,23,WEAK,Positive,False
P.C.in.vitro,binary,Hb,binary,0.1195,0.5869926678388567,23,WEAK,Positive,False
CV.Catheter.in.6.Months,binary,Ceftriaxone,ordinal,-0.1195,0.5869926678388567,23,WEAK,Negative,False
Hb,binary,Fosfomycin,ordinal,0.1195,0.5869926678388567,23,WEAK,Positive,False
Urinary.Catheter.in.6.Months,binary,Ceftriaxone,ordinal,-0.1195,0.5869926678388567,23,WEAK,Negative,False
Past.CREPA.infection,binary,Fosfomycin,ordinal,-0.1195,0.5869926678388567,23,WEAK,Negative,False
BSI.CRO,binary,ANC,binary,0.1195,0.5869926678388567,23,WEAK,Positive,False
P.C.Z.A.E,binary,Ceftriaxone,ordinal,-0.1195,0.5869926678388567,23,WEAK,Negative,False
HAP.CRO,binary,Hb,binary,0.1195,0.5869926678388567,23,WEAK,Positive,False
HAP.CRO,binary,Past.CREPA.infection,binary,-0.1195,0.5869926678388567,23,WEAK,Negative,False
P.C.in.vitro,binary,Procalcitonin,binary,-0.1195,0.5869926678388567,23,WEAK,Negative,False
Ceftazidime.Avibactam,binary,Overall.Mortality,binary,-0.1195,0.5869926678388567,23,WEAK,Negative,False
Hypothyroidism,binary,Procalcitonin,binary,-0.1195,0.5869926678388567,23,WEAK,Negative,False
Potassium,binary,Overall.Mortality,binary,-0.1195,0.5869926678388567,23,WEAK,Negative,False
Hypothyroidism,binary,Ceftriaxone,ordinal,-0.1195,0.5869926678388567,23,WEAK,Negative,False
SGPT,binary,Z.A.only.T,binary,-0.1195,0.5869926678388567,23,WEAK,Negative,False
Globulin,binary,Ceftazidime.Avibactam,binary,0.1195,0.5869926678388567,23,WEAK,Positive,False
Sodium,binary,P.C.Z.A.T,binary,0.1195,0.5869926678388567,23,WEAK,Positive,False
Sodium,binary,Mortality.in.ICU,binary,0.1195,0.5869926678388567,23,WEAK,Positive,False
Sodium,binary,Z.A.only.T,binary,0.1195,0.5869926678388567,23,WEAK,Positive,False
Hb,binary,P.C.Z.A.E,binary,0.1195,0.5869926678388567,23,WEAK,Positive,False
Hypothyroidism,binary,Past.CREPA.infection,binary,-0.1195,0.5869926678388567,23,WEAK,Negative,False
Z.A.invitro,binary,Mortality.in.ICU,binary,0.1195,0.5869926678388567,23,WEAK,Positive,False
Past.CREPA.infection,binary,P.C.Z.A.E,binary,-0.1195,0.5869926678388567,23,WEAK,Negative,False
ANC,binary,P.C.Z.A.T,binary,0.1195,0.5869926678388567,23,WEAK,Positive,False
ANC,binary,Z.A.only.T,binary,0.1195,0.5869926678388567,23,WEAK,Positive,False
Overall.organ.support,binary,Potassium,binary,0.1195,0.5869926678388567,23,WEAK,Positive,False
Past.CREPA.infection,binary,Cefuroxime,ordinal,0.1195,0.5869926678388567,23,WEAK,Positive,False
Urinary.Catheter.in.6.Months,binary,Hb,binary,0.1195,0.5869926678388567,23,WEAK,Positive,False
Surgery.in.last.3.Months,binary,P.C.Z.A.T,binary,-0.1195,0.5869926678388567,23,WEAK,Negative,False
HAP.CRO,binary,Procalcitonin,binary,-0.1195,0.5869926678388567,23,WEAK,Negative,False
HAP.CRO,binary,Ceftriaxone,ordinal,-0.1195,0.5869926678388567,23,WEAK,Negative,False
Ceftriaxone,ordinal,Cefuroxime,ordinal,0.1195,0.5869926678388567,23,WEAK,Positive,False
Overall.organ.support,binary,Ceftazidime.Avibactam,binary,0.1195,0.5869926678388567,23,WEAK,Positive,False
CV.Catheter.in.6.Months,binary,Hb,binary,0.1195,0.5869926678388567,23,WEAK,Positive,False
Z.A.invitro,binary,Ceftazidime.Avibactam,binary,0.1195,0.5869926678388567,23,WEAK,Positive,False
BSI.CRO,binary,SGPT,binary,-0.1195,0.5869926678388567,23,WEAK,Negative,False
Total.Protein,binary,Mortality.in.ICU,binary,0.1195,0.5869926678388567,23,WEAK,Positive,False
SGPT,binary,Ceftazidime.Avibactam,binary,-0.1195,0.5869926678388567,23,WEAK,Negative,False
Ceftriaxone,ordinal,Piperacillin.Tazobactam,ordinal,0.1194,0.587382052080506,23,WEAK,Positive,False
Hb,binary,Doxycycline,ordinal,0.1194,0.587382052080506,23,WEAK,Positive,False
Procalcitonin,binary,Doxycycline,ordinal,-0.1194,0.587382052080506,23,WEAK,Negative,False
Hb,binary,Piperacillin.Tazobactam,ordinal,-0.1194,0.587382052080506,23,WEAK,Negative,False
Ceftriaxone,ordinal,Doxycycline,ordinal,-0.1194,0.587382052080506,23,WEAK,Negative,False
Past.CREPA.infection,binary,Piperacillin.Tazobactam,ordinal,0.1194,0.587382052080506,23,WEAK,Positive,False
Past.CREPA.infection,binary,Doxycycline,ordinal,-0.1194,0.587382052080506,23,WEAK,Negative,False
Fosfomycin,ordinal,Trimethoprim.Sulfamethoxazole,ordinal,0.1193,0.5878091105704564,23,WEAK,Positive,False
Potassium,binary,Urea,continuous,-0.1193,0.5877858505119085,23,WEAK,Negative,False
P.C.in.vitro,binary,Trimethoprim.Sulfamethoxazole,ordinal,0.1193,0.5878091105704564,23,WEAK,Positive,False
P.C.Z.A.E,binary,Trimethoprim.Sulfamethoxazole,ordinal,0.1193,0.5878091105704564,23,WEAK,Positive,False
Urinary.Catheter.in.6.Months,binary,Trimethoprim.Sulfamethoxazole,ordinal,0.1193,0.5878091105704564,23,WEAK,Positive,False
CV.Catheter.in.6.Months,binary,Trimethoprim.Sulfamethoxazole,ordinal,0.1193,0.5878091105704564,23,WEAK,Positive,False
Doxycycline,ordinal,Trimethoprim.Sulfamethoxazole,ordinal,0.1191,0.5881978824726435,23,WEAK,Positive,False
Any.Viral.Infection,binary,Minocycline,ordinal,0.1188,0.5892407431471044,23,WEAK,Positive,False
Ceftriaxone,ordinal,GW.Stay.in.28.Days,continuous,0.1187,0.5896955461452307,23,WEAK,Positive,False
Weight,continuous,Ceftriaxone,ordinal,0.1168,0.5955887748038244,23,WEAK,Positive,False
P.C.Z.A.E,binary,Total.Hospital.stay.in.28.days,continuous,0.1166,0.5962382827984803,23,WEAK,Positive,False
Overall.organ.support,binary,Piperacillin.Tazobactam,ordinal,0.1165,0.5964829555517728,23,WEAK,Positive,False
Total.Protein,binary,Doxycycline,ordinal,-0.1165,0.5964829555517728,23,WEAK,Negative,False
Z.A.invitro,binary,Piperacillin.Tazobactam,ordinal,0.1165,0.5964829555517728,23,WEAK,Positive,False
SGPT,binary,Doxycycline,ordinal,0.1165,0.5964829555517728,23,WEAK,Positive,False
Overall.organ.support,binary,Doxycycline,ordinal,-0.1165,0.5964829555517728,23,WEAK,Negative,False
Piperacillin.Tazobactam,ordinal,Overall.Mortality,binary,-0.1165,0.5964829555517728,23,WEAK,Negative,False
Doxycycline,ordinal,Total.Hospital.stay.in.28.days,continuous,0.1165,0.5966206737874012,23,WEAK,Positive,False
Z.A.invitro,binary,Doxycycline,ordinal,-0.1165,0.5964829555517728,23,WEAK,Negative,False
HAP.CRO,binary,Urea,continuous,-0.1164,0.5968796053928599,23,WEAK,Negative,False
Urinary.Catheter.in.6.Months,binary,Urea,continuous,-0.1164,0.5968796053928599,23,WEAK,Negative,False
CV.Catheter.in.6.Months,binary,Urea,continuous,-0.1164,0.5968796053928599,23,WEAK,Negative,False
Height,continuous,Cefuroxime,ordinal,-0.1164,0.5968796053928599,23,WEAK,Negative,False
ANC,binary,GW.Stay.in.28.Days,continuous,-0.1158,0.5987554167630277,23,WEAK,Negative,False
Ventilation,binary,Ceftazidime.Avibactam.Aztreonam.T,binary,-0.1154,0.6000959471742374,23,WEAK,Negative,False
Inotropes,binary,Ceftazidime.Avibactam.Aztreonam.T,binary,0.1154,0.6000959471742374,23,WEAK,Positive,False
Ventilation,binary,ALP,binary,-0.1154,0.6000959471742374,23,WEAK,Negative,False
DM,binary,Ceftazidime.Avibactam.Aztreonam.T,binary,-0.1154,0.6000959471742374,23,WEAK,Negative,False
Immunosuppressive.drugs.in.1.week,binary,ALP,binary,-0.1154,0.6000959471742374,23,WEAK,Negative,False
DM,binary,Immunosuppressive.drugs.in.1.week,binary,0.1154,0.6000959471742374,23,WEAK,Positive,False
Hospitalization.in.past.6.Months,binary,ALP,binary,-0.1154,0.6000959471742374,23,WEAK,Negative,False
DM,binary,Bil,binary,0.1154,0.6000959471742374,23,WEAK,Positive,False
Hospitalization.in.past.6.Months,binary,Ceftazidime.Avibactam.Aztreonam.T,binary,-0.1154,0.6000959471742374,23,WEAK,Negative,False
Total.Protein,binary,Minocycline,ordinal,0.1153,0.6003845957246123,23,WEAK,Positive,False
Ceftazidime.Avibactam.T,binary,Clinical.Improvement,ordinal,-0.1143,0.6034989187530931,23,WEAK,Negative,False
Calcium,binary,Ceftazidime.Avibactam.Aztreonam.Synergy.T,ordinal,-0.1143,0.6036810517875795,23,WEAK,Negative,False
HTN,binary,Clinical.Improvement,ordinal,0.1143,0.6034989187530931,23,WEAK,Positive,False
Hospitalization.in.past.6.Months,binary,GW.Stay.in.28.Days,continuous,-0.1142,0.603842464806085,23,WEAK,Negative,False
Creatinine,binary,Urea,continuous,0.1142,0.6037323407515376,23,WEAK,Positive,False
Ceftriaxone,ordinal,Nitrofurantoin,ordinal,0.1139,0.6048725163890686,23,WEAK,Positive,False
Female,binary,SOFA,continuous,-0.1134,0.6063278870609896,23,WEAK,Negative,False
Male,binary,SOFA,continuous,0.1134,0.6063278870609896,23,WEAK,Positive,False
Solid.Organ,binary,Tigecycline,ordinal,0.1132,0.6070947399722755,23,WEAK,Positive,False
Other.CRO,binary,ICU.Stay.in.28.Days,continuous,-0.1131,0.607438153614281,23,WEAK,Negative,False
Amoxicillin.Clavulanic.Acid,ordinal,ICU.Stay.in.28.Days,continuous,0.1131,0.607438153614281,23,WEAK,Positive,False
BSI.CRO,binary,GW.Stay.in.28.Days,continuous,0.113,0.6075775629506307,23,WEAK,Positive,False
Ertapenem,ordinal,Total.Hospital.stay.in.28.days,continuous,0.1128,0.6084272090987674,23,WEAK,Positive,False
Endoscopy.in.1.week,binary,Total.Hospital.stay.in.28.days,continuous,-0.1128,0.6084272090987674,23,WEAK,Negative,False
Age,continuous,Z.A.only.E,binary,0.1127,0.6087850225822052,23,WEAK,Positive,False
Age,continuous,COPD,binary,0.1127,0.6087850225822052,23,WEAK,Positive,False
Any.Viral.Infection,binary,Piperacillin.Tazobactam,ordinal,-0.1126,0.6090750272414646,23,WEAK,Negative,False
Gentamicin,ordinal,Piperacillin.Tazobactam,ordinal,0.1126,0.6090750272414646,23,WEAK,Positive,False
APACHEII,continuous,GW.Stay.in.28.Days,continuous,-0.1125,0.6091486775931713,23,WEAK,Negative,False
Ventilation,binary,Ceftazidime.Avibactam.Aztreonam.Synergy.T,ordinal,0.1125,0.6093416598992197,23,WEAK,Positive,False
Hospitalization.in.past.6.Months,binary,Ceftazidime.Avibactam.Aztreonam.Synergy.T,ordinal,0.1125,0.6093416598992197,23,WEAK,Positive,False
NDM,binary,ICU.Stay.in.28.Days,continuous,-0.1125,0.6091795415469926,23,WEAK,Negative,False
Ceftazidime.Avibactam,binary,Mortality.in.Hospital,binary,-0.1124,0.6097285202754734,23,WEAK,Negative,False
Mortality.in.ICU,binary,Other.Illness.Leading.to.Hospitalization.post.28.Days.Discharge,binary,-0.1124,0.6097285202754734,23,WEAK,Negative,False
Mortality.in.ICU,binary,Relapse.post.28.Day.Discharge,binary,-0.1124,0.6097285202754734,23,WEAK,Negative,False
Mortality.in.ICU,binary,Mortality.post.28.Day.Discharge,binary,-0.1124,0.6097285202754734,23,WEAK,Negative,False
Mortality.in.ICU,binary,Mortality.in.Hospital,binary,-0.1124,0.6097285202754734,23,WEAK,Negative,False
Magnesium,binary,Ceftriaxone,ordinal,0.1124,0.6097285202754734,23,WEAK,Positive,False
Other.CRO,binary,Ceftazidime.Avibactam,binary,-0.1124,0.6097285202754734,23,WEAK,Negative,False
Cefotaxime,ordinal,Mortality.in.ICU,binary,0.1124,0.6097285202754734,23,WEAK,Positive,False
Ceftazidime,ordinal,Mortality.in.ICU,binary,0.1124,0.6097285202754734,23,WEAK,Positive,False
Z.A.only.E,binary,Mortality.in.ICU,binary,-0.1124,0.6097285202754734,23,WEAK,Negative,False
Hb,binary,Platelet,binary,0.1124,0.6097285202754734,23,WEAK,Positive,False
Ceftazidime.Avibactam,binary,Mortality.post.28.Day.Discharge,binary,-0.1124,0.6097285202754734,23,WEAK,Negative,False
Potassium,binary,Relapse.post.28.Day.Discharge,binary,-0.1124,0.6097285202754734,23,WEAK,Negative,False
COPD,binary,Ceftazidime.Avibactam,binary,-0.1124,0.6097285202754734,23,WEAK,Negative,False
Potassium,binary,Z.A.only.E,binary,-0.1124,0.6097285202754734,23,WEAK,Negative,False
Potassium,binary,Other.Illness.Leading.to.Hospitalization.post.28.Days.Discharge,binary,-0.1124,0.6097285202754734,23,WEAK,Negative,False
Amoxicillin.Clavulanic.Acid,ordinal,Ceftazidime.Avibactam,binary,0.1124,0.6097285202754734,23,WEAK,Positive,False
Amoxicillin.Clavulanic.Acid,ordinal,Mortality.in.ICU,binary,0.1124,0.6097285202754734,23,WEAK,Positive,False
COPD,binary,Potassium,binary,-0.1124,0.6097285202754734,23,WEAK,Negative,False
Ertapenem,ordinal,Mortality.in.ICU,binary,0.1124,0.6097285202754734,23,WEAK,Positive,False
BSI.CRO,binary,Other.Illness.Leading.to.Hospitalization.post.28.Days.Discharge,binary,-0.1124,0.6097285202754734,23,WEAK,Negative,False
P.C.Z.A.T,binary,Mortality.post.28.Day.Discharge,binary,-0.1124,0.6097285202754734,23,WEAK,Negative,False
Potassium,binary,Cefotaxime,ordinal,0.1124,0.6097285202754734,23,WEAK,Positive,False
Potassium,binary,Ceftazidime,ordinal,0.1124,0.6097285202754734,23,WEAK,Positive,False
Potassium,binary,Meropenem,ordinal,0.1124,0.6097285202754734,23,WEAK,Positive,False
Neutropenia,binary,Z.A.only.T,binary,-0.1124,0.6097285202754734,23,WEAK,Negative,False
Z.A.only.T,binary,Relapse.post.28.Day.Discharge,binary,-0.1124,0.6097285202754734,23,WEAK,Negative,False
Cefoperazone.Sulbactam,ordinal,Ceftazidime.Avibactam,binary,0.1124,0.6097285202754734,23,WEAK,Positive,False
Endoscopy.in.1.week,binary,P.C.Z.A.T,binary,-0.1124,0.6097285202754734,23,WEAK,Negative,False
BSI.CRO,binary,Amoxicillin.Clavulanic.Acid,ordinal,0.1124,0.6097285202754734,23,WEAK,Positive,False
Lympho,binary,Ceftriaxone,ordinal,-0.1124,0.6097285202754734,23,WEAK,Negative,False
BSI.CRO,binary,Z.A.only.E,binary,-0.1124,0.6097285202754734,23,WEAK,Negative,False
P.C.Z.A.T,binary,Amoxicillin.Clavulanic.Acid,ordinal,0.1124,0.6097285202754734,23,WEAK,Positive,False
BSI.CRO,binary,Other.CRO,binary,-0.1124,0.6097285202754734,23,WEAK,Negative,False
Other.CRO,binary,P.C.Z.A.T,binary,-0.1124,0.6097285202754734,23,WEAK,Negative,False
Ertapenem,ordinal,Ceftazidime.Avibactam,binary,0.1124,0.6097285202754734,23,WEAK,Positive,False
Other.CRO,binary,Z.A.only.T,binary,-0.1124,0.6097285202754734,23,WEAK,Negative,False
Potassium,binary,Cefoperazone.Sulbactam,ordinal,0.1124,0.6097285202754734,23,WEAK,Positive,False
Past.CREPA.infection,binary,SGOT,binary,-0.1124,0.6097285202754734,23,WEAK,Negative,False
Past.CREPA.infection,binary,Platelet,binary,-0.1124,0.6097285202754734,23,WEAK,Negative,False
BSI.CRO,binary,Relapse.post.28.Day.Discharge,binary,-0.1124,0.6097285202754734,23,WEAK,Negative,False
BSI.CRO,binary,Mortality.post.28.Day.Discharge,binary,-0.1124,0.6097285202754734,23,WEAK,Negative,False
Z.A.only.E,binary,Ceftazidime.Avibactam,binary,-0.1124,0.6097285202754734,23,WEAK,Negative,False
Other.CRO,binary,Mortality.in.ICU,binary,-0.1124,0.6097285202754734,23,WEAK,Negative,False
Ceftazidime,ordinal,Ceftazidime.Avibactam,binary,0.1124,0.6097285202754734,23,WEAK,Positive,False
Cefoperazone.Sulbactam,ordinal,Mortality.in.ICU,binary,0.1124,0.6097285202754734,23,WEAK,Positive,False
Cefotaxime,ordinal,Ceftazidime.Avibactam,binary,0.1124,0.6097285202754734,23,WEAK,Positive,False
Potassium,binary,Mortality.post.28.Day.Discharge,binary,-0.1124,0.6097285202754734,23,WEAK,Negative,False
Neutropenia,binary,Mortality.in.ICU,binary,-0.1124,0.6097285202754734,23,WEAK,Negative,False
Z.A.only.T,binary,Ertapenem,ordinal,0.1124,0.6097285202754734,23,WEAK,Positive,False
Z.A.only.T,binary,Cefoperazone.Sulbactam,ordinal,0.1124,0.6097285202754734,23,WEAK,Positive,False
Z.A.only.T,binary,Meropenem,ordinal,0.1124,0.6097285202754734,23,WEAK,Positive,False
Neutropenia,binary,Ceftazidime.Avibactam,binary,-0.1124,0.6097285202754734,23,WEAK,Negative,False
Hb,binary,Magnesium,binary,-0.1124,0.6097285202754734,23,WEAK,Negative,False
Z.A.only.T,binary,Amoxicillin.Clavulanic.Acid,ordinal,0.1124,0.6097285202754734,23,WEAK,Positive,False
COPD,binary,Z.A.only.T,binary,-0.1124,0.6097285202754734,23,WEAK,Negative,False
Z.A.only.T,binary,Mortality.in.Hospital,binary,-0.1124,0.6097285202754734,23,WEAK,Negative,False
Z.A.only.T,binary,Cefotaxime,ordinal,0.1124,0.6097285202754734,23,WEAK,Positive,False
Z.A.only.T,binary,Other.Illness.Leading.to.Hospitalization.post.28.Days.Discharge,binary,-0.1124,0.6097285202754734,23,WEAK,Negative,False
Z.A.only.T,binary,Ceftazidime,ordinal,0.1124,0.6097285202754734,23,WEAK,Positive,False
COPD,binary,BSI.CRO,binary,-0.1124,0.6097285202754734,23,WEAK,Negative,False
Endoscopy.in.1.week,binary,Ceftazidime.Avibactam,binary,-0.1124,0.6097285202754734,23,WEAK,Negative,False
Z.A.only.E,binary,Z.A.only.T,binary,-0.1124,0.6097285202754734,23,WEAK,Negative,False
Z.A.only.E,binary,P.C.Z.A.T,binary,-0.1124,0.6097285202754734,23,WEAK,Negative,False
P.C.Z.A.T,binary,Ertapenem,ordinal,0.1124,0.6097285202754734,23,WEAK,Positive,False
Endoscopy.in.1.week,binary,Z.A.only.T,binary,-0.1124,0.6097285202754734,23,WEAK,Negative,False
Endoscopy.in.1.week,binary,Mortality.in.ICU,binary,-0.1124,0.6097285202754734,23,WEAK,Negative,False
Meropenem,ordinal,Ceftazidime.Avibactam,binary,0.1124,0.6097285202754734,23,WEAK,Positive,False
Neutropenia,binary,Potassium,binary,-0.1124,0.6097285202754734,23,WEAK,Negative,False
Tigecycline,ordinal,ICU.Stay.in.28.Days,continuous,-0.1122,0.6101698827887502,23,WEAK,Negative,False
Any.Viral.Infection,binary,Overall.Mortality,binary,0.1121,0.6104683957605057,23,WEAK,Positive,False
Z.A.invitro,binary,Polymyxin.Colistin.Inclusion.T,binary,0.1121,0.6104683957605057,23,WEAK,Positive,False
Overall.organ.support,binary,Polymyxin.Colistin.Inclusion.T,binary,0.1121,0.6104683957605057,23,WEAK,Positive,False
Magnesium,binary,Colistin,ordinal,0.1121,0.610508416594644,23,WEAK,Positive,False
HTN,binary,Total.Protein,binary,-0.1121,0.6104683957605057,23,WEAK,Negative,False
Sodium,binary,Polymyxin.Colistin.Inclusion.T,binary,0.1121,0.6104683957605057,23,WEAK,Positive,False
ANC,binary,Gentamicin,ordinal,0.1121,0.6104683957605057,23,WEAK,Positive,False
Any.Viral.Infection,binary,Globulin,binary,-0.1121,0.6104683957605057,23,WEAK,Negative,False
Total.Protein,binary,Ceftazidime.Avibactam.T,binary,0.1121,0.6104683957605057,23,WEAK,Positive,False
Total.Protein,binary,Gentamicin,ordinal,0.1121,0.6104683957605057,23,WEAK,Positive,False
SGOT,binary,Colistin,ordinal,-0.1121,0.610508416594644,23,WEAK,Negative,False
Total.Protein,binary,Polymyxin.Colistin.Inclusion.T,binary,0.1121,0.6104683957605057,23,WEAK,Positive,False
Sodium,binary,Ceftazidime.Avibactam.T,binary,0.1121,0.6104683957605057,23,WEAK,Positive,False
Surgery.in.last.3.Months,binary,Ceftazidime.Avibactam.T,binary,-0.1121,0.6104683957605057,23,WEAK,Negative,False
ANC,binary,Ceftazidime.Avibactam.T,binary,0.1121,0.6104683957605057,23,WEAK,Positive,False
Lympho,binary,Colistin,ordinal,-0.1121,0.610508416594644,23,WEAK,Negative,False
Any.Fungal.Infection,binary,Minocycline,ordinal,0.112,0.6110018597191611,23,WEAK,Positive,False
SGOT,binary,Total.Hospital.stay.in.28.days,continuous,0.1118,0.6115117000015733,23,WEAK,Positive,False
OXA48,binary,Clinical.Improvement,ordinal,-0.1116,0.6123102011205124,23,WEAK,Negative,False
Weight,continuous,Platelet,binary,-0.1116,0.6123102011205124,23,WEAK,Negative,False
Female,binary,Clinical.Improvement,ordinal,-0.1098,0.6178691380447112,23,WEAK,Negative,False
Inotropes,binary,Clinical.Improvement,ordinal,0.1098,0.6178691380447112,23,WEAK,Positive,False
Male,binary,Clinical.Improvement,ordinal,0.1098,0.6178691380447112,23,WEAK,Positive,False
Total.Protein,binary,Z.A.only.T,binary,-0.1096,0.6187347642114602,23,WEAK,Negative,False
Surgery.in.last.3.Months,binary,Potassium,binary,0.1096,0.6187347642114602,23,WEAK,Positive,False
Sodium,binary,Ceftazidime.Avibactam,binary,-0.1096,0.6187347642114602,23,WEAK,Negative,False
Sodium,binary,Potassium,binary,-0.1096,0.6187347642114602,23,WEAK,Negative,False
BSI.CRO,binary,Overall.Mortality,binary,0.1096,0.6187347642114602,23,WEAK,Positive,False
Total.Protein,binary,P.C.Z.A.T,binary,-0.1096,0.6187347642114602,23,WEAK,Negative,False
BSI.CRO,binary,Total.Protein,binary,-0.1096,0.6187347642114602,23,WEAK,Negative,False
ANC,binary,Potassium,binary,-0.1096,0.6187347642114602,23,WEAK,Negative,False
BSI.CRO,binary,Overall.organ.support,binary,-0.1096,0.6187347642114602,23,WEAK,Negative,False
BSI.CRO,binary,Surgery.in.last.3.Months,binary,0.1096,0.6187347642114602,23,WEAK,Positive,False
Globulin,binary,Potassium,binary,-0.1096,0.6187347642114602,23,WEAK,Negative,False
Surgery.in.last.3.Months,binary,Z.A.only.T,binary,0.1096,0.6187347642114602,23,WEAK,Positive,False
Z.A.invitro,binary,BSI.CRO,binary,-0.1096,0.6187347642114602,23,WEAK,Negative,False
Z.A.invitro,binary,Potassium,binary,-0.1096,0.6187347642114602,23,WEAK,Negative,False
Z.A.only.T,binary,Overall.Mortality,binary,0.1096,0.6187347642114602,23,WEAK,Positive,False
SGPT,binary,P.C.Z.A.T,binary,0.1096,0.6187347642114602,23,WEAK,Positive,False
Z.A.invitro,binary,Z.A.only.T,binary,-0.1096,0.6187347642114602,23,WEAK,Negative,False
Z.A.invitro,binary,P.C.Z.A.T,binary,-0.1096,0.6187347642114602,23,WEAK,Negative,False
Globulin,binary,Mortality.in.ICU,binary,-0.1096,0.6187347642114602,23,WEAK,Negative,False
Hb,binary,Z.A.only.T,binary,-0.1089,0.620979886180975,23,WEAK,Negative,False
Z.A.only.T,binary,Ceftriaxone,ordinal,0.1089,0.620979886180975,23,WEAK,Positive,False
Ceftriaxone,ordinal,Mortality.in.ICU,binary,0.1089,0.620979886180975,23,WEAK,Positive,False
Past.CREPA.infection,binary,Ceftazidime.Avibactam,binary,0.1089,0.620979886180975,23,WEAK,Positive,False
Potassium,binary,Ceftriaxone,ordinal,0.1089,0.620979886180975,23,WEAK,Positive,False
P.C.Z.A.T,binary,Ceftriaxone,ordinal,0.1089,0.620979886180975,23,WEAK,Positive,False
Procalcitonin,binary,Ceftazidime.Avibactam,binary,0.1089,0.620979886180975,23,WEAK,Positive,False
Past.CREPA.infection,binary,Z.A.only.T,binary,0.1089,0.620979886180975,23,WEAK,Positive,False
Past.CREPA.infection,binary,Potassium,binary,0.1089,0.620979886180975,23,WEAK,Positive,False
BSI.CRO,binary,Past.CREPA.infection,binary,0.1089,0.620979886180975,23,WEAK,Positive,False
BSI.CRO,binary,Procalcitonin,binary,0.1089,0.620979886180975,23,WEAK,Positive,False
Procalcitonin,binary,P.C.Z.A.T,binary,0.1089,0.620979886180975,23,WEAK,Positive,False
BSI.CRO,binary,Ceftriaxone,ordinal,0.1089,0.620979886180975,23,WEAK,Positive,False
SOFA,continuous,Trimethoprim.Sulfamethoxazole,ordinal,-0.1087,0.6216655485748871,23,WEAK,Negative,False
Total.Protein,binary,Tigecycline,ordinal,-0.108,0.623716844674729,23,WEAK,Negative,False
Calcium,binary,ICU.Stay.in.28.Days,continuous,0.108,0.6237613893111482,23,WEAK,Positive,False
Overall.organ.support,binary,Minocycline,ordinal,0.1076,0.6250456560695908,23,WEAK,Positive,False
Height,continuous,OXA48,binary,-0.1075,0.6253201434046036,23,WEAK,Negative,False
Sodium,binary,Total.Hospital.stay.in.28.days,continuous,-0.1071,0.6266789668779251,23,WEAK,Negative,False
Sodium,binary,Urea,continuous,0.1069,0.6272802006957299,23,WEAK,Positive,False
Colistin,ordinal,GW.Stay.in.28.Days,continuous,0.1064,0.6289683802500143,23,WEAK,Positive,False
ALP,binary,Amikacin,ordinal,0.1061,0.6299064806408434,23,WEAK,Positive,False
Magnesium,binary,Amikacin,ordinal,0.1053,0.6325267659852031,23,WEAK,Positive,False
Platelet,binary,Amikacin,ordinal,-0.1053,0.6325267659852031,23,WEAK,Negative,False
Height,continuous,Magnesium,binary,-0.1051,0.6333383122430492,23,WEAK,Negative,False
Solid.Organ,binary,ICU.Stay.in.28.Days,continuous,-0.105,0.6333873768865067,23,WEAK,Negative,False
P.C.only.T,binary,Tigecycline,ordinal,-0.1049,0.6338162594991595,23,WEAK,Negative,False
Any.Fungal.Infection,binary,Tigecycline,ordinal,-0.1049,0.6338162594991595,23,WEAK,Negative,False
P.C.only.E,binary,Tigecycline,ordinal,-0.1049,0.6338162594991595,23,WEAK,Negative,False
Any.Fungal.Infection,binary,Total.Hospital.stay.in.28.days,continuous,0.104,0.6367111974169156,23,WEAK,Positive,False
Urea,continuous,Ceftazidime.Avibactam.Aztreonam.Synergy.T,ordinal,0.1032,0.639374389284738,23,WEAK,Positive,False
Solid.Organ,binary,Amikacin,ordinal,0.1027,0.6410775491884456,23,WEAK,Positive,False
NDM,binary,Amikacin,ordinal,0.1027,0.6410775491884456,23,WEAK,Positive,False
TLC,binary,Amikacin,ordinal,-0.1027,0.6410775491884456,23,WEAK,Negative,False
Creatinine,binary,Neither.Abx.T,binary,-0.1022,0.6426670535504846,23,WEAK,Negative,False
OXA48,binary,P.C.only.E,binary,-0.1022,0.6426670535504846,23,WEAK,Negative,False
IAI.CRO,binary,P.C.only.T,binary,0.1022,0.6426670535504846,23,WEAK,Positive,False
Calcium,binary,P.C.only.T,binary,-0.1022,0.6426670535504846,23,WEAK,Negative,False
OXA48,binary,P.C.only.T,binary,-0.1022,0.6426670535504846,23,WEAK,Negative,False
IAI.CRO,binary,Albumin,binary,-0.1022,0.6426670535504846,23,WEAK,Negative,False
Creatinine,binary,Neither.Abx.E,binary,-0.1022,0.6426670535504846,23,WEAK,Negative,False
IAI.CRO,binary,Any.Fungal.Infection,binary,0.1022,0.6426670535504846,23,WEAK,Positive,False
DM,binary,Colistin,ordinal,-0.1017,0.6443218248328827,23,WEAK,Negative,False
Immunosuppressive.drugs.in.1.week,binary,Colistin,ordinal,-0.1017,0.6443218248328827,23,WEAK,Negative,False
Ventilation,binary,Colistin,ordinal,-0.1017,0.6443218248328827,23,WEAK,Negative,False
Male,binary,Colistin,ordinal,0.1017,0.6443218248328827,23,WEAK,Positive,False
Female,binary,Colistin,ordinal,-0.1017,0.6443218248328827,23,WEAK,Negative,False
Chloramphenicol,ordinal,GW.Stay.in.28.Days,continuous,0.1016,0.6444510682400786,23,WEAK,Positive,False
Height,continuous,Chloramphenicol,ordinal,0.1001,0.6495188524470312,23,WEAK,Positive,False
Age,continuous,SGPT,binary,-0.0999,0.650291557382632,23,WEAK,Negative,False
Male,binary,APACHEII,continuous,0.0992,0.6523424465293843,23,WEAK,Positive,False
Female,binary,APACHEII,continuous,-0.0992,0.6523424465293843,23,WEAK,Negative,False
Gentamicin,ordinal,Cefuroxime,ordinal,0.0986,0.6544431666194663,23,WEAK,Positive,False
P.C.in.vitro,binary,HTN,binary,0.0986,0.6544431666194663,23,WEAK,Positive,False
P.C.in.vitro,binary,Ceftazidime.Avibactam.T,binary,-0.0986,0.6544431666194663,23,WEAK,Negative,False
HAP.CRO,binary,Ceftazidime.Avibactam.T,binary,-0.0986,0.6544431666194663,23,WEAK,Negative,False
Urinary.Catheter.in.6.Months,binary,Polymyxin.Colistin.Inclusion.T,binary,-0.0986,0.6544431666194663,23,WEAK,Negative,False
Hypothyroidism,binary,Gentamicin,ordinal,-0.0986,0.6544431666194663,23,WEAK,Negative,False
HAP.CRO,binary,Any.Viral.Infection,binary,0.0986,0.6544431666194663,23,WEAK,Positive,False
HTN,binary,HAP.CRO,binary,0.0986,0.6544431666194663,23,WEAK,Positive,False
HTN,binary,Hypothyroidism,binary,0.0986,0.6544431666194663,23,WEAK,Positive,False
HAP.CRO,binary,Polymyxin.Colistin.Inclusion.T,binary,-0.0986,0.6544431666194663,23,WEAK,Negative,False
CV.Catheter.in.6.Months,binary,Polymyxin.Colistin.Inclusion.T,binary,-0.0986,0.6544431666194663,23,WEAK,Negative,False
Any.Viral.Infection,binary,P.C.Z.A.E,binary,0.0986,0.6544431666194663,23,WEAK,Positive,False
Any.Viral.Infection,binary,Cefuroxime,ordinal,-0.0986,0.6544431666194663,23,WEAK,Negative,False
Fosfomycin,ordinal,Polymyxin.Colistin.Inclusion.T,binary,-0.0986,0.6544431666194663,23,WEAK,Negative,False
P.C.in.vitro,binary,Any.Viral.Infection,binary,0.0986,0.6544431666194663,23,WEAK,Positive,False
HAP.CRO,binary,Gentamicin,ordinal,-0.0986,0.6544431666194663,23,WEAK,Negative,False
P.C.Z.A.E,binary,Gentamicin,ordinal,-0.0986,0.6544431666194663,23,WEAK,Negative,False
Lympho,binary,Urea,continuous,-0.0985,0.6548262904440341,23,WEAK,Negative,False
NDM,binary,Solid.Organ,binary,0.098,0.6562951121986063,23,WEAK,Positive,False
Neutropenia,binary,Any.Fungal.Infection,binary,-0.0978,0.6570073287387145,23,WEAK,Negative,False
Neutropenia,binary,Neither.Abx.E,binary,-0.0978,0.6570073287387145,23,WEAK,Negative,False
Neutropenia,binary,P.C.only.E,binary,-0.0978,0.6570073287387145,23,WEAK,Negative,False
COPD,binary,P.C.only.T,binary,-0.0978,0.6570073287387145,23,WEAK,Negative,False
Neutropenia,binary,P.C.only.T,binary,-0.0978,0.6570073287387145,23,WEAK,Negative,False
Albumin,binary,Ertapenem,ordinal,-0.0978,0.6570073287387145,23,WEAK,Negative,False
Albumin,binary,Z.A.only.E,binary,0.0978,0.6570073287387145,23,WEAK,Positive,False
Neither.Abx.T,binary,Other.Illness.Leading.to.Hospitalization.post.28.Days.Discharge,binary,-0.0978,0.6570073287387145,23,WEAK,Negative,False
Neither.Abx.T,binary,Cefotaxime,ordinal,0.0978,0.6570073287387145,23,WEAK,Positive,False
Neither.Abx.T,binary,Ceftazidime,ordinal,0.0978,0.6570073287387145,23,WEAK,Positive,False
P.C.only.E,binary,Amoxicillin.Clavulanic.Acid,ordinal,0.0978,0.6570073287387145,23,WEAK,Positive,False
Neither.Abx.T,binary,Cefoperazone.Sulbactam,ordinal,0.0978,0.6570073287387145,23,WEAK,Positive,False
COPD,binary,Neither.Abx.T,binary,-0.0978,0.6570073287387145,23,WEAK,Negative,False
COPD,binary,Neither.Abx.E,binary,-0.0978,0.6570073287387145,23,WEAK,Negative,False
P.C.only.T,binary,Relapse.post.28.Day.Discharge,binary,-0.0978,0.6570073287387145,23,WEAK,Negative,False
Albumin,binary,Amoxicillin.Clavulanic.Acid,ordinal,-0.0978,0.6570073287387145,23,WEAK,Negative,False
P.C.only.T,binary,Other.Illness.Leading.to.Hospitalization.post.28.Days.Discharge,binary,-0.0978,0.6570073287387145,23,WEAK,Negative,False
P.C.only.T,binary,Mortality.in.Hospital,binary,-0.0978,0.6570073287387145,23,WEAK,Negative,False
P.C.only.T,binary,Mortality.post.28.Day.Discharge,binary,-0.0978,0.6570073287387145,23,WEAK,Negative,False
Neither.Abx.T,binary,Mortality.in.Hospital,binary,-0.0978,0.6570073287387145,23,WEAK,Negative,False
Neither.Abx.T,binary,Mortality.post.28.Day.Discharge,binary,-0.0978,0.6570073287387145,23,WEAK,Negative,False
Albumin,binary,Mortality.post.28.Day.Discharge,binary,0.0978,0.6570073287387145,23,WEAK,Positive,False
Any.Fungal.Infection,binary,Mortality.in.Hospital,binary,-0.0978,0.6570073287387145,23,WEAK,Negative,False
Other.CRO,binary,P.C.only.E,binary,-0.0978,0.6570073287387145,23,WEAK,Negative,False
Z.A.only.E,binary,Neither.Abx.T,binary,-0.0978,0.6570073287387145,23,WEAK,Negative,False
Hemat.Malignancy,binary,Relapse.post.28.Day.Discharge,binary,-0.0978,0.6570073287387145,23,WEAK,Negative,False
Hemat.Malignancy,binary,Other.Illness.Leading.to.Hospitalization.post.28.Days.Discharge,binary,-0.0978,0.6570073287387145,23,WEAK,Negative,False
Hemat.Malignancy,binary,Mortality.post.28.Day.Discharge,binary,-0.0978,0.6570073287387145,23,WEAK,Negative,False
Hemat.Malignancy,binary,Ertapenem,ordinal,0.0978,0.6570073287387145,23,WEAK,Positive,False
Hemat.Malignancy,binary,Amoxicillin.Clavulanic.Acid,ordinal,0.0978,0.6570073287387145,23,WEAK,Positive,False
Hemat.Malignancy,binary,Mortality.in.Hospital,binary,-0.0978,0.6570073287387145,23,WEAK,Negative,False
Endoscopy.in.1.week,binary,Any.Fungal.Infection,binary,-0.0978,0.6570073287387145,23,WEAK,Negative,False
Endoscopy.in.1.week,binary,Albumin,binary,0.0978,0.6570073287387145,23,WEAK,Positive,False
Neither.Abx.E,binary,Other.Illness.Leading.to.Hospitalization.post.28.Days.Discharge,binary,-0.0978,0.6570073287387145,23,WEAK,Negative,False
Endoscopy.in.1.week,binary,Hemat.Malignancy,binary,-0.0978,0.6570073287387145,23,WEAK,Negative,False
Neither.Abx.E,binary,Relapse.post.28.Day.Discharge,binary,-0.0978,0.6570073287387145,23,WEAK,Negative,False
P.C.only.T,binary,Ceftazidime,ordinal,0.0978,0.6570073287387145,23,WEAK,Positive,False
Neither.Abx.E,binary,Mortality.in.Hospital,binary,-0.0978,0.6570073287387145,23,WEAK,Negative,False
Neither.Abx.E,binary,Mortality.post.28.Day.Discharge,binary,-0.0978,0.6570073287387145,23,WEAK,Negative,False
Any.Fungal.Infection,binary,Cefotaxime,ordinal,0.0978,0.6570073287387145,23,WEAK,Positive,False
Any.Fungal.Infection,binary,Ceftazidime,ordinal,0.0978,0.6570073287387145,23,WEAK,Positive,False
Any.Fungal.Infection,binary,Cefoperazone.Sulbactam,ordinal,0.0978,0.6570073287387145,23,WEAK,Positive,False
P.C.only.T,binary,Cefotaxime,ordinal,0.0978,0.6570073287387145,23,WEAK,Positive,False
P.C.only.T,binary,Cefoperazone.Sulbactam,ordinal,0.0978,0.6570073287387145,23,WEAK,Positive,False
Hemat.Malignancy,binary,Z.A.only.E,binary,-0.0978,0.6570073287387145,23,WEAK,Negative,False
Any.Fungal.Infection,binary,Amoxicillin.Clavulanic.Acid,ordinal,0.0978,0.6570073287387145,23,WEAK,Positive,False
Any.Fungal.Infection,binary,Ertapenem,ordinal,0.0978,0.6570073287387145,23,WEAK,Positive,False
Endoscopy.in.1.week,binary,P.C.only.E,binary,-0.0978,0.6570073287387145,23,WEAK,Negative,False
Any.Fungal.Infection,binary,Other.Illness.Leading.to.Hospitalization.post.28.Days.Discharge,binary,-0.0978,0.6570073287387145,23,WEAK,Negative,False
Any.Fungal.Infection,binary,Relapse.post.28.Day.Discharge,binary,-0.0978,0.6570073287387145,23,WEAK,Negative,False
Endoscopy.in.1.week,binary,Neither.Abx.T,binary,-0.0978,0.6570073287387145,23,WEAK,Negative,False
Endoscopy.in.1.week,binary,Neither.Abx.E,binary,-0.0978,0.6570073287387145,23,WEAK,Negative,False
P.C.only.T,binary,Amoxicillin.Clavulanic.Acid,ordinal,0.0978,0.6570073287387145,23,WEAK,Positive,False
Albumin,binary,Meropenem,ordinal,-0.0978,0.6570073287387145,23,WEAK,Negative,False
P.C.only.T,binary,Meropenem,ordinal,0.0978,0.6570073287387145,23,WEAK,Positive,False
Neither.Abx.T,binary,Ertapenem,ordinal,0.0978,0.6570073287387145,23,WEAK,Positive,False
Albumin,binary,Other.Illness.Leading.to.Hospitalization.post.28.Days.Discharge,binary,0.0978,0.6570073287387145,23,WEAK,Positive,False
Albumin,binary,Relapse.post.28.Day.Discharge,binary,0.0978,0.6570073287387145,23,WEAK,Positive,False
Any.Fungal.Infection,binary,Mortality.post.28.Day.Discharge,binary,-0.0978,0.6570073287387145,23,WEAK,Negative,False
Neither.Abx.T,binary,Relapse.post.28.Day.Discharge,binary,-0.0978,0.6570073287387145,23,WEAK,Negative,False
Neither.Abx.T,binary,Meropenem,ordinal,0.0978,0.6570073287387145,23,WEAK,Positive,False
Albumin,binary,Mortality.in.Hospital,binary,0.0978,0.6570073287387145,23,WEAK,Positive,False
P.C.only.E,binary,Meropenem,ordinal,0.0978,0.6570073287387145,23,WEAK,Positive,False
Any.Fungal.Infection,binary,Z.A.only.E,binary,-0.0978,0.6570073287387145,23,WEAK,Negative,False
P.C.only.E,binary,Mortality.in.Hospital,binary,-0.0978,0.6570073287387145,23,WEAK,Negative,False
COPD,binary,Albumin,binary,0.0978,0.6570073287387145,23,WEAK,Positive,False
COPD,binary,P.C.only.E,binary,-0.0978,0.6570073287387145,23,WEAK,Negative,False
P.C.only.E,binary,Mortality.post.28.Day.Discharge,binary,-0.0978,0.6570073287387145,23,WEAK,Negative,False
P.C.only.E,binary,Cefotaxime,ordinal,0.0978,0.6570073287387145,23,WEAK,Positive,False
P.C.only.E,binary,Cefoperazone.Sulbactam,ordinal,0.0978,0.6570073287387145,23,WEAK,Positive,False
P.C.only.E,binary,Ceftazidime,ordinal,0.0978,0.6570073287387145,23,WEAK,Positive,False
Neither.Abx.E,binary,Ertapenem,ordinal,0.0978,0.6570073287387145,23,WEAK,Positive,False
Neither.Abx.E,binary,Ceftazidime,ordinal,0.0978,0.6570073287387145,23,WEAK,Positive,False
Neither.Abx.E,binary,Cefotaxime,ordinal,0.0978,0.6570073287387145,23,WEAK,Positive,False
Neither.Abx.E,binary,Cefoperazone.Sulbactam,ordinal,0.0978,0.6570073287387145,23,WEAK,Positive,False
Neither.Abx.E,binary,Meropenem,ordinal,0.0978,0.6570073287387145,23,WEAK,Positive,False
Other.CRO,binary,Albumin,binary,0.0978,0.6570073287387145,23,WEAK,Positive,False
Other.CRO,binary,P.C.only.T,binary,-0.0978,0.6570073287387145,23,WEAK,Negative,False
Neutropenia,binary,Neither.Abx.T,binary,-0.0978,0.6570073287387145,23,WEAK,Negative,False
Other.CRO,binary,Any.Fungal.Infection,binary,-0.0978,0.6570073287387145,23,WEAK,Negative,False
P.C.only.E,binary,Ertapenem,ordinal,0.0978,0.6570073287387145,23,WEAK,Positive,False
Other.CRO,binary,Hemat.Malignancy,binary,-0.0978,0.6570073287387145,23,WEAK,Negative,False
P.C.only.E,binary,Z.A.only.E,binary,-0.0978,0.6570073287387145,23,WEAK,Negative,False
Z.A.only.E,binary,Neither.Abx.E,binary,-0.0978,0.6570073287387145,23,WEAK,Negative,False
P.C.only.E,binary,Other.Illness.Leading.to.Hospitalization.post.28.Days.Discharge,binary,-0.0978,0.6570073287387145,23,WEAK,Negative,False
P.C.only.E,binary,Relapse.post.28.Day.Discharge,binary,-0.0978,0.6570073287387145,23,WEAK,Negative,False
COPD,binary,Hemat.Malignancy,binary,-0.0978,0.6570073287387145,23,WEAK,Negative,False
Height,continuous,Total.Hospital.stay.in.28.days,continuous,-0.0976,0.657592600455614,23,WEAK,Negative,False
Height,continuous,UTI.CRO,binary,0.0971,0.6594013570875562,23,WEAK,Positive,False
Solid.Organ,binary,Urea,continuous,-0.0971,0.6594013570875562,23,WEAK,Negative,False
Amikacin,ordinal,ICU.Stay.in.28.Days,continuous,-0.0968,0.6604048315935541,23,WEAK,Negative,False
Age,continuous,Mortality.in.Hospital,binary,-0.0966,0.6611551068600225,23,WEAK,Negative,False
Height,continuous,Other.Illness.Leading.to.Hospitalization.post.28.Days.Discharge,binary,0.0965,0.6613921189582144,23,WEAK,Positive,False
HTN,binary,Minocycline,ordinal,0.0965,0.6612664288306028,23,WEAK,Positive,False
Height,continuous,Relapse.post.28.Day.Discharge,binary,0.0965,0.6613921189582144,23,WEAK,Positive,False
Minocycline,ordinal,Polymyxin.Colistin.Inclusion.T,binary,-0.0965,0.6612664288306028,23,WEAK,Negative,False
Amikacin,ordinal,Total.Hospital.stay.in.28.days,continuous,0.0965,0.6612796069718513,23,WEAK,Positive,False
Height,continuous,Polymyxin.Colistin.Inclusion.T,binary,0.0964,0.6616876505503068,23,WEAK,Positive,False
Weight,continuous,Mortality.in.Hospital,binary,-0.0964,0.6615498514710514,23,WEAK,Negative,False
Any.Viral.Infection,binary,Urea,continuous,-0.0964,0.6616876505503066,23,WEAK,Negative,False
Any.Viral.Infection,binary,ALP,binary,-0.0961,0.6627754943272328,23,WEAK,Negative,False
HTN,binary,Ventilation,binary,0.0961,0.6627754943272328,23,WEAK,Positive,False
DM,binary,Ceftazidime.Avibactam.T,binary,-0.0961,0.6627754943272327,23,WEAK,Negative,False
ALP,binary,Polymyxin.Colistin.Inclusion.T,binary,0.0961,0.6627754943272327,23,WEAK,Positive,False
ALP,binary,Gentamicin,ordinal,0.0961,0.6627754943272327,23,WEAK,Positive,False
Hospitalization.in.past.6.Months,binary,Polymyxin.Colistin.Inclusion.T,binary,-0.0961,0.6627754943272327,23,WEAK,Negative,False
Hospitalization.in.past.6.Months,binary,Ceftazidime.Avibactam.T,binary,-0.0961,0.6627754943272327,23,WEAK,Negative,False
Female,binary,Gentamicin,ordinal,-0.0961,0.6627754943272327,23,WEAK,Negative,False
Immunosuppressive.drugs.in.1.week,binary,Any.Viral.Infection,binary,0.0961,0.6627754943272327,23,WEAK,Positive,False
Ventilation,binary,Polymyxin.Colistin.Inclusion.T,binary,-0.0961,0.6627754943272327,23,WEAK,Negative,False
Ventilation,binary,Gentamicin,ordinal,-0.0961,0.6627754943272327,23,WEAK,Negative,False
Inotropes,binary,Gentamicin,ordinal,0.0961,0.6627754943272327,23,WEAK,Positive,False
Female,binary,Polymyxin.Colistin.Inclusion.T,binary,-0.0961,0.6627754943272327,23,WEAK,Negative,False
Female,binary,Any.Viral.Infection,binary,0.0961,0.6627754943272327,23,WEAK,Positive,False
Male,binary,Polymyxin.Colistin.Inclusion.T,binary,0.0961,0.6627754943272327,23,WEAK,Positive,False
Male,binary,Gentamicin,ordinal,0.0961,0.6627754943272327,23,WEAK,Positive,False
Male,binary,Any.Viral.Infection,binary,-0.0961,0.6627754943272327,23,WEAK,Negative,False
Gentamicin,ordinal,Ceftazidime.Avibactam.Aztreonam.T,binary,0.0961,0.6627754943272328,23,WEAK,Positive,False
Ceftazidime.Avibactam.Aztreonam.T,binary,Polymyxin.Colistin.Inclusion.T,binary,0.0961,0.6627754943272327,23,WEAK,Positive,False
DM,binary,Gentamicin,ordinal,-0.0961,0.6627754943272327,23,WEAK,Negative,False
P.C.only.E,binary,Clinical.Improvement,ordinal,0.0958,0.6638125226988493,23,WEAK,Positive,False
Age,continuous,ICU.Stay.in.28.Days,continuous,0.0957,0.6638639607406793,23,WEAK,Positive,False
P.C.only.E,binary,ICU.Stay.in.28.Days,continuous,0.0956,0.6643273812976114,23,WEAK,Positive,False
HAP.CRO,binary,P.C.Z.A.E,binary,-0.0952,0.6655527244594621,23,WEAK,Negative,False
CV.Catheter.in.6.Months,binary,Cefuroxime,ordinal,0.0952,0.6655527244594621,23,WEAK,Positive,False
Urinary.Catheter.in.6.Months,binary,Cefuroxime,ordinal,0.0952,0.6655527244594621,23,WEAK,Positive,False
HAP.CRO,binary,Fosfomycin,ordinal,-0.0952,0.6655527244594621,23,WEAK,Negative,False
P.C.Z.A.E,binary,Cefuroxime,ordinal,0.0952,0.6655527244594621,23,WEAK,Positive,False
HAP.CRO,binary,Urinary.Catheter.in.6.Months,binary,-0.0952,0.6655527244594621,23,WEAK,Negative,False
Hypothyroidism,binary,Urinary.Catheter.in.6.Months,binary,-0.0952,0.6655527244594621,23,WEAK,Negative,False
Hypothyroidism,binary,CV.Catheter.in.6.Months,binary,-0.0952,0.6655527244594621,23,WEAK,Negative,False
Hypothyroidism,binary,HAP.CRO,binary,-0.0952,0.6655527244594621,23,WEAK,Negative,False
Hypothyroidism,binary,P.C.Z.A.E,binary,-0.0952,0.6655527244594621,23,WEAK,Negative,False
Hypothyroidism,binary,Fosfomycin,ordinal,-0.0952,0.6655527244594621,23,WEAK,Negative,False
HAP.CRO,binary,Cefuroxime,ordinal,0.0952,0.6655527244594621,23,WEAK,Positive,False
HAP.CRO,binary,CV.Catheter.in.6.Months,binary,-0.0952,0.6655527244594621,23,WEAK,Negative,False
Creatinine,binary,Calcium,binary,-0.0952,0.6655527244594621,23,WEAK,Negative,False
P.C.in.vitro,binary,P.C.Z.A.E,binary,-0.0952,0.6655527244594621,23,WEAK,Negative,False
OXA48,binary,IAI.CRO,binary,0.0952,0.6655527244594621,23,WEAK,Positive,False
Fosfomycin,ordinal,Cefuroxime,ordinal,0.0952,0.6655527244594621,23,WEAK,Positive,False
P.C.in.vitro,binary,Hypothyroidism,binary,-0.0952,0.6655527244594621,23,WEAK,Negative,False
P.C.in.vitro,binary,HAP.CRO,binary,-0.0952,0.6655527244594621,23,WEAK,Negative,False
P.C.in.vitro,binary,CV.Catheter.in.6.Months,binary,-0.0952,0.6655527244594621,23,WEAK,Negative,False
P.C.in.vitro,binary,Cefuroxime,ordinal,0.0952,0.6655527244594621,23,WEAK,Positive,False
P.C.in.vitro,binary,Urinary.Catheter.in.6.Months,binary,-0.0952,0.6655527244594621,23,WEAK,Negative,False
P.C.Z.A.E,binary,Piperacillin.Tazobactam,ordinal,0.0951,0.6658789270456755,23,WEAK,Positive,False
Fosfomycin,ordinal,Piperacillin.Tazobactam,ordinal,0.0951,0.6658789270456755,23,WEAK,Positive,False
CV.Catheter.in.6.Months,binary,Doxycycline,ordinal,-0.0951,0.6658789270456755,23,WEAK,Negative,False
CV.Catheter.in.6.Months,binary,Piperacillin.Tazobactam,ordinal,0.0951,0.6658789270456755,23,WEAK,Positive,False
Hypothyroidism,binary,Piperacillin.Tazobactam,ordinal,0.0951,0.6658789270456755,23,WEAK,Positive,False
Doxycycline,ordinal,Fosfomycin,ordinal,-0.0951,0.6658789270456755,23,WEAK,Negative,False
Urinary.Catheter.in.6.Months,binary,Doxycycline,ordinal,-0.0951,0.6658789270456755,23,WEAK,Negative,False
Doxycycline,ordinal,Cefuroxime,ordinal,0.0951,0.6658789270456755,23,WEAK,Positive,False
Urinary.Catheter.in.6.Months,binary,Piperacillin.Tazobactam,ordinal,0.0951,0.6658789270456755,23,WEAK,Positive,False
P.C.Z.A.E,binary,Doxycycline,ordinal,-0.0951,0.6658789270456755,23,WEAK,Negative,False
P.C.in.vitro,binary,Piperacillin.Tazobactam,ordinal,0.0951,0.6658789270456755,23,WEAK,Positive,False
Hypothyroidism,binary,Doxycycline,ordinal,-0.0951,0.6658789270456755,23,WEAK,Negative,False
P.C.in.vitro,binary,Doxycycline,ordinal,-0.0951,0.6658789270456755,23,WEAK,Negative,False
Potassium,binary,Trimethoprim.Sulfamethoxazole,ordinal,-0.0951,0.6661710330567225,23,WEAK,Negative,False
HAP.CRO,binary,Doxycycline,ordinal,-0.0951,0.6658789270456755,23,WEAK,Negative,False
HAP.CRO,binary,Piperacillin.Tazobactam,ordinal,0.0951,0.6658789270456755,23,WEAK,Positive,False
Minocycline,ordinal,ICU.Stay.in.28.Days,continuous,0.0943,0.6685660189141508,23,WEAK,Positive,False
Any.Viral.Infection,binary,Albumin,binary,0.0942,0.6688558614178742,23,WEAK,Positive,False
Any.Viral.Infection,binary,Hemat.Malignancy,binary,-0.0942,0.6688558614178742,23,WEAK,Negative,False
Any.Viral.Infection,binary,P.C.only.E,binary,-0.0942,0.6688558614178742,23,WEAK,Negative,False
Age,continuous,Calcium,binary,-0.0942,0.6691539538066306,23,WEAK,Negative,False
P.C.only.E,binary,Gentamicin,ordinal,0.0942,0.6688558614178742,23,WEAK,Positive,False
Hemat.Malignancy,binary,Polymyxin.Colistin.Inclusion.T,binary,0.0942,0.6688558614178742,23,WEAK,Positive,False
HTN,binary,Hemat.Malignancy,binary,-0.0942,0.6688558614178742,23,WEAK,Negative,False
Any.Fungal.Infection,binary,Gentamicin,ordinal,0.0942,0.6688558614178742,23,WEAK,Positive,False
Any.Viral.Infection,binary,Any.Fungal.Infection,binary,-0.0942,0.6688558614178742,23,WEAK,Negative,False
P.C.only.T,binary,Gentamicin,ordinal,0.0942,0.6688558614178742,23,WEAK,Positive,False
APACHEII,continuous,Total.Hospital.stay.in.28.days,continuous,-0.0942,0.66907505288439,23,WEAK,Negative,False
Height,continuous,Calcium,binary,-0.0941,0.6693860613783118,23,WEAK,Negative,False
HAP.CRO,binary,SOFA,continuous,-0.0939,0.6699561940575965,23,WEAK,Negative,False
SOFA,continuous,ALP,binary,0.0934,0.6716109185095691,23,WEAK,Positive,False
P.C.in.vitro,binary,APACHEII,continuous,0.0931,0.6725930057837726,23,WEAK,Positive,False
Weight,continuous,Urinary.Catheter.in.6.Months,binary,-0.0931,0.672746153918385,23,WEAK,Negative,False
Weight,continuous,CV.Catheter.in.6.Months,binary,-0.0931,0.672746153918385,23,WEAK,Negative,False
Hypothyroidism,binary,Urea,continuous,-0.0931,0.6725930057837726,23,WEAK,Negative,False
Potassium,binary,Nitrofurantoin,ordinal,-0.093,0.6730263690351996,23,WEAK,Negative,False
ANC,binary,Total.Hospital.stay.in.28.days,continuous,-0.0928,0.6735741651718342,23,WEAK,Negative,False
Bil,binary,Total.Hospital.stay.in.28.days,continuous,-0.0928,0.673700740518883,23,WEAK,Negative,False
Height,continuous,Inotropes,binary,-0.0926,0.6742360744155376,23,WEAK,Negative,False
ANC,binary,Minocycline,ordinal,-0.0922,0.6755301921829261,23,WEAK,Negative,False
Height,continuous,SOFA,continuous,0.0921,0.6760830545000533,23,WEAK,Positive,False
Hemat.Malignancy,binary,Albumin,binary,-0.0921,0.6759628177850472,23,WEAK,Negative,False
Any.Fungal.Infection,binary,P.C.only.E,binary,0.0921,0.6759628177850472,23,WEAK,Positive,False
Albumin,binary,P.C.only.E,binary,-0.0921,0.6759628177850472,23,WEAK,Negative,False
Hemat.Malignancy,binary,P.C.only.E,binary,0.0921,0.6759628177850472,23,WEAK,Positive,False
APACHEII,continuous,Tigecycline,ordinal,-0.0915,0.6780410171759436,23,WEAK,Negative,False
Female,binary,Trimethoprim.Sulfamethoxazole,ordinal,0.0904,0.6817007827270034,23,WEAK,Positive,False
Trimethoprim.Sulfamethoxazole,ordinal,Ceftazidime.Avibactam.Aztreonam.T,binary,-0.0904,0.6817007827270034,23,WEAK,Negative,False
Hospitalization.in.past.6.Months,binary,Trimethoprim.Sulfamethoxazole,ordinal,0.0904,0.6817007827270034,23,WEAK,Positive,False
Male,binary,Trimethoprim.Sulfamethoxazole,ordinal,-0.0904,0.6817007827270034,23,WEAK,Negative,False
SOFA,continuous,Amikacin,ordinal,0.0903,0.6819113597979439,23,WEAK,Positive,False
Lympho,binary,Trimethoprim.Sulfamethoxazole,ordinal,0.0897,0.6839994486463311,23,WEAK,Positive,False
Age,continuous,NDM,binary,-0.0897,0.6840103853427569,23,WEAK,Negative,False
Solid.Organ,binary,Trimethoprim.Sulfamethoxazole,ordinal,0.0893,0.6853824846787798,23,WEAK,Positive,False
Procalcitonin,binary,Amikacin,ordinal,0.0892,0.685504545336269,23,WEAK,Positive,False
Z.A.only.E,binary,Clinical.Improvement,ordinal,0.089,0.6863550154091287,23,WEAK,Positive,False
Amoxicillin.Clavulanic.Acid,ordinal,Clinical.Improvement,ordinal,-0.089,0.6863550154091287,23,WEAK,Negative,False
Clinical.Improvement,ordinal,Mortality.in.Hospital,binary,0.089,0.6863550154091287,23,WEAK,Positive,False
Clinical.Improvement,ordinal,Other.Illness.Leading.to.Hospitalization.post.28.Days.Discharge,binary,0.089,0.6863550154091287,23,WEAK,Positive,False
Clinical.Improvement,ordinal,Mortality.post.28.Day.Discharge,binary,0.089,0.6863550154091287,23,WEAK,Positive,False
Clinical.Improvement,ordinal,Relapse.post.28.Day.Discharge,binary,0.089,0.6863550154091287,23,WEAK,Positive,False
Other.CRO,binary,Clinical.Improvement,ordinal,0.089,0.6863550154091287,23,WEAK,Positive,False
Hb,binary,Tigecycline,ordinal,0.0885,0.6878500970326956,23,WEAK,Positive,False
Male,binary,HTN,binary,0.0881,0.6894547908357844,23,WEAK,Positive,False
Hospitalization.in.past.6.Months,binary,Any.Viral.Infection,binary,-0.0881,0.6894547908357844,23,WEAK,Negative,False
Immunosuppressive.drugs.in.1.week,binary,Ceftazidime.Avibactam.T,binary,0.0881,0.6894547908357844,23,WEAK,Positive,False
DM,binary,Any.Viral.Infection,binary,-0.0881,0.6894547908357844,23,WEAK,Negative,False
Any.Viral.Infection,binary,Bil,binary,-0.0881,0.6894547908357844,23,WEAK,Negative,False
Immunosuppressive.drugs.in.1.week,binary,Polymyxin.Colistin.Inclusion.T,binary,0.0881,0.6894547908357844,23,WEAK,Positive,False
Ventilation,binary,Ceftazidime.Avibactam.T,binary,0.0881,0.6894547908357844,23,WEAK,Positive,False
Ventilation,binary,Any.Viral.Infection,binary,-0.0881,0.6894547908357844,23,WEAK,Negative,False
DM,binary,Polymyxin.Colistin.Inclusion.T,binary,0.0881,0.6894547908357844,23,WEAK,Positive,False
Bil,binary,Ceftazidime.Avibactam.T,binary,0.0881,0.6894547908357844,23,WEAK,Positive,False
Female,binary,HTN,binary,-0.0881,0.6894547908357844,23,WEAK,Negative,False
HTN,binary,Inotropes,binary,0.0881,0.6894547908357844,23,WEAK,Positive,False
Hospitalization.in.past.6.Months,binary,Gentamicin,ordinal,0.0881,0.6894547908357844,23,WEAK,Positive,False
Bil,binary,Gentamicin,ordinal,0.0881,0.6894547908357844,23,WEAK,Positive,False
Z.A.only.T,binary,ICU.Stay.in.28.Days,continuous,0.0879,0.690168883105667,23,WEAK,Positive,False
Height,continuous,Clinical.Improvement,ordinal,0.0876,0.6909726461650808,23,WEAK,Positive,False
NDM,binary,Nitrofurantoin,ordinal,0.0873,0.6918864271233485,23,WEAK,Positive,False
OXA48,binary,Calcium,binary,0.0873,0.6920364829799183,23,WEAK,Positive,False
IAI.CRO,binary,Calcium,binary,-0.0873,0.6920364829799183,23,WEAK,Negative,False
GW.Stay.in.28.Days,continuous,Overall.Mortality,binary,-0.0869,0.6935386418444046,23,WEAK,Negative,False
Minocycline,ordinal,Mortality.post.28.Day.Discharge,binary,0.0867,0.6940160175946711,23,WEAK,Positive,False
Ertapenem,ordinal,Minocycline,ordinal,-0.0867,0.6940160175946711,23,WEAK,Negative,False
Endoscopy.in.1.week,binary,Minocycline,ordinal,0.0867,0.6940160175946711,23,WEAK,Positive,False
SOFA,continuous,Bil,binary,0.0867,0.6939226912039027,23,WEAK,Positive,False
Age,continuous,Neither.Abx.T,binary,0.0866,0.6944194488222002,23,WEAK,Positive,False
Age,continuous,Neither.Abx.E,binary,0.0866,0.6944194488222002,23,WEAK,Positive,False
Albumin,binary,Urea,continuous,0.0865,0.694635730292483,23,WEAK,Positive,False
APACHEII,continuous,P.C.only.E,binary,0.0865,0.694635730292483,23,WEAK,Positive,False
Surgery.in.last.3.Months,binary,Tigecycline,ordinal,0.0864,0.6950178419240656,23,WEAK,Positive,False
Z.A.invitro,binary,Tigecycline,ordinal,-0.0864,0.6950178419240656,23,WEAK,Negative,False
HTN,binary,Overall.organ.support,binary,0.0863,0.6955451397716439,23,WEAK,Positive,False
Z.A.invitro,binary,Gentamicin,ordinal,-0.0863,0.6955451397716439,23,WEAK,Negative,False
Z.A.invitro,binary,Any.Viral.Infection,binary,0.0863,0.6955451397716439,23,WEAK,Positive,False
Z.A.invitro,binary,Ceftazidime.Avibactam.T,binary,-0.0863,0.6955451397716439,23,WEAK,Negative,False
Any.Viral.Infection,binary,SGPT,binary,-0.0863,0.6955451397716439,23,WEAK,Negative,False
Surgery.in.last.3.Months,binary,Any.Viral.Infection,binary,-0.0863,0.6955451397716439,23,WEAK,Negative,False
Polymyxin.Colistin.Inclusion.T,binary,Overall.Mortality,binary,0.0863,0.6955451397716439,23,WEAK,Positive,False
SGPT,binary,Ceftazidime.Avibactam.T,binary,0.0863,0.6955451397716439,23,WEAK,Positive,False
HTN,binary,Globulin,binary,0.0863,0.6955451397716439,23,WEAK,Positive,False
Z.A.invitro,binary,HTN,binary,0.0863,0.6955451397716439,23,WEAK,Positive,False
Globulin,binary,Ceftazidime.Avibactam.T,binary,-0.0863,0.6955451397716439,23,WEAK,Negative,False
Globulin,binary,Gentamicin,ordinal,-0.0863,0.6955451397716439,23,WEAK,Negative,False
HTN,binary,SGPT,binary,-0.0863,0.6955451397716439,23,WEAK,Negative,False
Overall.organ.support,binary,Gentamicin,ordinal,-0.0863,0.6955451397716439,23,WEAK,Negative,False
Any.Viral.Infection,binary,ANC,binary,0.0863,0.6955451397716439,23,WEAK,Positive,False
HTN,binary,Overall.Mortality,binary,-0.0863,0.6955451397716439,23,WEAK,Negative,False
HTN,binary,ANC,binary,0.0863,0.6955451397716439,23,WEAK,Positive,False
Height,continuous,Immunosuppressive.drugs.in.1.week,binary,-0.086,0.6963883215413385,23,WEAK,Negative,False
Weight,continuous,DM,binary,-0.086,0.6965315114131854,23,WEAK,Negative,False
ICU.Stay.in.28.Days,continuous,Overall.Mortality,binary,0.0859,0.6966927552020588,23,WEAK,Positive,False
ANC,binary,Colistin,ordinal,0.0852,0.6990887606892316,23,WEAK,Positive,False
Sodium,binary,Colistin,ordinal,0.0852,0.6990887606892316,23,WEAK,Positive,False
Ceftazidime.Avibactam.Aztreonam.Synergy.T,ordinal,GW.Stay.in.28.Days,continuous,0.0849,0.7002624145962818,23,WEAK,Positive,False
TLC,binary,Ceftazidime.Avibactam.Aztreonam.Synergy.T,ordinal,-0.0847,0.7009270775686516,23,WEAK,Negative,False
Doxycycline,ordinal,Polymyxin.Colistin.Inclusion.T,binary,-0.0844,0.701713943540784,23,WEAK,Negative,False
Piperacillin.Tazobactam,ordinal,Polymyxin.Colistin.Inclusion.T,binary,0.0844,0.701713943540784,23,WEAK,Positive,False
NDM,binary,Clinical.Improvement,ordinal,0.0827,0.7076835528080376,23,WEAK,Positive,False
Platelet,binary,Z.A.only.T,binary,-0.0826,0.7079879068817684,23,WEAK,Negative,False
Past.CREPA.infection,binary,Meropenem,ordinal,0.0826,0.7079879068817684,23,WEAK,Positive,False
Past.CREPA.infection,binary,Ceftazidime,ordinal,0.0826,0.7079879068817684,23,WEAK,Positive,False
Past.CREPA.infection,binary,Cefoperazone.Sulbactam,ordinal,0.0826,0.7079879068817684,23,WEAK,Positive,False
Endoscopy.in.1.week,binary,Ceftriaxone,ordinal,-0.0826,0.7079879068817684,23,WEAK,Negative,False
SGOT,binary,Mortality.in.ICU,binary,-0.0826,0.7079879068817684,23,WEAK,Negative,False
Platelet,binary,Ceftazidime.Avibactam,binary,-0.0826,0.7079879068817684,23,WEAK,Negative,False
Endoscopy.in.1.week,binary,Hb,binary,0.0826,0.7079879068817684,23,WEAK,Positive,False
Platelet,binary,Mortality.in.ICU,binary,-0.0826,0.7079879068817684,23,WEAK,Negative,False
Ceftriaxone,ordinal,Relapse.post.28.Day.Discharge,binary,-0.0826,0.7079879068817684,23,WEAK,Negative,False
Ceftriaxone,ordinal,Mortality.post.28.Day.Discharge,binary,-0.0826,0.7079879068817684,23,WEAK,Negative,False
Neutropenia,binary,Ceftriaxone,ordinal,-0.0826,0.7079879068817684,23,WEAK,Negative,False
Neutropenia,binary,Hb,binary,0.0826,0.7079879068817684,23,WEAK,Positive,False
Magnesium,binary,Mortality.in.ICU,binary,0.0826,0.7079879068817684,23,WEAK,Positive,False
Procalcitonin,binary,Other.Illness.Leading.to.Hospitalization.post.28.Days.Discharge,binary,-0.0826,0.7079879068817684,23,WEAK,Negative,False
Ceftriaxone,ordinal,Cefoperazone.Sulbactam,ordinal,0.0826,0.7079879068817684,23,WEAK,Positive,False
Hb,binary,Cefotaxime,ordinal,-0.0826,0.7079879068817684,23,WEAK,Negative,False
Hb,binary,Cefoperazone.Sulbactam,ordinal,-0.0826,0.7079879068817684,23,WEAK,Negative,False
Past.CREPA.infection,binary,Other.Illness.Leading.to.Hospitalization.post.28.Days.Discharge,binary,-0.0826,0.7079879068817684,23,WEAK,Negative,False
Past.CREPA.infection,binary,Mortality.post.28.Day.Discharge,binary,-0.0826,0.7079879068817684,23,WEAK,Negative,False
Past.CREPA.infection,binary,Mortality.in.Hospital,binary,-0.0826,0.7079879068817684,23,WEAK,Negative,False
Past.CREPA.infection,binary,Cefotaxime,ordinal,0.0826,0.7079879068817684,23,WEAK,Positive,False
Hb,binary,Ceftazidime,ordinal,-0.0826,0.7079879068817684,23,WEAK,Negative,False
Past.CREPA.infection,binary,Relapse.post.28.Day.Discharge,binary,-0.0826,0.7079879068817684,23,WEAK,Negative,False
Hb,binary,Meropenem,ordinal,-0.0826,0.7079879068817684,23,WEAK,Negative,False
Magnesium,binary,P.C.Z.A.T,binary,0.0826,0.7079879068817684,23,WEAK,Positive,False
Hb,binary,Ertapenem,ordinal,-0.0826,0.7079879068817684,23,WEAK,Negative,False
Past.CREPA.infection,binary,Ertapenem,ordinal,0.0826,0.7079879068817684,23,WEAK,Positive,False
Endoscopy.in.1.week,binary,Procalcitonin,binary,-0.0826,0.7079879068817684,23,WEAK,Negative,False
Other.CRO,binary,Procalcitonin,binary,-0.0826,0.7079879068817684,23,WEAK,Negative,False
Other.CRO,binary,Ceftriaxone,ordinal,-0.0826,0.7079879068817684,23,WEAK,Negative,False
Potassium,binary,Magnesium,binary,0.0826,0.7079879068817684,23,WEAK,Positive,False
Lympho,binary,Ceftazidime.Avibactam,binary,-0.0826,0.7079879068817684,23,WEAK,Negative,False
Hb,binary,Mortality.in.Hospital,binary,0.0826,0.7079879068817684,23,WEAK,Positive,False
Other.CRO,binary,Hb,binary,0.0826,0.7079879068817684,23,WEAK,Positive,False
Hb,binary,Mortality.post.28.Day.Discharge,binary,0.0826,0.7079879068817684,23,WEAK,Positive,False
Hb,binary,Other.Illness.Leading.to.Hospitalization.post.28.Days.Discharge,binary,0.0826,0.7079879068817684,23,WEAK,Positive,False
Hb,binary,Amoxicillin.Clavulanic.Acid,ordinal,-0.0826,0.7079879068817684,23,WEAK,Negative,False
BSI.CRO,binary,Lympho,binary,-0.0826,0.7079879068817684,23,WEAK,Negative,False
Z.A.only.E,binary,Ceftriaxone,ordinal,-0.0826,0.7079879068817684,23,WEAK,Negative,False
Hb,binary,Relapse.post.28.Day.Discharge,binary,0.0826,0.7079879068817684,23,WEAK,Positive,False
Procalcitonin,binary,Ertapenem,ordinal,0.0826,0.7079879068817684,23,WEAK,Positive,False
Procalcitonin,binary,Amoxicillin.Clavulanic.Acid,ordinal,0.0826,0.7079879068817684,23,WEAK,Positive,False
Procalcitonin,binary,Relapse.post.28.Day.Discharge,binary,-0.0826,0.7079879068817684,23,WEAK,Negative,False
Procalcitonin,binary,Mortality.post.28.Day.Discharge,binary,-0.0826,0.7079879068817684,23,WEAK,Negative,False
Procalcitonin,binary,Mortality.in.Hospital,binary,-0.0826,0.7079879068817684,23,WEAK,Negative,False
Past.CREPA.infection,binary,Z.A.only.E,binary,-0.0826,0.7079879068817684,23,WEAK,Negative,False
Past.CREPA.infection,binary,Endoscopy.in.1.week,binary,-0.0826,0.7079879068817684,23,WEAK,Negative,False
Ceftriaxone,ordinal,Meropenem,ordinal,0.0826,0.7079879068817684,23,WEAK,Positive,False
COPD,binary,Procalcitonin,binary,-0.0826,0.7079879068817684,23,WEAK,Negative,False
COPD,binary,Ceftriaxone,ordinal,-0.0826,0.7079879068817684,23,WEAK,Negative,False
COPD,binary,Past.CREPA.infection,binary,-0.0826,0.7079879068817684,23,WEAK,Negative,False
Amoxicillin.Clavulanic.Acid,ordinal,Ceftriaxone,ordinal,0.0826,0.7079879068817684,23,WEAK,Positive,False
Ceftriaxone,ordinal,Ertapenem,ordinal,0.0826,0.7079879068817684,23,WEAK,Positive,False
COPD,binary,Hb,binary,0.0826,0.7079879068817684,23,WEAK,Positive,False
Ceftriaxone,ordinal,Cefotaxime,ordinal,0.0826,0.7079879068817684,23,WEAK,Positive,False
Ceftriaxone,ordinal,Ceftazidime,ordinal,0.0826,0.7079879068817684,23,WEAK,Positive,False
Procalcitonin,binary,Meropenem,ordinal,0.0826,0.7079879068817684,23,WEAK,Positive,False
SGOT,binary,P.C.Z.A.T,binary,-0.0826,0.7079879068817684,23,WEAK,Negative,False
Magnesium,binary,Ceftazidime.Avibactam,binary,0.0826,0.7079879068817684,23,WEAK,Positive,False
Ceftriaxone,ordinal,Other.Illness.Leading.to.Hospitalization.post.28.Days.Discharge,binary,-0.0826,0.7079879068817684,23,WEAK,Negative,False
Past.CREPA.infection,binary,Neutropenia,binary,-0.0826,0.7079879068817684,23,WEAK,Negative,False
Trimethoprim.Sulfamethoxazole,ordinal,Mortality.post.28.Day.Discharge,binary,0.0824,0.7085937764416445,23,WEAK,Positive,False
Meropenem,ordinal,Trimethoprim.Sulfamethoxazole,ordinal,-0.0824,0.7085937764416445,23,WEAK,Negative,False
Trimethoprim.Sulfamethoxazole,ordinal,Mortality.in.Hospital,binary,0.0824,0.7085937764416445,23,WEAK,Positive,False
Endoscopy.in.1.week,binary,Trimethoprim.Sulfamethoxazole,ordinal,0.0824,0.7085937764416445,23,WEAK,Positive,False
Z.A.only.E,binary,Trimethoprim.Sulfamethoxazole,ordinal,0.0824,0.7085937764416445,23,WEAK,Positive,False
Calcium,binary,Doxycycline,ordinal,-0.0824,0.7085937764416445,23,WEAK,Negative,False
OXA48,binary,Piperacillin.Tazobactam,ordinal,0.0824,0.7085937764416445,23,WEAK,Positive,False
Ertapenem,ordinal,Trimethoprim.Sulfamethoxazole,ordinal,-0.0824,0.7085937764416445,23,WEAK,Negative,False
Other.CRO,binary,Trimethoprim.Sulfamethoxazole,ordinal,0.0824,0.7085937764416445,23,WEAK,Positive,False
Amoxicillin.Clavulanic.Acid,ordinal,Trimethoprim.Sulfamethoxazole,ordinal,-0.0824,0.7085937764416445,23,WEAK,Negative,False
COPD,binary,Trimethoprim.Sulfamethoxazole,ordinal,0.0824,0.7085937764416445,23,WEAK,Positive,False
Age,continuous,Trimethoprim.Sulfamethoxazole,ordinal,-0.082,0.7098427568228042,23,WEAK,Negative,False
Lympho,binary,Ceftazidime.Avibactam.Aztreonam.Synergy.T,ordinal,-0.0819,0.7103890251409861,23,WEAK,Negative,False
HAP.CRO,binary,ICU.Stay.in.28.Days,continuous,-0.0818,0.7104583005889265,23,WEAK,Negative,False
Weight,continuous,SOFA,continuous,-0.0815,0.7114538458893396,23,WEAK,Negative,False
SOFA,continuous,Other.Illness.Leading.to.Hospitalization.post.28.Days.Discharge,binary,0.0811,0.712986184467265,23,WEAK,Positive,False
SOFA,continuous,Relapse.post.28.Day.Discharge,binary,0.0811,0.712986184467265,23,WEAK,Positive,False
Surgery.in.last.3.Months,binary,Ceftazidime.Avibactam.Aztreonam.Synergy.T,ordinal,0.0808,0.7140193767822307,23,WEAK,Positive,False
Sodium,binary,Ceftazidime.Avibactam.Aztreonam.Synergy.T,ordinal,-0.0808,0.7140193767822307,23,WEAK,Negative,False
COPD,binary,ICU.Stay.in.28.Days,continuous,0.0808,0.7140878605085325,23,WEAK,Positive,False
Ceftazidime.Avibactam,binary,GW.Stay.in.28.Days,continuous,-0.0807,0.714193602369616,23,WEAK,Negative,False
Total.Hospital.stay.in.28.days,continuous,Mortality.post.28.Day.Discharge,binary,0.0806,0.7148379514380117,23,WEAK,Positive,False
Age,continuous,Hospitalization.in.past.6.Months,binary,0.0795,0.7185824537959848,23,WEAK,Positive,False
Weight,continuous,Mortality.in.ICU,binary,0.0795,0.718500401375269,23,WEAK,Positive,False
Ventilation,binary,Urea,continuous,0.0794,0.7187831590505717,23,WEAK,Positive,False
Neither.Abx.T,binary,Amikacin,ordinal,0.0793,0.7190962240065517,23,WEAK,Positive,False
DM,binary,Ceftriaxone,ordinal,-0.0793,0.7192335208833476,23,WEAK,Negative,False
Hospitalization.in.past.6.Months,binary,Procalcitonin,binary,-0.0793,0.7192335208833476,23,WEAK,Negative,False
Ceftriaxone,ordinal,Ceftazidime.Avibactam.Aztreonam.T,binary,0.0793,0.7192335208833476,23,WEAK,Positive,False
ALP,binary,Ceftriaxone,ordinal,0.0793,0.7192335208833476,23,WEAK,Positive,False
Neither.Abx.E,binary,Amikacin,ordinal,0.0793,0.7190962240065517,23,WEAK,Positive,False
Male,binary,Procalcitonin,binary,0.0793,0.7192335208833476,23,WEAK,Positive,False
Female,binary,Past.CREPA.infection,binary,-0.0793,0.7192335208833476,23,WEAK,Negative,False
Male,binary,Hb,binary,-0.0793,0.7192335208833476,23,WEAK,Negative,False
DM,binary,Past.CREPA.infection,binary,-0.0793,0.7192335208833476,23,WEAK,Negative,False
Hospitalization.in.past.6.Months,binary,Ceftriaxone,ordinal,-0.0793,0.7192335208833476,23,WEAK,Negative,False
DM,binary,Procalcitonin,binary,-0.0793,0.7192335208833476,23,WEAK,Negative,False
Female,binary,Procalcitonin,binary,-0.0793,0.7192335208833476,23,WEAK,Negative,False
Male,binary,Past.CREPA.infection,binary,0.0793,0.7192335208833476,23,WEAK,Positive,False
Female,binary,Hb,binary,0.0793,0.7192335208833476,23,WEAK,Positive,False
Female,binary,Ceftriaxone,ordinal,-0.0793,0.7192335208833476,23,WEAK,Negative,False
Ventilation,binary,Ceftriaxone,ordinal,-0.0793,0.7192335208833476,23,WEAK,Negative,False
Immunosuppressive.drugs.in.1.week,binary,Procalcitonin,binary,-0.0793,0.7192335208833476,23,WEAK,Negative,False
Past.CREPA.infection,binary,Ventilation,binary,-0.0793,0.7192335208833476,23,WEAK,Negative,False
Past.CREPA.infection,binary,ALP,binary,0.0793,0.7192335208833476,23,WEAK,Positive,False
Male,binary,Ceftriaxone,ordinal,0.0793,0.7192335208833476,23,WEAK,Positive,False
Past.CREPA.infection,binary,Bil,binary,-0.0793,0.7192335208833476,23,WEAK,Negative,False
Albumin,binary,Amikacin,ordinal,-0.0793,0.7190962240065517,23,WEAK,Negative,False
Bil,binary,Procalcitonin,binary,-0.0793,0.7192335208833476,23,WEAK,Negative,False
Immunosuppressive.drugs.in.1.week,binary,Ceftriaxone,ordinal,-0.0793,0.7192335208833476,23,WEAK,Negative,False
Hb,binary,Ceftazidime.Avibactam.Aztreonam.T,binary,-0.0793,0.7192335208833476,23,WEAK,Negative,False
Hb,binary,Bil,binary,0.0793,0.7192335208833476,23,WEAK,Positive,False
SGPT,binary,Clinical.Improvement,ordinal,0.0789,0.7205058267879962,23,WEAK,Positive,False
Weight,continuous,APACHEII,continuous,-0.0789,0.7205171745112453,23,WEAK,Negative,False
Overall.organ.support,binary,Clinical.Improvement,ordinal,-0.0789,0.7205058267879962,23,WEAK,Negative,False
Globulin,binary,Clinical.Improvement,ordinal,0.0789,0.7205058267879962,23,WEAK,Positive,False
Urea,continuous,Magnesium,binary,0.0788,0.7208383325079848,23,WEAK,Positive,False
Albumin,binary,Tigecycline,ordinal,0.0787,0.7212137425633269,23,WEAK,Positive,False
OXA48,binary,Nitrofurantoin,ordinal,-0.0786,0.7215177762022568,23,WEAK,Negative,False
P.C.only.E,binary,Ceftazidime.Avibactam.Aztreonam.Synergy.T,ordinal,-0.0785,0.7219436467087529,23,WEAK,Negative,False
Weight,continuous,Globulin,binary,-0.0784,0.72227163397671,23,WEAK,Negative,False
UTI.CRO,binary,Inotropes,binary,-0.0782,0.7229864913131264,23,WEAK,Negative,False
Immunosuppressive.drugs.in.1.week,binary,TLC,binary,-0.0782,0.7229864913131264,23,WEAK,Negative,False
Immunosuppressive.drugs.in.1.week,binary,Solid.Organ,binary,-0.0782,0.7229864913131264,23,WEAK,Negative,False
Female,binary,TLC,binary,-0.0782,0.7229864913131264,23,WEAK,Negative,False
NDM,binary,DM,binary,-0.0782,0.7229864913131264,23,WEAK,Negative,False
Male,binary,UTI.CRO,binary,-0.0782,0.7229864913131264,23,WEAK,Negative,False
Female,binary,UTI.CRO,binary,0.0782,0.7229864913131264,23,WEAK,Positive,False
UTI.CRO,binary,ALP,binary,-0.0782,0.7229864913131264,23,WEAK,Negative,False
NDM,binary,Bil,binary,-0.0782,0.7229864913131264,23,WEAK,Negative,False
Male,binary,TLC,binary,0.0782,0.7229864913131264,23,WEAK,Positive,False
Hospitalization.in.past.6.Months,binary,Solid.Organ,binary,-0.0782,0.7229864913131264,23,WEAK,Negative,False
Hospitalization.in.past.6.Months,binary,TLC,binary,-0.0782,0.7229864913131264,23,WEAK,Negative,False
Solid.Organ,binary,ALP,binary,0.0782,0.7229864913131264,23,WEAK,Positive,False
Past.CREPA.infection,binary,Total.Hospital.stay.in.28.days,continuous,-0.078,0.7233771353172276,23,WEAK,Negative,False
Weight,continuous,Hb,binary,0.0779,0.723969741165728,23,WEAK,Positive,False
Weight,continuous,Procalcitonin,binary,-0.0779,0.723969741165728,23,WEAK,Negative,False
Past.CREPA.infection,binary,APACHEII,continuous,-0.0779,0.72383837990609,23,WEAK,Negative,False
Female,binary,Nitrofurantoin,ordinal,0.0774,0.7256724994495257,23,WEAK,Positive,False
Male,binary,Nitrofurantoin,ordinal,-0.0774,0.7256724994495257,23,WEAK,Negative,False
Inotropes,binary,Nitrofurantoin,ordinal,-0.0774,0.7256724994495257,23,WEAK,Negative,False
SGOT,binary,Nitrofurantoin,ordinal,0.0768,0.7276813677075643,23,WEAK,Positive,False
TLC,binary,Colistin,ordinal,0.0765,0.7285400124931234,23,WEAK,Positive,False
Male,binary,Amikacin,ordinal,-0.0758,0.7310680500386986,23,WEAK,Negative,False
Female,binary,Amikacin,ordinal,0.0758,0.7310680500386986,23,WEAK,Positive,False
Weight,continuous,Clinical.Improvement,ordinal,0.0753,0.7328855302525724,23,WEAK,Positive,False
HAP.CRO,binary,Minocycline,ordinal,0.0753,0.7327147150755864,23,WEAK,Positive,False
Hypothyroidism,binary,Minocycline,ordinal,0.0753,0.7327147150755864,23,WEAK,Positive,False
Calcium,binary,Total.Hospital.stay.in.28.days,continuous,0.0741,0.737029575547888,23,WEAK,Positive,False
Urea,continuous,Piperacillin.Tazobactam,ordinal,0.0738,0.737852567959383,23,WEAK,Positive,False
Z.A.only.E,binary,Amikacin,ordinal,0.0737,0.7382486268514272,23,WEAK,Positive,False
SGOT,binary,GW.Stay.in.28.Days,continuous,0.0733,0.7394747324031935,23,WEAK,Positive,False
NDM,binary,BSI.CRO,binary,0.0731,0.7404294882749103,23,WEAK,Positive,False
TLC,binary,Z.A.only.T,binary,0.0731,0.7404294882749103,23,WEAK,Positive,False
TLC,binary,Potassium,binary,0.0731,0.7404294882749103,23,WEAK,Positive,False
BSI.CRO,binary,TLC,binary,0.0731,0.7404294882749103,23,WEAK,Positive,False
NDM,binary,Mortality.in.ICU,binary,0.0731,0.7404294882749103,23,WEAK,Positive,False
Doxycycline,ordinal,ICU.Stay.in.28.Days,continuous,-0.0731,0.7402025722244969,23,WEAK,Negative,False
Solid.Organ,binary,Potassium,binary,0.0731,0.7404294882749103,23,WEAK,Positive,False
TLC,binary,Ceftazidime.Avibactam,binary,0.0731,0.7404294882749103,23,WEAK,Positive,False
UTI.CRO,binary,Potassium,binary,-0.0731,0.7404294882749103,23,WEAK,Negative,False
NDM,binary,Potassium,binary,0.0731,0.7404294882749103,23,WEAK,Positive,False
NDM,binary,P.C.Z.A.T,binary,0.0731,0.7404294882749103,23,WEAK,Positive,False
UTI.CRO,binary,Ceftazidime.Avibactam,binary,-0.0731,0.7404294882749103,23,WEAK,Negative,False
NDM,binary,Z.A.only.T,binary,0.0731,0.7404294882749103,23,WEAK,Positive,False
Platelet,binary,Clinical.Improvement,ordinal,-0.0727,0.7417876199083236,23,WEAK,Negative,False
P.C.Z.A.T,binary,GW.Stay.in.28.Days,continuous,0.0727,0.7417748822096494,23,WEAK,Positive,False
SGOT,binary,ICU.Stay.in.28.Days,continuous,0.0725,0.7421930817227134,23,WEAK,Positive,False
Overall.organ.support,binary,GW.Stay.in.28.Days,continuous,-0.0724,0.7427678378894909,23,WEAK,Negative,False
Age,continuous,SGOT,binary,-0.0723,0.7431215243408491,23,WEAK,Negative,False
APACHEII,continuous,Platelet,binary,0.0722,0.7433060126796757,23,WEAK,Positive,False
Height,continuous,SGOT,binary,0.0722,0.7433060126796757,23,WEAK,Positive,False
Potassium,binary,ICU.Stay.in.28.Days,continuous,-0.0719,0.7444708955330835,23,WEAK,Negative,False
Total.Protein,binary,Total.Hospital.stay.in.28.days,continuous,0.0714,0.7461279966983815,23,WEAK,Positive,False
Urea,continuous,Tigecycline,ordinal,-0.0712,0.7466995296385438,23,WEAK,Negative,False
Doxycycline,ordinal,Minocycline,ordinal,-0.0709,0.7479577289247656,23,WEAK,Negative,False
NDM,binary,Calcium,binary,-0.0706,0.7490018023863296,23,WEAK,Negative,False
Urinary.Catheter.in.6.Months,binary,Tigecycline,ordinal,-0.0706,0.7490363446175955,23,WEAK,Negative,False
TLC,binary,Creatinine,binary,-0.0706,0.7490018023863296,23,WEAK,Negative,False
Hypothyroidism,binary,Tigecycline,ordinal,-0.0706,0.7490363446175955,23,WEAK,Negative,False
HAP.CRO,binary,Tigecycline,ordinal,-0.0706,0.7490363446175955,23,WEAK,Negative,False
CV.Catheter.in.6.Months,binary,Tigecycline,ordinal,-0.0706,0.7490363446175955,23,WEAK,Negative,False
P.C.Z.A.E,binary,Tigecycline,ordinal,-0.0706,0.7490363446175955,23,WEAK,Negative,False
SOFA,continuous,Piperacillin.Tazobactam,ordinal,0.0704,0.7497159200273091,23,WEAK,Positive,False
Minocycline,ordinal,Trimethoprim.Sulfamethoxazole,ordinal,-0.0702,0.7504009052508445,23,WEAK,Negative,False
P.C.in.vitro,binary,Urea,continuous,0.0698,0.7515163368148894,23,WEAK,Positive,False
Weight,continuous,Fosfomycin,ordinal,-0.0698,0.7516354399288809,23,WEAK,Negative,False
Height,continuous,P.C.Z.A.E,binary,-0.0698,0.7515163368148894,23,WEAK,Negative,False
Height,continuous,Hypothyroidism,binary,-0.0698,0.7515163368148894,23,WEAK,Negative,False
HTN,binary,SOFA,continuous,-0.0694,0.7528623742592297,23,WEAK,Negative,False
Age,continuous,P.C.only.E,binary,0.0693,0.7534619971752577,23,WEAK,Positive,False
Height,continuous,Neither.Abx.T,binary,0.0692,0.7536395415735453,23,WEAK,Positive,False
Height,continuous,Neither.Abx.E,binary,0.0692,0.7536395415735453,23,WEAK,Positive,False
Weight,continuous,GW.Stay.in.28.Days,continuous,-0.0691,0.7542288339517143,23,WEAK,Negative,False
Height,continuous,Doxycycline,ordinal,0.0688,0.7552554080097945,23,WEAK,Positive,False
IAI.CRO,binary,CV.Catheter.in.6.Months,binary,0.0687,0.7553335863868718,23,WEAK,Positive,False
HAP.CRO,binary,Calcium,binary,-0.0687,0.7553335863868718,23,WEAK,Negative,False
IAI.CRO,binary,Fosfomycin,ordinal,0.0687,0.7553335863868718,23,WEAK,Positive,False
P.C.in.vitro,binary,Calcium,binary,-0.0687,0.7553335863868718,23,WEAK,Negative,False
IAI.CRO,binary,Cefuroxime,ordinal,-0.0687,0.7553335863868718,23,WEAK,Negative,False
IAI.CRO,binary,Urinary.Catheter.in.6.Months,binary,0.0687,0.7553335863868718,23,WEAK,Positive,False
OXA48,binary,P.C.in.vitro,binary,-0.0687,0.7553335863868718,23,WEAK,Negative,False
Hypothyroidism,binary,Creatinine,binary,-0.0687,0.7553335863868718,23,WEAK,Negative,False
Creatinine,binary,Fosfomycin,ordinal,-0.0687,0.7553335863868718,23,WEAK,Negative,False
OXA48,binary,Cefuroxime,ordinal,0.0687,0.7553335863868718,23,WEAK,Positive,False
Calcium,binary,Cefuroxime,ordinal,0.0687,0.7553335863868718,23,WEAK,Positive,False
Potassium,binary,Colistin,ordinal,-0.0679,0.7582305625652394,23,WEAK,Negative,False
BSI.CRO,binary,Colistin,ordinal,-0.0679,0.7582305625652394,23,WEAK,Negative,False
Colistin,ordinal,Ceftazidime.Avibactam,binary,-0.0679,0.7582305625652394,23,WEAK,Negative,False
P.C.Z.A.T,binary,Colistin,ordinal,-0.0679,0.7582305625652394,23,WEAK,Negative,False
Tigecycline,ordinal,Piperacillin.Tazobactam,ordinal,0.0674,0.7598699971556573,23,WEAK,Positive,False
Weight,continuous,Calcium,binary,-0.0672,0.7607402680426781,23,WEAK,Negative,False
Weight,continuous,Tigecycline,ordinal,0.066,0.7649459802420138,23,WEAK,Positive,False
Overall.organ.support,binary,Platelet,binary,0.0658,0.7654978135179866,23,WEAK,Positive,False
CV.Catheter.in.6.Months,binary,Other.Illness.Leading.to.Hospitalization.post.28.Days.Discharge,binary,-0.0658,0.7654978135179866,23,WEAK,Negative,False
Cefuroxime,ordinal,Mortality.post.28.Day.Discharge,binary,0.0658,0.7654978135179866,23,WEAK,Positive,False
Cefuroxime,ordinal,Relapse.post.28.Day.Discharge,binary,0.0658,0.7654978135179866,23,WEAK,Positive,False
P.C.Z.A.E,binary,Z.A.only.E,binary,-0.0658,0.7654978135179866,23,WEAK,Negative,False
Surgery.in.last.3.Months,binary,SGOT,binary,-0.0658,0.7654978135179866,23,WEAK,Negative,False
Cefuroxime,ordinal,Mortality.in.Hospital,binary,0.0658,0.7654978135179866,23,WEAK,Positive,False
Urinary.Catheter.in.6.Months,binary,Mortality.in.Hospital,binary,-0.0658,0.7654978135179866,23,WEAK,Negative,False
P.C.Z.A.E,binary,Ertapenem,ordinal,0.0658,0.7654978135179866,23,WEAK,Positive,False
P.C.Z.A.E,binary,Meropenem,ordinal,0.0658,0.7654978135179866,23,WEAK,Positive,False
P.C.Z.A.E,binary,Cefoperazone.Sulbactam,ordinal,0.0658,0.7654978135179866,23,WEAK,Positive,False
Urinary.Catheter.in.6.Months,binary,Ceftazidime,ordinal,0.0658,0.7654978135179866,23,WEAK,Positive,False
CV.Catheter.in.6.Months,binary,Cefoperazone.Sulbactam,ordinal,0.0658,0.7654978135179866,23,WEAK,Positive,False
CV.Catheter.in.6.Months,binary,Cefotaxime,ordinal,0.0658,0.7654978135179866,23,WEAK,Positive,False
CV.Catheter.in.6.Months,binary,Meropenem,ordinal,0.0658,0.7654978135179866,23,WEAK,Positive,False
P.C.in.vitro,binary,Neutropenia,binary,-0.0658,0.7654978135179866,23,WEAK,Negative,False
P.C.Z.A.E,binary,Amoxicillin.Clavulanic.Acid,ordinal,0.0658,0.7654978135179866,23,WEAK,Positive,False
CV.Catheter.in.6.Months,binary,Z.A.only.E,binary,-0.0658,0.7654978135179866,23,WEAK,Negative,False
CV.Catheter.in.6.Months,binary,Amoxicillin.Clavulanic.Acid,ordinal,0.0658,0.7654978135179866,23,WEAK,Positive,False
Surgery.in.last.3.Months,binary,Magnesium,binary,0.0658,0.7654978135179866,23,WEAK,Positive,False
SGOT,binary,Total.Protein,binary,0.0658,0.7654978135179866,23,WEAK,Positive,False
CV.Catheter.in.6.Months,binary,Ceftazidime,ordinal,0.0658,0.7654978135179866,23,WEAK,Positive,False
Urinary.Catheter.in.6.Months,binary,Relapse.post.28.Day.Discharge,binary,-0.0658,0.7654978135179866,23,WEAK,Negative,False
Urinary.Catheter.in.6.Months,binary,Mortality.post.28.Day.Discharge,binary,-0.0658,0.7654978135179866,23,WEAK,Negative,False
CV.Catheter.in.6.Months,binary,Mortality.in.Hospital,binary,-0.0658,0.7654978135179866,23,WEAK,Negative,False
P.C.Z.A.E,binary,Ceftazidime,ordinal,0.0658,0.7654978135179866,23,WEAK,Positive,False
P.C.Z.A.E,binary,Mortality.in.Hospital,binary,-0.0658,0.7654978135179866,23,WEAK,Negative,False
CV.Catheter.in.6.Months,binary,Ertapenem,ordinal,0.0658,0.7654978135179866,23,WEAK,Positive,False
Urinary.Catheter.in.6.Months,binary,Other.Illness.Leading.to.Hospitalization.post.28.Days.Discharge,binary,-0.0658,0.7654978135179866,23,WEAK,Negative,False
Hypothyroidism,binary,Mortality.post.28.Day.Discharge,binary,-0.0658,0.7654978135179866,23,WEAK,Negative,False
Urinary.Catheter.in.6.Months,binary,Neutropenia,binary,-0.0658,0.7654978135179866,23,WEAK,Negative,False
SGPT,binary,Magnesium,binary,0.0658,0.7654978135179866,23,WEAK,Positive,False
Urinary.Catheter.in.6.Months,binary,Endoscopy.in.1.week,binary,-0.0658,0.7654978135179866,23,WEAK,Negative,False
Z.A.only.E,binary,Fosfomycin,ordinal,-0.0658,0.7654978135179866,23,WEAK,Negative,False
Z.A.only.E,binary,Cefuroxime,ordinal,0.0658,0.7654978135179866,23,WEAK,Positive,False
HAP.CRO,binary,Other.CRO,binary,-0.0658,0.7654978135179866,23,WEAK,Negative,False
HAP.CRO,binary,Neutropenia,binary,-0.0658,0.7654978135179866,23,WEAK,Negative,False
Hypothyroidism,binary,Cefoperazone.Sulbactam,ordinal,0.0658,0.7654978135179866,23,WEAK,Positive,False
HAP.CRO,binary,Other.Illness.Leading.to.Hospitalization.post.28.Days.Discharge,binary,-0.0658,0.7654978135179866,23,WEAK,Negative,False
HAP.CRO,binary,Cefoperazone.Sulbactam,ordinal,0.0658,0.7654978135179866,23,WEAK,Positive,False
HAP.CRO,binary,Z.A.only.E,binary,-0.0658,0.7654978135179866,23,WEAK,Negative,False
P.C.in.vitro,binary,Endoscopy.in.1.week,binary,-0.0658,0.7654978135179866,23,WEAK,Negative,False
P.C.in.vitro,binary,Cefoperazone.Sulbactam,ordinal,0.0658,0.7654978135179866,23,WEAK,Positive,False
Ertapenem,ordinal,Cefuroxime,ordinal,-0.0658,0.7654978135179866,23,WEAK,Negative,False
Hypothyroidism,binary,Meropenem,ordinal,0.0658,0.7654978135179866,23,WEAK,Positive,False
Neutropenia,binary,Fosfomycin,ordinal,-0.0658,0.7654978135179866,23,WEAK,Negative,False
Other.CRO,binary,P.C.Z.A.E,binary,-0.0658,0.7654978135179866,23,WEAK,Negative,False
Other.CRO,binary,Cefuroxime,ordinal,0.0658,0.7654978135179866,23,WEAK,Positive,False
Other.CRO,binary,Fosfomycin,ordinal,-0.0658,0.7654978135179866,23,WEAK,Negative,False
P.C.in.vitro,binary,Meropenem,ordinal,0.0658,0.7654978135179866,23,WEAK,Positive,False
P.C.in.vitro,binary,Ertapenem,ordinal,0.0658,0.7654978135179866,23,WEAK,Positive,False
HAP.CRO,binary,Cefotaxime,ordinal,0.0658,0.7654978135179866,23,WEAK,Positive,False
HAP.CRO,binary,Endoscopy.in.1.week,binary,-0.0658,0.7654978135179866,23,WEAK,Negative,False
HAP.CRO,binary,Ceftazidime,ordinal,0.0658,0.7654978135179866,23,WEAK,Positive,False
HAP.CRO,binary,Meropenem,ordinal,0.0658,0.7654978135179866,23,WEAK,Positive,False
HAP.CRO,binary,Ertapenem,ordinal,0.0658,0.7654978135179866,23,WEAK,Positive,False
HAP.CRO,binary,Relapse.post.28.Day.Discharge,binary,-0.0658,0.7654978135179866,23,WEAK,Negative,False
HAP.CRO,binary,Amoxicillin.Clavulanic.Acid,ordinal,0.0658,0.7654978135179866,23,WEAK,Positive,False
HAP.CRO,binary,Mortality.in.Hospital,binary,-0.0658,0.7654978135179866,23,WEAK,Negative,False
HAP.CRO,binary,Mortality.post.28.Day.Discharge,binary,-0.0658,0.7654978135179866,23,WEAK,Negative,False
Other.CRO,binary,CV.Catheter.in.6.Months,binary,-0.0658,0.7654978135179866,23,WEAK,Negative,False
Hypothyroidism,binary,Mortality.in.Hospital,binary,-0.0658,0.7654978135179866,23,WEAK,Negative,False
P.C.in.vitro,binary,Mortality.in.Hospital,binary,-0.0658,0.7654978135179866,23,WEAK,Negative,False
Hypothyroidism,binary,Ceftazidime,ordinal,0.0658,0.7654978135179866,23,WEAK,Positive,False
P.C.in.vitro,binary,Ceftazidime,ordinal,0.0658,0.7654978135179866,23,WEAK,Positive,False
ANC,binary,SGOT,binary,0.0658,0.7654978135179866,23,WEAK,Positive,False
P.C.in.vitro,binary,Other.Illness.Leading.to.Hospitalization.post.28.Days.Discharge,binary,-0.0658,0.7654978135179866,23,WEAK,Negative,False
P.C.in.vitro,binary,Relapse.post.28.Day.Discharge,binary,-0.0658,0.7654978135179866,23,WEAK,Negative,False
P.C.in.vitro,binary,Amoxicillin.Clavulanic.Acid,ordinal,0.0658,0.7654978135179866,23,WEAK,Positive,False
P.C.in.vitro,binary,Z.A.only.E,binary,-0.0658,0.7654978135179866,23,WEAK,Negative,False
Ertapenem,ordinal,Fosfomycin,ordinal,0.0658,0.7654978135179866,23,WEAK,Positive,False
P.C.in.vitro,binary,Cefotaxime,ordinal,0.0658,0.7654978135179866,23,WEAK,Positive,False
P.C.in.vitro,binary,Other.CRO,binary,-0.0658,0.7654978135179866,23,WEAK,Negative,False
Neutropenia,binary,P.C.Z.A.E,binary,-0.0658,0.7654978135179866,23,WEAK,Negative,False
Fosfomycin,ordinal,Ceftazidime,ordinal,0.0658,0.7654978135179866,23,WEAK,Positive,False
Fosfomycin,ordinal,Meropenem,ordinal,0.0658,0.7654978135179866,23,WEAK,Positive,False
Endoscopy.in.1.week,binary,P.C.Z.A.E,binary,-0.0658,0.7654978135179866,23,WEAK,Negative,False
Endoscopy.in.1.week,binary,Fosfomycin,ordinal,-0.0658,0.7654978135179866,23,WEAK,Negative,False
Fosfomycin,ordinal,Mortality.in.Hospital,binary,-0.0658,0.7654978135179866,23,WEAK,Negative,False
P.C.Z.A.E,binary,Relapse.post.28.Day.Discharge,binary,-0.0658,0.7654978135179866,23,WEAK,Negative,False
P.C.Z.A.E,binary,Other.Illness.Leading.to.Hospitalization.post.28.Days.Discharge,binary,-0.0658,0.7654978135179866,23,WEAK,Negative,False
CV.Catheter.in.6.Months,binary,Neutropenia,binary,-0.0658,0.7654978135179866,23,WEAK,Negative,False
Hypothyroidism,binary,Endoscopy.in.1.week,binary,-0.0658,0.7654978135179866,23,WEAK,Negative,False
P.C.Z.A.E,binary,Mortality.post.28.Day.Discharge,binary,-0.0658,0.7654978135179866,23,WEAK,Negative,False
Sodium,binary,Magnesium,binary,-0.0658,0.7654978135179866,23,WEAK,Negative,False
Fosfomycin,ordinal,Cefotaxime,ordinal,0.0658,0.7654978135179866,23,WEAK,Positive,False
Fosfomycin,ordinal,Cefoperazone.Sulbactam,ordinal,0.0658,0.7654978135179866,23,WEAK,Positive,False
Fosfomycin,ordinal,Other.Illness.Leading.to.Hospitalization.post.28.Days.Discharge,binary,-0.0658,0.7654978135179866,23,WEAK,Negative,False
P.C.in.vitro,binary,COPD,binary,-0.0658,0.7654978135179866,23,WEAK,Negative,False
Other.CRO,binary,Urinary.Catheter.in.6.Months,binary,-0.0658,0.7654978135179866,23,WEAK,Negative,False
Fosfomycin,ordinal,Mortality.post.28.Day.Discharge,binary,-0.0658,0.7654978135179866,23,WEAK,Negative,False
Fosfomycin,ordinal,Relapse.post.28.Day.Discharge,binary,-0.0658,0.7654978135179866,23,WEAK,Negative,False
COPD,binary,Fosfomycin,ordinal,-0.0658,0.7654978135179866,23,WEAK,Negative,False
COPD,binary,P.C.Z.A.E,binary,-0.0658,0.7654978135179866,23,WEAK,Negative,False
Amoxicillin.Clavulanic.Acid,ordinal,Cefuroxime,ordinal,-0.0658,0.7654978135179866,23,WEAK,Negative,False
Hypothyroidism,binary,Cefotaxime,ordinal,0.0658,0.7654978135179866,23,WEAK,Positive,False
Hypothyroidism,binary,Amoxicillin.Clavulanic.Acid,ordinal,0.0658,0.7654978135179866,23,WEAK,Positive,False
Hypothyroidism,binary,Z.A.only.E,binary,-0.0658,0.7654978135179866,23,WEAK,Negative,False
Hypothyroidism,binary,Ertapenem,ordinal,0.0658,0.7654978135179866,23,WEAK,Positive,False
Amoxicillin.Clavulanic.Acid,ordinal,Fosfomycin,ordinal,0.0658,0.7654978135179866,23,WEAK,Positive,False
COPD,binary,CV.Catheter.in.6.Months,binary,-0.0658,0.7654978135179866,23,WEAK,Negative,False
COPD,binary,Urinary.Catheter.in.6.Months,binary,-0.0658,0.7654978135179866,23,WEAK,Negative,False
P.C.in.vitro,binary,Mortality.post.28.Day.Discharge,binary,-0.0658,0.7654978135179866,23,WEAK,Negative,False
COPD,binary,Cefuroxime,ordinal,0.0658,0.7654978135179866,23,WEAK,Positive,False
Hypothyroidism,binary,Other.CRO,binary,-0.0658,0.7654978135179866,23,WEAK,Negative,False
COPD,binary,Hypothyroidism,binary,-0.0658,0.7654978135179866,23,WEAK,Negative,False
COPD,binary,HAP.CRO,binary,-0.0658,0.7654978135179866,23,WEAK,Negative,False
Hypothyroidism,binary,Neutropenia,binary,-0.0658,0.7654978135179866,23,WEAK,Negative,False
Urinary.Catheter.in.6.Months,binary,Cefoperazone.Sulbactam,ordinal,0.0658,0.7654978135179866,23,WEAK,Positive,False
Urinary.Catheter.in.6.Months,binary,Meropenem,ordinal,0.0658,0.7654978135179866,23,WEAK,Positive,False
Urinary.Catheter.in.6.Months,binary,Ertapenem,ordinal,0.0658,0.7654978135179866,23,WEAK,Positive,False
Endoscopy.in.1.week,binary,Cefuroxime,ordinal,0.0658,0.7654978135179866,23,WEAK,Positive,False
CV.Catheter.in.6.Months,binary,Endoscopy.in.1.week,binary,-0.0658,0.7654978135179866,23,WEAK,Negative,False
Platelet,binary,Sodium,binary,0.0658,0.7654978135179866,23,WEAK,Positive,False
Platelet,binary,Total.Protein,binary,0.0658,0.7654978135179866,23,WEAK,Positive,False
SGOT,binary,Overall.Mortality,binary,-0.0658,0.7654978135179866,23,WEAK,Negative,False
P.C.Z.A.E,binary,Cefotaxime,ordinal,0.0658,0.7654978135179866,23,WEAK,Positive,False
Cefuroxime,ordinal,Other.Illness.Leading.to.Hospitalization.post.28.Days.Discharge,binary,0.0658,0.7654978135179866,23,WEAK,Positive,False
CV.Catheter.in.6.Months,binary,Relapse.post.28.Day.Discharge,binary,-0.0658,0.7654978135179866,23,WEAK,Negative,False
CV.Catheter.in.6.Months,binary,Mortality.post.28.Day.Discharge,binary,-0.0658,0.7654978135179866,23,WEAK,Negative,False
Meropenem,ordinal,Cefuroxime,ordinal,-0.0658,0.7654978135179866,23,WEAK,Negative,False
Urinary.Catheter.in.6.Months,binary,Cefotaxime,ordinal,0.0658,0.7654978135179866,23,WEAK,Positive,False
Urinary.Catheter.in.6.Months,binary,Z.A.only.E,binary,-0.0658,0.7654978135179866,23,WEAK,Negative,False
Urinary.Catheter.in.6.Months,binary,Amoxicillin.Clavulanic.Acid,ordinal,0.0658,0.7654978135179866,23,WEAK,Positive,False
Doxycycline,ordinal,Relapse.post.28.Day.Discharge,binary,-0.0657,0.7657336135204258,23,WEAK,Negative,False
Doxycycline,ordinal,Mortality.in.Hospital,binary,-0.0657,0.7657336135204258,23,WEAK,Negative,False
Neutropenia,binary,Doxycycline,ordinal,-0.0657,0.7657336135204258,23,WEAK,Negative,False
Doxycycline,ordinal,Other.Illness.Leading.to.Hospitalization.post.28.Days.Discharge,binary,-0.0657,0.7657336135204258,23,WEAK,Negative,False
Doxycycline,ordinal,Ertapenem,ordinal,0.0657,0.7657336135204258,23,WEAK,Positive,False
Doxycycline,ordinal,Meropenem,ordinal,0.0657,0.7657336135204258,23,WEAK,Positive,False
Doxycycline,ordinal,Cefoperazone.Sulbactam,ordinal,0.0657,0.7657336135204258,23,WEAK,Positive,False
Amoxicillin.Clavulanic.Acid,ordinal,Piperacillin.Tazobactam,ordinal,-0.0657,0.7657336135204258,23,WEAK,Negative,False
Ertapenem,ordinal,Piperacillin.Tazobactam,ordinal,-0.0657,0.7657336135204258,23,WEAK,Negative,False
Piperacillin.Tazobactam,ordinal,Mortality.in.Hospital,binary,0.0657,0.7657336135204258,23,WEAK,Positive,False
Piperacillin.Tazobactam,ordinal,Other.Illness.Leading.to.Hospitalization.post.28.Days.Discharge,binary,0.0657,0.7657336135204258,23,WEAK,Positive,False
Piperacillin.Tazobactam,ordinal,Relapse.post.28.Day.Discharge,binary,0.0657,0.7657336135204258,23,WEAK,Positive,False
COPD,binary,Doxycycline,ordinal,-0.0657,0.7657336135204258,23,WEAK,Negative,False
COPD,binary,Piperacillin.Tazobactam,ordinal,0.0657,0.7657336135204258,23,WEAK,Positive,False
Amoxicillin.Clavulanic.Acid,ordinal,Doxycycline,ordinal,0.0657,0.7657336135204258,23,WEAK,Positive,False
Endoscopy.in.1.week,binary,Doxycycline,ordinal,-0.0657,0.7657336135204258,23,WEAK,Negative,False
Doxycycline,ordinal,Ceftazidime,ordinal,0.0657,0.7657336135204258,23,WEAK,Positive,False
Z.A.only.E,binary,Piperacillin.Tazobactam,ordinal,0.0657,0.7657336135204258,23,WEAK,Positive,False
Other.CRO,binary,Piperacillin.Tazobactam,ordinal,0.0657,0.7657336135204258,23,WEAK,Positive,False
Meropenem,ordinal,Piperacillin.Tazobactam,ordinal,-0.0657,0.7657336135204258,23,WEAK,Negative,False
Doxycycline,ordinal,Cefotaxime,ordinal,0.0657,0.7657336135204258,23,WEAK,Positive,False
Other.CRO,binary,Doxycycline,ordinal,-0.0657,0.7657336135204258,23,WEAK,Negative,False
Endoscopy.in.1.week,binary,Piperacillin.Tazobactam,ordinal,0.0657,0.7657336135204258,23,WEAK,Positive,False
Z.A.only.E,binary,Doxycycline,ordinal,-0.0657,0.7657336135204258,23,WEAK,Negative,False
Sodium,binary,Amikacin,ordinal,0.0653,0.7671336346258725,23,WEAK,Positive,False
SGPT,binary,Amikacin,ordinal,-0.0653,0.7671336346258725,23,WEAK,Negative,False
Sodium,binary,GW.Stay.in.28.Days,continuous,-0.0651,0.7677669155602396,23,WEAK,Negative,False
Weight,continuous,Trimethoprim.Sulfamethoxazole,ordinal,0.065,0.7681456482383704,23,WEAK,Positive,False
Urea,continuous,Ceftazidime,ordinal,-0.0643,0.7705820833618271,23,WEAK,Negative,False
Urea,continuous,Cefoperazone.Sulbactam,ordinal,-0.0643,0.7705820833618271,23,WEAK,Negative,False
Urea,continuous,Cefotaxime,ordinal,-0.0643,0.7705820833618271,23,WEAK,Negative,False
Neutropenia,binary,Urea,continuous,0.0643,0.7705820833618271,23,WEAK,Positive,False
Globulin,binary,Total.Hospital.stay.in.28.days,continuous,0.0643,0.7708195358788759,23,WEAK,Positive,False
Weight,continuous,Mortality.post.28.Day.Discharge,binary,0.0643,0.7706925691419831,23,WEAK,Positive,False
COPD,binary,APACHEII,continuous,-0.0643,0.7705820833618271,23,WEAK,Negative,False
Height,continuous,Overall.organ.support,binary,0.0642,0.7712064985029409,23,WEAK,Positive,False
ANC,binary,Urea,continuous,-0.0642,0.7712064985029409,23,WEAK,Negative,False
APACHEII,continuous,Globulin,binary,0.0642,0.7712064985029409,23,WEAK,Positive,False
NDM,binary,Procalcitonin,binary,-0.0639,0.7720287594210535,23,WEAK,Negative,False
Past.CREPA.infection,binary,Solid.Organ,binary,-0.0639,0.7720287594210535,23,WEAK,Negative,False
NDM,binary,Past.CREPA.infection,binary,-0.0639,0.7720287594210535,23,WEAK,Negative,False
TLC,binary,Ceftriaxone,ordinal,-0.0639,0.7720287594210535,23,WEAK,Negative,False
UTI.CRO,binary,Past.CREPA.infection,binary,0.0639,0.7720287594210535,23,WEAK,Positive,False
TLC,binary,Procalcitonin,binary,-0.0639,0.7720287594210535,23,WEAK,Negative,False
Solid.Organ,binary,Ceftriaxone,ordinal,-0.0639,0.7720287594210535,23,WEAK,Negative,False
UTI.CRO,binary,Ceftriaxone,ordinal,0.0639,0.7720287594210535,23,WEAK,Positive,False
Solid.Organ,binary,Procalcitonin,binary,-0.0639,0.7720287594210535,23,WEAK,Negative,False
Urinary.Catheter.in.6.Months,binary,Minocycline,ordinal,-0.0628,0.7760480068988982,23,WEAK,Negative,False
CV.Catheter.in.6.Months,binary,Minocycline,ordinal,-0.0628,0.7760480068988982,23,WEAK,Negative,False
P.C.Z.A.E,binary,Minocycline,ordinal,-0.0628,0.7760480068988982,23,WEAK,Negative,False
HTN,binary,Tigecycline,ordinal,0.0626,0.7765509683708456,23,WEAK,Positive,False
Tigecycline,ordinal,Ceftazidime.Avibactam.T,binary,-0.0626,0.7765509683708456,23,WEAK,Negative,False
Height,continuous,Ceftazidime.Avibactam.T,binary,-0.062,0.7787738433446616,23,WEAK,Negative,False
APACHEII,continuous,Clinical.Improvement,ordinal,-0.0616,0.7800578879491784,23,WEAK,Negative,False
Male,binary,Bil,binary,0.0615,0.7802954298249454,23,WEAK,Positive,False
Immunosuppressive.drugs.in.1.week,binary,Inotropes,binary,0.0615,0.7802954298249454,23,WEAK,Positive,False
Male,binary,ALP,binary,-0.0615,0.7802954298249454,23,WEAK,Negative,False
Immunosuppressive.drugs.in.1.week,binary,Bil,binary,-0.0615,0.7802954298249454,23,WEAK,Negative,False
Hospitalization.in.past.6.Months,binary,Ventilation,binary,-0.0615,0.7802954298249454,23,WEAK,Negative,False
DM,binary,Ventilation,binary,-0.0615,0.7802954298249454,23,WEAK,Negative,False
Immunosuppressive.drugs.in.1.week,binary,Ceftazidime.Avibactam.Aztreonam.T,binary,0.0615,0.7802954298249454,23,WEAK,Positive,False
Hospitalization.in.past.6.Months,binary,Inotropes,binary,0.0615,0.7802954298249454,23,WEAK,Positive,False
Female,binary,Bil,binary,-0.0615,0.7802954298249454,23,WEAK,Negative,False
Hospitalization.in.past.6.Months,binary,Immunosuppressive.drugs.in.1.week,binary,-0.0615,0.7802954298249454,23,WEAK,Negative,False
Female,binary,ALP,binary,0.0615,0.7802954298249454,23,WEAK,Positive,False
DM,binary,ALP,binary,0.0615,0.7802954298249454,23,WEAK,Positive,False
SOFA,continuous,P.C.only.E,binary,0.0611,0.7818729901009378,23,WEAK,Positive,False
Male,binary,P.C.only.E,binary,-0.0604,0.7843940036984733,23,WEAK,Negative,False
Inotropes,binary,Neither.Abx.T,binary,-0.0604,0.7843940036984733,23,WEAK,Negative,False
Female,binary,P.C.only.E,binary,0.0604,0.7843940036984733,23,WEAK,Positive,False
Male,binary,Neither.Abx.T,binary,-0.0604,0.7843940036984733,23,WEAK,Negative,False
Male,binary,Neither.Abx.E,binary,-0.0604,0.7843940036984733,23,WEAK,Negative,False
Bil,binary,P.C.only.T,binary,0.0604,0.7843940036984733,23,WEAK,Positive,False
Hospitalization.in.past.6.Months,binary,Neither.Abx.E,binary,0.0604,0.7843940036984733,23,WEAK,Positive,False
DM,binary,Neither.Abx.T,binary,0.0604,0.7843940036984733,23,WEAK,Positive,False
DM,binary,Neither.Abx.E,binary,0.0604,0.7843940036984733,23,WEAK,Positive,False
Ventilation,binary,Neither.Abx.T,binary,0.0604,0.7843940036984733,23,WEAK,Positive,False
Ventilation,binary,Neither.Abx.E,binary,0.0604,0.7843940036984733,23,WEAK,Positive,False
Immunosuppressive.drugs.in.1.week,binary,Any.Fungal.Infection,binary,0.0604,0.7843940036984733,23,WEAK,Positive,False
Female,binary,Neither.Abx.T,binary,0.0604,0.7843940036984733,23,WEAK,Positive,False
Inotropes,binary,Albumin,binary,0.0604,0.7843940036984733,23,WEAK,Positive,False
Albumin,binary,Ceftazidime.Avibactam.Aztreonam.T,binary,0.0604,0.7843940036984733,23,WEAK,Positive,False
Female,binary,Neither.Abx.E,binary,0.0604,0.7843940036984733,23,WEAK,Positive,False
DM,binary,Albumin,binary,-0.0604,0.7843940036984733,23,WEAK,Negative,False
Inotropes,binary,P.C.only.T,binary,-0.0604,0.7843940036984733,23,WEAK,Negative,False
Ventilation,binary,P.C.only.E,binary,0.0604,0.7843940036984733,23,WEAK,Positive,False
Immunosuppressive.drugs.in.1.week,binary,P.C.only.E,binary,0.0604,0.7843940036984733,23,WEAK,Positive,False
Hospitalization.in.past.6.Months,binary,Neither.Abx.T,binary,0.0604,0.7843940036984733,23,WEAK,Positive,False
Inotropes,binary,P.C.only.E,binary,-0.0604,0.7843940036984733,23,WEAK,Negative,False
Immunosuppressive.drugs.in.1.week,binary,Hemat.Malignancy,binary,0.0604,0.7843940036984733,23,WEAK,Positive,False
DM,binary,Hemat.Malignancy,binary,0.0604,0.7843940036984733,23,WEAK,Positive,False
Inotropes,binary,Neither.Abx.E,binary,-0.0604,0.7843940036984733,23,WEAK,Negative,False
Hospitalization.in.past.6.Months,binary,Hemat.Malignancy,binary,0.0604,0.7843940036984733,23,WEAK,Positive,False
Magnesium,binary,GW.Stay.in.28.Days,continuous,0.06,0.7856499314308807,23,WEAK,Positive,False
P.C.only.E,binary,Colistin,ordinal,-0.0591,0.788783124191473,23,WEAK,Negative,False
P.C.only.T,binary,Colistin,ordinal,-0.0591,0.788783124191473,23,WEAK,Negative,False
Hemat.Malignancy,binary,Colistin,ordinal,-0.0591,0.788783124191473,23,WEAK,Negative,False
Urinary.Catheter.in.6.Months,binary,SOFA,continuous,-0.0587,0.7902244774685568,23,WEAK,Negative,False
CV.Catheter.in.6.Months,binary,SOFA,continuous,-0.0587,0.7902244774685568,23,WEAK,Negative,False
P.C.Z.A.E,binary,ICU.Stay.in.28.Days,continuous,0.0585,0.7910459155072561,23,WEAK,Positive,False
Age,continuous,Ceftriaxone,ordinal,0.0585,0.790994047282472,23,WEAK,Positive,False
Urea,continuous,P.C.Z.A.E,binary,-0.0582,0.7919586001903846,23,WEAK,Negative,False
Height,continuous,Fosfomycin,ordinal,0.0582,0.7919586001903846,23,WEAK,Positive,False
IAI.CRO,binary,Minocycline,ordinal,-0.058,0.7927459107029942,23,WEAK,Negative,False
Height,continuous,Amikacin,ordinal,-0.0578,0.7932927378859133,23,WEAK,Negative,False
HTN,binary,P.C.Z.A.T,binary,0.0577,0.7935801688373321,23,WEAK,Positive,False
HTN,binary,Potassium,binary,0.0577,0.7935801688373321,23,WEAK,Positive,False
Any.Viral.Infection,binary,P.C.Z.A.T,binary,0.0577,0.7935801688373321,23,WEAK,Positive,False
Potassium,binary,Gentamicin,ordinal,-0.0577,0.7935801688373321,23,WEAK,Negative,False
Potassium,binary,Ceftazidime.Avibactam.T,binary,-0.0577,0.7935801688373321,23,WEAK,Negative,False
Any.Viral.Infection,binary,Z.A.only.T,binary,0.0577,0.7935801688373321,23,WEAK,Positive,False
BSI.CRO,binary,Gentamicin,ordinal,-0.0577,0.7935801688373321,23,WEAK,Negative,False
P.C.Z.A.T,binary,Gentamicin,ordinal,-0.0577,0.7935801688373321,23,WEAK,Negative,False
BSI.CRO,binary,Any.Viral.Infection,binary,0.0577,0.7935801688373321,23,WEAK,Positive,False
Potassium,binary,Polymyxin.Colistin.Inclusion.T,binary,-0.0577,0.7935801688373321,23,WEAK,Negative,False
Calcium,binary,Trimethoprim.Sulfamethoxazole,ordinal,-0.0574,0.7948201106140677,23,WEAK,Negative,False
IAI.CRO,binary,Trimethoprim.Sulfamethoxazole,ordinal,0.0574,0.7948201106140677,23,WEAK,Positive,False
Z.A.invitro,binary,ICU.Stay.in.28.Days,continuous,0.0573,0.7951795757180042,23,WEAK,Positive,False
Age,continuous,Z.A.invitro,binary,-0.0571,0.7959265620729741,23,WEAK,Negative,False
Hospitalization.in.past.6.Months,binary,Minocycline,ordinal,0.0571,0.7958929461305557,23,WEAK,Positive,False
DM,binary,Minocycline,ordinal,0.0571,0.7958929461305557,23,WEAK,Positive,False
Ceftazidime.Avibactam.Aztreonam.Synergy.T,ordinal,Total.Hospital.stay.in.28.days,continuous,0.057,0.7960633862016672,23,WEAK,Positive,False
Weight,continuous,Overall.Mortality,binary,0.057,0.7961737475701858,23,WEAK,Positive,False
APACHEII,continuous,ANC,binary,0.057,0.7960749811790641,23,WEAK,Positive,False
NDM,binary,Minocycline,ordinal,-0.0564,0.7983280898084546,23,WEAK,Negative,False
Ceftazidime.Avibactam,binary,ICU.Stay.in.28.Days,continuous,-0.0559,0.7999765953171337,23,WEAK,Negative,False
HTN,binary,GW.Stay.in.28.Days,continuous,-0.0559,0.7998704559516167,23,WEAK,Negative,False
APACHEII,continuous,Z.A.only.T,binary,-0.0557,0.8008518892744434,23,WEAK,Negative,False
Procalcitonin,binary,Ceftazidime.Avibactam.Aztreonam.Synergy.T,ordinal,0.0552,0.8024925706963099,23,WEAK,Positive,False
Past.CREPA.infection,binary,Ceftazidime.Avibactam.Aztreonam.Synergy.T,ordinal,0.0552,0.8024925706963099,23,WEAK,Positive,False
Ceftriaxone,ordinal,Ceftazidime.Avibactam.Aztreonam.Synergy.T,ordinal,0.0552,0.8024925706963099,23,WEAK,Positive,False
Height,continuous,Any.Viral.Infection,binary,0.0551,0.802855255233291,23,WEAK,Positive,False
Height,continuous,Gentamicin,ordinal,-0.0551,0.802855255233291,23,WEAK,Negative,False
IAI.CRO,binary,Doxycycline,ordinal,0.0549,0.8034173791358935,23,WEAK,Positive,False
Creatinine,binary,Piperacillin.Tazobactam,ordinal,0.0549,0.8034173791358935,23,WEAK,Positive,False
Creatinine,binary,Doxycycline,ordinal,-0.0549,0.8034173791358935,23,WEAK,Negative,False
IAI.CRO,binary,Piperacillin.Tazobactam,ordinal,-0.0549,0.8034173791358935,23,WEAK,Negative,False
SGOT,binary,Creatinine,binary,0.0543,0.8057025401396105,23,WEAK,Positive,False
OXA48,binary,SGOT,binary,0.0543,0.8057025401396105,23,WEAK,Positive,False
Creatinine,binary,Magnesium,binary,-0.0543,0.8057025401396105,23,WEAK,Negative,False
Z.A.invitro,binary,Neither.Abx.T,binary,0.0542,0.8059972175823601,23,WEAK,Positive,False
Surgery.in.last.3.Months,binary,P.C.only.T,binary,-0.0542,0.8059972175823601,23,WEAK,Negative,False
SGPT,binary,P.C.only.E,binary,-0.0542,0.8059972175823601,23,WEAK,Negative,False
Surgery.in.last.3.Months,binary,Hemat.Malignancy,binary,-0.0542,0.8059972175823601,23,WEAK,Negative,False
SGPT,binary,Albumin,binary,0.0542,0.8059972175823601,23,WEAK,Positive,False
Albumin,binary,Sodium,binary,-0.0542,0.8059972175823601,23,WEAK,Negative,False
Hemat.Malignancy,binary,SGPT,binary,-0.0542,0.8059972175823601,23,WEAK,Negative,False
ANC,binary,P.C.only.E,binary,0.0542,0.8059972175823601,23,WEAK,Positive,False
ANC,binary,Neither.Abx.E,binary,0.0542,0.8059972175823601,23,WEAK,Positive,False
Z.A.invitro,binary,Neither.Abx.E,binary,0.0542,0.8059972175823601,23,WEAK,Positive,False
Surgery.in.last.3.Months,binary,Albumin,binary,0.0542,0.8059972175823601,23,WEAK,Positive,False
Sodium,binary,P.C.only.T,binary,0.0542,0.8059972175823601,23,WEAK,Positive,False
ANC,binary,Albumin,binary,-0.0542,0.8059972175823601,23,WEAK,Negative,False
ANC,binary,Neither.Abx.T,binary,0.0542,0.8059972175823601,23,WEAK,Positive,False
Globulin,binary,P.C.only.T,binary,0.0542,0.8059972175823601,23,WEAK,Positive,False
Globulin,binary,Neither.Abx.T,binary,0.0542,0.8059972175823601,23,WEAK,Positive,False
Globulin,binary,Neither.Abx.E,binary,0.0542,0.8059972175823601,23,WEAK,Positive,False
Overall.organ.support,binary,Neither.Abx.E,binary,0.0542,0.8059972175823601,23,WEAK,Positive,False
Any.Fungal.Infection,binary,Sodium,binary,0.0542,0.8059972175823601,23,WEAK,Positive,False
Any.Fungal.Infection,binary,SGPT,binary,-0.0542,0.8059972175823601,23,WEAK,Negative,False
Any.Fungal.Infection,binary,Total.Protein,binary,0.0542,0.8059972175823601,23,WEAK,Positive,False
Z.A.invitro,binary,P.C.only.E,binary,0.0542,0.8059972175823601,23,WEAK,Positive,False
Overall.organ.support,binary,Neither.Abx.T,binary,0.0542,0.8059972175823601,23,WEAK,Positive,False
Doxycycline,ordinal,Ceftazidime.Avibactam.Aztreonam.T,binary,-0.0541,0.8064087793599688,23,WEAK,Negative,False
ALP,binary,Piperacillin.Tazobactam,ordinal,0.0541,0.8064087793599688,23,WEAK,Positive,False
Ventilation,binary,Doxycycline,ordinal,0.0541,0.8064087793599688,23,WEAK,Positive,False
Hospitalization.in.past.6.Months,binary,Doxycycline,ordinal,0.0541,0.8064087793599688,23,WEAK,Positive,False
DM,binary,Doxycycline,ordinal,0.0541,0.8064087793599688,23,WEAK,Positive,False
Ceftriaxone,ordinal,Clinical.Improvement,ordinal,-0.0539,0.8070698054515161,23,WEAK,Negative,False
Nitrofurantoin,ordinal,Gentamicin,ordinal,0.0537,0.8077832596850585,23,WEAK,Positive,False
P.C.Z.A.E,binary,Amikacin,ordinal,0.0533,0.8090129879639896,23,WEAK,Positive,False
Urinary.Catheter.in.6.Months,binary,Amikacin,ordinal,0.0533,0.8090129879639896,23,WEAK,Positive,False
Amikacin,ordinal,Cefuroxime,ordinal,-0.0533,0.8090129879639896,23,WEAK,Negative,False
Hypothyroidism,binary,Amikacin,ordinal,0.0533,0.8090129879639896,23,WEAK,Positive,False
CV.Catheter.in.6.Months,binary,Amikacin,ordinal,0.0533,0.8090129879639896,23,WEAK,Positive,False
ALP,binary,ICU.Stay.in.28.Days,continuous,-0.0532,0.8096154777017609,23,WEAK,Negative,False
Height,continuous,Ceftazidime.Avibactam.Aztreonam.T,binary,-0.0529,0.81045017423682,23,WEAK,Negative,False
Weight,continuous,Ventilation,binary,-0.0529,0.8105422422439378,23,WEAK,Negative,False
Height,continuous,DM,binary,0.0529,0.81045017423682,23,WEAK,Positive,False
Fosfomycin,ordinal,Ceftazidime.Avibactam.Aztreonam.Synergy.T,ordinal,-0.0528,0.8109914444863509,23,WEAK,Negative,False
HAP.CRO,binary,Ceftazidime.Avibactam.Aztreonam.Synergy.T,ordinal,-0.0528,0.8109914444863509,23,WEAK,Negative,False
Hypothyroidism,binary,Ceftazidime.Avibactam.Aztreonam.Synergy.T,ordinal,-0.0528,0.8109914444863509,23,WEAK,Negative,False
Hemat.Malignancy,binary,GW.Stay.in.28.Days,continuous,-0.0527,0.8111857084706253,23,WEAK,Negative,False
Immunosuppressive.drugs.in.1.week,binary,Ceftazidime.Avibactam.Aztreonam.Synergy.T,ordinal,-0.0525,0.8119762215520087,23,WEAK,Negative,False
Creatinine,binary,Minocycline,ordinal,-0.0507,0.8182023526076191,23,WEAK,Negative,False
Surgery.in.last.3.Months,binary,GW.Stay.in.28.Days,continuous,-0.0507,0.8184192088395954,23,WEAK,Negative,False
Z.A.invitro,binary,GW.Stay.in.28.Days,continuous,0.0507,0.8184192088395954,23,WEAK,Positive,False
SGPT,binary,Creatinine,binary,-0.0505,0.8189749084269676,23,WEAK,Negative,False
Z.A.invitro,binary,IAI.CRO,binary,-0.0505,0.8189749084269676,23,WEAK,Negative,False
OXA48,binary,SGPT,binary,-0.0505,0.8189749084269676,23,WEAK,Negative,False
IAI.CRO,binary,Total.Protein,binary,-0.0505,0.8189749084269676,23,WEAK,Negative,False
IAI.CRO,binary,Sodium,binary,-0.0505,0.8189749084269676,23,WEAK,Negative,False
IAI.CRO,binary,Overall.organ.support,binary,-0.0505,0.8189749084269676,23,WEAK,Negative,False
Z.A.invitro,binary,Creatinine,binary,0.0505,0.8189749084269676,23,WEAK,Positive,False
SGPT,binary,Calcium,binary,-0.0505,0.8189749084269676,23,WEAK,Negative,False
OXA48,binary,Z.A.invitro,binary,0.0505,0.8189749084269676,23,WEAK,Positive,False
OXA48,binary,Sodium,binary,0.0505,0.8189749084269676,23,WEAK,Positive,False
Z.A.invitro,binary,Total.Hospital.stay.in.28.days,continuous,-0.05,0.8208311949502822,23,WEAK,Negative,False
Procalcitonin,binary,Colistin,ordinal,-0.0499,0.8211477625582662,23,WEAK,Negative,False
Surgery.in.last.3.Months,binary,APACHEII,continuous,-0.0499,0.8211368743503654,23,WEAK,Negative,False
APACHEII,continuous,Sodium,binary,-0.0499,0.8211368743503654,23,WEAK,Negative,False
Hb,binary,Colistin,ordinal,0.0499,0.8211477625582662,23,WEAK,Positive,False
ALP,binary,Minocycline,ordinal,-0.0499,0.8209764319245796,23,WEAK,Negative,False
Colistin,ordinal,Trimethoprim.Sulfamethoxazole,ordinal,0.0498,0.8215292479128189,23,WEAK,Positive,False
GW.Stay.in.28.Days,continuous,Other.Illness.Leading.to.Hospitalization.post.28.Days.Discharge,binary,0.049,0.8243213741550194,23,WEAK,Positive,False
GW.Stay.in.28.Days,continuous,Relapse.post.28.Day.Discharge,binary,0.049,0.8243213741550194,23,WEAK,Positive,False
Endoscopy.in.1.week,binary,SOFA,continuous,-0.0487,0.8255011069440477,23,WEAK,Negative,False
Total.Protein,binary,Trimethoprim.Sulfamethoxazole,ordinal,0.0487,0.8253928695475106,23,WEAK,Positive,False
Tigecycline,ordinal,Mortality.in.Hospital,binary,-0.0487,0.8251975336804049,23,WEAK,Negative,False
Tigecycline,ordinal,Relapse.post.28.Day.Discharge,binary,-0.0487,0.8251975336804049,23,WEAK,Negative,False
SOFA,continuous,Cefotaxime,ordinal,0.0487,0.8255011069440477,23,WEAK,Positive,False
SOFA,continuous,Mortality.post.28.Day.Discharge,binary,-0.0487,0.8255011069440477,23,WEAK,Negative,False
Tigecycline,ordinal,Other.Illness.Leading.to.Hospitalization.post.28.Days.Discharge,binary,-0.0487,0.8251975336804049,23,WEAK,Negative,False
COPD,binary,Tigecycline,ordinal,-0.0487,0.8251975336804049,23,WEAK,Negative,False
Ertapenem,ordinal,Tigecycline,ordinal,0.0487,0.8251975336804049,23,WEAK,Positive,False
Globulin,binary,Trimethoprim.Sulfamethoxazole,ordinal,0.0487,0.8253928695475106,23,WEAK,Positive,False
Z.A.only.E,binary,Tigecycline,ordinal,-0.0487,0.8251975336804049,23,WEAK,Negative,False
Other.CRO,binary,Tigecycline,ordinal,-0.0487,0.8251975336804049,23,WEAK,Negative,False
Endoscopy.in.1.week,binary,Tigecycline,ordinal,-0.0487,0.8251975336804049,23,WEAK,Negative,False
Amoxicillin.Clavulanic.Acid,ordinal,Tigecycline,ordinal,0.0487,0.8251975336804049,23,WEAK,Positive,False
Neutropenia,binary,SOFA,continuous,-0.0487,0.8255011069440477,23,WEAK,Negative,False
SOFA,continuous,Ertapenem,ordinal,0.0487,0.8255011069440477,23,WEAK,Positive,False
Meropenem,ordinal,Tigecycline,ordinal,0.0487,0.8251975336804049,23,WEAK,Positive,False
SOFA,continuous,Cefoperazone.Sulbactam,ordinal,0.0487,0.8255011069440477,23,WEAK,Positive,False
SOFA,continuous,Ceftazidime,ordinal,0.0487,0.8255011069440477,23,WEAK,Positive,False
Age,continuous,Hb,binary,0.0487,0.8252544262577275,23,WEAK,Positive,False
Solid.Organ,binary,Minocycline,ordinal,-0.0483,0.8266785866521216,23,WEAK,Negative,False
Height,continuous,COPD,binary,0.0482,0.8269534345825931,23,WEAK,Positive,False
HTN,binary,APACHEII,continuous,0.0482,0.8271113876888433,23,WEAK,Positive,False
Height,continuous,Meropenem,ordinal,-0.0482,0.8269534345825931,23,WEAK,Negative,False
Age,continuous,Gentamicin,ordinal,-0.0482,0.8269848095291698,23,WEAK,Negative,False
BSI.CRO,binary,SOFA,continuous,0.0481,0.8274222553102418,23,WEAK,Positive,False
P.C.in.vitro,binary,GW.Stay.in.28.Days,continuous,-0.0473,0.8303826031040573,23,WEAK,Negative,False
Any.Viral.Infection,binary,Amikacin,ordinal,0.0473,0.8301926852591485,23,WEAK,Positive,False
P.C.in.vitro,binary,SOFA,continuous,0.047,0.8315228192133896,23,WEAK,Positive,False
Height,continuous,HAP.CRO,binary,0.0466,0.832926465867907,23,WEAK,Positive,False
HAP.CRO,binary,APACHEII,continuous,0.0466,0.832926465867907,23,WEAK,Positive,False
Hospitalization.in.past.6.Months,binary,ICU.Stay.in.28.Days,continuous,0.0465,0.833065399229575,23,WEAK,Positive,False
Weight,continuous,HAP.CRO,binary,-0.0465,0.833007944787236,23,WEAK,Negative,False
Age,continuous,Inotropes,binary,-0.0463,0.8336785408746746,23,WEAK,Negative,False
OXA48,binary,Amikacin,ordinal,-0.0462,0.8342292752872529,23,WEAK,Negative,False
IAI.CRO,binary,Ceftriaxone,ordinal,-0.046,0.8348890333066198,23,WEAK,Negative,False
Creatinine,binary,Procalcitonin,binary,0.046,0.8348890333066198,23,WEAK,Positive,False
OXA48,binary,Ceftriaxone,ordinal,0.046,0.8348890333066198,23,WEAK,Positive,False
Past.CREPA.infection,binary,Creatinine,binary,0.046,0.8348890333066198,23,WEAK,Positive,False
OXA48,binary,Hb,binary,-0.046,0.8348890333066198,23,WEAK,Negative,False
Calcium,binary,Procalcitonin,binary,0.046,0.8348890333066198,23,WEAK,Positive,False
Past.CREPA.infection,binary,Calcium,binary,0.046,0.8348890333066198,23,WEAK,Positive,False
OXA48,binary,Procalcitonin,binary,0.046,0.8348890333066198,23,WEAK,Positive,False
Z.A.only.E,binary,Cefotaxime,ordinal,0.0455,0.8368364960931189,23,WEAK,Positive,False
Ceftazidime,ordinal,Relapse.post.28.Day.Discharge,binary,0.0455,0.8368364960931189,23,WEAK,Positive,False
Ceftazidime,ordinal,Other.Illness.Leading.to.Hospitalization.post.28.Days.Discharge,binary,0.0455,0.8368364960931189,23,WEAK,Positive,False
Amoxicillin.Clavulanic.Acid,ordinal,Ertapenem,ordinal,-0.0455,0.8368364960931189,23,WEAK,Negative,False
Mortality.post.28.Day.Discharge,binary,Other.Illness.Leading.to.Hospitalization.post.28.Days.Discharge,binary,-0.0455,0.8368364960931189,23,WEAK,Negative,False
Cefoperazone.Sulbactam,ordinal,Mortality.post.28.Day.Discharge,binary,0.0455,0.8368364960931189,23,WEAK,Positive,False
Ertapenem,ordinal,Mortality.post.28.Day.Discharge,binary,0.0455,0.8368364960931189,23,WEAK,Positive,False
Z.A.only.E,binary,Mortality.in.Hospital,binary,-0.0455,0.8368364960931189,23,WEAK,Negative,False
Other.CRO,binary,Other.Illness.Leading.to.Hospitalization.post.28.Days.Discharge,binary,-0.0455,0.8368364960931189,23,WEAK,Negative,False
Endoscopy.in.1.week,binary,Amoxicillin.Clavulanic.Acid,ordinal,0.0455,0.8368364960931189,23,WEAK,Positive,False
Z.A.only.E,binary,Ceftazidime,ordinal,0.0455,0.8368364960931189,23,WEAK,Positive,False
Amoxicillin.Clavulanic.Acid,ordinal,Cefotaxime,ordinal,-0.0455,0.8368364960931189,23,WEAK,Negative,False
COPD,binary,Meropenem,ordinal,0.0455,0.8368364960931189,23,WEAK,Positive,False
COPD,binary,Ceftazidime,ordinal,0.0455,0.8368364960931189,23,WEAK,Positive,False
COPD,binary,Cefotaxime,ordinal,0.0455,0.8368364960931189,23,WEAK,Positive,False
COPD,binary,Cefoperazone.Sulbactam,ordinal,0.0455,0.8368364960931189,23,WEAK,Positive,False
Endoscopy.in.1.week,binary,Z.A.only.E,binary,-0.0455,0.8368364960931189,23,WEAK,Negative,False
Z.A.only.E,binary,Amoxicillin.Clavulanic.Acid,ordinal,0.0455,0.8368364960931189,23,WEAK,Positive,False
COPD,binary,Neutropenia,binary,-0.0455,0.8368364960931189,23,WEAK,Negative,False
Z.A.only.E,binary,Other.Illness.Leading.to.Hospitalization.post.28.Days.Discharge,binary,-0.0455,0.8368364960931189,23,WEAK,Negative,False
Amoxicillin.Clavulanic.Acid,ordinal,Cefoperazone.Sulbactam,ordinal,-0.0455,0.8368364960931189,23,WEAK,Negative,False
Amoxicillin.Clavulanic.Acid,ordinal,Ceftazidime,ordinal,-0.0455,0.8368364960931189,23,WEAK,Negative,False
COPD,binary,Ertapenem,ordinal,0.0455,0.8368364960931189,23,WEAK,Positive,False
Amoxicillin.Clavulanic.Acid,ordinal,Meropenem,ordinal,-0.0455,0.8368364960931189,23,WEAK,Negative,False
COPD,binary,Z.A.only.E,binary,-0.0455,0.8368364960931189,23,WEAK,Negative,False
Mortality.post.28.Day.Discharge,binary,Relapse.post.28.Day.Discharge,binary,-0.0455,0.8368364960931189,23,WEAK,Negative,False
Cefoperazone.Sulbactam,ordinal,Mortality.in.Hospital,binary,0.0455,0.8368364960931189,23,WEAK,Positive,False
Cefoperazone.Sulbactam,ordinal,Other.Illness.Leading.to.Hospitalization.post.28.Days.Discharge,binary,0.0455,0.8368364960931189,23,WEAK,Positive,False
Platelet,binary,SGOT,binary,-0.0455,0.8368364960931189,23,WEAK,Negative,False
Endoscopy.in.1.week,binary,Neutropenia,binary,-0.0455,0.8368364960931189,23,WEAK,Negative,False
Cefoperazone.Sulbactam,ordinal,Relapse.post.28.Day.Discharge,binary,0.0455,0.8368364960931189,23,WEAK,Positive,False
Other.CRO,binary,Ceftazidime,ordinal,0.0455,0.8368364960931189,23,WEAK,Positive,False
Other.CRO,binary,Cefotaxime,ordinal,0.0455,0.8368364960931189,23,WEAK,Positive,False
Other.CRO,binary,Mortality.post.28.Day.Discharge,binary,-0.0455,0.8368364960931189,23,WEAK,Negative,False
Other.CRO,binary,Mortality.in.Hospital,binary,-0.0455,0.8368364960931189,23,WEAK,Negative,False
Endoscopy.in.1.week,binary,Relapse.post.28.Day.Discharge,binary,-0.0455,0.8368364960931189,23,WEAK,Negative,False
Endoscopy.in.1.week,binary,Mortality.post.28.Day.Discharge,binary,-0.0455,0.8368364960931189,23,WEAK,Negative,False
Endoscopy.in.1.week,binary,Mortality.in.Hospital,binary,-0.0455,0.8368364960931189,23,WEAK,Negative,False
COPD,binary,Mortality.post.28.Day.Discharge,binary,-0.0455,0.8368364960931189,23,WEAK,Negative,False
Z.A.only.E,binary,Relapse.post.28.Day.Discharge,binary,-0.0455,0.8368364960931189,23,WEAK,Negative,False
Neutropenia,binary,Z.A.only.E,binary,-0.0455,0.8368364960931189,23,WEAK,Negative,False
Z.A.only.E,binary,Mortality.post.28.Day.Discharge,binary,-0.0455,0.8368364960931189,23,WEAK,Negative,False
Meropenem,ordinal,Mortality.in.Hospital,binary,0.0455,0.8368364960931189,23,WEAK,Positive,False
Meropenem,ordinal,Mortality.post.28.Day.Discharge,binary,0.0455,0.8368364960931189,23,WEAK,Positive,False
Other.CRO,binary,Z.A.only.E,binary,-0.0455,0.8368364960931189,23,WEAK,Negative,False
Endoscopy.in.1.week,binary,Ceftazidime,ordinal,0.0455,0.8368364960931189,23,WEAK,Positive,False
Endoscopy.in.1.week,binary,Meropenem,ordinal,0.0455,0.8368364960931189,23,WEAK,Positive,False
Other.CRO,binary,Relapse.post.28.Day.Discharge,binary,-0.0455,0.8368364960931189,23,WEAK,Negative,False
COPD,binary,Mortality.in.Hospital,binary,-0.0455,0.8368364960931189,23,WEAK,Negative,False
Meropenem,ordinal,Cefotaxime,ordinal,-0.0455,0.8368364960931189,23,WEAK,Negative,False
Meropenem,ordinal,Cefoperazone.Sulbactam,ordinal,-0.0455,0.8368364960931189,23,WEAK,Negative,False
Meropenem,ordinal,Relapse.post.28.Day.Discharge,binary,0.0455,0.8368364960931189,23,WEAK,Positive,False
Meropenem,ordinal,Other.Illness.Leading.to.Hospitalization.post.28.Days.Discharge,binary,0.0455,0.8368364960931189,23,WEAK,Positive,False
Neutropenia,binary,Mortality.post.28.Day.Discharge,binary,-0.0455,0.8368364960931189,23,WEAK,Negative,False
Neutropenia,binary,Mortality.in.Hospital,binary,-0.0455,0.8368364960931189,23,WEAK,Negative,False
Meropenem,ordinal,Ceftazidime,ordinal,-0.0455,0.8368364960931189,23,WEAK,Negative,False
Cefotaxime,ordinal,Mortality.in.Hospital,binary,0.0455,0.8368364960931189,23,WEAK,Positive,False
Other.CRO,binary,Neutropenia,binary,-0.0455,0.8368364960931189,23,WEAK,Negative,False
Other.CRO,binary,Ertapenem,ordinal,0.0455,0.8368364960931189,23,WEAK,Positive,False
Other.CRO,binary,Meropenem,ordinal,0.0455,0.8368364960931189,23,WEAK,Positive,False
Other.CRO,binary,Cefoperazone.Sulbactam,ordinal,0.0455,0.8368364960931189,23,WEAK,Positive,False
Endoscopy.in.1.week,binary,Other.Illness.Leading.to.Hospitalization.post.28.Days.Discharge,binary,-0.0455,0.8368364960931189,23,WEAK,Negative,False
Endoscopy.in.1.week,binary,Cefotaxime,ordinal,0.0455,0.8368364960931189,23,WEAK,Positive,False
Endoscopy.in.1.week,binary,Cefoperazone.Sulbactam,ordinal,0.0455,0.8368364960931189,23,WEAK,Positive,False
Other.CRO,binary,Endoscopy.in.1.week,binary,-0.0455,0.8368364960931189,23,WEAK,Negative,False
COPD,binary,Other.Illness.Leading.to.Hospitalization.post.28.Days.Discharge,binary,-0.0455,0.8368364960931189,23,WEAK,Negative,False
COPD,binary,Relapse.post.28.Day.Discharge,binary,-0.0455,0.8368364960931189,23,WEAK,Negative,False
Neutropenia,binary,Ertapenem,ordinal,0.0455,0.8368364960931189,23,WEAK,Positive,False
Neutropenia,binary,Meropenem,ordinal,0.0455,0.8368364960931189,23,WEAK,Positive,False
Neutropenia,binary,Other.Illness.Leading.to.Hospitalization.post.28.Days.Discharge,binary,-0.0455,0.8368364960931189,23,WEAK,Negative,False
Ertapenem,ordinal,Relapse.post.28.Day.Discharge,binary,0.0455,0.8368364960931189,23,WEAK,Positive,False
Ertapenem,ordinal,Other.Illness.Leading.to.Hospitalization.post.28.Days.Discharge,binary,0.0455,0.8368364960931189,23,WEAK,Positive,False
Neutropenia,binary,Amoxicillin.Clavulanic.Acid,ordinal,0.0455,0.8368364960931189,23,WEAK,Positive,False
COPD,binary,Amoxicillin.Clavulanic.Acid,ordinal,0.0455,0.8368364960931189,23,WEAK,Positive,False
Ertapenem,ordinal,Cefoperazone.Sulbactam,ordinal,-0.0455,0.8368364960931189,23,WEAK,Negative,False
Ertapenem,ordinal,Cefotaxime,ordinal,-0.0455,0.8368364960931189,23,WEAK,Negative,False
Ertapenem,ordinal,Ceftazidime,ordinal,-0.0455,0.8368364960931189,23,WEAK,Negative,False
Ertapenem,ordinal,Mortality.in.Hospital,binary,0.0455,0.8368364960931189,23,WEAK,Positive,False
COPD,binary,Endoscopy.in.1.week,binary,-0.0455,0.8368364960931189,23,WEAK,Negative,False
COPD,binary,Other.CRO,binary,-0.0455,0.8368364960931189,23,WEAK,Negative,False
Z.A.only.E,binary,Ertapenem,ordinal,0.0455,0.8368364960931189,23,WEAK,Positive,False
Z.A.only.E,binary,Cefoperazone.Sulbactam,ordinal,0.0455,0.8368364960931189,23,WEAK,Positive,False
Z.A.only.E,binary,Meropenem,ordinal,0.0455,0.8368364960931189,23,WEAK,Positive,False
Neutropenia,binary,Relapse.post.28.Day.Discharge,binary,-0.0455,0.8368364960931189,23,WEAK,Negative,False
Amoxicillin.Clavulanic.Acid,ordinal,Other.Illness.Leading.to.Hospitalization.post.28.Days.Discharge,binary,0.0455,0.8368364960931189,23,WEAK,Positive,False
Amoxicillin.Clavulanic.Acid,ordinal,Mortality.post.28.Day.Discharge,binary,0.0455,0.8368364960931189,23,WEAK,Positive,False
Amoxicillin.Clavulanic.Acid,ordinal,Mortality.in.Hospital,binary,0.0455,0.8368364960931189,23,WEAK,Positive,False
Amoxicillin.Clavulanic.Acid,ordinal,Relapse.post.28.Day.Discharge,binary,0.0455,0.8368364960931189,23,WEAK,Positive,False
Ertapenem,ordinal,Meropenem,ordinal,-0.0455,0.8368364960931189,23,WEAK,Negative,False
Mortality.in.Hospital,binary,Other.Illness.Leading.to.Hospitalization.post.28.Days.Discharge,binary,-0.0455,0.8368364960931189,23,WEAK,Negative,False
Mortality.in.Hospital,binary,Mortality.post.28.Day.Discharge,binary,-0.0455,0.8368364960931189,23,WEAK,Negative,False
Ceftazidime,ordinal,Mortality.in.Hospital,binary,0.0455,0.8368364960931189,23,WEAK,Positive,False
Cefotaxime,ordinal,Other.Illness.Leading.to.Hospitalization.post.28.Days.Discharge,binary,0.0455,0.8368364960931189,23,WEAK,Positive,False
Cefotaxime,ordinal,Mortality.post.28.Day.Discharge,binary,0.0455,0.8368364960931189,23,WEAK,Positive,False
Ceftazidime,ordinal,Mortality.post.28.Day.Discharge,binary,0.0455,0.8368364960931189,23,WEAK,Positive,False
Cefotaxime,ordinal,Relapse.post.28.Day.Discharge,binary,0.0455,0.8368364960931189,23,WEAK,Positive,False
Mortality.in.Hospital,binary,Relapse.post.28.Day.Discharge,binary,-0.0455,0.8368364960931189,23,WEAK,Negative,False
UTI.CRO,binary,ICU.Stay.in.28.Days,continuous,-0.045,0.8383931535987202,23,WEAK,Negative,False
Tigecycline,ordinal,GW.Stay.in.28.Days,continuous,-0.0449,0.838715001873284,23,WEAK,Negative,False
Height,continuous,TLC,binary,0.0448,0.8391052782123709,23,WEAK,Positive,False
Age,continuous,TLC,binary,0.0448,0.8389872443141909,23,WEAK,Positive,False
Colistin,ordinal,Clinical.Improvement,ordinal,0.0444,0.8405009813273036,23,WEAK,Positive,False
Ceftazidime.Avibactam,binary,Clinical.Improvement,ordinal,0.044,0.8419918036144594,23,WEAK,Positive,False
Height,continuous,P.C.only.E,binary,-0.0433,0.8446036182858767,23,WEAK,Negative,False
APACHEII,continuous,P.C.only.T,binary,-0.0433,0.8446036182858767,23,WEAK,Negative,False
Height,continuous,Ceftazidime.Avibactam.Aztreonam.Synergy.T,ordinal,-0.0432,0.8448812121309794,23,WEAK,Negative,False
SOFA,continuous,ANC,binary,0.0431,0.845075573398351,23,WEAK,Positive,False
Past.CREPA.infection,binary,Minocycline,ordinal,-0.042,0.8490728412869798,23,WEAK,Negative,False
Ceftriaxone,ordinal,Minocycline,ordinal,-0.042,0.8490728412869798,23,WEAK,Negative,False
Gentamicin,ordinal,Polymyxin.Colistin.Inclusion.T,binary,0.0417,0.8502776492152158,23,WEAK,Positive,False
TLC,binary,Clinical.Improvement,ordinal,-0.0413,0.8514704306152593,23,WEAK,Negative,False
Creatinine,binary,Tigecycline,ordinal,-0.0407,0.8535851041722159,23,WEAK,Negative,False
Calcium,binary,Tigecycline,ordinal,-0.0407,0.8535851041722159,23,WEAK,Negative,False
IAI.CRO,binary,Tigecycline,ordinal,0.0407,0.8535851041722159,23,WEAK,Positive,False
Female,binary,Fosfomycin,ordinal,0.0406,0.8540704947856487,23,WEAK,Positive,False
CV.Catheter.in.6.Months,binary,Immunosuppressive.drugs.in.1.week,binary,0.0406,0.8540704947856488,23,WEAK,Positive,False
Male,binary,P.C.Z.A.E,binary,-0.0406,0.8540704947856487,23,WEAK,Negative,False
Male,binary,Fosfomycin,ordinal,-0.0406,0.8540704947856487,23,WEAK,Negative,False
Inotropes,binary,Fosfomycin,ordinal,-0.0406,0.8540704947856487,23,WEAK,Negative,False
P.C.in.vitro,binary,ALP,binary,-0.0406,0.8540704947856488,23,WEAK,Negative,False
Hospitalization.in.past.6.Months,binary,Cefuroxime,ordinal,-0.0406,0.8540704947856487,23,WEAK,Negative,False
Hospitalization.in.past.6.Months,binary,Fosfomycin,ordinal,0.0406,0.8540704947856487,23,WEAK,Positive,False
Ventilation,binary,P.C.Z.A.E,binary,0.0406,0.8540704947856487,23,WEAK,Positive,False
P.C.in.vitro,binary,Ventilation,binary,0.0406,0.8540704947856488,23,WEAK,Positive,False
Male,binary,P.C.in.vitro,binary,-0.0406,0.8540704947856487,23,WEAK,Negative,False
Inotropes,binary,Cefuroxime,ordinal,0.0406,0.8540704947856487,23,WEAK,Positive,False
Inotropes,binary,P.C.Z.A.E,binary,-0.0406,0.8540704947856487,23,WEAK,Negative,False
HAP.CRO,binary,Inotropes,binary,-0.0406,0.8540704947856488,23,WEAK,Negative,False
DM,binary,CV.Catheter.in.6.Months,binary,0.0406,0.8540704947856487,23,WEAK,Positive,False
DM,binary,Urinary.Catheter.in.6.Months,binary,0.0406,0.8540704947856487,23,WEAK,Positive,False
DM,binary,Fosfomycin,ordinal,0.0406,0.8540704947856487,23,WEAK,Positive,False
ALP,binary,Cefuroxime,ordinal,0.0406,0.8540704947856487,23,WEAK,Positive,False
Female,binary,P.C.Z.A.E,binary,0.0406,0.8540704947856487,23,WEAK,Positive,False
P.C.in.vitro,binary,Immunosuppressive.drugs.in.1.week,binary,0.0406,0.8540704947856488,23,WEAK,Positive,False
Ventilation,binary,Fosfomycin,ordinal,0.0406,0.8540704947856487,23,WEAK,Positive,False
P.C.in.vitro,binary,DM,binary,0.0406,0.8540704947856488,23,WEAK,Positive,False
Female,binary,P.C.in.vitro,binary,0.0406,0.8540704947856487,23,WEAK,Positive,False
Hypothyroidism,binary,Ventilation,binary,0.0406,0.8540704947856488,23,WEAK,Positive,False
Hypothyroidism,binary,Inotropes,binary,-0.0406,0.8540704947856488,23,WEAK,Negative,False
Hypothyroidism,binary,Immunosuppressive.drugs.in.1.week,binary,0.0406,0.8540704947856488,23,WEAK,Positive,False
P.C.in.vitro,binary,Hospitalization.in.past.6.Months,binary,0.0406,0.8540704947856488,23,WEAK,Positive,False
Hospitalization.in.past.6.Months,binary,P.C.Z.A.E,binary,0.0406,0.8540704947856487,23,WEAK,Positive,False
Urinary.Catheter.in.6.Months,binary,Immunosuppressive.drugs.in.1.week,binary,0.0406,0.8540704947856488,23,WEAK,Positive,False
Urinary.Catheter.in.6.Months,binary,Inotropes,binary,-0.0406,0.8540704947856488,23,WEAK,Negative,False
CV.Catheter.in.6.Months,binary,Inotropes,binary,-0.0406,0.8540704947856488,23,WEAK,Negative,False
P.C.in.vitro,binary,Ceftazidime.Avibactam.Aztreonam.T,binary,-0.0406,0.8540704947856488,23,WEAK,Negative,False
Bil,binary,Fosfomycin,ordinal,0.0406,0.8540704947856487,23,WEAK,Positive,False
Urea,continuous,Calcium,binary,-0.0403,0.8550624710227133,23,WEAK,Negative,False
ALP,binary,GW.Stay.in.28.Days,continuous,-0.0403,0.8551058280073506,23,WEAK,Negative,False
Piperacillin.Tazobactam,ordinal,Ceftazidime.Avibactam.Aztreonam.Synergy.T,ordinal,0.0401,0.8558040385749153,23,WEAK,Positive,False
Colistin,ordinal,Cefuroxime,ordinal,0.0398,0.857078044942572,23,WEAK,Positive,False
Hypothyroidism,binary,Colistin,ordinal,-0.0398,0.857078044942572,23,WEAK,Negative,False
HAP.CRO,binary,Colistin,ordinal,-0.0398,0.857078044942572,23,WEAK,Negative,False
Urinary.Catheter.in.6.Months,binary,Colistin,ordinal,-0.0398,0.857078044942572,23,WEAK,Negative,False
CV.Catheter.in.6.Months,binary,Colistin,ordinal,-0.0398,0.857078044942572,23,WEAK,Negative,False
Colistin,ordinal,Doxycycline,ordinal,-0.0397,0.857224296108092,23,WEAK,Negative,False
Colistin,ordinal,Piperacillin.Tazobactam,ordinal,0.0397,0.857224296108092,23,WEAK,Positive,False
Amikacin,ordinal,Piperacillin.Tazobactam,ordinal,-0.0394,0.8584050968704525,23,WEAK,Negative,False
Weight,continuous,Magnesium,binary,0.0394,0.8584311194942539,23,WEAK,Positive,False
Surgery.in.last.3.Months,binary,Clinical.Improvement,ordinal,-0.0394,0.8581879633549073,23,WEAK,Negative,False
Weight,continuous,Past.CREPA.infection,binary,0.0389,0.859997716368563,23,WEAK,Positive,False
Lympho,binary,Ceftazidime.Avibactam.Aztreonam.T,binary,-0.0382,0.8627248023470868,23,WEAK,Negative,False
Female,binary,Lympho,binary,0.0382,0.8627248023470868,23,WEAK,Positive,False
Male,binary,Lympho,binary,-0.0382,0.8627248023470868,23,WEAK,Negative,False
Hospitalization.in.past.6.Months,binary,Lympho,binary,0.0382,0.8627248023470868,23,WEAK,Positive,False
Magnesium,binary,Ceftazidime.Avibactam.Aztreonam.T,binary,0.0382,0.8627248023470868,23,WEAK,Positive,False
Lympho,binary,Bil,binary,0.0382,0.8627248023470868,23,WEAK,Positive,False
Hospitalization.in.past.6.Months,binary,Magnesium,binary,-0.0382,0.8627248023470868,23,WEAK,Negative,False
Past.CREPA.infection,binary,Nitrofurantoin,ordinal,0.038,0.8634631680161353,23,WEAK,Positive,False
Urea,continuous,Colistin,ordinal,0.038,0.8632401655706975,23,WEAK,Positive,False
Solid.Organ,binary,Globulin,binary,0.0374,0.8653802297583668,23,WEAK,Positive,False
Surgery.in.last.3.Months,binary,Solid.Organ,binary,-0.0374,0.8653802297583668,23,WEAK,Negative,False
Solid.Organ,binary,Sodium,binary,0.0374,0.8653802297583668,23,WEAK,Positive,False
NDM,binary,SGPT,binary,-0.0374,0.8653802297583668,23,WEAK,Negative,False
TLC,binary,SGPT,binary,-0.0374,0.8653802297583668,23,WEAK,Negative,False
UTI.CRO,binary,Total.Protein,binary,-0.0374,0.8653802297583668,23,WEAK,Negative,False
UTI.CRO,binary,Overall.organ.support,binary,-0.0374,0.8653802297583668,23,WEAK,Negative,False
UTI.CRO,binary,Surgery.in.last.3.Months,binary,0.0374,0.8653802297583668,23,WEAK,Positive,False
Solid.Organ,binary,Total.Protein,binary,0.0374,0.8653802297583668,23,WEAK,Positive,False
TLC,binary,Total.Protein,binary,0.0374,0.8653802297583668,23,WEAK,Positive,False
NDM,binary,Z.A.invitro,binary,0.0374,0.8653802297583668,23,WEAK,Positive,False
NDM,binary,Sodium,binary,0.0374,0.8653802297583668,23,WEAK,Positive,False
TLC,binary,Globulin,binary,0.0374,0.8653802297583668,23,WEAK,Positive,False
ALP,binary,Mortality.in.ICU,binary,0.037,0.8669636481910327,23,WEAK,Positive,False
Bil,binary,Potassium,binary,-0.037,0.8669636481910327,23,WEAK,Negative,False
Ceftazidime.Avibactam,binary,Ceftazidime.Avibactam.Aztreonam.T,binary,0.037,0.8669636481910327,23,WEAK,Positive,False
Male,binary,Z.A.only.T,binary,0.037,0.8669636481910327,23,WEAK,Positive,False
Male,binary,Mortality.in.ICU,binary,0.037,0.8669636481910327,23,WEAK,Positive,False
Immunosuppressive.drugs.in.1.week,binary,P.C.Z.A.T,binary,-0.037,0.8669636481910327,23,WEAK,Negative,False
DM,binary,Potassium,binary,-0.037,0.8669636481910327,23,WEAK,Negative,False
Ventilation,binary,Z.A.only.T,binary,-0.037,0.8669636481910327,23,WEAK,Negative,False
Bil,binary,Ceftazidime.Avibactam,binary,-0.037,0.8669636481910327,23,WEAK,Negative,False
DM,binary,Ceftazidime.Avibactam,binary,-0.037,0.8669636481910327,23,WEAK,Negative,False
Bil,binary,Mortality.in.ICU,binary,-0.037,0.8669636481910327,23,WEAK,Negative,False
Ceftazidime.Avibactam.Aztreonam.T,binary,Mortality.in.ICU,binary,0.037,0.8669636481910327,23,WEAK,Positive,False
ALP,binary,Potassium,binary,0.037,0.8669636481910327,23,WEAK,Positive,False
Immunosuppressive.drugs.in.1.week,binary,Potassium,binary,-0.037,0.8669636481910327,23,WEAK,Negative,False
Immunosuppressive.drugs.in.1.week,binary,Z.A.only.T,binary,-0.037,0.8669636481910327,23,WEAK,Negative,False
Bil,binary,Z.A.only.T,binary,-0.037,0.8669636481910327,23,WEAK,Negative,False
Hospitalization.in.past.6.Months,binary,Mortality.in.ICU,binary,-0.037,0.8669636481910327,23,WEAK,Negative,False
Female,binary,Mortality.in.ICU,binary,-0.037,0.8669636481910327,23,WEAK,Negative,False
BSI.CRO,binary,ALP,binary,0.037,0.8669636481910327,23,WEAK,Positive,False
Female,binary,Z.A.only.T,binary,-0.037,0.8669636481910327,23,WEAK,Negative,False
Ventilation,binary,P.C.Z.A.T,binary,-0.037,0.8669636481910327,23,WEAK,Negative,False
DM,binary,P.C.Z.A.T,binary,-0.037,0.8669636481910327,23,WEAK,Negative,False
ALP,binary,P.C.Z.A.T,binary,0.037,0.8669636481910327,23,WEAK,Positive,False
BSI.CRO,binary,Inotropes,binary,0.037,0.8669636481910327,23,WEAK,Positive,False
Ceftazidime.Avibactam.Aztreonam.T,binary,Clinical.Improvement,ordinal,-0.0366,0.868281782417857,23,WEAK,Negative,False
Age,continuous,Ceftazidime.Avibactam.Aztreonam.Synergy.T,ordinal,-0.0365,0.8687371644958748,23,WEAK,Negative,False
BSI.CRO,binary,Albumin,binary,-0.0363,0.8694828953919481,23,WEAK,Negative,False
BSI.CRO,binary,Any.Fungal.Infection,binary,0.0363,0.8694828953919481,23,WEAK,Positive,False
BSI.CRO,binary,P.C.only.T,binary,0.0363,0.8694828953919481,23,WEAK,Positive,False
P.C.only.E,binary,Ceftazidime.Avibactam,binary,0.0363,0.8694828953919481,23,WEAK,Positive,False
Potassium,binary,Neither.Abx.T,binary,0.0363,0.8694828953919481,23,WEAK,Positive,False
Potassium,binary,Neither.Abx.E,binary,0.0363,0.8694828953919481,23,WEAK,Positive,False
Albumin,binary,P.C.Z.A.T,binary,-0.0363,0.8694828953919481,23,WEAK,Negative,False
Albumin,binary,Z.A.only.T,binary,-0.0363,0.8694828953919481,23,WEAK,Negative,False
P.C.only.T,binary,Ceftazidime.Avibactam,binary,0.0363,0.8694828953919481,23,WEAK,Positive,False
Hemat.Malignancy,binary,Z.A.only.T,binary,0.0363,0.8694828953919481,23,WEAK,Positive,False
Hemat.Malignancy,binary,Ceftazidime.Avibactam,binary,0.0363,0.8694828953919481,23,WEAK,Positive,False
Hemat.Malignancy,binary,Potassium,binary,0.0363,0.8694828953919481,23,WEAK,Positive,False
P.C.only.E,binary,Z.A.only.T,binary,0.0363,0.8694828953919481,23,WEAK,Positive,False
Any.Fungal.Infection,binary,Ceftazidime.Avibactam,binary,0.0363,0.8694828953919481,23,WEAK,Positive,False
Total.Protein,binary,GW.Stay.in.28.Days,continuous,-0.0362,0.8697839577909303,23,WEAK,Negative,False
Total.Protein,binary,Urea,continuous,-0.0356,0.8717481616797897,23,WEAK,Negative,False
Urea,continuous,Overall.Mortality,binary,-0.0356,0.8717481616797897,23,WEAK,Negative,False
SOFA,continuous,P.C.Z.A.E,binary,0.0352,0.8732568443294569,23,WEAK,Positive,False
HAP.CRO,binary,Total.Hospital.stay.in.28.days,continuous,-0.035,0.8741026677063869,23,WEAK,Negative,False
Height,continuous,CV.Catheter.in.6.Months,binary,-0.0349,0.8743192051431246,23,WEAK,Negative,False
Height,continuous,Urinary.Catheter.in.6.Months,binary,-0.0349,0.8743192051431246,23,WEAK,Negative,False
Urea,continuous,P.C.only.E,binary,-0.0346,0.8754181272050299,23,WEAK,Negative,False
Weight,continuous,Neither.Abx.T,binary,0.0346,0.8754792592512922,23,WEAK,Positive,False
Weight,continuous,Neither.Abx.E,binary,0.0346,0.8754792592512922,23,WEAK,Positive,False
Albumin,binary,Nitrofurantoin,ordinal,0.0337,0.8785675234267896,23,WEAK,Positive,False
Neither.Abx.T,binary,Nitrofurantoin,ordinal,-0.0337,0.8785675234267896,23,WEAK,Negative,False
Any.Fungal.Infection,binary,Nitrofurantoin,ordinal,0.0337,0.8785675234267896,23,WEAK,Positive,False
Neither.Abx.E,binary,Nitrofurantoin,ordinal,-0.0337,0.8785675234267896,23,WEAK,Negative,False
DM,binary,ICU.Stay.in.28.Days,continuous,-0.0332,0.8803613701082694,23,WEAK,Negative,False
Inotropes,binary,Urea,continuous,-0.0331,0.8808916402450246,23,WEAK,Negative,False
Weight,continuous,Bil,binary,0.0331,0.8809501249172749,23,WEAK,Positive,False
Weight,continuous,Hospitalization.in.past.6.Months,binary,0.0331,0.8809501249172749,23,WEAK,Positive,False
Platelet,binary,ICU.Stay.in.28.Days,continuous,-0.033,0.8812649062679185,23,WEAK,Negative,False
APACHEII,continuous,SGOT,binary,-0.0328,0.8817912272309385,23,WEAK,Negative,False
COPD,binary,SOFA,continuous,0.0324,0.8831834395421155,23,WEAK,Positive,False
ICU.Stay.in.28.Days,continuous,Mortality.in.Hospital,binary,-0.0323,0.8836478506434294,23,WEAK,Negative,False
Age,continuous,Amoxicillin.Clavulanic.Acid,ordinal,-0.0322,0.8840782433424124,23,WEAK,Negative,False
Meropenem,ordinal,Total.Hospital.stay.in.28.days,continuous,-0.0322,0.8839639391376337,23,WEAK,Negative,False
APACHEII,continuous,Amoxicillin.Clavulanic.Acid,ordinal,-0.0322,0.8841637501679298,23,WEAK,Negative,False
Age,continuous,Other.CRO,binary,0.0322,0.8840782433424124,23,WEAK,Positive,False
Other.CRO,binary,APACHEII,continuous,0.0322,0.8841637501679298,23,WEAK,Positive,False
Platelet,binary,Gentamicin,ordinal,-0.0318,0.885534110608097,23,WEAK,Negative,False
Lympho,binary,Polymyxin.Colistin.Inclusion.T,binary,-0.0318,0.885534110608097,23,WEAK,Negative,False
Lympho,binary,Ceftazidime.Avibactam.T,binary,-0.0318,0.885534110608097,23,WEAK,Negative,False
HTN,binary,Magnesium,binary,-0.0318,0.8855341106080971,23,WEAK,Negative,False
Magnesium,binary,Ceftazidime.Avibactam.T,binary,0.0318,0.885534110608097,23,WEAK,Positive,False
Magnesium,binary,Polymyxin.Colistin.Inclusion.T,binary,0.0318,0.885534110608097,23,WEAK,Positive,False
Magnesium,binary,Gentamicin,ordinal,0.0318,0.885534110608097,23,WEAK,Positive,False
Age,continuous,Potassium,binary,-0.0318,0.8853651576710845,23,WEAK,Negative,False
Any.Viral.Infection,binary,SGOT,binary,0.0318,0.8855341106080971,23,WEAK,Positive,False
SOFA,continuous,Tigecycline,ordinal,0.031,0.8883126022906188,23,WEAK,Positive,False
Nitrofurantoin,ordinal,Ceftazidime.Avibactam,binary,-0.031,0.8883488267409861,23,WEAK,Negative,False
Calcium,binary,Amikacin,ordinal,0.0308,0.8890718290114787,23,WEAK,Positive,False
DM,binary,Amikacin,ordinal,-0.0303,0.8907816773098335,23,WEAK,Negative,False
Ventilation,binary,Amikacin,ordinal,-0.0303,0.8907816773098335,23,WEAK,Negative,False
Age,continuous,Clinical.Improvement,ordinal,-0.0301,0.8914091323073879,23,WEAK,Negative,False
Ceftazidime.Avibactam.Aztreonam.Synergy.T,ordinal,ICU.Stay.in.28.Days,continuous,0.0301,0.8914119142390966,23,WEAK,Positive,False
TLC,binary,Urea,continuous,-0.0299,0.8923582705834036,23,WEAK,Negative,False
Tigecycline,ordinal,Ceftazidime.Avibactam.Aztreonam.Synergy.T,ordinal,-0.0297,0.8928165294507623,23,WEAK,Negative,False
APACHEII,continuous,Procalcitonin,binary,0.0292,0.8947262713599473,23,WEAK,Positive,False
Gentamicin,ordinal,ICU.Stay.in.28.Days,continuous,0.0277,0.9002742555867105,23,WEAK,Positive,False
Neutropenia,binary,Colistin,ordinal,-0.0275,0.9010044104701926,23,WEAK,Negative,False
Amoxicillin.Clavulanic.Acid,ordinal,Colistin,ordinal,0.0275,0.9010044104701926,23,WEAK,Positive,False
Colistin,ordinal,Ertapenem,ordinal,0.0275,0.9010044104701926,23,WEAK,Positive,False
Colistin,ordinal,Ceftazidime,ordinal,0.0275,0.9010044104701926,23,WEAK,Positive,False
Colistin,ordinal,Mortality.post.28.Day.Discharge,binary,-0.0275,0.9010044104701926,23,WEAK,Negative,False
Colistin,ordinal,Cefotaxime,ordinal,0.0275,0.9010044104701926,23,WEAK,Positive,False
Colistin,ordinal,Mortality.in.Hospital,binary,-0.0275,0.9010044104701926,23,WEAK,Negative,False
COPD,binary,Colistin,ordinal,-0.0275,0.9010044104701926,23,WEAK,Negative,False
Colistin,ordinal,Meropenem,ordinal,0.0275,0.9010044104701926,23,WEAK,Positive,False
Colistin,ordinal,Cefoperazone.Sulbactam,ordinal,0.0275,0.9010044104701926,23,WEAK,Positive,False
Z.A.only.E,binary,Colistin,ordinal,-0.0275,0.9010044104701926,23,WEAK,Negative,False
Other.CRO,binary,Colistin,ordinal,-0.0275,0.9010044104701926,23,WEAK,Negative,False
Colistin,ordinal,Other.Illness.Leading.to.Hospitalization.post.28.Days.Discharge,binary,-0.0275,0.9010044104701926,23,WEAK,Negative,False
Endoscopy.in.1.week,binary,Colistin,ordinal,-0.0275,0.9010044104701926,23,WEAK,Negative,False
Colistin,ordinal,Relapse.post.28.Day.Discharge,binary,-0.0275,0.9010044104701926,23,WEAK,Negative,False
Male,binary,Piperacillin.Tazobactam,ordinal,0.027,0.9025321658749886,23,WEAK,Positive,False
Inotropes,binary,Piperacillin.Tazobactam,ordinal,0.027,0.9025321658749886,23,WEAK,Positive,False
Female,binary,Doxycycline,ordinal,0.027,0.9025321658749886,23,WEAK,Positive,False
Male,binary,Doxycycline,ordinal,-0.027,0.9025321658749886,23,WEAK,Negative,False
Inotropes,binary,Doxycycline,ordinal,-0.027,0.9025321658749886,23,WEAK,Negative,False
Bil,binary,Piperacillin.Tazobactam,ordinal,-0.027,0.9025321658749886,23,WEAK,Negative,False
Bil,binary,Doxycycline,ordinal,0.027,0.9025321658749886,23,WEAK,Positive,False
Female,binary,Piperacillin.Tazobactam,ordinal,-0.027,0.9025321658749886,23,WEAK,Negative,False
Male,binary,GW.Stay.in.28.Days,continuous,-0.0269,0.9031280034912198,23,WEAK,Negative,False
Height,continuous,Creatinine,binary,0.0269,0.903098849531832,23,WEAK,Positive,False
Female,binary,GW.Stay.in.28.Days,continuous,0.0269,0.9031280034912198,23,WEAK,Positive,False
Overall.organ.support,binary,Globulin,binary,-0.0268,0.9034396828677634,23,WEAK,Negative,False
Z.A.invitro,binary,Total.Protein,binary,-0.0268,0.9034396828677634,23,WEAK,Negative,False
ANC,binary,Globulin,binary,-0.0268,0.9034396828677634,23,WEAK,Negative,False
Total.Protein,binary,Overall.Mortality,binary,0.0268,0.9034396828677634,23,WEAK,Positive,False
Total.Protein,binary,Sodium,binary,-0.0268,0.9034396828677634,23,WEAK,Negative,False
ANC,binary,SGPT,binary,0.0268,0.9034396828677634,23,WEAK,Positive,False
Z.A.invitro,binary,Sodium,binary,-0.0268,0.9034396828677634,23,WEAK,Negative,False
Z.A.invitro,binary,Globulin,binary,-0.0268,0.9034396828677634,23,WEAK,Negative,False
Surgery.in.last.3.Months,binary,Sodium,binary,0.0268,0.9034396828677634,23,WEAK,Positive,False
Hospitalization.in.past.6.Months,binary,SOFA,continuous,-0.0267,0.9037854331851153,23,WEAK,Negative,False
ALP,binary,Total.Hospital.stay.in.28.days,continuous,-0.0265,0.9044296570476867,23,WEAK,Negative,False
APACHEII,continuous,Ceftazidime.Avibactam.Aztreonam.T,binary,0.0265,0.9045945764586557,23,WEAK,Positive,False
Height,continuous,Hospitalization.in.past.6.Months,binary,-0.0265,0.9045945764586557,23,WEAK,Negative,False
Height,continuous,Platelet,binary,0.0263,0.9053169262949196,23,WEAK,Positive,False
Albumin,binary,Total.Hospital.stay.in.28.days,continuous,-0.026,0.9062468646060661,23,WEAK,Negative,False
UTI.CRO,binary,Magnesium,binary,-0.0259,0.9067825996615458,23,WEAK,Negative,False
NDM,binary,Magnesium,binary,0.0259,0.9067825996615458,23,WEAK,Positive,False
TLC,binary,Magnesium,binary,0.0259,0.9067825996615458,23,WEAK,Positive,False
TLC,binary,Platelet,binary,-0.0259,0.9067825996615458,23,WEAK,Negative,False
TLC,binary,Lympho,binary,-0.0259,0.9067825996615458,23,WEAK,Negative,False
Solid.Organ,binary,Lympho,binary,-0.0259,0.9067825996615458,23,WEAK,Negative,False
Solid.Organ,binary,Platelet,binary,-0.0259,0.9067825996615458,23,WEAK,Negative,False
TLC,binary,SGOT,binary,-0.0259,0.9067825996615458,23,WEAK,Negative,False
NDM,binary,Lympho,binary,-0.0259,0.9067825996615458,23,WEAK,Negative,False
UTI.CRO,binary,SGOT,binary,0.0259,0.9067825996615458,23,WEAK,Positive,False
UTI.CRO,binary,Lympho,binary,0.0259,0.9067825996615458,23,WEAK,Positive,False
ALP,binary,Nitrofurantoin,ordinal,-0.0258,0.9070137413391914,23,WEAK,Negative,False
Magnesium,binary,Nitrofurantoin,ordinal,-0.0256,0.9077179302906169,23,WEAK,Negative,False
Lympho,binary,Nitrofurantoin,ordinal,0.0256,0.9077179302906169,23,WEAK,Positive,False
Weight,continuous,Amikacin,ordinal,0.0249,0.9101078539752028,23,WEAK,Positive,False
SGPT,binary,Ceftriaxone,ordinal,0.0244,0.912014986560458,23,WEAK,Positive,False
IAI.CRO,binary,Gentamicin,ordinal,0.0244,0.912014986560458,23,WEAK,Positive,False
Total.Protein,binary,Procalcitonin,binary,-0.0244,0.912014986560458,23,WEAK,Negative,False
ANC,binary,Ceftriaxone,ordinal,-0.0244,0.912014986560458,23,WEAK,Negative,False
Sodium,binary,Procalcitonin,binary,-0.0244,0.912014986560458,23,WEAK,Negative,False
IAI.CRO,binary,Any.Viral.Infection,binary,-0.0244,0.912014986560458,23,WEAK,Negative,False
Globulin,binary,Ceftriaxone,ordinal,-0.0244,0.912014986560458,23,WEAK,Negative,False
ANC,binary,Procalcitonin,binary,-0.0244,0.912014986560458,23,WEAK,Negative,False
Creatinine,binary,Ceftazidime.Avibactam.T,binary,-0.0244,0.912014986560458,23,WEAK,Negative,False
OXA48,binary,Polymyxin.Colistin.Inclusion.T,binary,-0.0244,0.912014986560458,23,WEAK,Negative,False
OXA48,binary,Any.Viral.Infection,binary,0.0244,0.912014986560458,23,WEAK,Positive,False
Overall.organ.support,binary,Ceftriaxone,ordinal,-0.0244,0.912014986560458,23,WEAK,Negative,False
Hb,binary,Sodium,binary,0.0244,0.912014986560458,23,WEAK,Positive,False
Hb,binary,Total.Protein,binary,0.0244,0.912014986560458,23,WEAK,Positive,False
Z.A.invitro,binary,Ceftriaxone,ordinal,-0.0244,0.912014986560458,23,WEAK,Negative,False
Past.CREPA.infection,binary,Sodium,binary,-0.0244,0.912014986560458,23,WEAK,Negative,False
Surgery.in.last.3.Months,binary,Procalcitonin,binary,0.0244,0.912014986560458,23,WEAK,Positive,False
Past.CREPA.infection,binary,Globulin,binary,-0.0244,0.912014986560458,23,WEAK,Negative,False
Calcium,binary,Polymyxin.Colistin.Inclusion.T,binary,-0.0244,0.912014986560458,23,WEAK,Negative,False
Past.CREPA.infection,binary,Total.Protein,binary,-0.0244,0.912014986560458,23,WEAK,Negative,False
Overall.organ.support,binary,Ceftazidime.Avibactam.Aztreonam.Synergy.T,ordinal,0.0242,0.9125880509165784,23,WEAK,Positive,False
Globulin,binary,Ceftazidime.Avibactam.Aztreonam.Synergy.T,ordinal,0.0242,0.9125880509165784,23,WEAK,Positive,False
ANC,binary,Ceftazidime.Avibactam.Aztreonam.Synergy.T,ordinal,0.0242,0.9125880509165784,23,WEAK,Positive,False
BSI.CRO,binary,Total.Hospital.stay.in.28.days,continuous,0.0239,0.9138181475657882,23,WEAK,Positive,False
Age,continuous,SOFA,continuous,-0.0237,0.9144456384618758,23,WEAK,Negative,False
Hypothyroidism,binary,GW.Stay.in.28.Days,continuous,0.0236,0.9147411159993953,23,WEAK,Positive,False
HTN,binary,Trimethoprim.Sulfamethoxazole,ordinal,0.0235,0.9151712947478374,23,WEAK,Positive,False
Cefuroxime,ordinal,ICU.Stay.in.28.Days,continuous,0.0234,0.915658040853356,23,WEAK,Positive,False
OXA48,binary,Trimethoprim.Sulfamethoxazole,ordinal,-0.023,0.9172087621051965,23,WEAK,Negative,False
Age,continuous,Solid.Organ,binary,-0.0224,0.919109073846355,23,WEAK,Negative,False
NDM,binary,Urea,continuous,-0.0224,0.9191689430734103,23,WEAK,Negative,False
Age,continuous,Weight,continuous,-0.0223,0.9196559665478758,23,WEAK,Negative,False
BSI.CRO,binary,Ceftazidime.Avibactam,binary,-0.0222,0.9198340115244715,23,WEAK,Negative,False
Z.A.only.T,binary,Ceftazidime.Avibactam,binary,-0.0222,0.9198340115244715,23,WEAK,Negative,False
Potassium,binary,Z.A.only.T,binary,-0.0222,0.9198340115244715,23,WEAK,Negative,False
Potassium,binary,P.C.Z.A.T,binary,-0.0222,0.9198340115244715,23,WEAK,Negative,False
Z.A.only.T,binary,Mortality.in.ICU,binary,-0.0222,0.9198340115244715,23,WEAK,Negative,False
Potassium,binary,Ceftazidime.Avibactam,binary,-0.0222,0.9198340115244715,23,WEAK,Negative,False
Ceftazidime.Avibactam,binary,Mortality.in.ICU,binary,-0.0222,0.9198340115244715,23,WEAK,Negative,False
P.C.Z.A.T,binary,Ceftazidime.Avibactam,binary,-0.0222,0.9198340115244715,23,WEAK,Negative,False
BSI.CRO,binary,Z.A.only.T,binary,-0.0222,0.9198340115244715,23,WEAK,Negative,False
BSI.CRO,binary,Mortality.in.ICU,binary,-0.0222,0.9198340115244715,23,WEAK,Negative,False
Trimethoprim.Sulfamethoxazole,ordinal,ICU.Stay.in.28.Days,continuous,0.0216,0.9219144600498012,23,WEAK,Positive,False
ANC,binary,ICU.Stay.in.28.Days,continuous,-0.0215,0.9225060207215098,23,WEAK,Negative,False
Bil,binary,Minocycline,ordinal,-0.0214,0.9227807842642243,23,WEAK,Negative,False
Male,binary,Minocycline,ordinal,0.0214,0.9227807842642243,23,WEAK,Positive,False
Female,binary,Minocycline,ordinal,-0.0214,0.9227807842642243,23,WEAK,Negative,False
Nitrofurantoin,ordinal,ICU.Stay.in.28.Days,continuous,-0.0213,0.9231075860038982,23,WEAK,Negative,False
Polymyxin.Colistin.Inclusion.T,binary,GW.Stay.in.28.Days,continuous,0.021,0.924311818374687,23,WEAK,Positive,False
Urea,continuous,ICU.Stay.in.28.Days,continuous,0.0209,0.9246803825993806,23,WEAK,Positive,False
DM,binary,Tigecycline,ordinal,0.0201,0.9276406574610695,23,WEAK,Positive,False
Tigecycline,ordinal,Ceftazidime.Avibactam.Aztreonam.T,binary,-0.0201,0.9276406574610695,23,WEAK,Negative,False
Immunosuppressive.drugs.in.1.week,binary,Tigecycline,ordinal,0.0201,0.9276406574610695,23,WEAK,Positive,False
Hospitalization.in.past.6.Months,binary,Tigecycline,ordinal,0.0201,0.9276406574610695,23,WEAK,Positive,False
Bil,binary,Tigecycline,ordinal,0.0201,0.9276406574610695,23,WEAK,Positive,False
Ventilation,binary,Tigecycline,ordinal,0.0201,0.9276406574610695,23,WEAK,Positive,False
Lympho,binary,P.C.only.T,binary,0.02,0.9279440947274477,23,WEAK,Positive,False
Any.Fungal.Infection,binary,SGOT,binary,0.02,0.9279440947274477,23,WEAK,Positive,False
Platelet,binary,P.C.only.T,binary,0.02,0.9279440947274477,23,WEAK,Positive,False
Lympho,binary,Neither.Abx.T,binary,0.02,0.9279440947274477,23,WEAK,Positive,False
SGOT,binary,P.C.only.E,binary,0.02,0.9279440947274477,23,WEAK,Positive,False
Hemat.Malignancy,binary,SGOT,binary,0.02,0.9279440947274477,23,WEAK,Positive,False
Hemat.Malignancy,binary,Lympho,binary,0.02,0.9279440947274477,23,WEAK,Positive,False
Lympho,binary,Neither.Abx.E,binary,0.02,0.9279440947274477,23,WEAK,Positive,False
Any.Fungal.Infection,binary,Platelet,binary,0.02,0.9279440947274477,23,WEAK,Positive,False
Magnesium,binary,Neither.Abx.T,binary,-0.02,0.9279440947274477,23,WEAK,Negative,False
Any.Fungal.Infection,binary,Lympho,binary,0.02,0.9279440947274477,23,WEAK,Positive,False
Magnesium,binary,Neither.Abx.E,binary,-0.02,0.9279440947274477,23,WEAK,Negative,False
SGOT,binary,Tigecycline,ordinal,0.0199,0.9281895422805552,23,WEAK,Positive,False
Lympho,binary,Tigecycline,ordinal,0.0199,0.9281895422805552,23,WEAK,Positive,False
Age,continuous,ALP,binary,0.0199,0.9283234602066004,23,WEAK,Positive,False
P.C.only.T,binary,Amikacin,ordinal,-0.0198,0.9284593417575404,23,WEAK,Negative,False
Height,continuous,ALP,binary,-0.0198,0.9283765460545473,23,WEAK,Negative,False
Amikacin,ordinal,Ceftazidime.Avibactam,binary,-0.0182,0.9342459519265686,23,WEAK,Negative,False
UTI.CRO,binary,Gentamicin,ordinal,0.0181,0.934751357501618,23,WEAK,Positive,False
NDM,binary,Gentamicin,ordinal,-0.0181,0.934751357501618,23,WEAK,Negative,False
UTI.CRO,binary,Any.Viral.Infection,binary,-0.0181,0.934751357501618,23,WEAK,Negative,False
HTN,binary,TLC,binary,0.0181,0.934751357501618,23,WEAK,Positive,False
Solid.Organ,binary,Gentamicin,ordinal,-0.0181,0.934751357501618,23,WEAK,Negative,False
SOFA,continuous,P.C.only.T,binary,0.0175,0.937000678410616,23,WEAK,Positive,False
SOFA,continuous,Total.Hospital.stay.in.28.days,continuous,-0.0167,0.9395478074028555,23,WEAK,Negative,False
Total.Protein,binary,Amikacin,ordinal,-0.0163,0.941044497728882,23,WEAK,Negative,False
ANC,binary,Amikacin,ordinal,-0.0163,0.941044497728882,23,WEAK,Negative,False
APACHEII,continuous,Ceftazidime,ordinal,0.0161,0.9419395647042154,23,WEAK,Positive,False
APACHEII,continuous,Meropenem,ordinal,0.0161,0.9419395647042154,23,WEAK,Positive,False
APACHEII,continuous,Cefoperazone.Sulbactam,ordinal,0.0161,0.9419395647042154,23,WEAK,Positive,False
Neutropenia,binary,APACHEII,continuous,-0.0161,0.9419395647042154,23,WEAK,Negative,False
APACHEII,continuous,Cefotaxime,ordinal,0.0161,0.9419395647042154,23,WEAK,Positive,False
Height,continuous,Ceftazidime.Avibactam,binary,0.0159,0.9425872605619815,23,WEAK,Positive,False
ALP,binary,Creatinine,binary,0.0156,0.9435818591013388,23,WEAK,Positive,False
DM,binary,Creatinine,binary,-0.0156,0.9435818591013388,23,WEAK,Negative,False
DM,binary,IAI.CRO,binary,0.0156,0.9435818591013388,23,WEAK,Positive,False
Creatinine,binary,Ceftazidime.Avibactam.Aztreonam.T,binary,0.0156,0.9435818591013388,23,WEAK,Positive,False
Bil,binary,Creatinine,binary,-0.0156,0.9435818591013388,23,WEAK,Negative,False
OXA48,binary,Inotropes,binary,0.0156,0.9435818591013388,23,WEAK,Positive,False
IAI.CRO,binary,Inotropes,binary,-0.0156,0.9435818591013388,23,WEAK,Negative,False
OXA48,binary,Hospitalization.in.past.6.Months,binary,-0.0156,0.9435818591013388,23,WEAK,Negative,False
OXA48,binary,Bil,binary,-0.0156,0.9435818591013388,23,WEAK,Negative,False
DM,binary,Calcium,binary,-0.0156,0.9435818591013388,23,WEAK,Negative,False
ALP,binary,Calcium,binary,0.0156,0.9435818591013388,23,WEAK,Positive,False
Male,binary,OXA48,binary,0.0156,0.9435818591013388,23,WEAK,Positive,False
Female,binary,Calcium,binary,-0.0156,0.9435818591013388,23,WEAK,Negative,False
Male,binary,Calcium,binary,0.0156,0.9435818591013388,23,WEAK,Positive,False
Inotropes,binary,Creatinine,binary,0.0156,0.9435818591013388,23,WEAK,Positive,False
Female,binary,OXA48,binary,-0.0156,0.9435818591013388,23,WEAK,Negative,False
Inotropes,binary,Ceftazidime.Avibactam.Aztreonam.Synergy.T,ordinal,-0.015,0.9458479296995674,23,WEAK,Negative,False
NDM,binary,Total.Hospital.stay.in.28.days,continuous,-0.015,0.9459715267460593,23,WEAK,Negative,False
Male,binary,Ceftazidime.Avibactam.Aztreonam.Synergy.T,ordinal,-0.015,0.9458479296995674,23,WEAK,Negative,False
Female,binary,Ceftazidime.Avibactam.Aztreonam.Synergy.T,ordinal,0.015,0.9458479296995674,23,WEAK,Positive,False
Platelet,binary,Ceftazidime.Avibactam.Aztreonam.Synergy.T,ordinal,0.0149,0.9462591587179362,23,WEAK,Positive,False
Height,continuous,ANC,binary,-0.0143,0.9485258952838231,23,WEAK,Negative,False
Gentamicin,ordinal,Total.Hospital.stay.in.28.days,continuous,0.0138,0.9501829125812881,23,WEAK,Positive,False
Age,continuous,Ceftazidime.Avibactam.T,binary,-0.0138,0.950232250369001,23,WEAK,Negative,False
CV.Catheter.in.6.Months,binary,SGOT,binary,0.0134,0.9515022205974764,23,WEAK,Positive,False
Hypothyroidism,binary,Platelet,binary,0.0134,0.9515022205974764,23,WEAK,Positive,False
P.C.in.vitro,binary,Lympho,binary,0.0134,0.9515022205974764,23,WEAK,Positive,False
CV.Catheter.in.6.Months,binary,Magnesium,binary,-0.0134,0.9515022205974764,23,WEAK,Negative,False
Platelet,binary,Fosfomycin,ordinal,0.0134,0.9515022205974764,23,WEAK,Positive,False
P.C.in.vitro,binary,SGOT,binary,0.0134,0.9515022205974764,23,WEAK,Positive,False
Platelet,binary,Cefuroxime,ordinal,-0.0134,0.9515022205974764,23,WEAK,Negative,False
SGOT,binary,P.C.Z.A.E,binary,0.0134,0.9515022205974764,23,WEAK,Positive,False
Magnesium,binary,P.C.Z.A.E,binary,-0.0134,0.9515022205974764,23,WEAK,Negative,False
Urinary.Catheter.in.6.Months,binary,Lympho,binary,0.0134,0.9515022205974764,23,WEAK,Positive,False
CV.Catheter.in.6.Months,binary,Lympho,binary,0.0134,0.9515022205974764,23,WEAK,Positive,False
CV.Catheter.in.6.Months,binary,Platelet,binary,0.0134,0.9515022205974764,23,WEAK,Positive,False
Urinary.Catheter.in.6.Months,binary,SGOT,binary,0.0134,0.9515022205974764,23,WEAK,Positive,False
Urinary.Catheter.in.6.Months,binary,Magnesium,binary,-0.0134,0.9515022205974764,23,WEAK,Negative,False
Urinary.Catheter.in.6.Months,binary,Platelet,binary,0.0134,0.9515022205974764,23,WEAK,Positive,False
Magnesium,binary,Cefuroxime,ordinal,0.0134,0.9515022205974764,23,WEAK,Positive,False
Hypothyroidism,binary,Lympho,binary,0.0134,0.9515022205974764,23,WEAK,Positive,False
P.C.in.vitro,binary,Magnesium,binary,-0.0134,0.9515022205974764,23,WEAK,Negative,False
SGOT,binary,Fosfomycin,ordinal,0.0134,0.9515022205974764,23,WEAK,Positive,False
SGOT,binary,Cefuroxime,ordinal,-0.0134,0.9515022205974764,23,WEAK,Negative,False
Lympho,binary,P.C.Z.A.E,binary,0.0134,0.9515022205974764,23,WEAK,Positive,False
Platelet,binary,P.C.Z.A.E,binary,0.0134,0.9515022205974764,23,WEAK,Positive,False
Hypothyroidism,binary,Magnesium,binary,-0.0134,0.9515022205974764,23,WEAK,Negative,False
Hypothyroidism,binary,SGOT,binary,0.0134,0.9515022205974764,23,WEAK,Positive,False
SOFA,continuous,SGOT,binary,0.0132,0.9521773822394222,23,WEAK,Positive,False
APACHEII,continuous,ALP,binary,0.0132,0.9522179453344852,23,WEAK,Positive,False
Age,continuous,Ceftazidime.Avibactam.Aztreonam.T,binary,0.0132,0.9521824810352146,23,WEAK,Positive,False
APACHEII,continuous,Urea,continuous,0.0124,0.9553270359741246,23,WEAK,Positive,False
Surgery.in.last.3.Months,binary,Trimethoprim.Sulfamethoxazole,ordinal,-0.0122,0.9560406725742042,23,WEAK,Negative,False
Sodium,binary,Trimethoprim.Sulfamethoxazole,ordinal,0.0122,0.9560406725742042,23,WEAK,Positive,False
Past.CREPA.infection,binary,Any.Viral.Infection,binary,-0.0118,0.957437781843122,23,WEAK,Negative,False
Procalcitonin,binary,Gentamicin,ordinal,0.0118,0.957437781843122,23,WEAK,Positive,False
Any.Viral.Infection,binary,Ceftriaxone,ordinal,-0.0118,0.957437781843122,23,WEAK,Negative,False
Any.Viral.Infection,binary,Hb,binary,0.0118,0.957437781843122,23,WEAK,Positive,False
Ceftriaxone,ordinal,Polymyxin.Colistin.Inclusion.T,binary,0.0118,0.957437781843122,23,WEAK,Positive,False
HAP.CRO,binary,GW.Stay.in.28.Days,continuous,-0.0118,0.9573139835442411,23,WEAK,Negative,False
HTN,binary,Past.CREPA.infection,binary,-0.0118,0.957437781843122,23,WEAK,Negative,False
Ceftriaxone,ordinal,Ceftazidime.Avibactam.T,binary,0.0118,0.957437781843122,23,WEAK,Positive,False
HTN,binary,Ceftriaxone,ordinal,-0.0118,0.957437781843122,23,WEAK,Negative,False
Hb,binary,Ceftazidime.Avibactam.T,binary,-0.0118,0.957437781843122,23,WEAK,Negative,False
Solid.Organ,binary,Albumin,binary,-0.0114,0.9589798525300488,23,WEAK,Negative,False
NDM,binary,P.C.only.E,binary,0.0114,0.9589798525300488,23,WEAK,Positive,False
Solid.Organ,binary,P.C.only.E,binary,0.0114,0.9589798525300488,23,WEAK,Positive,False
NDM,binary,Hemat.Malignancy,binary,0.0114,0.9589798525300488,23,WEAK,Positive,False
UTI.CRO,binary,Any.Fungal.Infection,binary,-0.0114,0.9589798525300488,23,WEAK,Negative,False
UTI.CRO,binary,Albumin,binary,0.0114,0.9589798525300488,23,WEAK,Positive,False
UTI.CRO,binary,Neither.Abx.T,binary,-0.0114,0.9589798525300488,23,WEAK,Negative,False
UTI.CRO,binary,Neither.Abx.E,binary,-0.0114,0.9589798525300488,23,WEAK,Negative,False
TLC,binary,Neither.Abx.E,binary,0.0114,0.9589798525300488,23,WEAK,Positive,False
TLC,binary,Neither.Abx.T,binary,0.0114,0.9589798525300488,23,WEAK,Positive,False
TLC,binary,Albumin,binary,-0.0114,0.9589798525300488,23,WEAK,Negative,False
NDM,binary,P.C.only.T,binary,0.0114,0.9589798525300488,23,WEAK,Positive,False
Height,continuous,Procalcitonin,binary,0.0097,0.9648244247497137,23,WEAK,Positive,False
Past.CREPA.infection,binary,Urea,continuous,0.0097,0.9648244247497137,23,WEAK,Positive,False
Minocycline,ordinal,Ceftazidime.Avibactam.Aztreonam.Synergy.T,ordinal,0.0097,0.9650470808702626,23,WEAK,Positive,False
Calcium,binary,Ceftazidime.Avibactam,binary,-0.0094,0.9660801680044062,23,WEAK,Negative,False
OXA48,binary,Mortality.in.ICU,binary,-0.0094,0.9660801680044062,23,WEAK,Negative,False
OXA48,binary,Potassium,binary,-0.0094,0.9660801680044062,23,WEAK,Negative,False
OXA48,binary,P.C.Z.A.T,binary,-0.0094,0.9660801680044062,23,WEAK,Negative,False
OXA48,binary,BSI.CRO,binary,-0.0094,0.9660801680044062,23,WEAK,Negative,False
IAI.CRO,binary,Ceftazidime.Avibactam,binary,0.0094,0.9660801680044062,23,WEAK,Positive,False
IAI.CRO,binary,Z.A.only.T,binary,0.0094,0.9660801680044062,23,WEAK,Positive,False
IAI.CRO,binary,P.C.Z.A.T,binary,0.0094,0.9660801680044062,23,WEAK,Positive,False
Creatinine,binary,Z.A.only.T,binary,-0.0094,0.9660801680044062,23,WEAK,Negative,False
P.C.only.T,binary,Minocycline,ordinal,0.0093,0.966296189975215,23,WEAK,Positive,False
BSI.CRO,binary,Ceftazidime.Avibactam.Aztreonam.Synergy.T,ordinal,0.009,0.9674438468670914,23,WEAK,Positive,False
Ceftazidime.Avibactam.Aztreonam.Synergy.T,ordinal,Mortality.in.ICU,binary,0.009,0.9674438468670914,23,WEAK,Positive,False
Any.Fungal.Infection,binary,APACHEII,continuous,0.0087,0.9687437054205572,23,WEAK,Positive,False
Amikacin,ordinal,Minocycline,ordinal,0.0086,0.9690882514829793,23,WEAK,Positive,False
Female,binary,Overall.organ.support,binary,0.0083,0.9700631329367244,23,WEAK,Positive,False
Surgery.in.last.3.Months,binary,ALP,binary,0.0083,0.9700631329367244,23,WEAK,Positive,False
Surgery.in.last.3.Months,binary,Bil,binary,-0.0083,0.9700631329367244,23,WEAK,Negative,False
ANC,binary,Bil,binary,0.0083,0.9700631329367244,23,WEAK,Positive,False
Female,binary,ANC,binary,0.0083,0.9700631329367244,23,WEAK,Positive,False
Surgery.in.last.3.Months,binary,Ceftazidime.Avibactam.Aztreonam.T,binary,0.0083,0.9700631329367244,23,WEAK,Positive,False
Male,binary,Sodium,binary,-0.0083,0.9700631329367244,23,WEAK,Negative,False
Surgery.in.last.3.Months,binary,Ventilation,binary,-0.0083,0.9700631329367244,23,WEAK,Negative,False
Immunosuppressive.drugs.in.1.week,binary,Overall.Mortality,binary,-0.0083,0.9700631329367244,23,WEAK,Negative,False
Immunosuppressive.drugs.in.1.week,binary,Sodium,binary,0.0083,0.9700631329367244,23,WEAK,Positive,False
Ventilation,binary,ANC,binary,0.0083,0.9700631329367244,23,WEAK,Positive,False
Male,binary,Overall.Mortality,binary,0.0083,0.9700631329367244,23,WEAK,Positive,False
Male,binary,ANC,binary,-0.0083,0.9700631329367244,23,WEAK,Negative,False
Male,binary,Overall.organ.support,binary,-0.0083,0.9700631329367244,23,WEAK,Negative,False
Female,binary,Sodium,binary,0.0083,0.9700631329367244,23,WEAK,Positive,False
DM,binary,Surgery.in.last.3.Months,binary,-0.0083,0.9700631329367244,23,WEAK,Negative,False
Hospitalization.in.past.6.Months,binary,Total.Protein,binary,0.0083,0.9700631329367244,23,WEAK,Positive,False
ANC,binary,ALP,binary,-0.0083,0.9700631329367244,23,WEAK,Negative,False
Immunosuppressive.drugs.in.1.week,binary,SGPT,binary,-0.0083,0.9700631329367244,23,WEAK,Negative,False
Female,binary,Overall.Mortality,binary,-0.0083,0.9700631329367244,23,WEAK,Negative,False
Globulin,binary,ALP,binary,-0.0083,0.9700631329367244,23,WEAK,Negative,False
Total.Protein,binary,Ceftazidime.Avibactam.Aztreonam.T,binary,-0.0083,0.9700631329367244,23,WEAK,Negative,False
Bil,binary,Total.Protein,binary,0.0083,0.9700631329367244,23,WEAK,Positive,False
SGPT,binary,ALP,binary,0.0083,0.9700631329367244,23,WEAK,Positive,False
ALP,binary,Sodium,binary,-0.0083,0.9700631329367244,23,WEAK,Negative,False
DM,binary,Total.Protein,binary,0.0083,0.9700631329367244,23,WEAK,Positive,False
BSI.CRO,binary,APACHEII,continuous,0.008,0.9712763882449582,23,WEAK,Positive,False
Age,continuous,Mortality.in.ICU,binary,0.008,0.9712550541748797,23,WEAK,Positive,False
Urea,continuous,Ceftazidime.Avibactam,binary,0.008,0.9712763882449582,23,WEAK,Positive,False
Weight,continuous,P.C.Z.A.T,binary,-0.0079,0.9712905845968917,23,WEAK,Negative,False
TLC,binary,GW.Stay.in.28.Days,continuous,-0.0076,0.9726017276317495,23,WEAK,Negative,False
Height,continuous,NDM,binary,0.0075,0.9730182294275441,23,WEAK,Positive,False
SOFA,continuous,Sodium,binary,-0.0072,0.9740312289882423,23,WEAK,Negative,False
Height,continuous,Total.Protein,binary,0.0071,0.9742505255700314,23,WEAK,Positive,False
Age,continuous,ANC,binary,-0.0071,0.9742313989935752,23,WEAK,Negative,False
Male,binary,Total.Hospital.stay.in.28.days,continuous,0.0066,0.9760575498211904,23,WEAK,Positive,False
Female,binary,Total.Hospital.stay.in.28.days,continuous,-0.0066,0.9760575498211904,23,WEAK,Negative,False
Female,binary,Weight,continuous,-0.0066,0.9761108524516757,23,WEAK,Negative,False
Age,continuous,DM,binary,-0.0066,0.9760812838878223,23,WEAK,Negative,False
Male,binary,Weight,continuous,0.0066,0.9761108524516757,23,WEAK,Positive,False
Height,continuous,Ventilation,binary,-0.0066,0.9760990381906226,23,WEAK,Negative,False
Height,continuous,Bil,binary,-0.0066,0.9760990381906226,23,WEAK,Negative,False
APACHEII,continuous,Chloramphenicol,ordinal,-0.0056,0.9799092658075687,23,WEAK,Negative,False
Height,continuous,Minocycline,ordinal,0.0053,0.9807232289231961,23,WEAK,Positive,False
Weight,continuous,Doxycycline,ordinal,-0.004,0.9853951069384169,23,WEAK,Negative,False
APACHEII,continuous,Doxycycline,ordinal,-0.004,0.9853878829060763,23,WEAK,Negative,False
Neither.Abx.E,binary,Total.Hospital.stay.in.28.days,continuous,0.0,1.0,23,WEAK,Negative,False
Z.A.only.E,binary,Chloramphenicol,ordinal,0.0,1.0,23,WEAK,Negative,False
HAP.CRO,binary,Chloramphenicol,ordinal,0.0,1.0,23,WEAK,Negative,False
P.C.Z.A.T,binary,Chloramphenicol,ordinal,0.0,1.0,23,WEAK,Negative,False
SGOT,binary,Amikacin,ordinal,0.0,1.0,23,WEAK,Negative,False
ANC,binary,Chloramphenicol,ordinal,0.0,1.0,23,WEAK,Negative,False
BSI.CRO,binary,Clinical.Improvement,ordinal,0.0,1.0,23,WEAK,Negative,False
Height,continuous,Tigecycline,ordinal,0.0,1.0,23,WEAK,Negative,False
BSI.CRO,binary,Chloramphenicol,ordinal,0.0,1.0,23,WEAK,Negative,False
Magnesium,binary,Piperacillin.Tazobactam,ordinal,0.0,1.0,23,WEAK,Negative,False
Bil,binary,ICU.Stay.in.28.Days,continuous,0.0,1.0,23,WEAK,Negative,False
Procalcitonin,binary,Chloramphenicol,ordinal,0.0,1.0,23,WEAK,Negative,False
APACHEII,continuous,Creatinine,binary,0.0,1.0,23,WEAK,Negative,False
Surgery.in.last.3.Months,binary,Nitrofurantoin,ordinal,0.0,1.0,23,WEAK,Negative,False
P.C.only.T,binary,Chloramphenicol,ordinal,0.0,1.0,23,WEAK,Negative,False
P.C.Z.A.T,binary,Clinical.Improvement,ordinal,0.0,1.0,23,WEAK,Negative,False
Other.CRO,binary,Chloramphenicol,ordinal,0.0,1.0,23,WEAK,Negative,False
Weight,continuous,Ertapenem,ordinal,0.0,1.0,23,WEAK,Negative,False
Weight,continuous,Endoscopy.in.1.week,binary,0.0,1.0,23,WEAK,Negative,False
Total.Protein,binary,Nitrofurantoin,ordinal,0.0,1.0,23,WEAK,Negative,False
Hypothyroidism,binary,Chloramphenicol,ordinal,0.0,1.0,23,WEAK,Negative,False
IAI.CRO,binary,GW.Stay.in.28.Days,continuous,0.0,1.0,23,WEAK,Negative,False
Endoscopy.in.1.week,binary,Chloramphenicol,ordinal,0.0,1.0,23,WEAK,Negative,False
Height,continuous,Past.CREPA.infection,binary,0.0,1.0,23,WEAK,Negative,False
P.C.only.T,binary,Clinical.Improvement,ordinal,0.0,1.0,23,WEAK,Negative,False
Z.A.only.T,binary,Clinical.Improvement,ordinal,0.0,1.0,23,WEAK,Negative,False
SOFA,continuous,Procalcitonin,binary,0.0,1.0,23,WEAK,Negative,False
SOFA,continuous,Z.A.only.T,binary,0.0,1.0,23,WEAK,Negative,False
Neither.Abx.T,binary,Total.Hospital.stay.in.28.days,continuous,0.0,1.0,23,WEAK,Negative,False
Amoxicillin.Clavulanic.Acid,ordinal,Chloramphenicol,ordinal,0.0,1.0,23,WEAK,Negative,False
Neutropenia,binary,Chloramphenicol,ordinal,0.0,1.0,23,WEAK,Negative,False
Any.Viral.Infection,binary,Nitrofurantoin,ordinal,0.0,1.0,23,WEAK,Negative,False
Hb,binary,Chloramphenicol,ordinal,0.0,1.0,23,WEAK,Negative,False
Any.Viral.Infection,binary,Chloramphenicol,ordinal,0.0,1.0,23,WEAK,Negative,False
Platelet,binary,Chloramphenicol,ordinal,0.0,1.0,23,WEAK,Negative,False
Lympho,binary,ICU.Stay.in.28.Days,continuous,0.0,1.0,23,WEAK,Negative,False
Platelet,binary,Doxycycline,ordinal,0.0,1.0,23,WEAK,Negative,False
Overall.organ.support,binary,Nitrofurantoin,ordinal,0.0,1.0,23,WEAK,Negative,False
Chloramphenicol,ordinal,Cefuroxime,ordinal,0.0,1.0,23,WEAK,Negative,False
Hemat.Malignancy,binary,Chloramphenicol,ordinal,0.0,1.0,23,WEAK,Negative,False
Chloramphenicol,ordinal,Meropenem,ordinal,0.0,1.0,23,WEAK,Negative,False
P.C.in.vitro,binary,Chloramphenicol,ordinal,0.0,1.0,23,WEAK,Negative,False
Chloramphenicol,ordinal,Polymyxin.Colistin.Inclusion.T,binary,0.0,1.0,23,WEAK,Negative,False
Chloramphenicol,ordinal,Ceftazidime,ordinal,0.0,1.0,23,WEAK,Negative,False
Chloramphenicol,ordinal,Cefotaxime,ordinal,0.0,1.0,23,WEAK,Negative,False
Chloramphenicol,ordinal,Trimethoprim.Sulfamethoxazole,ordinal,0.0,1.0,23,WEAK,Negative,False
Chloramphenicol,ordinal,Cefoperazone.Sulbactam,ordinal,0.0,1.0,23,WEAK,Negative,False
APACHEII,continuous,P.C.Z.A.E,binary,0.0,1.0,23,WEAK,Negative,False
Hemat.Malignancy,binary,Minocycline,ordinal,0.0,1.0,23,WEAK,Negative,False
COPD,binary,Chloramphenicol,ordinal,0.0,1.0,23,WEAK,Negative,False
Chloramphenicol,ordinal,Ertapenem,ordinal,0.0,1.0,23,WEAK,Negative,False
Calcium,binary,Clinical.Improvement,ordinal,0.0,1.0,23,WEAK,Negative,False
Urinary.Catheter.in.6.Months,binary,Chloramphenicol,ordinal,0.0,1.0,23,WEAK,Negative,False
Chloramphenicol,ordinal,Other.Illness.Leading.to.Hospitalization.post.28.Days.Discharge,binary,0.0,1.0,23,WEAK,Negative,False
Chloramphenicol,ordinal,Mortality.in.Hospital,binary,0.0,1.0,23,WEAK,Negative,False
Chloramphenicol,ordinal,Relapse.post.28.Day.Discharge,binary,0.0,1.0,23,WEAK,Negative,False
CV.Catheter.in.6.Months,binary,Chloramphenicol,ordinal,0.0,1.0,23,WEAK,Negative,False
Polymyxin.Colistin.Inclusion.T,binary,Clinical.Improvement,ordinal,0.0,1.0,23,WEAK,Negative,False
Age,continuous,VIM,binary,,,23,WEAK,Negative,False
Age,continuous,IMP,binary,,,23,WEAK,Negative,False
Age,continuous,KPC,binary,,,23,WEAK,Negative,False
Age,continuous,OXA23,binary,,,23,WEAK,Negative,False
Age,continuous,OXA24,binary,,,23,WEAK,Negative,False
Age,continuous,OXA58,binary,,,23,WEAK,Negative,False
Age,continuous,CKD,binary,,,23,WEAK,Negative,False
Age,continuous,ABSSSI.CRO,binary,,,23,WEAK,Negative,False
Age,continuous,VAP.CRO,binary,,,23,WEAK,Negative,False
Age,continuous,CAP.CRO,binary,,,23,WEAK,Negative,False
Age,continuous,UTI.NCRO,binary,,,23,WEAK,Negative,False
Age,continuous,IAI.NCRO,binary,,,23,WEAK,Negative,False
Age,continuous,HAP.NCRO,binary,,,23,WEAK,Negative,False
Age,continuous,VAP.NCRO,binary,,,23,WEAK,Negative,False
Age,continuous,CAP.NCRO,binary,,,23,WEAK,Negative,False
Age,continuous,BSI.NCRO,binary,,,23,WEAK,Negative,False
Age,continuous,Other.NCRO,binary,,,23,WEAK,Negative,False
Age,continuous,CV.Catheter.Now,binary,,,23,WEAK,Negative,False
Age,continuous,Urinary.Catheter.Now,binary,,,23,WEAK,Negative,False
Age,continuous,Dialysis.in.1.week,binary,,,23,WEAK,Negative,False
Age,continuous,Dialysis.on.day.1,binary,,,23,WEAK,Negative,False
Age,continuous,HIV.Present,binary,,,23,WEAK,Negative,False
Age,continuous,TB,binary,,,23,WEAK,Negative,False
Age,continuous,INR,binary,,,23,WEAK,Negative,False
Age,continuous,Aztreonam,ordinal,,,23,WEAK,Negative,False
Age,continuous,Ciprofloxacin,ordinal,,,23,WEAK,Negative,False
Age,continuous,Cefepime,ordinal,,,23,WEAK,Negative,False
Age,continuous,Cefoxitin,ordinal,,,23,WEAK,Negative,False
Age,continuous,Imipenem,ordinal,,,23,WEAK,Negative,False
Age,continuous,Levofloxacin,ordinal,,,23,WEAK,Negative,False
Age,continuous,ESBL.producer,binary,,,23,WEAK,Negative,False
Age,continuous,AmpC,binary,,,23,WEAK,Negative,False
Age,continuous,Carbapenemase,binary,,,23,WEAK,Negative,False
Age,continuous,MRSA,binary,,,23,WEAK,Negative,False
Age,continuous,VAN,binary,,,23,WEAK,Negative,False
Male,binary,VIM,binary,,,23,WEAK,Negative,False
Male,binary,IMP,binary,,,23,WEAK,Negative,False
Male,binary,KPC,binary,,,23,WEAK,Negative,False
Male,binary,OXA23,binary,,,23,WEAK,Negative,False
Male,binary,OXA24,binary,,,23,WEAK,Negative,False
Male,binary,OXA58,binary,,,23,WEAK,Negative,False
Male,binary,CKD,binary,,,23,WEAK,Negative,False
Male,binary,ABSSSI.CRO,binary,,,23,WEAK,Negative,False
Male,binary,VAP.CRO,binary,,,23,WEAK,Negative,False
Male,binary,CAP.CRO,binary,,,23,WEAK,Negative,False
Male,binary,UTI.NCRO,binary,,,23,WEAK,Negative,False
Male,binary,IAI.NCRO,binary,,,23,WEAK,Negative,False
Male,binary,HAP.NCRO,binary,,,23,WEAK,Negative,False
Male,binary,VAP.NCRO,binary,,,23,WEAK,Negative,False
Male,binary,CAP.NCRO,binary,,,23,WEAK,Negative,False
Male,binary,BSI.NCRO,binary,,,23,WEAK,Negative,False
Male,binary,Other.NCRO,binary,,,23,WEAK,Negative,False
Male,binary,CV.Catheter.Now,binary,,,23,WEAK,Negative,False
Male,binary,Urinary.Catheter.Now,binary,,,23,WEAK,Negative,False
Male,binary,Dialysis.in.1.week,binary,,,23,WEAK,Negative,False
Male,binary,Dialysis.on.day.1,binary,,,23,WEAK,Negative,False
Male,binary,HIV.Present,binary,,,23,WEAK,Negative,False
Male,binary,TB,binary,,,23,WEAK,Negative,False
Male,binary,INR,binary,,,23,WEAK,Negative,False
Male,binary,Aztreonam,ordinal,,,23,WEAK,Negative,False
Male,binary,Ciprofloxacin,ordinal,,,23,WEAK,Negative,False
Male,binary,Cefepime,ordinal,,,23,WEAK,Negative,False
Male,binary,Cefoxitin,ordinal,,,23,WEAK,Negative,False
Male,binary,Imipenem,ordinal,,,23,WEAK,Negative,False
Male,binary,Levofloxacin,ordinal,,,23,WEAK,Negative,False
Male,binary,ESBL.producer,binary,,,23,WEAK,Negative,False
Male,binary,AmpC,binary,,,23,WEAK,Negative,False
Male,binary,Carbapenemase,binary,,,23,WEAK,Negative,False
Male,binary,MRSA,binary,,,23,WEAK,Negative,False
Male,binary,VAN,binary,,,23,WEAK,Negative,False
Female,binary,VIM,binary,,,23,WEAK,Negative,False
Female,binary,IMP,binary,,,23,WEAK,Negative,False
Female,binary,KPC,binary,,,23,WEAK,Negative,False
Female,binary,OXA23,binary,,,23,WEAK,Negative,False
Female,binary,OXA24,binary,,,23,WEAK,Negative,False
Female,binary,OXA58,binary,,,23,WEAK,Negative,False
Female,binary,CKD,binary,,,23,WEAK,Negative,False
Female,binary,ABSSSI.CRO,binary,,,23,WEAK,Negative,False
Female,binary,VAP.CRO,binary,,,23,WEAK,Negative,False
Female,binary,CAP.CRO,binary,,,23,WEAK,Negative,False
Female,binary,UTI.NCRO,binary,,,23,WEAK,Negative,False
Female,binary,IAI.NCRO,binary,,,23,WEAK,Negative,False
Female,binary,HAP.NCRO,binary,,,23,WEAK,Negative,False
Female,binary,VAP.NCRO,binary,,,23,WEAK,Negative,False
Female,binary,CAP.NCRO,binary,,,23,WEAK,Negative,False
Female,binary,BSI.NCRO,binary,,,23,WEAK,Negative,False
Female,binary,Other.NCRO,binary,,,23,WEAK,Negative,False
Female,binary,CV.Catheter.Now,binary,,,23,WEAK,Negative,False
Female,binary,Urinary.Catheter.Now,binary,,,23,WEAK,Negative,False
Female,binary,Dialysis.in.1.week,binary,,,23,WEAK,Negative,False
Female,binary,Dialysis.on.day.1,binary,,,23,WEAK,Negative,False
Female,binary,HIV.Present,binary,,,23,WEAK,Negative,False
Female,binary,TB,binary,,,23,WEAK,Negative,False
Female,binary,INR,binary,,,23,WEAK,Negative,False
Female,binary,Aztreonam,ordinal,,,23,WEAK,Negative,False
Female,binary,Ciprofloxacin,ordinal,,,23,WEAK,Negative,False
Female,binary,Cefepime,ordinal,,,23,WEAK,Negative,False
Female,binary,Cefoxitin,ordinal,,,23,WEAK,Negative,False
Female,binary,Imipenem,ordinal,,,23,WEAK,Negative,False
Female,binary,Levofloxacin,ordinal,,,23,WEAK,Negative,False
Female,binary,ESBL.producer,binary,,,23,WEAK,Negative,False
Female,binary,AmpC,binary,,,23,WEAK,Negative,False
Female,binary,Carbapenemase,binary,,,23,WEAK,Negative,False
Female,binary,MRSA,binary,,,23,WEAK,Negative,False
Female,binary,VAN,binary,,,23,WEAK,Negative,False
Height,continuous,VIM,binary,,,23,WEAK,Negative,False
Height,continuous,IMP,binary,,,23,WEAK,Negative,False
Height,continuous,KPC,binary,,,23,WEAK,Negative,False
Height,continuous,OXA23,binary,,,23,WEAK,Negative,False
Height,continuous,OXA24,binary,,,23,WEAK,Negative,False
Height,continuous,OXA58,binary,,,23,WEAK,Negative,False
Height,continuous,CKD,binary,,,23,WEAK,Negative,False
Height,continuous,ABSSSI.CRO,binary,,,23,WEAK,Negative,False
Height,continuous,VAP.CRO,binary,,,23,WEAK,Negative,False
Height,continuous,CAP.CRO,binary,,,23,WEAK,Negative,False
Height,continuous,UTI.NCRO,binary,,,23,WEAK,Negative,False
Height,continuous,IAI.NCRO,binary,,,23,WEAK,Negative,False
Height,continuous,HAP.NCRO,binary,,,23,WEAK,Negative,False
Height,continuous,VAP.NCRO,binary,,,23,WEAK,Negative,False
Height,continuous,CAP.NCRO,binary,,,23,WEAK,Negative,False
Height,continuous,BSI.NCRO,binary,,,23,WEAK,Negative,False
Height,continuous,Other.NCRO,binary,,,23,WEAK,Negative,False
Height,continuous,CV.Catheter.Now,binary,,,23,WEAK,Negative,False
Height,continuous,Urinary.Catheter.Now,binary,,,23,WEAK,Negative,False
Height,continuous,Dialysis.in.1.week,binary,,,23,WEAK,Negative,False
Height,continuous,Dialysis.on.day.1,binary,,,23,WEAK,Negative,False
Height,continuous,HIV.Present,binary,,,23,WEAK,Negative,False
Height,continuous,TB,binary,,,23,WEAK,Negative,False
Height,continuous,INR,binary,,,23,WEAK,Negative,False
Height,continuous,Aztreonam,ordinal,,,23,WEAK,Negative,False
Height,continuous,Ciprofloxacin,ordinal,,,23,WEAK,Negative,False
Height,continuous,Cefepime,ordinal,,,23,WEAK,Negative,False
Height,continuous,Cefoxitin,ordinal,,,23,WEAK,Negative,False
Height,continuous,Imipenem,ordinal,,,23,WEAK,Negative,False
Height,continuous,Levofloxacin,ordinal,,,23,WEAK,Negative,False
Height,continuous,ESBL.producer,binary,,,23,WEAK,Negative,False
Height,continuous,AmpC,binary,,,23,WEAK,Negative,False
Height,continuous,Carbapenemase,binary,,,23,WEAK,Negative,False
Height,continuous,MRSA,binary,,,23,WEAK,Negative,False
Height,continuous,VAN,binary,,,23,WEAK,Negative,False
Weight,continuous,VIM,binary,,,23,WEAK,Negative,False
Weight,continuous,IMP,binary,,,23,WEAK,Negative,False
Weight,continuous,KPC,binary,,,23,WEAK,Negative,False
Weight,continuous,OXA23,binary,,,23,WEAK,Negative,False
Weight,continuous,OXA24,binary,,,23,WEAK,Negative,False
Weight,continuous,OXA58,binary,,,23,WEAK,Negative,False
Weight,continuous,CKD,binary,,,23,WEAK,Negative,False
Weight,continuous,ABSSSI.CRO,binary,,,23,WEAK,Negative,False
Weight,continuous,VAP.CRO,binary,,,23,WEAK,Negative,False
Weight,continuous,CAP.CRO,binary,,,23,WEAK,Negative,False
Weight,continuous,UTI.NCRO,binary,,,23,WEAK,Negative,False
Weight,continuous,IAI.NCRO,binary,,,23,WEAK,Negative,False
Weight,continuous,HAP.NCRO,binary,,,23,WEAK,Negative,False
Weight,continuous,VAP.NCRO,binary,,,23,WEAK,Negative,False
Weight,continuous,CAP.NCRO,binary,,,23,WEAK,Negative,False
Weight,continuous,BSI.NCRO,binary,,,23,WEAK,Negative,False
Weight,continuous,Other.NCRO,binary,,,23,WEAK,Negative,False
Weight,continuous,CV.Catheter.Now,binary,,,23,WEAK,Negative,False
Weight,continuous,Urinary.Catheter.Now,binary,,,23,WEAK,Negative,False
Weight,continuous,Dialysis.in.1.week,binary,,,23,WEAK,Negative,False
Weight,continuous,Dialysis.on.day.1,binary,,,23,WEAK,Negative,False
Weight,continuous,HIV.Present,binary,,,23,WEAK,Negative,False
Weight,continuous,TB,binary,,,23,WEAK,Negative,False
Weight,continuous,INR,binary,,,23,WEAK,Negative,False
Weight,continuous,Aztreonam,ordinal,,,23,WEAK,Negative,False
Weight,continuous,Ciprofloxacin,ordinal,,,23,WEAK,Negative,False
Weight,continuous,Cefepime,ordinal,,,23,WEAK,Negative,False
Weight,continuous,Cefoxitin,ordinal,,,23,WEAK,Negative,False
Weight,continuous,Imipenem,ordinal,,,23,WEAK,Negative,False
Weight,continuous,Levofloxacin,ordinal,,,23,WEAK,Negative,False
Weight,continuous,ESBL.producer,binary,,,23,WEAK,Negative,False
Weight,continuous,AmpC,binary,,,23,WEAK,Negative,False
Weight,continuous,Carbapenemase,binary,,,23,WEAK,Negative,False
Weight,continuous,MRSA,binary,,,23,WEAK,Negative,False
Weight,continuous,VAN,binary,,,23,WEAK,Negative,False
VIM,binary,IMP,binary,,,23,WEAK,Negative,False
VIM,binary,KPC,binary,,,23,WEAK,Negative,False
VIM,binary,NDM,binary,,,23,WEAK,Negative,False
VIM,binary,OXA23,binary,,,23,WEAK,Negative,False
VIM,binary,OXA48,binary,,,23,WEAK,Negative,False
VIM,binary,OXA24,binary,,,23,WEAK,Negative,False
VIM,binary,OXA58,binary,,,23,WEAK,Negative,False
VIM,binary,P.C.in.vitro,binary,,,23,WEAK,Negative,False
VIM,binary,Z.A.invitro,binary,,,23,WEAK,Negative,False
VIM,binary,CKD,binary,,,23,WEAK,Negative,False
VIM,binary,HTN,binary,,,23,WEAK,Negative,False
VIM,binary,DM,binary,,,23,WEAK,Negative,False
VIM,binary,COPD,binary,,,23,WEAK,Negative,False
VIM,binary,Hypothyroidism,binary,,,23,WEAK,Negative,False
VIM,binary,UTI.CRO,binary,,,23,WEAK,Negative,False
VIM,binary,IAI.CRO,binary,,,23,WEAK,Negative,False
VIM,binary,ABSSSI.CRO,binary,,,23,WEAK,Negative,False
VIM,binary,HAP.CRO,binary,,,23,WEAK,Negative,False
VIM,binary,VAP.CRO,binary,,,23,WEAK,Negative,False
VIM,binary,CAP.CRO,binary,,,23,WEAK,Negative,False
VIM,binary,BSI.CRO,binary,,,23,WEAK,Negative,False
VIM,binary,Other.CRO,binary,,,23,WEAK,Negative,False
VIM,binary,UTI.NCRO,binary,,,23,WEAK,Negative,False
VIM,binary,IAI.NCRO,binary,,,23,WEAK,Negative,False
VIM,binary,HAP.NCRO,binary,,,23,WEAK,Negative,False
VIM,binary,VAP.NCRO,binary,,,23,WEAK,Negative,False
VIM,binary,CAP.NCRO,binary,,,23,WEAK,Negative,False
VIM,binary,BSI.NCRO,binary,,,23,WEAK,Negative,False
VIM,binary,Other.NCRO,binary,,,23,WEAK,Negative,False
VIM,binary,Hospitalization.in.past.6.Months,binary,,,23,WEAK,Negative,False
VIM,binary,CV.Catheter.in.6.Months,binary,,,23,WEAK,Negative,False
VIM,binary,CV.Catheter.Now,binary,,,23,WEAK,Negative,False
VIM,binary,Urinary.Catheter.in.6.Months,binary,,,23,WEAK,Negative,False
VIM,binary,Urinary.Catheter.Now,binary,,,23,WEAK,Negative,False
VIM,binary,Surgery.in.last.3.Months,binary,,,23,WEAK,Negative,False
VIM,binary,Past.CREPA.infection,binary,,,23,WEAK,Negative,False
VIM,binary,Endoscopy.in.1.week,binary,,,23,WEAK,Negative,False
VIM,binary,Dialysis.in.1.week,binary,,,23,WEAK,Negative,False
VIM,binary,Immunosuppressive.drugs.in.1.week,binary,,,23,WEAK,Negative,False
VIM,binary,Inotropes,binary,,,23,WEAK,Negative,False
VIM,binary,Dialysis.on.day.1,binary,,,23,WEAK,Negative,False
VIM,binary,Ventilation,binary,,,23,WEAK,Negative,False
VIM,binary,Overall.organ.support,binary,,,23,WEAK,Negative,False
VIM,binary,Neutropenia,binary,,,23,WEAK,Negative,False
VIM,binary,HIV.Present,binary,,,23,WEAK,Negative,False
VIM,binary,TB,binary,,,23,WEAK,Negative,False
VIM,binary,Any.Viral.Infection,binary,,,23,WEAK,Negative,False
VIM,binary,Any.Fungal.Infection,binary,,,23,WEAK,Negative,False
VIM,binary,Hemat.Malignancy,binary,,,23,WEAK,Negative,False
VIM,binary,Solid.Organ,binary,,,23,WEAK,Negative,False
VIM,binary,APACHEII,continuous,,,23,WEAK,Negative,False
VIM,binary,SOFA,continuous,,,23,WEAK,Negative,False
VIM,binary,Hb,binary,,,23,WEAK,Negative,False
VIM,binary,TLC,binary,,,23,WEAK,Negative,False
VIM,binary,ANC,binary,,,23,WEAK,Negative,False
VIM,binary,Lympho,binary,,,23,WEAK,Negative,False
VIM,binary,Platelet,binary,,,23,WEAK,Negative,False
VIM,binary,INR,binary,,,23,WEAK,Negative,False
VIM,binary,Bil,binary,,,23,WEAK,Negative,False
VIM,binary,SGPT,binary,,,23,WEAK,Negative,False
VIM,binary,SGOT,binary,,,23,WEAK,Negative,False
VIM,binary,Albumin,binary,,,23,WEAK,Negative,False
VIM,binary,Total.Protein,binary,,,23,WEAK,Negative,False
VIM,binary,Globulin,binary,,,23,WEAK,Negative,False
VIM,binary,ALP,binary,,,23,WEAK,Negative,False
VIM,binary,Creatinine,binary,,,23,WEAK,Negative,False
VIM,binary,Sodium,binary,,,23,WEAK,Negative,False
VIM,binary,Potassium,binary,,,23,WEAK,Negative,False
VIM,binary,Urea,continuous,,,23,WEAK,Negative,False
VIM,binary,Calcium,binary,,,23,WEAK,Negative,False
VIM,binary,Magnesium,binary,,,23,WEAK,Negative,False
VIM,binary,Procalcitonin,binary,,,23,WEAK,Negative,False
VIM,binary,P.C.Z.A.E,binary,,,23,WEAK,Negative,False
VIM,binary,P.C.only.E,binary,,,23,WEAK,Negative,False
VIM,binary,Z.A.only.E,binary,,,23,WEAK,Negative,False
VIM,binary,Neither.Abx.E,binary,,,23,WEAK,Negative,False
VIM,binary,P.C.Z.A.T,binary,,,23,WEAK,Negative,False
VIM,binary,P.C.only.T,binary,,,23,WEAK,Negative,False
VIM,binary,Z.A.only.T,binary,,,23,WEAK,Negative,False
VIM,binary,Neither.Abx.T,binary,,,23,WEAK,Negative,False
VIM,binary,Amoxicillin.Clavulanic.Acid,ordinal,,,23,WEAK,Negative,False
VIM,binary,Amikacin,ordinal,,,23,WEAK,Negative,False
VIM,binary,Aztreonam,ordinal,,,23,WEAK,Negative,False
VIM,binary,Chloramphenicol,ordinal,,,23,WEAK,Negative,False
VIM,binary,Ciprofloxacin,ordinal,,,23,WEAK,Negative,False
VIM,binary,Colistin,ordinal,,,23,WEAK,Negative,False
VIM,binary,Ceftriaxone,ordinal,,,23,WEAK,Negative,False
VIM,binary,Doxycycline,ordinal,,,23,WEAK,Negative,False
VIM,binary,Ertapenem,ordinal,,,23,WEAK,Negative,False
VIM,binary,Cefepime,ordinal,,,23,WEAK,Negative,False
VIM,binary,Fosfomycin,ordinal,,,23,WEAK,Negative,False
VIM,binary,Cefoxitin,ordinal,,,23,WEAK,Negative,False
VIM,binary,Nitrofurantoin,ordinal,,,23,WEAK,Negative,False
VIM,binary,Gentamicin,ordinal,,,23,WEAK,Negative,False
VIM,binary,Imipenem,ordinal,,,23,WEAK,Negative,False
VIM,binary,Levofloxacin,ordinal,,,23,WEAK,Negative,False
VIM,binary,Meropenem,ordinal,,,23,WEAK,Negative,False
VIM,binary,Minocycline,ordinal,,,23,WEAK,Negative,False
VIM,binary,Cefuroxime,ordinal,,,23,WEAK,Negative,False
VIM,binary,Cefoperazone.Sulbactam,ordinal,,,23,WEAK,Negative,False
VIM,binary,Trimethoprim.Sulfamethoxazole,ordinal,,,23,WEAK,Negative,False
VIM,binary,Cefotaxime,ordinal,,,23,WEAK,Negative,False
VIM,binary,Ceftazidime,ordinal,,,23,WEAK,Negative,False
VIM,binary,Tigecycline,ordinal,,,23,WEAK,Negative,False
VIM,binary,Piperacillin.Tazobactam,ordinal,,,23,WEAK,Negative,False
VIM,binary,Ceftazidime.Avibactam,binary,,,23,WEAK,Negative,False
VIM,binary,ESBL.producer,binary,,,23,WEAK,Negative,False
VIM,binary,AmpC,binary,,,23,WEAK,Negative,False
VIM,binary,Carbapenemase,binary,,,23,WEAK,Negative,False
VIM,binary,MRSA,binary,,,23,WEAK,Negative,False
VIM,binary,VAN,binary,,,23,WEAK,Negative,False
VIM,binary,Ceftazidime.Avibactam.T,binary,,,23,WEAK,Negative,False
VIM,binary,Ceftazidime.Avibactam.Aztreonam.T,binary,,,23,WEAK,Negative,False
VIM,binary,Ceftazidime.Avibactam.Aztreonam.Synergy.T,ordinal,,,23,WEAK,Negative,False
VIM,binary,Polymyxin.Colistin.Inclusion.T,binary,,,23,WEAK,Negative,False
VIM,binary,Clinical.Improvement,ordinal,,,23,WEAK,Negative,False
VIM,binary,ICU.Stay.in.28.Days,continuous,,,23,WEAK,Negative,False
VIM,binary,GW.Stay.in.28.Days,continuous,,,23,WEAK,Negative,False
VIM,binary,Total.Hospital.stay.in.28.days,continuous,,,23,WEAK,Negative,False
VIM,binary,Mortality.in.ICU,binary,,,23,WEAK,Negative,False
VIM,binary,Mortality.in.Hospital,binary,,,23,WEAK,Negative,False
VIM,binary,Mortality.post.28.Day.Discharge,binary,,,23,WEAK,Negative,False
VIM,binary,Overall.Mortality,binary,,,23,WEAK,Negative,False
VIM,binary,Relapse.post.28.Day.Discharge,binary,,,23,WEAK,Negative,False
VIM,binary,Other.Illness.Leading.to.Hospitalization.post.28.Days.Discharge,binary,,,23,WEAK,Negative,False
IMP,binary,KPC,binary,,,23,WEAK,Negative,False
IMP,binary,NDM,binary,,,23,WEAK,Negative,False
IMP,binary,OXA23,binary,,,23,WEAK,Negative,False
IMP,binary,OXA48,binary,,,23,WEAK,Negative,False
IMP,binary,OXA24,binary,,,23,WEAK,Negative,False
IMP,binary,OXA58,binary,,,23,WEAK,Negative,False
IMP,binary,P.C.in.vitro,binary,,,23,WEAK,Negative,False
IMP,binary,Z.A.invitro,binary,,,23,WEAK,Negative,False
IMP,binary,CKD,binary,,,23,WEAK,Negative,False
IMP,binary,HTN,binary,,,23,WEAK,Negative,False
IMP,binary,DM,binary,,,23,WEAK,Negative,False
IMP,binary,COPD,binary,,,23,WEAK,Negative,False
IMP,binary,Hypothyroidism,binary,,,23,WEAK,Negative,False
IMP,binary,UTI.CRO,binary,,,23,WEAK,Negative,False
IMP,binary,IAI.CRO,binary,,,23,WEAK,Negative,False
IMP,binary,ABSSSI.CRO,binary,,,23,WEAK,Negative,False
IMP,binary,HAP.CRO,binary,,,23,WEAK,Negative,False
IMP,binary,VAP.CRO,binary,,,23,WEAK,Negative,False
IMP,binary,CAP.CRO,binary,,,23,WEAK,Negative,False
IMP,binary,BSI.CRO,binary,,,23,WEAK,Negative,False
IMP,binary,Other.CRO,binary,,,23,WEAK,Negative,False
IMP,binary,UTI.NCRO,binary,,,23,WEAK,Negative,False
IMP,binary,IAI.NCRO,binary,,,23,WEAK,Negative,False
IMP,binary,HAP.NCRO,binary,,,23,WEAK,Negative,False
IMP,binary,VAP.NCRO,binary,,,23,WEAK,Negative,False
IMP,binary,CAP.NCRO,binary,,,23,WEAK,Negative,False
IMP,binary,BSI.NCRO,binary,,,23,WEAK,Negative,False
IMP,binary,Other.NCRO,binary,,,23,WEAK,Negative,False
IMP,binary,Hospitalization.in.past.6.Months,binary,,,23,WEAK,Negative,False
IMP,binary,CV.Catheter.in.6.Months,binary,,,23,WEAK,Negative,False
IMP,binary,CV.Catheter.Now,binary,,,23,WEAK,Negative,False
IMP,binary,Urinary.Catheter.in.6.Months,binary,,,23,WEAK,Negative,False
IMP,binary,Urinary.Catheter.Now,binary,,,23,WEAK,Negative,False
IMP,binary,Surgery.in.last.3.Months,binary,,,23,WEAK,Negative,False
IMP,binary,Past.CREPA.infection,binary,,,23,WEAK,Negative,False
IMP,binary,Endoscopy.in.1.week,binary,,,23,WEAK,Negative,False
IMP,binary,Dialysis.in.1.week,binary,,,23,WEAK,Negative,False
IMP,binary,Immunosuppressive.drugs.in.1.week,binary,,,23,WEAK,Negative,False
IMP,binary,Inotropes,binary,,,23,WEAK,Negative,False
IMP,binary,Dialysis.on.day.1,binary,,,23,WEAK,Negative,False
IMP,binary,Ventilation,binary,,,23,WEAK,Negative,False
IMP,binary,Overall.organ.support,binary,,,23,WEAK,Negative,False
IMP,binary,Neutropenia,binary,,,23,WEAK,Negative,False
IMP,binary,HIV.Present,binary,,,23,WEAK,Negative,False
IMP,binary,TB,binary,,,23,WEAK,Negative,False
IMP,binary,Any.Viral.Infection,binary,,,23,WEAK,Negative,False
IMP,binary,Any.Fungal.Infection,binary,,,23,WEAK,Negative,False
IMP,binary,Hemat.Malignancy,binary,,,23,WEAK,Negative,False
IMP,binary,Solid.Organ,binary,,,23,WEAK,Negative,False
IMP,binary,APACHEII,continuous,,,23,WEAK,Negative,False
IMP,binary,SOFA,continuous,,,23,WEAK,Negative,False
IMP,binary,Hb,binary,,,23,WEAK,Negative,False
IMP,binary,TLC,binary,,,23,WEAK,Negative,False
IMP,binary,ANC,binary,,,23,WEAK,Negative,False
IMP,binary,Lympho,binary,,,23,WEAK,Negative,False
IMP,binary,Platelet,binary,,,23,WEAK,Negative,False
IMP,binary,INR,binary,,,23,WEAK,Negative,False
IMP,binary,Bil,binary,,,23,WEAK,Negative,False
IMP,binary,SGPT,binary,,,23,WEAK,Negative,False
IMP,binary,SGOT,binary,,,23,WEAK,Negative,False
IMP,binary,Albumin,binary,,,23,WEAK,Negative,False
IMP,binary,Total.Protein,binary,,,23,WEAK,Negative,False
IMP,binary,Globulin,binary,,,23,WEAK,Negative,False
IMP,binary,ALP,binary,,,23,WEAK,Negative,False
IMP,binary,Creatinine,binary,,,23,WEAK,Negative,False
IMP,binary,Sodium,binary,,,23,WEAK,Negative,False
IMP,binary,Potassium,binary,,,23,WEAK,Negative,False
IMP,binary,Urea,continuous,,,23,WEAK,Negative,False
IMP,binary,Calcium,binary,,,23,WEAK,Negative,False
IMP,binary,Magnesium,binary,,,23,WEAK,Negative,False
IMP,binary,Procalcitonin,binary,,,23,WEAK,Negative,False
IMP,binary,P.C.Z.A.E,binary,,,23,WEAK,Negative,False
IMP,binary,P.C.only.E,binary,,,23,WEAK,Negative,False
IMP,binary,Z.A.only.E,binary,,,23,WEAK,Negative,False
IMP,binary,Neither.Abx.E,binary,,,23,WEAK,Negative,False
IMP,binary,P.C.Z.A.T,binary,,,23,WEAK,Negative,False
IMP,binary,P.C.only.T,binary,,,23,WEAK,Negative,False
IMP,binary,Z.A.only.T,binary,,,23,WEAK,Negative,False
IMP,binary,Neither.Abx.T,binary,,,23,WEAK,Negative,False
IMP,binary,Amoxicillin.Clavulanic.Acid,ordinal,,,23,WEAK,Negative,False
IMP,binary,Amikacin,ordinal,,,23,WEAK,Negative,False
IMP,binary,Aztreonam,ordinal,,,23,WEAK,Negative,False
IMP,binary,Chloramphenicol,ordinal,,,23,WEAK,Negative,False
IMP,binary,Ciprofloxacin,ordinal,,,23,WEAK,Negative,False
IMP,binary,Colistin,ordinal,,,23,WEAK,Negative,False
IMP,binary,Ceftriaxone,ordinal,,,23,WEAK,Negative,False
IMP,binary,Doxycycline,ordinal,,,23,WEAK,Negative,False
IMP,binary,Ertapenem,ordinal,,,23,WEAK,Negative,False
IMP,binary,Cefepime,ordinal,,,23,WEAK,Negative,False
IMP,binary,Fosfomycin,ordinal,,,23,WEAK,Negative,False
IMP,binary,Cefoxitin,ordinal,,,23,WEAK,Negative,False
IMP,binary,Nitrofurantoin,ordinal,,,23,WEAK,Negative,False
IMP,binary,Gentamicin,ordinal,,,23,WEAK,Negative,False
IMP,binary,Imipenem,ordinal,,,23,WEAK,Negative,False
IMP,binary,Levofloxacin,ordinal,,,23,WEAK,Negative,False
IMP,binary,Meropenem,ordinal,,,23,WEAK,Negative,False
IMP,binary,Minocycline,ordinal,,,23,WEAK,Negative,False
IMP,binary,Cefuroxime,ordinal,,,23,WEAK,Negative,False
IMP,binary,Cefoperazone.Sulbactam,ordinal,,,23,WEAK,Negative,False
IMP,binary,Trimethoprim.Sulfamethoxazole,ordinal,,,23,WEAK,Negative,False
IMP,binary,Cefotaxime,ordinal,,,23,WEAK,Negative,False
IMP,binary,Ceftazidime,ordinal,,,23,WEAK,Negative,False
IMP,binary,Tigecycline,ordinal,,,23,WEAK,Negative,False
IMP,binary,Piperacillin.Tazobactam,ordinal,,,23,WEAK,Negative,False
IMP,binary,Ceftazidime.Avibactam,binary,,,23,WEAK,Negative,False
IMP,binary,ESBL.producer,binary,,,23,WEAK,Negative,False
IMP,binary,AmpC,binary,,,23,WEAK,Negative,False
IMP,binary,Carbapenemase,binary,,,23,WEAK,Negative,False
IMP,binary,MRSA,binary,,,23,WEAK,Negative,False
IMP,binary,VAN,binary,,,23,WEAK,Negative,False
IMP,binary,Ceftazidime.Avibactam.T,binary,,,23,WEAK,Negative,False
IMP,binary,Ceftazidime.Avibactam.Aztreonam.T,binary,,,23,WEAK,Negative,False
IMP,binary,Ceftazidime.Avibactam.Aztreonam.Synergy.T,ordinal,,,23,WEAK,Negative,False
IMP,binary,Polymyxin.Colistin.Inclusion.T,binary,,,23,WEAK,Negative,False
IMP,binary,Clinical.Improvement,ordinal,,,23,WEAK,Negative,False
IMP,binary,ICU.Stay.in.28.Days,continuous,,,23,WEAK,Negative,False
IMP,binary,GW.Stay.in.28.Days,continuous,,,23,WEAK,Negative,False
IMP,binary,Total.Hospital.stay.in.28.days,continuous,,,23,WEAK,Negative,False
IMP,binary,Mortality.in.ICU,binary,,,23,WEAK,Negative,False
IMP,binary,Mortality.in.Hospital,binary,,,23,WEAK,Negative,False
IMP,binary,Mortality.post.28.Day.Discharge,binary,,,23,WEAK,Negative,False
IMP,binary,Overall.Mortality,binary,,,23,WEAK,Negative,False
IMP,binary,Relapse.post.28.Day.Discharge,binary,,,23,WEAK,Negative,False
IMP,binary,Other.Illness.Leading.to.Hospitalization.post.28.Days.Discharge,binary,,,23,WEAK,Negative,False
KPC,binary,NDM,binary,,,23,WEAK,Negative,False
KPC,binary,OXA23,binary,,,23,WEAK,Negative,False
KPC,binary,OXA48,binary,,,23,WEAK,Negative,False
KPC,binary,OXA24,binary,,,23,WEAK,Negative,False
KPC,binary,OXA58,binary,,,23,WEAK,Negative,False
KPC,binary,P.C.in.vitro,binary,,,23,WEAK,Negative,False
KPC,binary,Z.A.invitro,binary,,,23,WEAK,Negative,False
KPC,binary,CKD,binary,,,23,WEAK,Negative,False
KPC,binary,HTN,binary,,,23,WEAK,Negative,False
KPC,binary,DM,binary,,,23,WEAK,Negative,False
KPC,binary,COPD,binary,,,23,WEAK,Negative,False
KPC,binary,Hypothyroidism,binary,,,23,WEAK,Negative,False
KPC,binary,UTI.CRO,binary,,,23,WEAK,Negative,False
KPC,binary,IAI.CRO,binary,,,23,WEAK,Negative,False
KPC,binary,ABSSSI.CRO,binary,,,23,WEAK,Negative,False
KPC,binary,HAP.CRO,binary,,,23,WEAK,Negative,False
KPC,binary,VAP.CRO,binary,,,23,WEAK,Negative,False
KPC,binary,CAP.CRO,binary,,,23,WEAK,Negative,False
KPC,binary,BSI.CRO,binary,,,23,WEAK,Negative,False
KPC,binary,Other.CRO,binary,,,23,WEAK,Negative,False
KPC,binary,UTI.NCRO,binary,,,23,WEAK,Negative,False
KPC,binary,IAI.NCRO,binary,,,23,WEAK,Negative,False
KPC,binary,HAP.NCRO,binary,,,23,WEAK,Negative,False
KPC,binary,VAP.NCRO,binary,,,23,WEAK,Negative,False
KPC,binary,CAP.NCRO,binary,,,23,WEAK,Negative,False
KPC,binary,BSI.NCRO,binary,,,23,WEAK,Negative,False
KPC,binary,Other.NCRO,binary,,,23,WEAK,Negative,False
KPC,binary,Hospitalization.in.past.6.Months,binary,,,23,WEAK,Negative,False
KPC,binary,CV.Catheter.in.6.Months,binary,,,23,WEAK,Negative,False
KPC,binary,CV.Catheter.Now,binary,,,23,WEAK,Negative,False
KPC,binary,Urinary.Catheter.in.6.Months,binary,,,23,WEAK,Negative,False
KPC,binary,Urinary.Catheter.Now,binary,,,23,WEAK,Negative,False
KPC,binary,Surgery.in.last.3.Months,binary,,,23,WEAK,Negative,False
KPC,binary,Past.CREPA.infection,binary,,,23,WEAK,Negative,False
KPC,binary,Endoscopy.in.1.week,binary,,,23,WEAK,Negative,False
KPC,binary,Dialysis.in.1.week,binary,,,23,WEAK,Negative,False
KPC,binary,Immunosuppressive.drugs.in.1.week,binary,,,23,WEAK,Negative,False
KPC,binary,Inotropes,binary,,,23,WEAK,Negative,False
KPC,binary,Dialysis.on.day.1,binary,,,23,WEAK,Negative,False
KPC,binary,Ventilation,binary,,,23,WEAK,Negative,False
KPC,binary,Overall.organ.support,binary,,,23,WEAK,Negative,False
KPC,binary,Neutropenia,binary,,,23,WEAK,Negative,False
KPC,binary,HIV.Present,binary,,,23,WEAK,Negative,False
KPC,binary,TB,binary,,,23,WEAK,Negative,False
KPC,binary,Any.Viral.Infection,binary,,,23,WEAK,Negative,False
KPC,binary,Any.Fungal.Infection,binary,,,23,WEAK,Negative,False
KPC,binary,Hemat.Malignancy,binary,,,23,WEAK,Negative,False
KPC,binary,Solid.Organ,binary,,,23,WEAK,Negative,False
KPC,binary,APACHEII,continuous,,,23,WEAK,Negative,False
KPC,binary,SOFA,continuous,,,23,WEAK,Negative,False
KPC,binary,Hb,binary,,,23,WEAK,Negative,False
KPC,binary,TLC,binary,,,23,WEAK,Negative,False
KPC,binary,ANC,binary,,,23,WEAK,Negative,False
KPC,binary,Lympho,binary,,,23,WEAK,Negative,False
KPC,binary,Platelet,binary,,,23,WEAK,Negative,False
KPC,binary,INR,binary,,,23,WEAK,Negative,False
KPC,binary,Bil,binary,,,23,WEAK,Negative,False
KPC,binary,SGPT,binary,,,23,WEAK,Negative,False
KPC,binary,SGOT,binary,,,23,WEAK,Negative,False
KPC,binary,Albumin,binary,,,23,WEAK,Negative,False
KPC,binary,Total.Protein,binary,,,23,WEAK,Negative,False
KPC,binary,Globulin,binary,,,23,WEAK,Negative,False
KPC,binary,ALP,binary,,,23,WEAK,Negative,False
KPC,binary,Creatinine,binary,,,23,WEAK,Negative,False
KPC,binary,Sodium,binary,,,23,WEAK,Negative,False
KPC,binary,Potassium,binary,,,23,WEAK,Negative,False
KPC,binary,Urea,continuous,,,23,WEAK,Negative,False
KPC,binary,Calcium,binary,,,23,WEAK,Negative,False
KPC,binary,Magnesium,binary,,,23,WEAK,Negative,False
KPC,binary,Procalcitonin,binary,,,23,WEAK,Negative,False
KPC,binary,P.C.Z.A.E,binary,,,23,WEAK,Negative,False
KPC,binary,P.C.only.E,binary,,,23,WEAK,Negative,False
KPC,binary,Z.A.only.E,binary,,,23,WEAK,Negative,False
KPC,binary,Neither.Abx.E,binary,,,23,WEAK,Negative,False
KPC,binary,P.C.Z.A.T,binary,,,23,WEAK,Negative,False
KPC,binary,P.C.only.T,binary,,,23,WEAK,Negative,False
KPC,binary,Z.A.only.T,binary,,,23,WEAK,Negative,False
KPC,binary,Neither.Abx.T,binary,,,23,WEAK,Negative,False
KPC,binary,Amoxicillin.Clavulanic.Acid,ordinal,,,23,WEAK,Negative,False
KPC,binary,Amikacin,ordinal,,,23,WEAK,Negative,False
KPC,binary,Aztreonam,ordinal,,,23,WEAK,Negative,False
KPC,binary,Chloramphenicol,ordinal,,,23,WEAK,Negative,False
KPC,binary,Ciprofloxacin,ordinal,,,23,WEAK,Negative,False
KPC,binary,Colistin,ordinal,,,23,WEAK,Negative,False
KPC,binary,Ceftriaxone,ordinal,,,23,WEAK,Negative,False
KPC,binary,Doxycycline,ordinal,,,23,WEAK,Negative,False
KPC,binary,Ertapenem,ordinal,,,23,WEAK,Negative,False
KPC,binary,Cefepime,ordinal,,,23,WEAK,Negative,False
KPC,binary,Fosfomycin,ordinal,,,23,WEAK,Negative,False
KPC,binary,Cefoxitin,ordinal,,,23,WEAK,Negative,False
KPC,binary,Nitrofurantoin,ordinal,,,23,WEAK,Negative,False
KPC,binary,Gentamicin,ordinal,,,23,WEAK,Negative,False
KPC,binary,Imipenem,ordinal,,,23,WEAK,Negative,False
KPC,binary,Levofloxacin,ordinal,,,23,WEAK,Negative,False
KPC,binary,Meropenem,ordinal,,,23,WEAK,Negative,False
KPC,binary,Minocycline,ordinal,,,23,WEAK,Negative,False
KPC,binary,Cefuroxime,ordinal,,,23,WEAK,Negative,False
KPC,binary,Cefoperazone.Sulbactam,ordinal,,,23,WEAK,Negative,False
KPC,binary,Trimethoprim.Sulfamethoxazole,ordinal,,,23,WEAK,Negative,False
KPC,binary,Cefotaxime,ordinal,,,23,WEAK,Negative,False
KPC,binary,Ceftazidime,ordinal,,,23,WEAK,Negative,False
KPC,binary,Tigecycline,ordinal,,,23,WEAK,Negative,False
KPC,binary,Piperacillin.Tazobactam,ordinal,,,23,WEAK,Negative,False
KPC,binary,Ceftazidime.Avibactam,binary,,,23,WEAK,Negative,False
KPC,binary,ESBL.producer,binary,,,23,WEAK,Negative,False
KPC,binary,AmpC,binary,,,23,WEAK,Negative,False
KPC,binary,Carbapenemase,binary,,,23,WEAK,Negative,False
KPC,binary,MRSA,binary,,,23,WEAK,Negative,False
KPC,binary,VAN,binary,,,23,WEAK,Negative,False
KPC,binary,Ceftazidime.Avibactam.T,binary,,,23,WEAK,Negative,False
KPC,binary,Ceftazidime.Avibactam.Aztreonam.T,binary,,,23,WEAK,Negative,False
KPC,binary,Ceftazidime.Avibactam.Aztreonam.Synergy.T,ordinal,,,23,WEAK,Negative,False
KPC,binary,Polymyxin.Colistin.Inclusion.T,binary,,,23,WEAK,Negative,False
KPC,binary,Clinical.Improvement,ordinal,,,23,WEAK,Negative,False
KPC,binary,ICU.Stay.in.28.Days,continuous,,,23,WEAK,Negative,False
KPC,binary,GW.Stay.in.28.Days,continuous,,,23,WEAK,Negative,False
KPC,binary,Total.Hospital.stay.in.28.days,continuous,,,23,WEAK,Negative,False
KPC,binary,Mortality.in.ICU,binary,,,23,WEAK,Negative,False
KPC,binary,Mortality.in.Hospital,binary,,,23,WEAK,Negative,False
KPC,binary,Mortality.post.28.Day.Discharge,binary,,,23,WEAK,Negative,False
KPC,binary,Overall.Mortality,binary,,,23,WEAK,Negative,False
KPC,binary,Relapse.post.28.Day.Discharge,binary,,,23,WEAK,Negative,False
KPC,binary,Other.Illness.Leading.to.Hospitalization.post.28.Days.Discharge,binary,,,23,WEAK,Negative,False
NDM,binary,OXA23,binary,,,23,WEAK,Negative,False
NDM,binary,OXA24,binary,,,23,WEAK,Negative,False
NDM,binary,OXA58,binary,,,23,WEAK,Negative,False
NDM,binary,CKD,binary,,,23,WEAK,Negative,False
NDM,binary,ABSSSI.CRO,binary,,,23,WEAK,Negative,False
NDM,binary,VAP.CRO,binary,,,23,WEAK,Negative,False
NDM,binary,CAP.CRO,binary,,,23,WEAK,Negative,False
NDM,binary,UTI.NCRO,binary,,,23,WEAK,Negative,False
NDM,binary,IAI.NCRO,binary,,,23,WEAK,Negative,False
NDM,binary,HAP.NCRO,binary,,,23,WEAK,Negative,False
NDM,binary,VAP.NCRO,binary,,,23,WEAK,Negative,False
NDM,binary,CAP.NCRO,binary,,,23,WEAK,Negative,False
NDM,binary,BSI.NCRO,binary,,,23,WEAK,Negative,False
NDM,binary,Other.NCRO,binary,,,23,WEAK,Negative,False
NDM,binary,CV.Catheter.Now,binary,,,23,WEAK,Negative,False
NDM,binary,Urinary.Catheter.Now,binary,,,23,WEAK,Negative,False
NDM,binary,Dialysis.in.1.week,binary,,,23,WEAK,Negative,False
NDM,binary,Dialysis.on.day.1,binary,,,23,WEAK,Negative,False
NDM,binary,HIV.Present,binary,,,23,WEAK,Negative,False
NDM,binary,TB,binary,,,23,WEAK,Negative,False
NDM,binary,INR,binary,,,23,WEAK,Negative,False
NDM,binary,Aztreonam,ordinal,,,23,WEAK,Negative,False
NDM,binary,Ciprofloxacin,ordinal,,,23,WEAK,Negative,False
NDM,binary,Cefepime,ordinal,,,23,WEAK,Negative,False
NDM,binary,Cefoxitin,ordinal,,,23,WEAK,Negative,False
NDM,binary,Imipenem,ordinal,,,23,WEAK,Negative,False
NDM,binary,Levofloxacin,ordinal,,,23,WEAK,Negative,False
NDM,binary,ESBL.producer,binary,,,23,WEAK,Negative,False
NDM,binary,AmpC,binary,,,23,WEAK,Negative,False
NDM,binary,Carbapenemase,binary,,,23,WEAK,Negative,False
NDM,binary,MRSA,binary,,,23,WEAK,Negative,False
NDM,binary,VAN,binary,,,23,WEAK,Negative,False
OXA23,binary,OXA48,binary,,,23,WEAK,Negative,False
OXA23,binary,OXA24,binary,,,23,WEAK,Negative,False
OXA23,binary,OXA58,binary,,,23,WEAK,Negative,False
OXA23,binary,P.C.in.vitro,binary,,,23,WEAK,Negative,False
OXA23,binary,Z.A.invitro,binary,,,23,WEAK,Negative,False
OXA23,binary,CKD,binary,,,23,WEAK,Negative,False
OXA23,binary,HTN,binary,,,23,WEAK,Negative,False
OXA23,binary,DM,binary,,,23,WEAK,Negative,False
OXA23,binary,COPD,binary,,,23,WEAK,Negative,False
OXA23,binary,Hypothyroidism,binary,,,23,WEAK,Negative,False
OXA23,binary,UTI.CRO,binary,,,23,WEAK,Negative,False
OXA23,binary,IAI.CRO,binary,,,23,WEAK,Negative,False
OXA23,binary,ABSSSI.CRO,binary,,,23,WEAK,Negative,False
OXA23,binary,HAP.CRO,binary,,,23,WEAK,Negative,False
OXA23,binary,VAP.CRO,binary,,,23,WEAK,Negative,False
OXA23,binary,CAP.CRO,binary,,,23,WEAK,Negative,False
OXA23,binary,BSI.CRO,binary,,,23,WEAK,Negative,False
OXA23,binary,Other.CRO,binary,,,23,WEAK,Negative,False
OXA23,binary,UTI.NCRO,binary,,,23,WEAK,Negative,False
OXA23,binary,IAI.NCRO,binary,,,23,WEAK,Negative,False
OXA23,binary,HAP.NCRO,binary,,,23,WEAK,Negative,False
OXA23,binary,VAP.NCRO,binary,,,23,WEAK,Negative,False
OXA23,binary,CAP.NCRO,binary,,,23,WEAK,Negative,False
OXA23,binary,BSI.NCRO,binary,,,23,WEAK,Negative,False
OXA23,binary,Other.NCRO,binary,,,23,WEAK,Negative,False
OXA23,binary,Hospitalization.in.past.6.Months,binary,,,23,WEAK,Negative,False
OXA23,binary,CV.Catheter.in.6.Months,binary,,,23,WEAK,Negative,False
OXA23,binary,CV.Catheter.Now,binary,,,23,WEAK,Negative,False
OXA23,binary,Urinary.Catheter.in.6.Months,binary,,,23,WEAK,Negative,False
OXA23,binary,Urinary.Catheter.Now,binary,,,23,WEAK,Negative,False
OXA23,binary,Surgery.in.last.3.Months,binary,,,23,WEAK,Negative,False
OXA23,binary,Past.CREPA.infection,binary,,,23,WEAK,Negative,False
OXA23,binary,Endoscopy.in.1.week,binary,,,23,WEAK,Negative,False
OXA23,binary,Dialysis.in.1.week,binary,,,23,WEAK,Negative,False
OXA23,binary,Immunosuppressive.drugs.in.1.week,binary,,,23,WEAK,Negative,False
OXA23,binary,Inotropes,binary,,,23,WEAK,Negative,False
OXA23,binary,Dialysis.on.day.1,binary,,,23,WEAK,Negative,False
OXA23,binary,Ventilation,binary,,,23,WEAK,Negative,False
OXA23,binary,Overall.organ.support,binary,,,23,WEAK,Negative,False
OXA23,binary,Neutropenia,binary,,,23,WEAK,Negative,False
OXA23,binary,HIV.Present,binary,,,23,WEAK,Negative,False
OXA23,binary,TB,binary,,,23,WEAK,Negative,False
OXA23,binary,Any.Viral.Infection,binary,,,23,WEAK,Negative,False
OXA23,binary,Any.Fungal.Infection,binary,,,23,WEAK,Negative,False
OXA23,binary,Hemat.Malignancy,binary,,,23,WEAK,Negative,False
OXA23,binary,Solid.Organ,binary,,,23,WEAK,Negative,False
OXA23,binary,APACHEII,continuous,,,23,WEAK,Negative,False
OXA23,binary,SOFA,continuous,,,23,WEAK,Negative,False
OXA23,binary,Hb,binary,,,23,WEAK,Negative,False
OXA23,binary,TLC,binary,,,23,WEAK,Negative,False
OXA23,binary,ANC,binary,,,23,WEAK,Negative,False
OXA23,binary,Lympho,binary,,,23,WEAK,Negative,False
OXA23,binary,Platelet,binary,,,23,WEAK,Negative,False
OXA23,binary,INR,binary,,,23,WEAK,Negative,False
OXA23,binary,Bil,binary,,,23,WEAK,Negative,False
OXA23,binary,SGPT,binary,,,23,WEAK,Negative,False
OXA23,binary,SGOT,binary,,,23,WEAK,Negative,False
OXA23,binary,Albumin,binary,,,23,WEAK,Negative,False
OXA23,binary,Total.Protein,binary,,,23,WEAK,Negative,False
OXA23,binary,Globulin,binary,,,23,WEAK,Negative,False
OXA23,binary,ALP,binary,,,23,WEAK,Negative,False
OXA23,binary,Creatinine,binary,,,23,WEAK,Negative,False
OXA23,binary,Sodium,binary,,,23,WEAK,Negative,False
OXA23,binary,Potassium,binary,,,23,WEAK,Negative,False
OXA23,binary,Urea,continuous,,,23,WEAK,Negative,False
OXA23,binary,Calcium,binary,,,23,WEAK,Negative,False
OXA23,binary,Magnesium,binary,,,23,WEAK,Negative,False
OXA23,binary,Procalcitonin,binary,,,23,WEAK,Negative,False
OXA23,binary,P.C.Z.A.E,binary,,,23,WEAK,Negative,False
OXA23,binary,P.C.only.E,binary,,,23,WEAK,Negative,False
OXA23,binary,Z.A.only.E,binary,,,23,WEAK,Negative,False
OXA23,binary,Neither.Abx.E,binary,,,23,WEAK,Negative,False
OXA23,binary,P.C.Z.A.T,binary,,,23,WEAK,Negative,False
OXA23,binary,P.C.only.T,binary,,,23,WEAK,Negative,False
OXA23,binary,Z.A.only.T,binary,,,23,WEAK,Negative,False
OXA23,binary,Neither.Abx.T,binary,,,23,WEAK,Negative,False
OXA23,binary,Amoxicillin.Clavulanic.Acid,ordinal,,,23,WEAK,Negative,False
OXA23,binary,Amikacin,ordinal,,,23,WEAK,Negative,False
OXA23,binary,Aztreonam,ordinal,,,23,WEAK,Negative,False
OXA23,binary,Chloramphenicol,ordinal,,,23,WEAK,Negative,False
OXA23,binary,Ciprofloxacin,ordinal,,,23,WEAK,Negative,False
OXA23,binary,Colistin,ordinal,,,23,WEAK,Negative,False
OXA23,binary,Ceftriaxone,ordinal,,,23,WEAK,Negative,False
OXA23,binary,Doxycycline,ordinal,,,23,WEAK,Negative,False
OXA23,binary,Ertapenem,ordinal,,,23,WEAK,Negative,False
OXA23,binary,Cefepime,ordinal,,,23,WEAK,Negative,False
OXA23,binary,Fosfomycin,ordinal,,,23,WEAK,Negative,False
OXA23,binary,Cefoxitin,ordinal,,,23,WEAK,Negative,False
OXA23,binary,Nitrofurantoin,ordinal,,,23,WEAK,Negative,False
OXA23,binary,Gentamicin,ordinal,,,23,WEAK,Negative,False
OXA23,binary,Imipenem,ordinal,,,23,WEAK,Negative,False
OXA23,binary,Levofloxacin,ordinal,,,23,WEAK,Negative,False
OXA23,binary,Meropenem,ordinal,,,23,WEAK,Negative,False
OXA23,binary,Minocycline,ordinal,,,23,WEAK,Negative,False
OXA23,binary,Cefuroxime,ordinal,,,23,WEAK,Negative,False
OXA23,binary,Cefoperazone.Sulbactam,ordinal,,,23,WEAK,Negative,False
OXA23,binary,Trimethoprim.Sulfamethoxazole,ordinal,,,23,WEAK,Negative,False
OXA23,binary,Cefotaxime,ordinal,,,23,WEAK,Negative,False
OXA23,binary,Ceftazidime,ordinal,,,23,WEAK,Negative,False
OXA23,binary,Tigecycline,ordinal,,,23,WEAK,Negative,False
OXA23,binary,Piperacillin.Tazobactam,ordinal,,,23,WEAK,Negative,False
OXA23,binary,Ceftazidime.Avibactam,binary,,,23,WEAK,Negative,False
OXA23,binary,ESBL.producer,binary,,,23,WEAK,Negative,False
OXA23,binary,AmpC,binary,,,23,WEAK,Negative,False
OXA23,binary,Carbapenemase,binary,,,23,WEAK,Negative,False
OXA23,binary,MRSA,binary,,,23,WEAK,Negative,False
OXA23,binary,VAN,binary,,,23,WEAK,Negative,False
OXA23,binary,Ceftazidime.Avibactam.T,binary,,,23,WEAK,Negative,False
OXA23,binary,Ceftazidime.Avibactam.Aztreonam.T,binary,,,23,WEAK,Negative,False
OXA23,binary,Ceftazidime.Avibactam.Aztreonam.Synergy.T,ordinal,,,23,WEAK,Negative,False
OXA23,binary,Polymyxin.Colistin.Inclusion.T,binary,,,23,WEAK,Negative,False
OXA23,binary,Clinical.Improvement,ordinal,,,23,WEAK,Negative,False
OXA23,binary,ICU.Stay.in.28.Days,continuous,,,23,WEAK,Negative,False
OXA23,binary,GW.Stay.in.28.Days,continuous,,,23,WEAK,Negative,False
OXA23,binary,Total.Hospital.stay.in.28.days,continuous,,,23,WEAK,Negative,False
OXA23,binary,Mortality.in.ICU,binary,,,23,WEAK,Negative,False
OXA23,binary,Mortality.in.Hospital,binary,,,23,WEAK,Negative,False
OXA23,binary,Mortality.post.28.Day.Discharge,binary,,,23,WEAK,Negative,False
OXA23,binary,Overall.Mortality,binary,,,23,WEAK,Negative,False
OXA23,binary,Relapse.post.28.Day.Discharge,binary,,,23,WEAK,Negative,False
OXA23,binary,Other.Illness.Leading.to.Hospitalization.post.28.Days.Discharge,binary,,,23,WEAK,Negative,False
OXA48,binary,OXA24,binary,,,23,WEAK,Negative,False
OXA48,binary,OXA58,binary,,,23,WEAK,Negative,False
OXA48,binary,CKD,binary,,,23,WEAK,Negative,False
OXA48,binary,ABSSSI.CRO,binary,,,23,WEAK,Negative,False
OXA48,binary,VAP.CRO,binary,,,23,WEAK,Negative,False
OXA48,binary,CAP.CRO,binary,,,23,WEAK,Negative,False
OXA48,binary,UTI.NCRO,binary,,,23,WEAK,Negative,False
OXA48,binary,IAI.NCRO,binary,,,23,WEAK,Negative,False
OXA48,binary,HAP.NCRO,binary,,,23,WEAK,Negative,False
OXA48,binary,VAP.NCRO,binary,,,23,WEAK,Negative,False
OXA48,binary,CAP.NCRO,binary,,,23,WEAK,Negative,False
OXA48,binary,BSI.NCRO,binary,,,23,WEAK,Negative,False
OXA48,binary,Other.NCRO,binary,,,23,WEAK,Negative,False
OXA48,binary,CV.Catheter.Now,binary,,,23,WEAK,Negative,False
OXA48,binary,Urinary.Catheter.Now,binary,,,23,WEAK,Negative,False
OXA48,binary,Dialysis.in.1.week,binary,,,23,WEAK,Negative,False
OXA48,binary,Dialysis.on.day.1,binary,,,23,WEAK,Negative,False
OXA48,binary,HIV.Present,binary,,,23,WEAK,Negative,False
OXA48,binary,TB,binary,,,23,WEAK,Negative,False
OXA48,binary,INR,binary,,,23,WEAK,Negative,False
OXA48,binary,Aztreonam,ordinal,,,23,WEAK,Negative,False
OXA48,binary,Ciprofloxacin,ordinal,,,23,WEAK,Negative,False
OXA48,binary,Cefepime,ordinal,,,23,WEAK,Negative,False
OXA48,binary,Cefoxitin,ordinal,,,23,WEAK,Negative,False
OXA48,binary,Imipenem,ordinal,,,23,WEAK,Negative,False
OXA48,binary,Levofloxacin,ordinal,,,23,WEAK,Negative,False
OXA48,binary,ESBL.producer,binary,,,23,WEAK,Negative,False
OXA48,binary,AmpC,binary,,,23,WEAK,Negative,False
OXA48,binary,Carbapenemase,binary,,,23,WEAK,Negative,False
OXA48,binary,MRSA,binary,,,23,WEAK,Negative,False
OXA48,binary,VAN,binary,,,23,WEAK,Negative,False
OXA24,binary,OXA58,binary,,,23,WEAK,Negative,False
OXA24,binary,P.C.in.vitro,binary,,,23,WEAK,Negative,False
OXA24,binary,Z.A.invitro,binary,,,23,WEAK,Negative,False
OXA24,binary,CKD,binary,,,23,WEAK,Negative,False
OXA24,binary,HTN,binary,,,23,WEAK,Negative,False
OXA24,binary,DM,binary,,,23,WEAK,Negative,False
OXA24,binary,COPD,binary,,,23,WEAK,Negative,False
OXA24,binary,Hypothyroidism,binary,,,23,WEAK,Negative,False
OXA24,binary,UTI.CRO,binary,,,23,WEAK,Negative,False
OXA24,binary,IAI.CRO,binary,,,23,WEAK,Negative,False
OXA24,binary,ABSSSI.CRO,binary,,,23,WEAK,Negative,False
OXA24,binary,HAP.CRO,binary,,,23,WEAK,Negative,False
OXA24,binary,VAP.CRO,binary,,,23,WEAK,Negative,False
OXA24,binary,CAP.CRO,binary,,,23,WEAK,Negative,False
OXA24,binary,BSI.CRO,binary,,,23,WEAK,Negative,False
OXA24,binary,Other.CRO,binary,,,23,WEAK,Negative,False
OXA24,binary,UTI.NCRO,binary,,,23,WEAK,Negative,False
OXA24,binary,IAI.NCRO,binary,,,23,WEAK,Negative,False
OXA24,binary,HAP.NCRO,binary,,,23,WEAK,Negative,False
OXA24,binary,VAP.NCRO,binary,,,23,WEAK,Negative,False
OXA24,binary,CAP.NCRO,binary,,,23,WEAK,Negative,False
OXA24,binary,BSI.NCRO,binary,,,23,WEAK,Negative,False
OXA24,binary,Other.NCRO,binary,,,23,WEAK,Negative,False
OXA24,binary,Hospitalization.in.past.6.Months,binary,,,23,WEAK,Negative,False
OXA24,binary,CV.Catheter.in.6.Months,binary,,,23,WEAK,Negative,False
OXA24,binary,CV.Catheter.Now,binary,,,23,WEAK,Negative,False
OXA24,binary,Urinary.Catheter.in.6.Months,binary,,,23,WEAK,Negative,False
OXA24,binary,Urinary.Catheter.Now,binary,,,23,WEAK,Negative,False
OXA24,binary,Surgery.in.last.3.Months,binary,,,23,WEAK,Negative,False
OXA24,binary,Past.CREPA.infection,binary,,,23,WEAK,Negative,False
OXA24,binary,Endoscopy.in.1.week,binary,,,23,WEAK,Negative,False
OXA24,binary,Dialysis.in.1.week,binary,,,23,WEAK,Negative,False
OXA24,binary,Immunosuppressive.drugs.in.1.week,binary,,,23,WEAK,Negative,False
OXA24,binary,Inotropes,binary,,,23,WEAK,Negative,False
OXA24,binary,Dialysis.on.day.1,binary,,,23,WEAK,Negative,False
OXA24,binary,Ventilation,binary,,,23,WEAK,Negative,False
OXA24,binary,Overall.organ.support,binary,,,23,WEAK,Negative,False
OXA24,binary,Neutropenia,binary,,,23,WEAK,Negative,False
OXA24,binary,HIV.Present,binary,,,23,WEAK,Negative,False
OXA24,binary,TB,binary,,,23,WEAK,Negative,False
OXA24,binary,Any.Viral.Infection,binary,,,23,WEAK,Negative,False
OXA24,binary,Any.Fungal.Infection,binary,,,23,WEAK,Negative,False
OXA24,binary,Hemat.Malignancy,binary,,,23,WEAK,Negative,False
OXA24,binary,Solid.Organ,binary,,,23,WEAK,Negative,False
OXA24,binary,APACHEII,continuous,,,23,WEAK,Negative,False
OXA24,binary,SOFA,continuous,,,23,WEAK,Negative,False
OXA24,binary,Hb,binary,,,23,WEAK,Negative,False
OXA24,binary,TLC,binary,,,23,WEAK,Negative,False
OXA24,binary,ANC,binary,,,23,WEAK,Negative,False
OXA24,binary,Lympho,binary,,,23,WEAK,Negative,False
OXA24,binary,Platelet,binary,,,23,WEAK,Negative,False
OXA24,binary,INR,binary,,,23,WEAK,Negative,False
OXA24,binary,Bil,binary,,,23,WEAK,Negative,False
OXA24,binary,SGPT,binary,,,23,WEAK,Negative,False
OXA24,binary,SGOT,binary,,,23,WEAK,Negative,False
OXA24,binary,Albumin,binary,,,23,WEAK,Negative,False
OXA24,binary,Total.Protein,binary,,,23,WEAK,Negative,False
OXA24,binary,Globulin,binary,,,23,WEAK,Negative,False
OXA24,binary,ALP,binary,,,23,WEAK,Negative,False
OXA24,binary,Creatinine,binary,,,23,WEAK,Negative,False
OXA24,binary,Sodium,binary,,,23,WEAK,Negative,False
OXA24,binary,Potassium,binary,,,23,WEAK,Negative,False
OXA24,binary,Urea,continuous,,,23,WEAK,Negative,False
OXA24,binary,Calcium,binary,,,23,WEAK,Negative,False
OXA24,binary,Magnesium,binary,,,23,WEAK,Negative,False
OXA24,binary,Procalcitonin,binary,,,23,WEAK,Negative,False
OXA24,binary,P.C.Z.A.E,binary,,,23,WEAK,Negative,False
OXA24,binary,P.C.only.E,binary,,,23,WEAK,Negative,False
OXA24,binary,Z.A.only.E,binary,,,23,WEAK,Negative,False
OXA24,binary,Neither.Abx.E,binary,,,23,WEAK,Negative,False
OXA24,binary,P.C.Z.A.T,binary,,,23,WEAK,Negative,False
OXA24,binary,P.C.only.T,binary,,,23,WEAK,Negative,False
OXA24,binary,Z.A.only.T,binary,,,23,WEAK,Negative,False
OXA24,binary,Neither.Abx.T,binary,,,23,WEAK,Negative,False
OXA24,binary,Amoxicillin.Clavulanic.Acid,ordinal,,,23,WEAK,Negative,False
OXA24,binary,Amikacin,ordinal,,,23,WEAK,Negative,False
OXA24,binary,Aztreonam,ordinal,,,23,WEAK,Negative,False
OXA24,binary,Chloramphenicol,ordinal,,,23,WEAK,Negative,False
OXA24,binary,Ciprofloxacin,ordinal,,,23,WEAK,Negative,False
OXA24,binary,Colistin,ordinal,,,23,WEAK,Negative,False
OXA24,binary,Ceftriaxone,ordinal,,,23,WEAK,Negative,False
OXA24,binary,Doxycycline,ordinal,,,23,WEAK,Negative,False
OXA24,binary,Ertapenem,ordinal,,,23,WEAK,Negative,False
OXA24,binary,Cefepime,ordinal,,,23,WEAK,Negative,False
OXA24,binary,Fosfomycin,ordinal,,,23,WEAK,Negative,False
OXA24,binary,Cefoxitin,ordinal,,,23,WEAK,Negative,False
OXA24,binary,Nitrofurantoin,ordinal,,,23,WEAK,Negative,False
OXA24,binary,Gentamicin,ordinal,,,23,WEAK,Negative,False
OXA24,binary,Imipenem,ordinal,,,23,WEAK,Negative,False
OXA24,binary,Levofloxacin,ordinal,,,23,WEAK,Negative,False
OXA24,binary,Meropenem,ordinal,,,23,WEAK,Negative,False
OXA24,binary,Minocycline,ordinal,,,23,WEAK,Negative,False
OXA24,binary,Cefuroxime,ordinal,,,23,WEAK,Negative,False
OXA24,binary,Cefoperazone.Sulbactam,ordinal,,,23,WEAK,Negative,False
OXA24,binary,Trimethoprim.Sulfamethoxazole,ordinal,,,23,WEAK,Negative,False
OXA24,binary,Cefotaxime,ordinal,,,23,WEAK,Negative,False
OXA24,binary,Ceftazidime,ordinal,,,23,WEAK,Negative,False
OXA24,binary,Tigecycline,ordinal,,,23,WEAK,Negative,False
OXA24,binary,Piperacillin.Tazobactam,ordinal,,,23,WEAK,Negative,False
OXA24,binary,Ceftazidime.Avibactam,binary,,,23,WEAK,Negative,False
OXA24,binary,ESBL.producer,binary,,,23,WEAK,Negative,False
OXA24,binary,AmpC,binary,,,23,WEAK,Negative,False
OXA24,binary,Carbapenemase,binary,,,23,WEAK,Negative,False
OXA24,binary,MRSA,binary,,,23,WEAK,Negative,False
OXA24,binary,VAN,binary,,,23,WEAK,Negative,False
OXA24,binary,Ceftazidime.Avibactam.T,binary,,,23,WEAK,Negative,False
OXA24,binary,Ceftazidime.Avibactam.Aztreonam.T,binary,,,23,WEAK,Negative,False
OXA24,binary,Ceftazidime.Avibactam.Aztreonam.Synergy.T,ordinal,,,23,WEAK,Negative,False
OXA24,binary,Polymyxin.Colistin.Inclusion.T,binary,,,23,WEAK,Negative,False
OXA24,binary,Clinical.Improvement,ordinal,,,23,WEAK,Negative,False
OXA24,binary,ICU.Stay.in.28.Days,continuous,,,23,WEAK,Negative,False
OXA24,binary,GW.Stay.in.28.Days,continuous,,,23,WEAK,Negative,False
OXA24,binary,Total.Hospital.stay.in.28.days,continuous,,,23,WEAK,Negative,False
OXA24,binary,Mortality.in.ICU,binary,,,23,WEAK,Negative,False
OXA24,binary,Mortality.in.Hospital,binary,,,23,WEAK,Negative,False
OXA24,binary,Mortality.post.28.Day.Discharge,binary,,,23,WEAK,Negative,False
OXA24,binary,Overall.Mortality,binary,,,23,WEAK,Negative,False
OXA24,binary,Relapse.post.28.Day.Discharge,binary,,,23,WEAK,Negative,False
OXA24,binary,Other.Illness.Leading.to.Hospitalization.post.28.Days.Discharge,binary,,,23,WEAK,Negative,False
OXA58,binary,P.C.in.vitro,binary,,,23,WEAK,Negative,False
OXA58,binary,Z.A.invitro,binary,,,23,WEAK,Negative,False
OXA58,binary,CKD,binary,,,23,WEAK,Negative,False
OXA58,binary,HTN,binary,,,23,WEAK,Negative,False
OXA58,binary,DM,binary,,,23,WEAK,Negative,False
OXA58,binary,COPD,binary,,,23,WEAK,Negative,False
OXA58,binary,Hypothyroidism,binary,,,23,WEAK,Negative,False
OXA58,binary,UTI.CRO,binary,,,23,WEAK,Negative,False
OXA58,binary,IAI.CRO,binary,,,23,WEAK,Negative,False
OXA58,binary,ABSSSI.CRO,binary,,,23,WEAK,Negative,False
OXA58,binary,HAP.CRO,binary,,,23,WEAK,Negative,False
OXA58,binary,VAP.CRO,binary,,,23,WEAK,Negative,False
OXA58,binary,CAP.CRO,binary,,,23,WEAK,Negative,False
OXA58,binary,BSI.CRO,binary,,,23,WEAK,Negative,False
OXA58,binary,Other.CRO,binary,,,23,WEAK,Negative,False
OXA58,binary,UTI.NCRO,binary,,,23,WEAK,Negative,False
OXA58,binary,IAI.NCRO,binary,,,23,WEAK,Negative,False
OXA58,binary,HAP.NCRO,binary,,,23,WEAK,Negative,False
OXA58,binary,VAP.NCRO,binary,,,23,WEAK,Negative,False
OXA58,binary,CAP.NCRO,binary,,,23,WEAK,Negative,False
OXA58,binary,BSI.NCRO,binary,,,23,WEAK,Negative,False
OXA58,binary,Other.NCRO,binary,,,23,WEAK,Negative,False
OXA58,binary,Hospitalization.in.past.6.Months,binary,,,23,WEAK,Negative,False
OXA58,binary,CV.Catheter.in.6.Months,binary,,,23,WEAK,Negative,False
OXA58,binary,CV.Catheter.Now,binary,,,23,WEAK,Negative,False
OXA58,binary,Urinary.Catheter.in.6.Months,binary,,,23,WEAK,Negative,False
OXA58,binary,Urinary.Catheter.Now,binary,,,23,WEAK,Negative,False
OXA58,binary,Surgery.in.last.3.Months,binary,,,23,WEAK,Negative,False
OXA58,binary,Past.CREPA.infection,binary,,,23,WEAK,Negative,False
OXA58,binary,Endoscopy.in.1.week,binary,,,23,WEAK,Negative,False
OXA58,binary,Dialysis.in.1.week,binary,,,23,WEAK,Negative,False
OXA58,binary,Immunosuppressive.drugs.in.1.week,binary,,,23,WEAK,Negative,False
OXA58,binary,Inotropes,binary,,,23,WEAK,Negative,False
OXA58,binary,Dialysis.on.day.1,binary,,,23,WEAK,Negative,False
OXA58,binary,Ventilation,binary,,,23,WEAK,Negative,False
OXA58,binary,Overall.organ.support,binary,,,23,WEAK,Negative,False
OXA58,binary,Neutropenia,binary,,,23,WEAK,Negative,False
OXA58,binary,HIV.Present,binary,,,23,WEAK,Negative,False
OXA58,binary,TB,binary,,,23,WEAK,Negative,False
OXA58,binary,Any.Viral.Infection,binary,,,23,WEAK,Negative,False
OXA58,binary,Any.Fungal.Infection,binary,,,23,WEAK,Negative,False
OXA58,binary,Hemat.Malignancy,binary,,,23,WEAK,Negative,False
OXA58,binary,Solid.Organ,binary,,,23,WEAK,Negative,False
OXA58,binary,APACHEII,continuous,,,23,WEAK,Negative,False
OXA58,binary,SOFA,continuous,,,23,WEAK,Negative,False
OXA58,binary,Hb,binary,,,23,WEAK,Negative,False
OXA58,binary,TLC,binary,,,23,WEAK,Negative,False
OXA58,binary,ANC,binary,,,23,WEAK,Negative,False
OXA58,binary,Lympho,binary,,,23,WEAK,Negative,False
OXA58,binary,Platelet,binary,,,23,WEAK,Negative,False
OXA58,binary,INR,binary,,,23,WEAK,Negative,False
OXA58,binary,Bil,binary,,,23,WEAK,Negative,False
OXA58,binary,SGPT,binary,,,23,WEAK,Negative,False
OXA58,binary,SGOT,binary,,,23,WEAK,Negative,False
OXA58,binary,Albumin,binary,,,23,WEAK,Negative,False
OXA58,binary,Total.Protein,binary,,,23,WEAK,Negative,False
OXA58,binary,Globulin,binary,,,23,WEAK,Negative,False
OXA58,binary,ALP,binary,,,23,WEAK,Negative,False
OXA58,binary,Creatinine,binary,,,23,WEAK,Negative,False
OXA58,binary,Sodium,binary,,,23,WEAK,Negative,False
OXA58,binary,Potassium,binary,,,23,WEAK,Negative,False
OXA58,binary,Urea,continuous,,,23,WEAK,Negative,False
OXA58,binary,Calcium,binary,,,23,WEAK,Negative,False
OXA58,binary,Magnesium,binary,,,23,WEAK,Negative,False
OXA58,binary,Procalcitonin,binary,,,23,WEAK,Negative,False
OXA58,binary,P.C.Z.A.E,binary,,,23,WEAK,Negative,False
OXA58,binary,P.C.only.E,binary,,,23,WEAK,Negative,False
OXA58,binary,Z.A.only.E,binary,,,23,WEAK,Negative,False
OXA58,binary,Neither.Abx.E,binary,,,23,WEAK,Negative,False
OXA58,binary,P.C.Z.A.T,binary,,,23,WEAK,Negative,False
OXA58,binary,P.C.only.T,binary,,,23,WEAK,Negative,False
OXA58,binary,Z.A.only.T,binary,,,23,WEAK,Negative,False
OXA58,binary,Neither.Abx.T,binary,,,23,WEAK,Negative,False
OXA58,binary,Amoxicillin.Clavulanic.Acid,ordinal,,,23,WEAK,Negative,False
OXA58,binary,Amikacin,ordinal,,,23,WEAK,Negative,False
OXA58,binary,Aztreonam,ordinal,,,23,WEAK,Negative,False
OXA58,binary,Chloramphenicol,ordinal,,,23,WEAK,Negative,False
OXA58,binary,Ciprofloxacin,ordinal,,,23,WEAK,Negative,False
OXA58,binary,Colistin,ordinal,,,23,WEAK,Negative,False
OXA58,binary,Ceftriaxone,ordinal,,,23,WEAK,Negative,False
OXA58,binary,Doxycycline,ordinal,,,23,WEAK,Negative,False
OXA58,binary,Ertapenem,ordinal,,,23,WEAK,Negative,False
OXA58,binary,Cefepime,ordinal,,,23,WEAK,Negative,False
OXA58,binary,Fosfomycin,ordinal,,,23,WEAK,Negative,False
OXA58,binary,Cefoxitin,ordinal,,,23,WEAK,Negative,False
OXA58,binary,Nitrofurantoin,ordinal,,,23,WEAK,Negative,False
OXA58,binary,Gentamicin,ordinal,,,23,WEAK,Negative,False
OXA58,binary,Imipenem,ordinal,,,23,WEAK,Negative,False
OXA58,binary,Levofloxacin,ordinal,,,23,WEAK,Negative,False
OXA58,binary,Meropenem,ordinal,,,23,WEAK,Negative,False
OXA58,binary,Minocycline,ordinal,,,23,WEAK,Negative,False
OXA58,binary,Cefuroxime,ordinal,,,23,WEAK,Negative,False
OXA58,binary,Cefoperazone.Sulbactam,ordinal,,,23,WEAK,Negative,False
OXA58,binary,Trimethoprim.Sulfamethoxazole,ordinal,,,23,WEAK,Negative,False
OXA58,binary,Cefotaxime,ordinal,,,23,WEAK,Negative,False
OXA58,binary,Ceftazidime,ordinal,,,23,WEAK,Negative,False
OXA58,binary,Tigecycline,ordinal,,,23,WEAK,Negative,False
OXA58,binary,Piperacillin.Tazobactam,ordinal,,,23,WEAK,Negative,False
OXA58,binary,Ceftazidime.Avibactam,binary,,,23,WEAK,Negative,False
OXA58,binary,ESBL.producer,binary,,,23,WEAK,Negative,False
OXA58,binary,AmpC,binary,,,23,WEAK,Negative,False
OXA58,binary,Carbapenemase,binary,,,23,WEAK,Negative,False
OXA58,binary,MRSA,binary,,,23,WEAK,Negative,False
OXA58,binary,VAN,binary,,,23,WEAK,Negative,False
OXA58,binary,Ceftazidime.Avibactam.T,binary,,,23,WEAK,Negative,False
OXA58,binary,Ceftazidime.Avibactam.Aztreonam.T,binary,,,23,WEAK,Negative,False
OXA58,binary,Ceftazidime.Avibactam.Aztreonam.Synergy.T,ordinal,,,23,WEAK,Negative,False
OXA58,binary,Polymyxin.Colistin.Inclusion.T,binary,,,23,WEAK,Negative,False
OXA58,binary,Clinical.Improvement,ordinal,,,23,WEAK,Negative,False
OXA58,binary,ICU.Stay.in.28.Days,continuous,,,23,WEAK,Negative,False
OXA58,binary,GW.Stay.in.28.Days,continuous,,,23,WEAK,Negative,False
OXA58,binary,Total.Hospital.stay.in.28.days,continuous,,,23,WEAK,Negative,False
OXA58,binary,Mortality.in.ICU,binary,,,23,WEAK,Negative,False
OXA58,binary,Mortality.in.Hospital,binary,,,23,WEAK,Negative,False
OXA58,binary,Mortality.post.28.Day.Discharge,binary,,,23,WEAK,Negative,False
OXA58,binary,Overall.Mortality,binary,,,23,WEAK,Negative,False
OXA58,binary,Relapse.post.28.Day.Discharge,binary,,,23,WEAK,Negative,False
OXA58,binary,Other.Illness.Leading.to.Hospitalization.post.28.Days.Discharge,binary,,,23,WEAK,Negative,False
P.C.in.vitro,binary,CKD,binary,,,23,WEAK,Negative,False
P.C.in.vitro,binary,ABSSSI.CRO,binary,,,23,WEAK,Negative,False
P.C.in.vitro,binary,VAP.CRO,binary,,,23,WEAK,Negative,False
P.C.in.vitro,binary,CAP.CRO,binary,,,23,WEAK,Negative,False
P.C.in.vitro,binary,UTI.NCRO,binary,,,23,WEAK,Negative,False
P.C.in.vitro,binary,IAI.NCRO,binary,,,23,WEAK,Negative,False
P.C.in.vitro,binary,HAP.NCRO,binary,,,23,WEAK,Negative,False
P.C.in.vitro,binary,VAP.NCRO,binary,,,23,WEAK,Negative,False
P.C.in.vitro,binary,CAP.NCRO,binary,,,23,WEAK,Negative,False
P.C.in.vitro,binary,BSI.NCRO,binary,,,23,WEAK,Negative,False
P.C.in.vitro,binary,Other.NCRO,binary,,,23,WEAK,Negative,False
P.C.in.vitro,binary,CV.Catheter.Now,binary,,,23,WEAK,Negative,False
P.C.in.vitro,binary,Urinary.Catheter.Now,binary,,,23,WEAK,Negative,False
P.C.in.vitro,binary,Dialysis.in.1.week,binary,,,23,WEAK,Negative,False
P.C.in.vitro,binary,Dialysis.on.day.1,binary,,,23,WEAK,Negative,False
P.C.in.vitro,binary,HIV.Present,binary,,,23,WEAK,Negative,False
P.C.in.vitro,binary,TB,binary,,,23,WEAK,Negative,False
P.C.in.vitro,binary,INR,binary,,,23,WEAK,Negative,False
P.C.in.vitro,binary,Aztreonam,ordinal,,,23,WEAK,Negative,False
P.C.in.vitro,binary,Ciprofloxacin,ordinal,,,23,WEAK,Negative,False
P.C.in.vitro,binary,Cefepime,ordinal,,,23,WEAK,Negative,False
P.C.in.vitro,binary,Cefoxitin,ordinal,,,23,WEAK,Negative,False
P.C.in.vitro,binary,Imipenem,ordinal,,,23,WEAK,Negative,False
P.C.in.vitro,binary,Levofloxacin,ordinal,,,23,WEAK,Negative,False
P.C.in.vitro,binary,ESBL.producer,binary,,,23,WEAK,Negative,False
P.C.in.vitro,binary,AmpC,binary,,,23,WEAK,Negative,False
P.C.in.vitro,binary,Carbapenemase,binary,,,23,WEAK,Negative,False
P.C.in.vitro,binary,MRSA,binary,,,23,WEAK,Negative,False
P.C.in.vitro,binary,VAN,binary,,,23,WEAK,Negative,False
Z.A.invitro,binary,CKD,binary,,,23,WEAK,Negative,False
Z.A.invitro,binary,ABSSSI.CRO,binary,,,23,WEAK,Negative,False
Z.A.invitro,binary,VAP.CRO,binary,,,23,WEAK,Negative,False
Z.A.invitro,binary,CAP.CRO,binary,,,23,WEAK,Negative,False
Z.A.invitro,binary,UTI.NCRO,binary,,,23,WEAK,Negative,False
Z.A.invitro,binary,IAI.NCRO,binary,,,23,WEAK,Negative,False
Z.A.invitro,binary,HAP.NCRO,binary,,,23,WEAK,Negative,False
Z.A.invitro,binary,VAP.NCRO,binary,,,23,WEAK,Negative,False
Z.A.invitro,binary,CAP.NCRO,binary,,,23,WEAK,Negative,False
Z.A.invitro,binary,BSI.NCRO,binary,,,23,WEAK,Negative,False
Z.A.invitro,binary,Other.NCRO,binary,,,23,WEAK,Negative,False
Z.A.invitro,binary,CV.Catheter.Now,binary,,,23,WEAK,Negative,False
Z.A.invitro,binary,Urinary.Catheter.Now,binary,,,23,WEAK,Negative,False
Z.A.invitro,binary,Dialysis.in.1.week,binary,,,23,WEAK,Negative,False
Z.A.invitro,binary,Dialysis.on.day.1,binary,,,23,WEAK,Negative,False
Z.A.invitro,binary,HIV.Present,binary,,,23,WEAK,Negative,False
Z.A.invitro,binary,TB,binary,,,23,WEAK,Negative,False
Z.A.invitro,binary,INR,binary,,,23,WEAK,Negative,False
Z.A.invitro,binary,Aztreonam,ordinal,,,23,WEAK,Negative,False
Z.A.invitro,binary,Ciprofloxacin,ordinal,,,23,WEAK,Negative,False
Z.A.invitro,binary,Cefepime,ordinal,,,23,WEAK,Negative,False
Z.A.invitro,binary,Cefoxitin,ordinal,,,23,WEAK,Negative,False
Z.A.invitro,binary,Imipenem,ordinal,,,23,WEAK,Negative,False
Z.A.invitro,binary,Levofloxacin,ordinal,,,23,WEAK,Negative,False
Z.A.invitro,binary,ESBL.producer,binary,,,23,WEAK,Negative,False
Z.A.invitro,binary,AmpC,binary,,,23,WEAK,Negative,False
Z.A.invitro,binary,Carbapenemase,binary,,,23,WEAK,Negative,False
Z.A.invitro,binary,MRSA,binary,,,23,WEAK,Negative,False
Z.A.invitro,binary,VAN,binary,,,23,WEAK,Negative,False
CKD,binary,HTN,binary,,,23,WEAK,Negative,False
CKD,binary,DM,binary,,,23,WEAK,Negative,False
CKD,binary,COPD,binary,,,23,WEAK,Negative,False
CKD,binary,Hypothyroidism,binary,,,23,WEAK,Negative,False
CKD,binary,UTI.CRO,binary,,,23,WEAK,Negative,False
CKD,binary,IAI.CRO,binary,,,23,WEAK,Negative,False
CKD,binary,ABSSSI.CRO,binary,,,23,WEAK,Negative,False
CKD,binary,HAP.CRO,binary,,,23,WEAK,Negative,False
CKD,binary,VAP.CRO,binary,,,23,WEAK,Negative,False
CKD,binary,CAP.CRO,binary,,,23,WEAK,Negative,False
CKD,binary,BSI.CRO,binary,,,23,WEAK,Negative,False
CKD,binary,Other.CRO,binary,,,23,WEAK,Negative,False
CKD,binary,UTI.NCRO,binary,,,23,WEAK,Negative,False
CKD,binary,IAI.NCRO,binary,,,23,WEAK,Negative,False
CKD,binary,HAP.NCRO,binary,,,23,WEAK,Negative,False
CKD,binary,VAP.NCRO,binary,,,23,WEAK,Negative,False
CKD,binary,CAP.NCRO,binary,,,23,WEAK,Negative,False
CKD,binary,BSI.NCRO,binary,,,23,WEAK,Negative,False
CKD,binary,Other.NCRO,binary,,,23,WEAK,Negative,False
CKD,binary,Hospitalization.in.past.6.Months,binary,,,23,WEAK,Negative,False
CKD,binary,CV.Catheter.in.6.Months,binary,,,23,WEAK,Negative,False
CKD,binary,CV.Catheter.Now,binary,,,23,WEAK,Negative,False
CKD,binary,Urinary.Catheter.in.6.Months,binary,,,23,WEAK,Negative,False
CKD,binary,Urinary.Catheter.Now,binary,,,23,WEAK,Negative,False
CKD,binary,Surgery.in.last.3.Months,binary,,,23,WEAK,Negative,False
CKD,binary,Past.CREPA.infection,binary,,,23,WEAK,Negative,False
CKD,binary,Endoscopy.in.1.week,binary,,,23,WEAK,Negative,False
CKD,binary,Dialysis.in.1.week,binary,,,23,WEAK,Negative,False
CKD,binary,Immunosuppressive.drugs.in.1.week,binary,,,23,WEAK,Negative,False
CKD,binary,Inotropes,binary,,,23,WEAK,Negative,False
CKD,binary,Dialysis.on.day.1,binary,,,23,WEAK,Negative,False
CKD,binary,Ventilation,binary,,,23,WEAK,Negative,False
CKD,binary,Overall.organ.support,binary,,,23,WEAK,Negative,False
CKD,binary,Neutropenia,binary,,,23,WEAK,Negative,False
CKD,binary,HIV.Present,binary,,,23,WEAK,Negative,False
CKD,binary,TB,binary,,,23,WEAK,Negative,False
CKD,binary,Any.Viral.Infection,binary,,,23,WEAK,Negative,False
CKD,binary,Any.Fungal.Infection,binary,,,23,WEAK,Negative,False
CKD,binary,Hemat.Malignancy,binary,,,23,WEAK,Negative,False
CKD,binary,Solid.Organ,binary,,,23,WEAK,Negative,False
CKD,binary,APACHEII,continuous,,,23,WEAK,Negative,False
CKD,binary,SOFA,continuous,,,23,WEAK,Negative,False
CKD,binary,Hb,binary,,,23,WEAK,Negative,False
CKD,binary,TLC,binary,,,23,WEAK,Negative,False
CKD,binary,ANC,binary,,,23,WEAK,Negative,False
CKD,binary,Lympho,binary,,,23,WEAK,Negative,False
CKD,binary,Platelet,binary,,,23,WEAK,Negative,False
CKD,binary,INR,binary,,,23,WEAK,Negative,False
CKD,binary,Bil,binary,,,23,WEAK,Negative,False
CKD,binary,SGPT,binary,,,23,WEAK,Negative,False
CKD,binary,SGOT,binary,,,23,WEAK,Negative,False
CKD,binary,Albumin,binary,,,23,WEAK,Negative,False
CKD,binary,Total.Protein,binary,,,23,WEAK,Negative,False
CKD,binary,Globulin,binary,,,23,WEAK,Negative,False
CKD,binary,ALP,binary,,,23,WEAK,Negative,False
CKD,binary,Creatinine,binary,,,23,WEAK,Negative,False
CKD,binary,Sodium,binary,,,23,WEAK,Negative,False
CKD,binary,Potassium,binary,,,23,WEAK,Negative,False
CKD,binary,Urea,continuous,,,23,WEAK,Negative,False
CKD,binary,Calcium,binary,,,23,WEAK,Negative,False
CKD,binary,Magnesium,binary,,,23,WEAK,Negative,False
CKD,binary,Procalcitonin,binary,,,23,WEAK,Negative,False
CKD,binary,P.C.Z.A.E,binary,,,23,WEAK,Negative,False
CKD,binary,P.C.only.E,binary,,,23,WEAK,Negative,False
CKD,binary,Z.A.only.E,binary,,,23,WEAK,Negative,False
CKD,binary,Neither.Abx.E,binary,,,23,WEAK,Negative,False
CKD,binary,P.C.Z.A.T,binary,,,23,WEAK,Negative,False
CKD,binary,P.C.only.T,binary,,,23,WEAK,Negative,False
CKD,binary,Z.A.only.T,binary,,,23,WEAK,Negative,False
CKD,binary,Neither.Abx.T,binary,,,23,WEAK,Negative,False
CKD,binary,Amoxicillin.Clavulanic.Acid,ordinal,,,23,WEAK,Negative,False
CKD,binary,Amikacin,ordinal,,,23,WEAK,Negative,False
CKD,binary,Aztreonam,ordinal,,,23,WEAK,Negative,False
CKD,binary,Chloramphenicol,ordinal,,,23,WEAK,Negative,False
CKD,binary,Ciprofloxacin,ordinal,,,23,WEAK,Negative,False
CKD,binary,Colistin,ordinal,,,23,WEAK,Negative,False
CKD,binary,Ceftriaxone,ordinal,,,23,WEAK,Negative,False
CKD,binary,Doxycycline,ordinal,,,23,WEAK,Negative,False
CKD,binary,Ertapenem,ordinal,,,23,WEAK,Negative,False
CKD,binary,Cefepime,ordinal,,,23,WEAK,Negative,False
CKD,binary,Fosfomycin,ordinal,,,23,WEAK,Negative,False
CKD,binary,Cefoxitin,ordinal,,,23,WEAK,Negative,False
CKD,binary,Nitrofurantoin,ordinal,,,23,WEAK,Negative,False
CKD,binary,Gentamicin,ordinal,,,23,WEAK,Negative,False
CKD,binary,Imipenem,ordinal,,,23,WEAK,Negative,False
CKD,binary,Levofloxacin,ordinal,,,23,WEAK,Negative,False
CKD,binary,Meropenem,ordinal,,,23,WEAK,Negative,False
CKD,binary,Minocycline,ordinal,,,23,WEAK,Negative,False
CKD,binary,Cefuroxime,ordinal,,,23,WEAK,Negative,False
CKD,binary,Cefoperazone.Sulbactam,ordinal,,,23,WEAK,Negative,False
CKD,binary,Trimethoprim.Sulfamethoxazole,ordinal,,,23,WEAK,Negative,False
CKD,binary,Cefotaxime,ordinal,,,23,WEAK,Negative,False
CKD,binary,Ceftazidime,ordinal,,,23,WEAK,Negative,False
CKD,binary,Tigecycline,ordinal,,,23,WEAK,Negative,False
CKD,binary,Piperacillin.Tazobactam,ordinal,,,23,WEAK,Negative,False
CKD,binary,Ceftazidime.Avibactam,binary,,,23,WEAK,Negative,False
CKD,binary,ESBL.producer,binary,,,23,WEAK,Negative,False
CKD,binary,AmpC,binary,,,23,WEAK,Negative,False
CKD,binary,Carbapenemase,binary,,,23,WEAK,Negative,False
CKD,binary,MRSA,binary,,,23,WEAK,Negative,False
CKD,binary,VAN,binary,,,23,WEAK,Negative,False
CKD,binary,Ceftazidime.Avibactam.T,binary,,,23,WEAK,Negative,False
CKD,binary,Ceftazidime.Avibactam.Aztreonam.T,binary,,,23,WEAK,Negative,False
CKD,binary,Ceftazidime.Avibactam.Aztreonam.Synergy.T,ordinal,,,23,WEAK,Negative,False
CKD,binary,Polymyxin.Colistin.Inclusion.T,binary,,,23,WEAK,Negative,False
CKD,binary,Clinical.Improvement,ordinal,,,23,WEAK,Negative,False
CKD,binary,ICU.Stay.in.28.Days,continuous,,,23,WEAK,Negative,False
CKD,binary,GW.Stay.in.28.Days,continuous,,,23,WEAK,Negative,False
CKD,binary,Total.Hospital.stay.in.28.days,continuous,,,23,WEAK,Negative,False
CKD,binary,Mortality.in.ICU,binary,,,23,WEAK,Negative,False
CKD,binary,Mortality.in.Hospital,binary,,,23,WEAK,Negative,False
CKD,binary,Mortality.post.28.Day.Discharge,binary,,,23,WEAK,Negative,False
CKD,binary,Overall.Mortality,binary,,,23,WEAK,Negative,False
CKD,binary,Relapse.post.28.Day.Discharge,binary,,,23,WEAK,Negative,False
CKD,binary,Other.Illness.Leading.to.Hospitalization.post.28.Days.Discharge,binary,,,23,WEAK,Negative,False
HTN,binary,ABSSSI.CRO,binary,,,23,WEAK,Negative,False
HTN,binary,VAP.CRO,binary,,,23,WEAK,Negative,False
HTN,binary,CAP.CRO,binary,,,23,WEAK,Negative,False
HTN,binary,UTI.NCRO,binary,,,23,WEAK,Negative,False
HTN,binary,IAI.NCRO,binary,,,23,WEAK,Negative,False
HTN,binary,HAP.NCRO,binary,,,23,WEAK,Negative,False
HTN,binary,VAP.NCRO,binary,,,23,WEAK,Negative,False
HTN,binary,CAP.NCRO,binary,,,23,WEAK,Negative,False
HTN,binary,BSI.NCRO,binary,,,23,WEAK,Negative,False
HTN,binary,Other.NCRO,binary,,,23,WEAK,Negative,False
HTN,binary,CV.Catheter.Now,binary,,,23,WEAK,Negative,False
HTN,binary,Urinary.Catheter.Now,binary,,,23,WEAK,Negative,False
HTN,binary,Dialysis.in.1.week,binary,,,23,WEAK,Negative,False
HTN,binary,Dialysis.on.day.1,binary,,,23,WEAK,Negative,False
HTN,binary,HIV.Present,binary,,,23,WEAK,Negative,False
HTN,binary,TB,binary,,,23,WEAK,Negative,False
HTN,binary,INR,binary,,,23,WEAK,Negative,False
HTN,binary,Aztreonam,ordinal,,,23,WEAK,Negative,False
HTN,binary,Ciprofloxacin,ordinal,,,23,WEAK,Negative,False
HTN,binary,Cefepime,ordinal,,,23,WEAK,Negative,False
HTN,binary,Cefoxitin,ordinal,,,23,WEAK,Negative,False
HTN,binary,Imipenem,ordinal,,,23,WEAK,Negative,False
HTN,binary,Levofloxacin,ordinal,,,23,WEAK,Negative,False
HTN,binary,ESBL.producer,binary,,,23,WEAK,Negative,False
HTN,binary,AmpC,binary,,,23,WEAK,Negative,False
HTN,binary,Carbapenemase,binary,,,23,WEAK,Negative,False
HTN,binary,MRSA,binary,,,23,WEAK,Negative,False
HTN,binary,VAN,binary,,,23,WEAK,Negative,False
DM,binary,ABSSSI.CRO,binary,,,23,WEAK,Negative,False
DM,binary,VAP.CRO,binary,,,23,WEAK,Negative,False
DM,binary,CAP.CRO,binary,,,23,WEAK,Negative,False
DM,binary,UTI.NCRO,binary,,,23,WEAK,Negative,False
DM,binary,IAI.NCRO,binary,,,23,WEAK,Negative,False
DM,binary,HAP.NCRO,binary,,,23,WEAK,Negative,False
DM,binary,VAP.NCRO,binary,,,23,WEAK,Negative,False
DM,binary,CAP.NCRO,binary,,,23,WEAK,Negative,False
DM,binary,BSI.NCRO,binary,,,23,WEAK,Negative,False
DM,binary,Other.NCRO,binary,,,23,WEAK,Negative,False
DM,binary,CV.Catheter.Now,binary,,,23,WEAK,Negative,False
DM,binary,Urinary.Catheter.Now,binary,,,23,WEAK,Negative,False
DM,binary,Dialysis.in.1.week,binary,,,23,WEAK,Negative,False
DM,binary,Dialysis.on.day.1,binary,,,23,WEAK,Negative,False
DM,binary,HIV.Present,binary,,,23,WEAK,Negative,False
DM,binary,TB,binary,,,23,WEAK,Negative,False
DM,binary,INR,binary,,,23,WEAK,Negative,False
DM,binary,Aztreonam,ordinal,,,23,WEAK,Negative,False
DM,binary,Ciprofloxacin,ordinal,,,23,WEAK,Negative,False
DM,binary,Cefepime,ordinal,,,23,WEAK,Negative,False
DM,binary,Cefoxitin,ordinal,,,23,WEAK,Negative,False
DM,binary,Imipenem,ordinal,,,23,WEAK,Negative,False
DM,binary,Levofloxacin,ordinal,,,23,WEAK,Negative,False
DM,binary,ESBL.producer,binary,,,23,WEAK,Negative,False
DM,binary,AmpC,binary,,,23,WEAK,Negative,False
DM,binary,Carbapenemase,binary,,,23,WEAK,Negative,False
DM,binary,MRSA,binary,,,23,WEAK,Negative,False
DM,binary,VAN,binary,,,23,WEAK,Negative,False
COPD,binary,ABSSSI.CRO,binary,,,23,WEAK,Negative,False
COPD,binary,VAP.CRO,binary,,,23,WEAK,Negative,False
COPD,binary,CAP.CRO,binary,,,23,WEAK,Negative,False
COPD,binary,UTI.NCRO,binary,,,23,WEAK,Negative,False
COPD,binary,IAI.NCRO,binary,,,23,WEAK,Negative,False
COPD,binary,HAP.NCRO,binary,,,23,WEAK,Negative,False
COPD,binary,VAP.NCRO,binary,,,23,WEAK,Negative,False
COPD,binary,CAP.NCRO,binary,,,23,WEAK,Negative,False
COPD,binary,BSI.NCRO,binary,,,23,WEAK,Negative,False
COPD,binary,Other.NCRO,binary,,,23,WEAK,Negative,False
COPD,binary,CV.Catheter.Now,binary,,,23,WEAK,Negative,False
COPD,binary,Urinary.Catheter.Now,binary,,,23,WEAK,Negative,False
COPD,binary,Dialysis.in.1.week,binary,,,23,WEAK,Negative,False
COPD,binary,Dialysis.on.day.1,binary,,,23,WEAK,Negative,False
COPD,binary,HIV.Present,binary,,,23,WEAK,Negative,False
COPD,binary,TB,binary,,,23,WEAK,Negative,False
COPD,binary,INR,binary,,,23,WEAK,Negative,False
COPD,binary,Aztreonam,ordinal,,,23,WEAK,Negative,False
COPD,binary,Ciprofloxacin,ordinal,,,23,WEAK,Negative,False
COPD,binary,Cefepime,ordinal,,,23,WEAK,Negative,False
COPD,binary,Cefoxitin,ordinal,,,23,WEAK,Negative,False
COPD,binary,Imipenem,ordinal,,,23,WEAK,Negative,False
COPD,binary,Levofloxacin,ordinal,,,23,WEAK,Negative,False
COPD,binary,ESBL.producer,binary,,,23,WEAK,Negative,False
COPD,binary,AmpC,binary,,,23,WEAK,Negative,False
COPD,binary,Carbapenemase,binary,,,23,WEAK,Negative,False
COPD,binary,MRSA,binary,,,23,WEAK,Negative,False
COPD,binary,VAN,binary,,,23,WEAK,Negative,False
Hypothyroidism,binary,ABSSSI.CRO,binary,,,23,WEAK,Negative,False
Hypothyroidism,binary,VAP.CRO,binary,,,23,WEAK,Negative,False
Hypothyroidism,binary,CAP.CRO,binary,,,23,WEAK,Negative,False
Hypothyroidism,binary,UTI.NCRO,binary,,,23,WEAK,Negative,False
Hypothyroidism,binary,IAI.NCRO,binary,,,23,WEAK,Negative,False
Hypothyroidism,binary,HAP.NCRO,binary,,,23,WEAK,Negative,False
Hypothyroidism,binary,VAP.NCRO,binary,,,23,WEAK,Negative,False
Hypothyroidism,binary,CAP.NCRO,binary,,,23,WEAK,Negative,False
Hypothyroidism,binary,BSI.NCRO,binary,,,23,WEAK,Negative,False
Hypothyroidism,binary,Other.NCRO,binary,,,23,WEAK,Negative,False
Hypothyroidism,binary,CV.Catheter.Now,binary,,,23,WEAK,Negative,False
Hypothyroidism,binary,Urinary.Catheter.Now,binary,,,23,WEAK,Negative,False
Hypothyroidism,binary,Dialysis.in.1.week,binary,,,23,WEAK,Negative,False
Hypothyroidism,binary,Dialysis.on.day.1,binary,,,23,WEAK,Negative,False
Hypothyroidism,binary,HIV.Present,binary,,,23,WEAK,Negative,False
Hypothyroidism,binary,TB,binary,,,23,WEAK,Negative,False
Hypothyroidism,binary,INR,binary,,,23,WEAK,Negative,False
Hypothyroidism,binary,Aztreonam,ordinal,,,23,WEAK,Negative,False
Hypothyroidism,binary,Ciprofloxacin,ordinal,,,23,WEAK,Negative,False
Hypothyroidism,binary,Cefepime,ordinal,,,23,WEAK,Negative,False
Hypothyroidism,binary,Cefoxitin,ordinal,,,23,WEAK,Negative,False
Hypothyroidism,binary,Imipenem,ordinal,,,23,WEAK,Negative,False
Hypothyroidism,binary,Levofloxacin,ordinal,,,23,WEAK,Negative,False
Hypothyroidism,binary,ESBL.producer,binary,,,23,WEAK,Negative,False
Hypothyroidism,binary,AmpC,binary,,,23,WEAK,Negative,False
Hypothyroidism,binary,Carbapenemase,binary,,,23,WEAK,Negative,False
Hypothyroidism,binary,MRSA,binary,,,23,WEAK,Negative,False
Hypothyroidism,binary,VAN,binary,,,23,WEAK,Negative,False
UTI.CRO,binary,ABSSSI.CRO,binary,,,23,WEAK,Negative,False
UTI.CRO,binary,VAP.CRO,binary,,,23,WEAK,Negative,False
UTI.CRO,binary,CAP.CRO,binary,,,23,WEAK,Negative,False
UTI.CRO,binary,UTI.NCRO,binary,,,23,WEAK,Negative,False
UTI.CRO,binary,IAI.NCRO,binary,,,23,WEAK,Negative,False
UTI.CRO,binary,HAP.NCRO,binary,,,23,WEAK,Negative,False
UTI.CRO,binary,VAP.NCRO,binary,,,23,WEAK,Negative,False
UTI.CRO,binary,CAP.NCRO,binary,,,23,WEAK,Negative,False
UTI.CRO,binary,BSI.NCRO,binary,,,23,WEAK,Negative,False
UTI.CRO,binary,Other.NCRO,binary,,,23,WEAK,Negative,False
UTI.CRO,binary,CV.Catheter.Now,binary,,,23,WEAK,Negative,False
UTI.CRO,binary,Urinary.Catheter.Now,binary,,,23,WEAK,Negative,False
UTI.CRO,binary,Dialysis.in.1.week,binary,,,23,WEAK,Negative,False
UTI.CRO,binary,Dialysis.on.day.1,binary,,,23,WEAK,Negative,False
UTI.CRO,binary,HIV.Present,binary,,,23,WEAK,Negative,False
UTI.CRO,binary,TB,binary,,,23,WEAK,Negative,False
UTI.CRO,binary,INR,binary,,,23,WEAK,Negative,False
UTI.CRO,binary,Aztreonam,ordinal,,,23,WEAK,Negative,False
UTI.CRO,binary,Ciprofloxacin,ordinal,,,23,WEAK,Negative,False
UTI.CRO,binary,Cefepime,ordinal,,,23,WEAK,Negative,False
UTI.CRO,binary,Cefoxitin,ordinal,,,23,WEAK,Negative,False
UTI.CRO,binary,Imipenem,ordinal,,,23,WEAK,Negative,False
UTI.CRO,binary,Levofloxacin,ordinal,,,23,WEAK,Negative,False
UTI.CRO,binary,ESBL.producer,binary,,,23,WEAK,Negative,False
UTI.CRO,binary,AmpC,binary,,,23,WEAK,Negative,False
UTI.CRO,binary,Carbapenemase,binary,,,23,WEAK,Negative,False
UTI.CRO,binary,MRSA,binary,,,23,WEAK,Negative,False
UTI.CRO,binary,VAN,binary,,,23,WEAK,Negative,False
IAI.CRO,binary,ABSSSI.CRO,binary,,,23,WEAK,Negative,False
IAI.CRO,binary,VAP.CRO,binary,,,23,WEAK,Negative,False
IAI.CRO,binary,CAP.CRO,binary,,,23,WEAK,Negative,False
IAI.CRO,binary,UTI.NCRO,binary,,,23,WEAK,Negative,False
IAI.CRO,binary,IAI.NCRO,binary,,,23,WEAK,Negative,False
IAI.CRO,binary,HAP.NCRO,binary,,,23,WEAK,Negative,False
IAI.CRO,binary,VAP.NCRO,binary,,,23,WEAK,Negative,False
IAI.CRO,binary,CAP.NCRO,binary,,,23,WEAK,Negative,False
IAI.CRO,binary,BSI.NCRO,binary,,,23,WEAK,Negative,False
IAI.CRO,binary,Other.NCRO,binary,,,23,WEAK,Negative,False
IAI.CRO,binary,CV.Catheter.Now,binary,,,23,WEAK,Negative,False
IAI.CRO,binary,Urinary.Catheter.Now,binary,,,23,WEAK,Negative,False
IAI.CRO,binary,Dialysis.in.1.week,binary,,,23,WEAK,Negative,False
IAI.CRO,binary,Dialysis.on.day.1,binary,,,23,WEAK,Negative,False
IAI.CRO,binary,HIV.Present,binary,,,23,WEAK,Negative,False
IAI.CRO,binary,TB,binary,,,23,WEAK,Negative,False
IAI.CRO,binary,INR,binary,,,23,WEAK,Negative,False
IAI.CRO,binary,Aztreonam,ordinal,,,23,WEAK,Negative,False
IAI.CRO,binary,Ciprofloxacin,ordinal,,,23,WEAK,Negative,False
IAI.CRO,binary,Cefepime,ordinal,,,23,WEAK,Negative,False
IAI.CRO,binary,Cefoxitin,ordinal,,,23,WEAK,Negative,False
IAI.CRO,binary,Imipenem,ordinal,,,23,WEAK,Negative,False
IAI.CRO,binary,Levofloxacin,ordinal,,,23,WEAK,Negative,False
IAI.CRO,binary,ESBL.producer,binary,,,23,WEAK,Negative,False
IAI.CRO,binary,AmpC,binary,,,23,WEAK,Negative,False
IAI.CRO,binary,Carbapenemase,binary,,,23,WEAK,Negative,False
IAI.CRO,binary,MRSA,binary,,,23,WEAK,Negative,False
IAI.CRO,binary,VAN,binary,,,23,WEAK,Negative,False
ABSSSI.CRO,binary,HAP.CRO,binary,,,23,WEAK,Negative,False
ABSSSI.CRO,binary,VAP.CRO,binary,,,23,WEAK,Negative,False
ABSSSI.CRO,binary,CAP.CRO,binary,,,23,WEAK,Negative,False
ABSSSI.CRO,binary,BSI.CRO,binary,,,23,WEAK,Negative,False
ABSSSI.CRO,binary,Other.CRO,binary,,,23,WEAK,Negative,False
ABSSSI.CRO,binary,UTI.NCRO,binary,,,23,WEAK,Negative,False
ABSSSI.CRO,binary,IAI.NCRO,binary,,,23,WEAK,Negative,False
ABSSSI.CRO,binary,HAP.NCRO,binary,,,23,WEAK,Negative,False
ABSSSI.CRO,binary,VAP.NCRO,binary,,,23,WEAK,Negative,False
ABSSSI.CRO,binary,CAP.NCRO,binary,,,23,WEAK,Negative,False
ABSSSI.CRO,binary,BSI.NCRO,binary,,,23,WEAK,Negative,False
ABSSSI.CRO,binary,Other.NCRO,binary,,,23,WEAK,Negative,False
ABSSSI.CRO,binary,Hospitalization.in.past.6.Months,binary,,,23,WEAK,Negative,False
ABSSSI.CRO,binary,CV.Catheter.in.6.Months,binary,,,23,WEAK,Negative,False
ABSSSI.CRO,binary,CV.Catheter.Now,binary,,,23,WEAK,Negative,False
ABSSSI.CRO,binary,Urinary.Catheter.in.6.Months,binary,,,23,WEAK,Negative,False
ABSSSI.CRO,binary,Urinary.Catheter.Now,binary,,,23,WEAK,Negative,False
ABSSSI.CRO,binary,Surgery.in.last.3.Months,binary,,,23,WEAK,Negative,False
ABSSSI.CRO,binary,Past.CREPA.infection,binary,,,23,WEAK,Negative,False
ABSSSI.CRO,binary,Endoscopy.in.1.week,binary,,,23,WEAK,Negative,False
ABSSSI.CRO,binary,Dialysis.in.1.week,binary,,,23,WEAK,Negative,False
ABSSSI.CRO,binary,Immunosuppressive.drugs.in.1.week,binary,,,23,WEAK,Negative,False
ABSSSI.CRO,binary,Inotropes,binary,,,23,WEAK,Negative,False
ABSSSI.CRO,binary,Dialysis.on.day.1,binary,,,23,WEAK,Negative,False
ABSSSI.CRO,binary,Ventilation,binary,,,23,WEAK,Negative,False
ABSSSI.CRO,binary,Overall.organ.support,binary,,,23,WEAK,Negative,False
ABSSSI.CRO,binary,Neutropenia,binary,,,23,WEAK,Negative,False
ABSSSI.CRO,binary,HIV.Present,binary,,,23,WEAK,Negative,False
ABSSSI.CRO,binary,TB,binary,,,23,WEAK,Negative,False
ABSSSI.CRO,binary,Any.Viral.Infection,binary,,,23,WEAK,Negative,False
ABSSSI.CRO,binary,Any.Fungal.Infection,binary,,,23,WEAK,Negative,False
ABSSSI.CRO,binary,Hemat.Malignancy,binary,,,23,WEAK,Negative,False
ABSSSI.CRO,binary,Solid.Organ,binary,,,23,WEAK,Negative,False
ABSSSI.CRO,binary,APACHEII,continuous,,,23,WEAK,Negative,False
ABSSSI.CRO,binary,SOFA,continuous,,,23,WEAK,Negative,False
ABSSSI.CRO,binary,Hb,binary,,,23,WEAK,Negative,False
ABSSSI.CRO,binary,TLC,binary,,,23,WEAK,Negative,False
ABSSSI.CRO,binary,ANC,binary,,,23,WEAK,Negative,False
ABSSSI.CRO,binary,Lympho,binary,,,23,WEAK,Negative,False
ABSSSI.CRO,binary,Platelet,binary,,,23,WEAK,Negative,False
ABSSSI.CRO,binary,INR,binary,,,23,WEAK,Negative,False
ABSSSI.CRO,binary,Bil,binary,,,23,WEAK,Negative,False
ABSSSI.CRO,binary,SGPT,binary,,,23,WEAK,Negative,False
ABSSSI.CRO,binary,SGOT,binary,,,23,WEAK,Negative,False
ABSSSI.CRO,binary,Albumin,binary,,,23,WEAK,Negative,False
ABSSSI.CRO,binary,Total.Protein,binary,,,23,WEAK,Negative,False
ABSSSI.CRO,binary,Globulin,binary,,,23,WEAK,Negative,False
ABSSSI.CRO,binary,ALP,binary,,,23,WEAK,Negative,False
ABSSSI.CRO,binary,Creatinine,binary,,,23,WEAK,Negative,False
ABSSSI.CRO,binary,Sodium,binary,,,23,WEAK,Negative,False
ABSSSI.CRO,binary,Potassium,binary,,,23,WEAK,Negative,False
ABSSSI.CRO,binary,Urea,continuous,,,23,WEAK,Negative,False
ABSSSI.CRO,binary,Calcium,binary,,,23,WEAK,Negative,False
ABSSSI.CRO,binary,Magnesium,binary,,,23,WEAK,Negative,False
ABSSSI.CRO,binary,Procalcitonin,binary,,,23,WEAK,Negative,False
ABSSSI.CRO,binary,P.C.Z.A.E,binary,,,23,WEAK,Negative,False
ABSSSI.CRO,binary,P.C.only.E,binary,,,23,WEAK,Negative,False
ABSSSI.CRO,binary,Z.A.only.E,binary,,,23,WEAK,Negative,False
ABSSSI.CRO,binary,Neither.Abx.E,binary,,,23,WEAK,Negative,False
ABSSSI.CRO,binary,P.C.Z.A.T,binary,,,23,WEAK,Negative,False
ABSSSI.CRO,binary,P.C.only.T,binary,,,23,WEAK,Negative,False
ABSSSI.CRO,binary,Z.A.only.T,binary,,,23,WEAK,Negative,False
ABSSSI.CRO,binary,Neither.Abx.T,binary,,,23,WEAK,Negative,False
ABSSSI.CRO,binary,Amoxicillin.Clavulanic.Acid,ordinal,,,23,WEAK,Negative,False
ABSSSI.CRO,binary,Amikacin,ordinal,,,23,WEAK,Negative,False
ABSSSI.CRO,binary,Aztreonam,ordinal,,,23,WEAK,Negative,False
ABSSSI.CRO,binary,Chloramphenicol,ordinal,,,23,WEAK,Negative,False
ABSSSI.CRO,binary,Ciprofloxacin,ordinal,,,23,WEAK,Negative,False
ABSSSI.CRO,binary,Colistin,ordinal,,,23,WEAK,Negative,False
ABSSSI.CRO,binary,Ceftriaxone,ordinal,,,23,WEAK,Negative,False
ABSSSI.CRO,binary,Doxycycline,ordinal,,,23,WEAK,Negative,False
ABSSSI.CRO,binary,Ertapenem,ordinal,,,23,WEAK,Negative,False
ABSSSI.CRO,binary,Cefepime,ordinal,,,23,WEAK,Negative,False
ABSSSI.CRO,binary,Fosfomycin,ordinal,,,23,WEAK,Negative,False
ABSSSI.CRO,binary,Cefoxitin,ordinal,,,23,WEAK,Negative,False
ABSSSI.CRO,binary,Nitrofurantoin,ordinal,,,23,WEAK,Negative,False
ABSSSI.CRO,binary,Gentamicin,ordinal,,,23,WEAK,Negative,False
ABSSSI.CRO,binary,Imipenem,ordinal,,,23,WEAK,Negative,False
ABSSSI.CRO,binary,Levofloxacin,ordinal,,,23,WEAK,Negative,False
ABSSSI.CRO,binary,Meropenem,ordinal,,,23,WEAK,Negative,False
ABSSSI.CRO,binary,Minocycline,ordinal,,,23,WEAK,Negative,False
ABSSSI.CRO,binary,Cefuroxime,ordinal,,,23,WEAK,Negative,False
ABSSSI.CRO,binary,Cefoperazone.Sulbactam,ordinal,,,23,WEAK,Negative,False
ABSSSI.CRO,binary,Trimethoprim.Sulfamethoxazole,ordinal,,,23,WEAK,Negative,False
ABSSSI.CRO,binary,Cefotaxime,ordinal,,,23,WEAK,Negative,False
ABSSSI.CRO,binary,Ceftazidime,ordinal,,,23,WEAK,Negative,False
ABSSSI.CRO,binary,Tigecycline,ordinal,,,23,WEAK,Negative,False
ABSSSI.CRO,binary,Piperacillin.Tazobactam,ordinal,,,23,WEAK,Negative,False
ABSSSI.CRO,binary,Ceftazidime.Avibactam,binary,,,23,WEAK,Negative,False
ABSSSI.CRO,binary,ESBL.producer,binary,,,23,WEAK,Negative,False
ABSSSI.CRO,binary,AmpC,binary,,,23,WEAK,Negative,False
ABSSSI.CRO,binary,Carbapenemase,binary,,,23,WEAK,Negative,False
ABSSSI.CRO,binary,MRSA,binary,,,23,WEAK,Negative,False
ABSSSI.CRO,binary,VAN,binary,,,23,WEAK,Negative,False
ABSSSI.CRO,binary,Ceftazidime.Avibactam.T,binary,,,23,WEAK,Negative,False
ABSSSI.CRO,binary,Ceftazidime.Avibactam.Aztreonam.T,binary,,,23,WEAK,Negative,False
ABSSSI.CRO,binary,Ceftazidime.Avibactam.Aztreonam.Synergy.T,ordinal,,,23,WEAK,Negative,False
ABSSSI.CRO,binary,Polymyxin.Colistin.Inclusion.T,binary,,,23,WEAK,Negative,False
ABSSSI.CRO,binary,Clinical.Improvement,ordinal,,,23,WEAK,Negative,False
ABSSSI.CRO,binary,ICU.Stay.in.28.Days,continuous,,,23,WEAK,Negative,False
ABSSSI.CRO,binary,GW.Stay.in.28.Days,continuous,,,23,WEAK,Negative,False
ABSSSI.CRO,binary,Total.Hospital.stay.in.28.days,continuous,,,23,WEAK,Negative,False
ABSSSI.CRO,binary,Mortality.in.ICU,binary,,,23,WEAK,Negative,False
ABSSSI.CRO,binary,Mortality.in.Hospital,binary,,,23,WEAK,Negative,False
ABSSSI.CRO,binary,Mortality.post.28.Day.Discharge,binary,,,23,WEAK,Negative,False
ABSSSI.CRO,binary,Overall.Mortality,binary,,,23,WEAK,Negative,False
ABSSSI.CRO,binary,Relapse.post.28.Day.Discharge,binary,,,23,WEAK,Negative,False
ABSSSI.CRO,binary,Other.Illness.Leading.to.Hospitalization.post.28.Days.Discharge,binary,,,23,WEAK,Negative,False
HAP.CRO,binary,VAP.CRO,binary,,,23,WEAK,Negative,False
HAP.CRO,binary,CAP.CRO,binary,,,23,WEAK,Negative,False
HAP.CRO,binary,UTI.NCRO,binary,,,23,WEAK,Negative,False
HAP.CRO,binary,IAI.NCRO,binary,,,23,WEAK,Negative,False
HAP.CRO,binary,HAP.NCRO,binary,,,23,WEAK,Negative,False
HAP.CRO,binary,VAP.NCRO,binary,,,23,WEAK,Negative,False
HAP.CRO,binary,CAP.NCRO,binary,,,23,WEAK,Negative,False
HAP.CRO,binary,BSI.NCRO,binary,,,23,WEAK,Negative,False
HAP.CRO,binary,Other.NCRO,binary,,,23,WEAK,Negative,False
HAP.CRO,binary,CV.Catheter.Now,binary,,,23,WEAK,Negative,False
HAP.CRO,binary,Urinary.Catheter.Now,binary,,,23,WEAK,Negative,False
HAP.CRO,binary,Dialysis.in.1.week,binary,,,23,WEAK,Negative,False
HAP.CRO,binary,Dialysis.on.day.1,binary,,,23,WEAK,Negative,False
HAP.CRO,binary,HIV.Present,binary,,,23,WEAK,Negative,False
HAP.CRO,binary,TB,binary,,,23,WEAK,Negative,False
HAP.CRO,binary,INR,binary,,,23,WEAK,Negative,False
HAP.CRO,binary,Aztreonam,ordinal,,,23,WEAK,Negative,False
HAP.CRO,binary,Ciprofloxacin,ordinal,,,23,WEAK,Negative,False
HAP.CRO,binary,Cefepime,ordinal,,,23,WEAK,Negative,False
HAP.CRO,binary,Cefoxitin,ordinal,,,23,WEAK,Negative,False
HAP.CRO,binary,Imipenem,ordinal,,,23,WEAK,Negative,False
HAP.CRO,binary,Levofloxacin,ordinal,,,23,WEAK,Negative,False
HAP.CRO,binary,ESBL.producer,binary,,,23,WEAK,Negative,False
HAP.CRO,binary,AmpC,binary,,,23,WEAK,Negative,False
HAP.CRO,binary,Carbapenemase,binary,,,23,WEAK,Negative,False
HAP.CRO,binary,MRSA,binary,,,23,WEAK,Negative,False
HAP.CRO,binary,VAN,binary,,,23,WEAK,Negative,False
VAP.CRO,binary,CAP.CRO,binary,,,23,WEAK,Negative,False
VAP.CRO,binary,BSI.CRO,binary,,,23,WEAK,Negative,False
VAP.CRO,binary,Other.CRO,binary,,,23,WEAK,Negative,False
VAP.CRO,binary,UTI.NCRO,binary,,,23,WEAK,Negative,False
VAP.CRO,binary,IAI.NCRO,binary,,,23,WEAK,Negative,False
VAP.CRO,binary,HAP.NCRO,binary,,,23,WEAK,Negative,False
VAP.CRO,binary,VAP.NCRO,binary,,,23,WEAK,Negative,False
VAP.CRO,binary,CAP.NCRO,binary,,,23,WEAK,Negative,False
VAP.CRO,binary,BSI.NCRO,binary,,,23,WEAK,Negative,False
VAP.CRO,binary,Other.NCRO,binary,,,23,WEAK,Negative,False
VAP.CRO,binary,Hospitalization.in.past.6.Months,binary,,,23,WEAK,Negative,False
VAP.CRO,binary,CV.Catheter.in.6.Months,binary,,,23,WEAK,Negative,False
VAP.CRO,binary,CV.Catheter.Now,binary,,,23,WEAK,Negative,False
VAP.CRO,binary,Urinary.Catheter.in.6.Months,binary,,,23,WEAK,Negative,False
VAP.CRO,binary,Urinary.Catheter.Now,binary,,,23,WEAK,Negative,False
VAP.CRO,binary,Surgery.in.last.3.Months,binary,,,23,WEAK,Negative,False
VAP.CRO,binary,Past.CREPA.infection,binary,,,23,WEAK,Negative,False
VAP.CRO,binary,Endoscopy.in.1.week,binary,,,23,WEAK,Negative,False
VAP.CRO,binary,Dialysis.in.1.week,binary,,,23,WEAK,Negative,False
VAP.CRO,binary,Immunosuppressive.drugs.in.1.week,binary,,,23,WEAK,Negative,False
VAP.CRO,binary,Inotropes,binary,,,23,WEAK,Negative,False
VAP.CRO,binary,Dialysis.on.day.1,binary,,,23,WEAK,Negative,False
VAP.CRO,binary,Ventilation,binary,,,23,WEAK,Negative,False
VAP.CRO,binary,Overall.organ.support,binary,,,23,WEAK,Negative,False
VAP.CRO,binary,Neutropenia,binary,,,23,WEAK,Negative,False
VAP.CRO,binary,HIV.Present,binary,,,23,WEAK,Negative,False
VAP.CRO,binary,TB,binary,,,23,WEAK,Negative,False
VAP.CRO,binary,Any.Viral.Infection,binary,,,23,WEAK,Negative,False
VAP.CRO,binary,Any.Fungal.Infection,binary,,,23,WEAK,Negative,False
VAP.CRO,binary,Hemat.Malignancy,binary,,,23,WEAK,Negative,False
VAP.CRO,binary,Solid.Organ,binary,,,23,WEAK,Negative,False
VAP.CRO,binary,APACHEII,continuous,,,23,WEAK,Negative,False
VAP.CRO,binary,SOFA,continuous,,,23,WEAK,Negative,False
VAP.CRO,binary,Hb,binary,,,23,WEAK,Negative,False
VAP.CRO,binary,TLC,binary,,,23,WEAK,Negative,False
VAP.CRO,binary,ANC,binary,,,23,WEAK,Negative,False
VAP.CRO,binary,Lympho,binary,,,23,WEAK,Negative,False
VAP.CRO,binary,Platelet,binary,,,23,WEAK,Negative,False
VAP.CRO,binary,INR,binary,,,23,WEAK,Negative,False
VAP.CRO,binary,Bil,binary,,,23,WEAK,Negative,False
VAP.CRO,binary,SGPT,binary,,,23,WEAK,Negative,False
VAP.CRO,binary,SGOT,binary,,,23,WEAK,Negative,False
VAP.CRO,binary,Albumin,binary,,,23,WEAK,Negative,False
VAP.CRO,binary,Total.Protein,binary,,,23,WEAK,Negative,False
VAP.CRO,binary,Globulin,binary,,,23,WEAK,Negative,False
VAP.CRO,binary,ALP,binary,,,23,WEAK,Negative,False
VAP.CRO,binary,Creatinine,binary,,,23,WEAK,Negative,False
VAP.CRO,binary,Sodium,binary,,,23,WEAK,Negative,False
VAP.CRO,binary,Potassium,binary,,,23,WEAK,Negative,False
VAP.CRO,binary,Urea,continuous,,,23,WEAK,Negative,False
VAP.CRO,binary,Calcium,binary,,,23,WEAK,Negative,False
VAP.CRO,binary,Magnesium,binary,,,23,WEAK,Negative,False
VAP.CRO,binary,Procalcitonin,binary,,,23,WEAK,Negative,False
VAP.CRO,binary,P.C.Z.A.E,binary,,,23,WEAK,Negative,False
VAP.CRO,binary,P.C.only.E,binary,,,23,WEAK,Negative,False
VAP.CRO,binary,Z.A.only.E,binary,,,23,WEAK,Negative,False
VAP.CRO,binary,Neither.Abx.E,binary,,,23,WEAK,Negative,False
VAP.CRO,binary,P.C.Z.A.T,binary,,,23,WEAK,Negative,False
VAP.CRO,binary,P.C.only.T,binary,,,23,WEAK,Negative,False
VAP.CRO,binary,Z.A.only.T,binary,,,23,WEAK,Negative,False
VAP.CRO,binary,Neither.Abx.T,binary,,,23,WEAK,Negative,False
VAP.CRO,binary,Amoxicillin.Clavulanic.Acid,ordinal,,,23,WEAK,Negative,False
VAP.CRO,binary,Amikacin,ordinal,,,23,WEAK,Negative,False
VAP.CRO,binary,Aztreonam,ordinal,,,23,WEAK,Negative,False
VAP.CRO,binary,Chloramphenicol,ordinal,,,23,WEAK,Negative,False
VAP.CRO,binary,Ciprofloxacin,ordinal,,,23,WEAK,Negative,False
VAP.CRO,binary,Colistin,ordinal,,,23,WEAK,Negative,False
VAP.CRO,binary,Ceftriaxone,ordinal,,,23,WEAK,Negative,False
VAP.CRO,binary,Doxycycline,ordinal,,,23,WEAK,Negative,False
VAP.CRO,binary,Ertapenem,ordinal,,,23,WEAK,Negative,False
VAP.CRO,binary,Cefepime,ordinal,,,23,WEAK,Negative,False
VAP.CRO,binary,Fosfomycin,ordinal,,,23,WEAK,Negative,False
VAP.CRO,binary,Cefoxitin,ordinal,,,23,WEAK,Negative,False
VAP.CRO,binary,Nitrofurantoin,ordinal,,,23,WEAK,Negative,False
VAP.CRO,binary,Gentamicin,ordinal,,,23,WEAK,Negative,False
VAP.CRO,binary,Imipenem,ordinal,,,23,WEAK,Negative,False
VAP.CRO,binary,Levofloxacin,ordinal,,,23,WEAK,Negative,False
VAP.CRO,binary,Meropenem,ordinal,,,23,WEAK,Negative,False
VAP.CRO,binary,Minocycline,ordinal,,,23,WEAK,Negative,False
VAP.CRO,binary,Cefuroxime,ordinal,,,23,WEAK,Negative,False
VAP.CRO,binary,Cefoperazone.Sulbactam,ordinal,,,23,WEAK,Negative,False
VAP.CRO,binary,Trimethoprim.Sulfamethoxazole,ordinal,,,23,WEAK,Negative,False
VAP.CRO,binary,Cefotaxime,ordinal,,,23,WEAK,Negative,False
VAP.CRO,binary,Ceftazidime,ordinal,,,23,WEAK,Negative,False
VAP.CRO,binary,Tigecycline,ordinal,,,23,WEAK,Negative,False
VAP.CRO,binary,Piperacillin.Tazobactam,ordinal,,,23,WEAK,Negative,False
VAP.CRO,binary,Ceftazidime.Avibactam,binary,,,23,WEAK,Negative,False
VAP.CRO,binary,ESBL.producer,binary,,,23,WEAK,Negative,False
VAP.CRO,binary,AmpC,binary,,,23,WEAK,Negative,False
VAP.CRO,binary,Carbapenemase,binary,,,23,WEAK,Negative,False
VAP.CRO,binary,MRSA,binary,,,23,WEAK,Negative,False
VAP.CRO,binary,VAN,binary,,,23,WEAK,Negative,False
VAP.CRO,binary,Ceftazidime.Avibactam.T,binary,,,23,WEAK,Negative,False
VAP.CRO,binary,Ceftazidime.Avibactam.Aztreonam.T,binary,,,23,WEAK,Negative,False
VAP.CRO,binary,Ceftazidime.Avibactam.Aztreonam.Synergy.T,ordinal,,,23,WEAK,Negative,False
VAP.CRO,binary,Polymyxin.Colistin.Inclusion.T,binary,,,23,WEAK,Negative,False
VAP.CRO,binary,Clinical.Improvement,ordinal,,,23,WEAK,Negative,False
VAP.CRO,binary,ICU.Stay.in.28.Days,continuous,,,23,WEAK,Negative,False
VAP.CRO,binary,GW.Stay.in.28.Days,continuous,,,23,WEAK,Negative,False
VAP.CRO,binary,Total.Hospital.stay.in.28.days,continuous,,,23,WEAK,Negative,False
VAP.CRO,binary,Mortality.in.ICU,binary,,,23,WEAK,Negative,False
VAP.CRO,binary,Mortality.in.Hospital,binary,,,23,WEAK,Negative,False
VAP.CRO,binary,Mortality.post.28.Day.Discharge,binary,,,23,WEAK,Negative,False
VAP.CRO,binary,Overall.Mortality,binary,,,23,WEAK,Negative,False
VAP.CRO,binary,Relapse.post.28.Day.Discharge,binary,,,23,WEAK,Negative,False
VAP.CRO,binary,Other.Illness.Leading.to.Hospitalization.post.28.Days.Discharge,binary,,,23,WEAK,Negative,False
CAP.CRO,binary,BSI.CRO,binary,,,23,WEAK,Negative,False
CAP.CRO,binary,Other.CRO,binary,,,23,WEAK,Negative,False
CAP.CRO,binary,UTI.NCRO,binary,,,23,WEAK,Negative,False
CAP.CRO,binary,IAI.NCRO,binary,,,23,WEAK,Negative,False
CAP.CRO,binary,HAP.NCRO,binary,,,23,WEAK,Negative,False
CAP.CRO,binary,VAP.NCRO,binary,,,23,WEAK,Negative,False
CAP.CRO,binary,CAP.NCRO,binary,,,23,WEAK,Negative,False
CAP.CRO,binary,BSI.NCRO,binary,,,23,WEAK,Negative,False
CAP.CRO,binary,Other.NCRO,binary,,,23,WEAK,Negative,False
CAP.CRO,binary,Hospitalization.in.past.6.Months,binary,,,23,WEAK,Negative,False
CAP.CRO,binary,CV.Catheter.in.6.Months,binary,,,23,WEAK,Negative,False
CAP.CRO,binary,CV.Catheter.Now,binary,,,23,WEAK,Negative,False
CAP.CRO,binary,Urinary.Catheter.in.6.Months,binary,,,23,WEAK,Negative,False
CAP.CRO,binary,Urinary.Catheter.Now,binary,,,23,WEAK,Negative,False
CAP.CRO,binary,Surgery.in.last.3.Months,binary,,,23,WEAK,Negative,False
CAP.CRO,binary,Past.CREPA.infection,binary,,,23,WEAK,Negative,False
CAP.CRO,binary,Endoscopy.in.1.week,binary,,,23,WEAK,Negative,False
CAP.CRO,binary,Dialysis.in.1.week,binary,,,23,WEAK,Negative,False
CAP.CRO,binary,Immunosuppressive.drugs.in.1.week,binary,,,23,WEAK,Negative,False
CAP.CRO,binary,Inotropes,binary,,,23,WEAK,Negative,False
CAP.CRO,binary,Dialysis.on.day.1,binary,,,23,WEAK,Negative,False
CAP.CRO,binary,Ventilation,binary,,,23,WEAK,Negative,False
CAP.CRO,binary,Overall.organ.support,binary,,,23,WEAK,Negative,False
CAP.CRO,binary,Neutropenia,binary,,,23,WEAK,Negative,False
CAP.CRO,binary,HIV.Present,binary,,,23,WEAK,Negative,False
CAP.CRO,binary,TB,binary,,,23,WEAK,Negative,False
CAP.CRO,binary,Any.Viral.Infection,binary,,,23,WEAK,Negative,False
CAP.CRO,binary,Any.Fungal.Infection,binary,,,23,WEAK,Negative,False
CAP.CRO,binary,Hemat.Malignancy,binary,,,23,WEAK,Negative,False
CAP.CRO,binary,Solid.Organ,binary,,,23,WEAK,Negative,False
CAP.CRO,binary,APACHEII,continuous,,,23,WEAK,Negative,False
CAP.CRO,binary,SOFA,continuous,,,23,WEAK,Negative,False
CAP.CRO,binary,Hb,binary,,,23,WEAK,Negative,False
CAP.CRO,binary,TLC,binary,,,23,WEAK,Negative,False
CAP.CRO,binary,ANC,binary,,,23,WEAK,Negative,False
CAP.CRO,binary,Lympho,binary,,,23,WEAK,Negative,False
CAP.CRO,binary,Platelet,binary,,,23,WEAK,Negative,False
CAP.CRO,binary,INR,binary,,,23,WEAK,Negative,False
CAP.CRO,binary,Bil,binary,,,23,WEAK,Negative,False
CAP.CRO,binary,SGPT,binary,,,23,WEAK,Negative,False
CAP.CRO,binary,SGOT,binary,,,23,WEAK,Negative,False
CAP.CRO,binary,Albumin,binary,,,23,WEAK,Negative,False
CAP.CRO,binary,Total.Protein,binary,,,23,WEAK,Negative,False
CAP.CRO,binary,Globulin,binary,,,23,WEAK,Negative,False
CAP.CRO,binary,ALP,binary,,,23,WEAK,Negative,False
CAP.CRO,binary,Creatinine,binary,,,23,WEAK,Negative,False
CAP.CRO,binary,Sodium,binary,,,23,WEAK,Negative,False
CAP.CRO,binary,Potassium,binary,,,23,WEAK,Negative,False
CAP.CRO,binary,Urea,continuous,,,23,WEAK,Negative,False
CAP.CRO,binary,Calcium,binary,,,23,WEAK,Negative,False
CAP.CRO,binary,Magnesium,binary,,,23,WEAK,Negative,False
CAP.CRO,binary,Procalcitonin,binary,,,23,WEAK,Negative,False
CAP.CRO,binary,P.C.Z.A.E,binary,,,23,WEAK,Negative,False
CAP.CRO,binary,P.C.only.E,binary,,,23,WEAK,Negative,False
CAP.CRO,binary,Z.A.only.E,binary,,,23,WEAK,Negative,False
CAP.CRO,binary,Neither.Abx.E,binary,,,23,WEAK,Negative,False
CAP.CRO,binary,P.C.Z.A.T,binary,,,23,WEAK,Negative,False
CAP.CRO,binary,P.C.only.T,binary,,,23,WEAK,Negative,False
CAP.CRO,binary,Z.A.only.T,binary,,,23,WEAK,Negative,False
CAP.CRO,binary,Neither.Abx.T,binary,,,23,WEAK,Negative,False
CAP.CRO,binary,Amoxicillin.Clavulanic.Acid,ordinal,,,23,WEAK,Negative,False
CAP.CRO,binary,Amikacin,ordinal,,,23,WEAK,Negative,False
CAP.CRO,binary,Aztreonam,ordinal,,,23,WEAK,Negative,False
CAP.CRO,binary,Chloramphenicol,ordinal,,,23,WEAK,Negative,False
CAP.CRO,binary,Ciprofloxacin,ordinal,,,23,WEAK,Negative,False
CAP.CRO,binary,Colistin,ordinal,,,23,WEAK,Negative,False
CAP.CRO,binary,Ceftriaxone,ordinal,,,23,WEAK,Negative,False
CAP.CRO,binary,Doxycycline,ordinal,,,23,WEAK,Negative,False
CAP.CRO,binary,Ertapenem,ordinal,,,23,WEAK,Negative,False
CAP.CRO,binary,Cefepime,ordinal,,,23,WEAK,Negative,False
CAP.CRO,binary,Fosfomycin,ordinal,,,23,WEAK,Negative,False
CAP.CRO,binary,Cefoxitin,ordinal,,,23,WEAK,Negative,False
CAP.CRO,binary,Nitrofurantoin,ordinal,,,23,WEAK,Negative,False
CAP.CRO,binary,Gentamicin,ordinal,,,23,WEAK,Negative,False
CAP.CRO,binary,Imipenem,ordinal,,,23,WEAK,Negative,False
CAP.CRO,binary,Levofloxacin,ordinal,,,23,WEAK,Negative,False
CAP.CRO,binary,Meropenem,ordinal,,,23,WEAK,Negative,False
CAP.CRO,binary,Minocycline,ordinal,,,23,WEAK,Negative,False
CAP.CRO,binary,Cefuroxime,ordinal,,,23,WEAK,Negative,False
CAP.CRO,binary,Cefoperazone.Sulbactam,ordinal,,,23,WEAK,Negative,False
CAP.CRO,binary,Trimethoprim.Sulfamethoxazole,ordinal,,,23,WEAK,Negative,False
CAP.CRO,binary,Cefotaxime,ordinal,,,23,WEAK,Negative,False
CAP.CRO,binary,Ceftazidime,ordinal,,,23,WEAK,Negative,False
CAP.CRO,binary,Tigecycline,ordinal,,,23,WEAK,Negative,False
CAP.CRO,binary,Piperacillin.Tazobactam,ordinal,,,23,WEAK,Negative,False
CAP.CRO,binary,Ceftazidime.Avibactam,binary,,,23,WEAK,Negative,False
CAP.CRO,binary,ESBL.producer,binary,,,23,WEAK,Negative,False
CAP.CRO,binary,AmpC,binary,,,23,WEAK,Negative,False
CAP.CRO,binary,Carbapenemase,binary,,,23,WEAK,Negative,False
CAP.CRO,binary,MRSA,binary,,,23,WEAK,Negative,False
CAP.CRO,binary,VAN,binary,,,23,WEAK,Negative,False
CAP.CRO,binary,Ceftazidime.Avibactam.T,binary,,,23,WEAK,Negative,False
CAP.CRO,binary,Ceftazidime.Avibactam.Aztreonam.T,binary,,,23,WEAK,Negative,False
CAP.CRO,binary,Ceftazidime.Avibactam.Aztreonam.Synergy.T,ordinal,,,23,WEAK,Negative,False
CAP.CRO,binary,Polymyxin.Colistin.Inclusion.T,binary,,,23,WEAK,Negative,False
CAP.CRO,binary,Clinical.Improvement,ordinal,,,23,WEAK,Negative,False
CAP.CRO,binary,ICU.Stay.in.28.Days,continuous,,,23,WEAK,Negative,False
CAP.CRO,binary,GW.Stay.in.28.Days,continuous,,,23,WEAK,Negative,False
CAP.CRO,binary,Total.Hospital.stay.in.28.days,continuous,,,23,WEAK,Negative,False
CAP.CRO,binary,Mortality.in.ICU,binary,,,23,WEAK,Negative,False
CAP.CRO,binary,Mortality.in.Hospital,binary,,,23,WEAK,Negative,False
CAP.CRO,binary,Mortality.post.28.Day.Discharge,binary,,,23,WEAK,Negative,False
CAP.CRO,binary,Overall.Mortality,binary,,,23,WEAK,Negative,False
CAP.CRO,binary,Relapse.post.28.Day.Discharge,binary,,,23,WEAK,Negative,False
CAP.CRO,binary,Other.Illness.Leading.to.Hospitalization.post.28.Days.Discharge,binary,,,23,WEAK,Negative,False
BSI.CRO,binary,UTI.NCRO,binary,,,23,WEAK,Negative,False
BSI.CRO,binary,IAI.NCRO,binary,,,23,WEAK,Negative,False
BSI.CRO,binary,HAP.NCRO,binary,,,23,WEAK,Negative,False
BSI.CRO,binary,VAP.NCRO,binary,,,23,WEAK,Negative,False
BSI.CRO,binary,CAP.NCRO,binary,,,23,WEAK,Negative,False
BSI.CRO,binary,BSI.NCRO,binary,,,23,WEAK,Negative,False
BSI.CRO,binary,Other.NCRO,binary,,,23,WEAK,Negative,False
BSI.CRO,binary,CV.Catheter.Now,binary,,,23,WEAK,Negative,False
BSI.CRO,binary,Urinary.Catheter.Now,binary,,,23,WEAK,Negative,False
BSI.CRO,binary,Dialysis.in.1.week,binary,,,23,WEAK,Negative,False
BSI.CRO,binary,Dialysis.on.day.1,binary,,,23,WEAK,Negative,False
BSI.CRO,binary,HIV.Present,binary,,,23,WEAK,Negative,False
BSI.CRO,binary,TB,binary,,,23,WEAK,Negative,False
BSI.CRO,binary,INR,binary,,,23,WEAK,Negative,False
BSI.CRO,binary,Aztreonam,ordinal,,,23,WEAK,Negative,False
BSI.CRO,binary,Ciprofloxacin,ordinal,,,23,WEAK,Negative,False
BSI.CRO,binary,Cefepime,ordinal,,,23,WEAK,Negative,False
BSI.CRO,binary,Cefoxitin,ordinal,,,23,WEAK,Negative,False
BSI.CRO,binary,Imipenem,ordinal,,,23,WEAK,Negative,False
BSI.CRO,binary,Levofloxacin,ordinal,,,23,WEAK,Negative,False
BSI.CRO,binary,ESBL.producer,binary,,,23,WEAK,Negative,False
BSI.CRO,binary,AmpC,binary,,,23,WEAK,Negative,False
BSI.CRO,binary,Carbapenemase,binary,,,23,WEAK,Negative,False
BSI.CRO,binary,MRSA,binary,,,23,WEAK,Negative,False
BSI.CRO,binary,VAN,binary,,,23,WEAK,Negative,False
Other.CRO,binary,UTI.NCRO,binary,,,23,WEAK,Negative,False
Other.CRO,binary,IAI.NCRO,binary,,,23,WEAK,Negative,False
Other.CRO,binary,HAP.NCRO,binary,,,23,WEAK,Negative,False
Other.CRO,binary,VAP.NCRO,binary,,,23,WEAK,Negative,False
Other.CRO,binary,CAP.NCRO,binary,,,23,WEAK,Negative,False
Other.CRO,binary,BSI.NCRO,binary,,,23,WEAK,Negative,False
Other.CRO,binary,Other.NCRO,binary,,,23,WEAK,Negative,False
Other.CRO,binary,CV.Catheter.Now,binary,,,23,WEAK,Negative,False
Other.CRO,binary,Urinary.Catheter.Now,binary,,,23,WEAK,Negative,False
Other.CRO,binary,Dialysis.in.1.week,binary,,,23,WEAK,Negative,False
Other.CRO,binary,Dialysis.on.day.1,binary,,,23,WEAK,Negative,False
Other.CRO,binary,HIV.Present,binary,,,23,WEAK,Negative,False
Other.CRO,binary,TB,binary,,,23,WEAK,Negative,False
Other.CRO,binary,INR,binary,,,23,WEAK,Negative,False
Other.CRO,binary,Aztreonam,ordinal,,,23,WEAK,Negative,False
Other.CRO,binary,Ciprofloxacin,ordinal,,,23,WEAK,Negative,False
Other.CRO,binary,Cefepime,ordinal,,,23,WEAK,Negative,False
Other.CRO,binary,Cefoxitin,ordinal,,,23,WEAK,Negative,False
Other.CRO,binary,Imipenem,ordinal,,,23,WEAK,Negative,False
Other.CRO,binary,Levofloxacin,ordinal,,,23,WEAK,Negative,False
Other.CRO,binary,ESBL.producer,binary,,,23,WEAK,Negative,False
Other.CRO,binary,AmpC,binary,,,23,WEAK,Negative,False
Other.CRO,binary,Carbapenemase,binary,,,23,WEAK,Negative,False
Other.CRO,binary,MRSA,binary,,,23,WEAK,Negative,False
Other.CRO,binary,VAN,binary,,,23,WEAK,Negative,False
UTI.NCRO,binary,IAI.NCRO,binary,,,23,WEAK,Negative,False
UTI.NCRO,binary,HAP.NCRO,binary,,,23,WEAK,Negative,False
UTI.NCRO,binary,VAP.NCRO,binary,,,23,WEAK,Negative,False
UTI.NCRO,binary,CAP.NCRO,binary,,,23,WEAK,Negative,False
UTI.NCRO,binary,BSI.NCRO,binary,,,23,WEAK,Negative,False
UTI.NCRO,binary,Other.NCRO,binary,,,23,WEAK,Negative,False
UTI.NCRO,binary,Hospitalization.in.past.6.Months,binary,,,23,WEAK,Negative,False
UTI.NCRO,binary,CV.Catheter.in.6.Months,binary,,,23,WEAK,Negative,False
UTI.NCRO,binary,CV.Catheter.Now,binary,,,23,WEAK,Negative,False
UTI.NCRO,binary,Urinary.Catheter.in.6.Months,binary,,,23,WEAK,Negative,False
UTI.NCRO,binary,Urinary.Catheter.Now,binary,,,23,WEAK,Negative,False
UTI.NCRO,binary,Surgery.in.last.3.Months,binary,,,23,WEAK,Negative,False
UTI.NCRO,binary,Past.CREPA.infection,binary,,,23,WEAK,Negative,False
UTI.NCRO,binary,Endoscopy.in.1.week,binary,,,23,WEAK,Negative,False
UTI.NCRO,binary,Dialysis.in.1.week,binary,,,23,WEAK,Negative,False
UTI.NCRO,binary,Immunosuppressive.drugs.in.1.week,binary,,,23,WEAK,Negative,False
UTI.NCRO,binary,Inotropes,binary,,,23,WEAK,Negative,False
UTI.NCRO,binary,Dialysis.on.day.1,binary,,,23,WEAK,Negative,False
UTI.NCRO,binary,Ventilation,binary,,,23,WEAK,Negative,False
UTI.NCRO,binary,Overall.organ.support,binary,,,23,WEAK,Negative,False
UTI.NCRO,binary,Neutropenia,binary,,,23,WEAK,Negative,False
UTI.NCRO,binary,HIV.Present,binary,,,23,WEAK,Negative,False
UTI.NCRO,binary,TB,binary,,,23,WEAK,Negative,False
UTI.NCRO,binary,Any.Viral.Infection,binary,,,23,WEAK,Negative,False
UTI.NCRO,binary,Any.Fungal.Infection,binary,,,23,WEAK,Negative,False
UTI.NCRO,binary,Hemat.Malignancy,binary,,,23,WEAK,Negative,False
UTI.NCRO,binary,Solid.Organ,binary,,,23,WEAK,Negative,False
UTI.NCRO,binary,APACHEII,continuous,,,23,WEAK,Negative,False
UTI.NCRO,binary,SOFA,continuous,,,23,WEAK,Negative,False
UTI.NCRO,binary,Hb,binary,,,23,WEAK,Negative,False
UTI.NCRO,binary,TLC,binary,,,23,WEAK,Negative,False
UTI.NCRO,binary,ANC,binary,,,23,WEAK,Negative,False
UTI.NCRO,binary,Lympho,binary,,,23,WEAK,Negative,False
UTI.NCRO,binary,Platelet,binary,,,23,WEAK,Negative,False
UTI.NCRO,binary,INR,binary,,,23,WEAK,Negative,False
UTI.NCRO,binary,Bil,binary,,,23,WEAK,Negative,False
UTI.NCRO,binary,SGPT,binary,,,23,WEAK,Negative,False
UTI.NCRO,binary,SGOT,binary,,,23,WEAK,Negative,False
UTI.NCRO,binary,Albumin,binary,,,23,WEAK,Negative,False
UTI.NCRO,binary,Total.Protein,binary,,,23,WEAK,Negative,False
UTI.NCRO,binary,Globulin,binary,,,23,WEAK,Negative,False
UTI.NCRO,binary,ALP,binary,,,23,WEAK,Negative,False
UTI.NCRO,binary,Creatinine,binary,,,23,WEAK,Negative,False
UTI.NCRO,binary,Sodium,binary,,,23,WEAK,Negative,False
UTI.NCRO,binary,Potassium,binary,,,23,WEAK,Negative,False
UTI.NCRO,binary,Urea,continuous,,,23,WEAK,Negative,False
UTI.NCRO,binary,Calcium,binary,,,23,WEAK,Negative,False
UTI.NCRO,binary,Magnesium,binary,,,23,WEAK,Negative,False
UTI.NCRO,binary,Procalcitonin,binary,,,23,WEAK,Negative,False
UTI.NCRO,binary,P.C.Z.A.E,binary,,,23,WEAK,Negative,False
UTI.NCRO,binary,P.C.only.E,binary,,,23,WEAK,Negative,False
UTI.NCRO,binary,Z.A.only.E,binary,,,23,WEAK,Negative,False
UTI.NCRO,binary,Neither.Abx.E,binary,,,23,WEAK,Negative,False
UTI.NCRO,binary,P.C.Z.A.T,binary,,,23,WEAK,Negative,False
UTI.NCRO,binary,P.C.only.T,binary,,,23,WEAK,Negative,False
UTI.NCRO,binary,Z.A.only.T,binary,,,23,WEAK,Negative,False
UTI.NCRO,binary,Neither.Abx.T,binary,,,23,WEAK,Negative,False
UTI.NCRO,binary,Amoxicillin.Clavulanic.Acid,ordinal,,,23,WEAK,Negative,False
UTI.NCRO,binary,Amikacin,ordinal,,,23,WEAK,Negative,False
UTI.NCRO,binary,Aztreonam,ordinal,,,23,WEAK,Negative,False
UTI.NCRO,binary,Chloramphenicol,ordinal,,,23,WEAK,Negative,False
UTI.NCRO,binary,Ciprofloxacin,ordinal,,,23,WEAK,Negative,False
UTI.NCRO,binary,Colistin,ordinal,,,23,WEAK,Negative,False
UTI.NCRO,binary,Ceftriaxone,ordinal,,,23,WEAK,Negative,False
UTI.NCRO,binary,Doxycycline,ordinal,,,23,WEAK,Negative,False
UTI.NCRO,binary,Ertapenem,ordinal,,,23,WEAK,Negative,False
UTI.NCRO,binary,Cefepime,ordinal,,,23,WEAK,Negative,False
UTI.NCRO,binary,Fosfomycin,ordinal,,,23,WEAK,Negative,False
UTI.NCRO,binary,Cefoxitin,ordinal,,,23,WEAK,Negative,False
UTI.NCRO,binary,Nitrofurantoin,ordinal,,,23,WEAK,Negative,False
UTI.NCRO,binary,Gentamicin,ordinal,,,23,WEAK,Negative,False
UTI.NCRO,binary,Imipenem,ordinal,,,23,WEAK,Negative,False
UTI.NCRO,binary,Levofloxacin,ordinal,,,23,WEAK,Negative,False
UTI.NCRO,binary,Meropenem,ordinal,,,23,WEAK,Negative,False
UTI.NCRO,binary,Minocycline,ordinal,,,23,WEAK,Negative,False
UTI.NCRO,binary,Cefuroxime,ordinal,,,23,WEAK,Negative,False
UTI.NCRO,binary,Cefoperazone.Sulbactam,ordinal,,,23,WEAK,Negative,False
UTI.NCRO,binary,Trimethoprim.Sulfamethoxazole,ordinal,,,23,WEAK,Negative,False
UTI.NCRO,binary,Cefotaxime,ordinal,,,23,WEAK,Negative,False
UTI.NCRO,binary,Ceftazidime,ordinal,,,23,WEAK,Negative,False
UTI.NCRO,binary,Tigecycline,ordinal,,,23,WEAK,Negative,False
UTI.NCRO,binary,Piperacillin.Tazobactam,ordinal,,,23,WEAK,Negative,False
UTI.NCRO,binary,Ceftazidime.Avibactam,binary,,,23,WEAK,Negative,False
UTI.NCRO,binary,ESBL.producer,binary,,,23,WEAK,Negative,False
UTI.NCRO,binary,AmpC,binary,,,23,WEAK,Negative,False
UTI.NCRO,binary,Carbapenemase,binary,,,23,WEAK,Negative,False
UTI.NCRO,binary,MRSA,binary,,,23,WEAK,Negative,False
UTI.NCRO,binary,VAN,binary,,,23,WEAK,Negative,False
UTI.NCRO,binary,Ceftazidime.Avibactam.T,binary,,,23,WEAK,Negative,False
UTI.NCRO,binary,Ceftazidime.Avibactam.Aztreonam.T,binary,,,23,WEAK,Negative,False
UTI.NCRO,binary,Ceftazidime.Avibactam.Aztreonam.Synergy.T,ordinal,,,23,WEAK,Negative,False
UTI.NCRO,binary,Polymyxin.Colistin.Inclusion.T,binary,,,23,WEAK,Negative,False
UTI.NCRO,binary,Clinical.Improvement,ordinal,,,23,WEAK,Negative,False
UTI.NCRO,binary,ICU.Stay.in.28.Days,continuous,,,23,WEAK,Negative,False
UTI.NCRO,binary,GW.Stay.in.28.Days,continuous,,,23,WEAK,Negative,False
UTI.NCRO,binary,Total.Hospital.stay.in.28.days,continuous,,,23,WEAK,Negative,False
UTI.NCRO,binary,Mortality.in.ICU,binary,,,23,WEAK,Negative,False
UTI.NCRO,binary,Mortality.in.Hospital,binary,,,23,WEAK,Negative,False
UTI.NCRO,binary,Mortality.post.28.Day.Discharge,binary,,,23,WEAK,Negative,False
UTI.NCRO,binary,Overall.Mortality,binary,,,23,WEAK,Negative,False
UTI.NCRO,binary,Relapse.post.28.Day.Discharge,binary,,,23,WEAK,Negative,False
UTI.NCRO,binary,Other.Illness.Leading.to.Hospitalization.post.28.Days.Discharge,binary,,,23,WEAK,Negative,False
IAI.NCRO,binary,HAP.NCRO,binary,,,23,WEAK,Negative,False
IAI.NCRO,binary,VAP.NCRO,binary,,,23,WEAK,Negative,False
IAI.NCRO,binary,CAP.NCRO,binary,,,23,WEAK,Negative,False
IAI.NCRO,binary,BSI.NCRO,binary,,,23,WEAK,Negative,False
IAI.NCRO,binary,Other.NCRO,binary,,,23,WEAK,Negative,False
IAI.NCRO,binary,Hospitalization.in.past.6.Months,binary,,,23,WEAK,Negative,False
IAI.NCRO,binary,CV.Catheter.in.6.Months,binary,,,23,WEAK,Negative,False
IAI.NCRO,binary,CV.Catheter.Now,binary,,,23,WEAK,Negative,False
IAI.NCRO,binary,Urinary.Catheter.in.6.Months,binary,,,23,WEAK,Negative,False
IAI.NCRO,binary,Urinary.Catheter.Now,binary,,,23,WEAK,Negative,False
IAI.NCRO,binary,Surgery.in.last.3.Months,binary,,,23,WEAK,Negative,False
IAI.NCRO,binary,Past.CREPA.infection,binary,,,23,WEAK,Negative,False
IAI.NCRO,binary,Endoscopy.in.1.week,binary,,,23,WEAK,Negative,False
IAI.NCRO,binary,Dialysis.in.1.week,binary,,,23,WEAK,Negative,False
IAI.NCRO,binary,Immunosuppressive.drugs.in.1.week,binary,,,23,WEAK,Negative,False
IAI.NCRO,binary,Inotropes,binary,,,23,WEAK,Negative,False
IAI.NCRO,binary,Dialysis.on.day.1,binary,,,23,WEAK,Negative,False
IAI.NCRO,binary,Ventilation,binary,,,23,WEAK,Negative,False
IAI.NCRO,binary,Overall.organ.support,binary,,,23,WEAK,Negative,False
IAI.NCRO,binary,Neutropenia,binary,,,23,WEAK,Negative,False
IAI.NCRO,binary,HIV.Present,binary,,,23,WEAK,Negative,False
IAI.NCRO,binary,TB,binary,,,23,WEAK,Negative,False
IAI.NCRO,binary,Any.Viral.Infection,binary,,,23,WEAK,Negative,False
IAI.NCRO,binary,Any.Fungal.Infection,binary,,,23,WEAK,Negative,False
IAI.NCRO,binary,Hemat.Malignancy,binary,,,23,WEAK,Negative,False
IAI.NCRO,binary,Solid.Organ,binary,,,23,WEAK,Negative,False
IAI.NCRO,binary,APACHEII,continuous,,,23,WEAK,Negative,False
IAI.NCRO,binary,SOFA,continuous,,,23,WEAK,Negative,False
IAI.NCRO,binary,Hb,binary,,,23,WEAK,Negative,False
IAI.NCRO,binary,TLC,binary,,,23,WEAK,Negative,False
IAI.NCRO,binary,ANC,binary,,,23,WEAK,Negative,False
IAI.NCRO,binary,Lympho,binary,,,23,WEAK,Negative,False
IAI.NCRO,binary,Platelet,binary,,,23,WEAK,Negative,False
IAI.NCRO,binary,INR,binary,,,23,WEAK,Negative,False
IAI.NCRO,binary,Bil,binary,,,23,WEAK,Negative,False
IAI.NCRO,binary,SGPT,binary,,,23,WEAK,Negative,False
IAI.NCRO,binary,SGOT,binary,,,23,WEAK,Negative,False
IAI.NCRO,binary,Albumin,binary,,,23,WEAK,Negative,False
IAI.NCRO,binary,Total.Protein,binary,,,23,WEAK,Negative,False
IAI.NCRO,binary,Globulin,binary,,,23,WEAK,Negative,False
IAI.NCRO,binary,ALP,binary,,,23,WEAK,Negative,False
IAI.NCRO,binary,Creatinine,binary,,,23,WEAK,Negative,False
IAI.NCRO,binary,Sodium,binary,,,23,WEAK,Negative,False
IAI.NCRO,binary,Potassium,binary,,,23,WEAK,Negative,False
IAI.NCRO,binary,Urea,continuous,,,23,WEAK,Negative,False
IAI.NCRO,binary,Calcium,binary,,,23,WEAK,Negative,False
IAI.NCRO,binary,Magnesium,binary,,,23,WEAK,Negative,False
IAI.NCRO,binary,Procalcitonin,binary,,,23,WEAK,Negative,False
IAI.NCRO,binary,P.C.Z.A.E,binary,,,23,WEAK,Negative,False
IAI.NCRO,binary,P.C.only.E,binary,,,23,WEAK,Negative,False
IAI.NCRO,binary,Z.A.only.E,binary,,,23,WEAK,Negative,False
IAI.NCRO,binary,Neither.Abx.E,binary,,,23,WEAK,Negative,False
IAI.NCRO,binary,P.C.Z.A.T,binary,,,23,WEAK,Negative,False
IAI.NCRO,binary,P.C.only.T,binary,,,23,WEAK,Negative,False
IAI.NCRO,binary,Z.A.only.T,binary,,,23,WEAK,Negative,False
IAI.NCRO,binary,Neither.Abx.T,binary,,,23,WEAK,Negative,False
IAI.NCRO,binary,Amoxicillin.Clavulanic.Acid,ordinal,,,23,WEAK,Negative,False
IAI.NCRO,binary,Amikacin,ordinal,,,23,WEAK,Negative,False
IAI.NCRO,binary,Aztreonam,ordinal,,,23,WEAK,Negative,False
IAI.NCRO,binary,Chloramphenicol,ordinal,,,23,WEAK,Negative,False
IAI.NCRO,binary,Ciprofloxacin,ordinal,,,23,WEAK,Negative,False
IAI.NCRO,binary,Colistin,ordinal,,,23,WEAK,Negative,False
IAI.NCRO,binary,Ceftriaxone,ordinal,,,23,WEAK,Negative,False
IAI.NCRO,binary,Doxycycline,ordinal,,,23,WEAK,Negative,False
IAI.NCRO,binary,Ertapenem,ordinal,,,23,WEAK,Negative,False
IAI.NCRO,binary,Cefepime,ordinal,,,23,WEAK,Negative,False
IAI.NCRO,binary,Fosfomycin,ordinal,,,23,WEAK,Negative,False
IAI.NCRO,binary,Cefoxitin,ordinal,,,23,WEAK,Negative,False
IAI.NCRO,binary,Nitrofurantoin,ordinal,,,23,WEAK,Negative,False
IAI.NCRO,binary,Gentamicin,ordinal,,,23,WEAK,Negative,False
IAI.NCRO,binary,Imipenem,ordinal,,,23,WEAK,Negative,False
IAI.NCRO,binary,Levofloxacin,ordinal,,,23,WEAK,Negative,False
IAI.NCRO,binary,Meropenem,ordinal,,,23,WEAK,Negative,False
IAI.NCRO,binary,Minocycline,ordinal,,,23,WEAK,Negative,False
IAI.NCRO,binary,Cefuroxime,ordinal,,,23,WEAK,Negative,False
IAI.NCRO,binary,Cefoperazone.Sulbactam,ordinal,,,23,WEAK,Negative,False
IAI.NCRO,binary,Trimethoprim.Sulfamethoxazole,ordinal,,,23,WEAK,Negative,False
IAI.NCRO,binary,Cefotaxime,ordinal,,,23,WEAK,Negative,False
IAI.NCRO,binary,Ceftazidime,ordinal,,,23,WEAK,Negative,False
IAI.NCRO,binary,Tigecycline,ordinal,,,23,WEAK,Negative,False
IAI.NCRO,binary,Piperacillin.Tazobactam,ordinal,,,23,WEAK,Negative,False
IAI.NCRO,binary,Ceftazidime.Avibactam,binary,,,23,WEAK,Negative,False
IAI.NCRO,binary,ESBL.producer,binary,,,23,WEAK,Negative,False
IAI.NCRO,binary,AmpC,binary,,,23,WEAK,Negative,False
IAI.NCRO,binary,Carbapenemase,binary,,,23,WEAK,Negative,False
IAI.NCRO,binary,MRSA,binary,,,23,WEAK,Negative,False
IAI.NCRO,binary,VAN,binary,,,23,WEAK,Negative,False
IAI.NCRO,binary,Ceftazidime.Avibactam.T,binary,,,23,WEAK,Negative,False
IAI.NCRO,binary,Ceftazidime.Avibactam.Aztreonam.T,binary,,,23,WEAK,Negative,False
IAI.NCRO,binary,Ceftazidime.Avibactam.Aztreonam.Synergy.T,ordinal,,,23,WEAK,Negative,False
IAI.NCRO,binary,Polymyxin.Colistin.Inclusion.T,binary,,,23,WEAK,Negative,False
IAI.NCRO,binary,Clinical.Improvement,ordinal,,,23,WEAK,Negative,False
IAI.NCRO,binary,ICU.Stay.in.28.Days,continuous,,,23,WEAK,Negative,False
IAI.NCRO,binary,GW.Stay.in.28.Days,continuous,,,23,WEAK,Negative,False
IAI.NCRO,binary,Total.Hospital.stay.in.28.days,continuous,,,23,WEAK,Negative,False
IAI.NCRO,binary,Mortality.in.ICU,binary,,,23,WEAK,Negative,False
IAI.NCRO,binary,Mortality.in.Hospital,binary,,,23,WEAK,Negative,False
IAI.NCRO,binary,Mortality.post.28.Day.Discharge,binary,,,23,WEAK,Negative,False
IAI.NCRO,binary,Overall.Mortality,binary,,,23,WEAK,Negative,False
IAI.NCRO,binary,Relapse.post.28.Day.Discharge,binary,,,23,WEAK,Negative,False
IAI.NCRO,binary,Other.Illness.Leading.to.Hospitalization.post.28.Days.Discharge,binary,,,23,WEAK,Negative,False
HAP.NCRO,binary,VAP.NCRO,binary,,,23,WEAK,Negative,False
HAP.NCRO,binary,CAP.NCRO,binary,,,23,WEAK,Negative,False
HAP.NCRO,binary,BSI.NCRO,binary,,,23,WEAK,Negative,False
HAP.NCRO,binary,Other.NCRO,binary,,,23,WEAK,Negative,False
HAP.NCRO,binary,Hospitalization.in.past.6.Months,binary,,,23,WEAK,Negative,False
HAP.NCRO,binary,CV.Catheter.in.6.Months,binary,,,23,WEAK,Negative,False
HAP.NCRO,binary,CV.Catheter.Now,binary,,,23,WEAK,Negative,False
HAP.NCRO,binary,Urinary.Catheter.in.6.Months,binary,,,23,WEAK,Negative,False
HAP.NCRO,binary,Urinary.Catheter.Now,binary,,,23,WEAK,Negative,False
HAP.NCRO,binary,Surgery.in.last.3.Months,binary,,,23,WEAK,Negative,False
HAP.NCRO,binary,Past.CREPA.infection,binary,,,23,WEAK,Negative,False
HAP.NCRO,binary,Endoscopy.in.1.week,binary,,,23,WEAK,Negative,False
HAP.NCRO,binary,Dialysis.in.1.week,binary,,,23,WEAK,Negative,False
HAP.NCRO,binary,Immunosuppressive.drugs.in.1.week,binary,,,23,WEAK,Negative,False
HAP.NCRO,binary,Inotropes,binary,,,23,WEAK,Negative,False
HAP.NCRO,binary,Dialysis.on.day.1,binary,,,23,WEAK,Negative,False
HAP.NCRO,binary,Ventilation,binary,,,23,WEAK,Negative,False
HAP.NCRO,binary,Overall.organ.support,binary,,,23,WEAK,Negative,False
HAP.NCRO,binary,Neutropenia,binary,,,23,WEAK,Negative,False
HAP.NCRO,binary,HIV.Present,binary,,,23,WEAK,Negative,False
HAP.NCRO,binary,TB,binary,,,23,WEAK,Negative,False
HAP.NCRO,binary,Any.Viral.Infection,binary,,,23,WEAK,Negative,False
HAP.NCRO,binary,Any.Fungal.Infection,binary,,,23,WEAK,Negative,False
HAP.NCRO,binary,Hemat.Malignancy,binary,,,23,WEAK,Negative,False
HAP.NCRO,binary,Solid.Organ,binary,,,23,WEAK,Negative,False
HAP.NCRO,binary,APACHEII,continuous,,,23,WEAK,Negative,False
HAP.NCRO,binary,SOFA,continuous,,,23,WEAK,Negative,False
HAP.NCRO,binary,Hb,binary,,,23,WEAK,Negative,False
HAP.NCRO,binary,TLC,binary,,,23,WEAK,Negative,False
HAP.NCRO,binary,ANC,binary,,,23,WEAK,Negative,False
HAP.NCRO,binary,Lympho,binary,,,23,WEAK,Negative,False
HAP.NCRO,binary,Platelet,binary,,,23,WEAK,Negative,False
HAP.NCRO,binary,INR,binary,,,23,WEAK,Negative,False
HAP.NCRO,binary,Bil,binary,,,23,WEAK,Negative,False
HAP.NCRO,binary,SGPT,binary,,,23,WEAK,Negative,False
HAP.NCRO,binary,SGOT,binary,,,23,WEAK,Negative,False
HAP.NCRO,binary,Albumin,binary,,,23,WEAK,Negative,False
HAP.NCRO,binary,Total.Protein,binary,,,23,WEAK,Negative,False
HAP.NCRO,binary,Globulin,binary,,,23,WEAK,Negative,False
HAP.NCRO,binary,ALP,binary,,,23,WEAK,Negative,False
HAP.NCRO,binary,Creatinine,binary,,,23,WEAK,Negative,False
HAP.NCRO,binary,Sodium,binary,,,23,WEAK,Negative,False
HAP.NCRO,binary,Potassium,binary,,,23,WEAK,Negative,False
HAP.NCRO,binary,Urea,continuous,,,23,WEAK,Negative,False
HAP.NCRO,binary,Calcium,binary,,,23,WEAK,Negative,False
HAP.NCRO,binary,Magnesium,binary,,,23,WEAK,Negative,False
HAP.NCRO,binary,Procalcitonin,binary,,,23,WEAK,Negative,False
HAP.NCRO,binary,P.C.Z.A.E,binary,,,23,WEAK,Negative,False
HAP.NCRO,binary,P.C.only.E,binary,,,23,WEAK,Negative,False
HAP.NCRO,binary,Z.A.only.E,binary,,,23,WEAK,Negative,False
HAP.NCRO,binary,Neither.Abx.E,binary,,,23,WEAK,Negative,False
HAP.NCRO,binary,P.C.Z.A.T,binary,,,23,WEAK,Negative,False
HAP.NCRO,binary,P.C.only.T,binary,,,23,WEAK,Negative,False
HAP.NCRO,binary,Z.A.only.T,binary,,,23,WEAK,Negative,False
HAP.NCRO,binary,Neither.Abx.T,binary,,,23,WEAK,Negative,False
HAP.NCRO,binary,Amoxicillin.Clavulanic.Acid,ordinal,,,23,WEAK,Negative,False
HAP.NCRO,binary,Amikacin,ordinal,,,23,WEAK,Negative,False
HAP.NCRO,binary,Aztreonam,ordinal,,,23,WEAK,Negative,False
HAP.NCRO,binary,Chloramphenicol,ordinal,,,23,WEAK,Negative,False
HAP.NCRO,binary,Ciprofloxacin,ordinal,,,23,WEAK,Negative,False
HAP.NCRO,binary,Colistin,ordinal,,,23,WEAK,Negative,False
HAP.NCRO,binary,Ceftriaxone,ordinal,,,23,WEAK,Negative,False
HAP.NCRO,binary,Doxycycline,ordinal,,,23,WEAK,Negative,False
HAP.NCRO,binary,Ertapenem,ordinal,,,23,WEAK,Negative,False
HAP.NCRO,binary,Cefepime,ordinal,,,23,WEAK,Negative,False
HAP.NCRO,binary,Fosfomycin,ordinal,,,23,WEAK,Negative,False
HAP.NCRO,binary,Cefoxitin,ordinal,,,23,WEAK,Negative,False
HAP.NCRO,binary,Nitrofurantoin,ordinal,,,23,WEAK,Negative,False
HAP.NCRO,binary,Gentamicin,ordinal,,,23,WEAK,Negative,False
HAP.NCRO,binary,Imipenem,ordinal,,,23,WEAK,Negative,False
HAP.NCRO,binary,Levofloxacin,ordinal,,,23,WEAK,Negative,False
HAP.NCRO,binary,Meropenem,ordinal,,,23,WEAK,Negative,False
HAP.NCRO,binary,Minocycline,ordinal,,,23,WEAK,Negative,False
HAP.NCRO,binary,Cefuroxime,ordinal,,,23,WEAK,Negative,False
HAP.NCRO,binary,Cefoperazone.Sulbactam,ordinal,,,23,WEAK,Negative,False
HAP.NCRO,binary,Trimethoprim.Sulfamethoxazole,ordinal,,,23,WEAK,Negative,False
HAP.NCRO,binary,Cefotaxime,ordinal,,,23,WEAK,Negative,False
HAP.NCRO,binary,Ceftazidime,ordinal,,,23,WEAK,Negative,False
HAP.NCRO,binary,Tigecycline,ordinal,,,23,WEAK,Negative,False
HAP.NCRO,binary,Piperacillin.Tazobactam,ordinal,,,23,WEAK,Negative,False
HAP.NCRO,binary,Ceftazidime.Avibactam,binary,,,23,WEAK,Negative,False
HAP.NCRO,binary,ESBL.producer,binary,,,23,WEAK,Negative,False
HAP.NCRO,binary,AmpC,binary,,,23,WEAK,Negative,False
HAP.NCRO,binary,Carbapenemase,binary,,,23,WEAK,Negative,False
HAP.NCRO,binary,MRSA,binary,,,23,WEAK,Negative,False
HAP.NCRO,binary,VAN,binary,,,23,WEAK,Negative,False
HAP.NCRO,binary,Ceftazidime.Avibactam.T,binary,,,23,WEAK,Negative,False
HAP.NCRO,binary,Ceftazidime.Avibactam.Aztreonam.T,binary,,,23,WEAK,Negative,False
HAP.NCRO,binary,Ceftazidime.Avibactam.Aztreonam.Synergy.T,ordinal,,,23,WEAK,Negative,False
HAP.NCRO,binary,Polymyxin.Colistin.Inclusion.T,binary,,,23,WEAK,Negative,False
HAP.NCRO,binary,Clinical.Improvement,ordinal,,,23,WEAK,Negative,False
HAP.NCRO,binary,ICU.Stay.in.28.Days,continuous,,,23,WEAK,Negative,False
HAP.NCRO,binary,GW.Stay.in.28.Days,continuous,,,23,WEAK,Negative,False
HAP.NCRO,binary,Total.Hospital.stay.in.28.days,continuous,,,23,WEAK,Negative,False
HAP.NCRO,binary,Mortality.in.ICU,binary,,,23,WEAK,Negative,False
HAP.NCRO,binary,Mortality.in.Hospital,binary,,,23,WEAK,Negative,False
HAP.NCRO,binary,Mortality.post.28.Day.Discharge,binary,,,23,WEAK,Negative,False
HAP.NCRO,binary,Overall.Mortality,binary,,,23,WEAK,Negative,False
HAP.NCRO,binary,Relapse.post.28.Day.Discharge,binary,,,23,WEAK,Negative,False
HAP.NCRO,binary,Other.Illness.Leading.to.Hospitalization.post.28.Days.Discharge,binary,,,23,WEAK,Negative,False
VAP.NCRO,binary,CAP.NCRO,binary,,,23,WEAK,Negative,False
VAP.NCRO,binary,BSI.NCRO,binary,,,23,WEAK,Negative,False
VAP.NCRO,binary,Other.NCRO,binary,,,23,WEAK,Negative,False
VAP.NCRO,binary,Hospitalization.in.past.6.Months,binary,,,23,WEAK,Negative,False
VAP.NCRO,binary,CV.Catheter.in.6.Months,binary,,,23,WEAK,Negative,False
VAP.NCRO,binary,CV.Catheter.Now,binary,,,23,WEAK,Negative,False
VAP.NCRO,binary,Urinary.Catheter.in.6.Months,binary,,,23,WEAK,Negative,False
VAP.NCRO,binary,Urinary.Catheter.Now,binary,,,23,WEAK,Negative,False
VAP.NCRO,binary,Surgery.in.last.3.Months,binary,,,23,WEAK,Negative,False
VAP.NCRO,binary,Past.CREPA.infection,binary,,,23,WEAK,Negative,False
VAP.NCRO,binary,Endoscopy.in.1.week,binary,,,23,WEAK,Negative,False
VAP.NCRO,binary,Dialysis.in.1.week,binary,,,23,WEAK,Negative,False
VAP.NCRO,binary,Immunosuppressive.drugs.in.1.week,binary,,,23,WEAK,Negative,False
VAP.NCRO,binary,Inotropes,binary,,,23,WEAK,Negative,False
VAP.NCRO,binary,Dialysis.on.day.1,binary,,,23,WEAK,Negative,False
VAP.NCRO,binary,Ventilation,binary,,,23,WEAK,Negative,False
VAP.NCRO,binary,Overall.organ.support,binary,,,23,WEAK,Negative,False
VAP.NCRO,binary,Neutropenia,binary,,,23,WEAK,Negative,False
VAP.NCRO,binary,HIV.Present,binary,,,23,WEAK,Negative,False
VAP.NCRO,binary,TB,binary,,,23,WEAK,Negative,False
VAP.NCRO,binary,Any.Viral.Infection,binary,,,23,WEAK,Negative,False
VAP.NCRO,binary,Any.Fungal.Infection,binary,,,23,WEAK,Negative,False
VAP.NCRO,binary,Hemat.Malignancy,binary,,,23,WEAK,Negative,False
VAP.NCRO,binary,Solid.Organ,binary,,,23,WEAK,Negative,False
VAP.NCRO,binary,APACHEII,continuous,,,23,WEAK,Negative,False
VAP.NCRO,binary,SOFA,continuous,,,23,WEAK,Negative,False
VAP.NCRO,binary,Hb,binary,,,23,WEAK,Negative,False
VAP.NCRO,binary,TLC,binary,,,23,WEAK,Negative,False
VAP.NCRO,binary,ANC,binary,,,23,WEAK,Negative,False
VAP.NCRO,binary,Lympho,binary,,,23,WEAK,Negative,False
VAP.NCRO,binary,Platelet,binary,,,23,WEAK,Negative,False
VAP.NCRO,binary,INR,binary,,,23,WEAK,Negative,False
VAP.NCRO,binary,Bil,binary,,,23,WEAK,Negative,False
VAP.NCRO,binary,SGPT,binary,,,23,WEAK,Negative,False
VAP.NCRO,binary,SGOT,binary,,,23,WEAK,Negative,False
VAP.NCRO,binary,Albumin,binary,,,23,WEAK,Negative,False
VAP.NCRO,binary,Total.Protein,binary,,,23,WEAK,Negative,False
VAP.NCRO,binary,Globulin,binary,,,23,WEAK,Negative,False
VAP.NCRO,binary,ALP,binary,,,23,WEAK,Negative,False
VAP.NCRO,binary,Creatinine,binary,,,23,WEAK,Negative,False
VAP.NCRO,binary,Sodium,binary,,,23,WEAK,Negative,False
VAP.NCRO,binary,Potassium,binary,,,23,WEAK,Negative,False
VAP.NCRO,binary,Urea,continuous,,,23,WEAK,Negative,False
VAP.NCRO,binary,Calcium,binary,,,23,WEAK,Negative,False
VAP.NCRO,binary,Magnesium,binary,,,23,WEAK,Negative,False
VAP.NCRO,binary,Procalcitonin,binary,,,23,WEAK,Negative,False
VAP.NCRO,binary,P.C.Z.A.E,binary,,,23,WEAK,Negative,False
VAP.NCRO,binary,P.C.only.E,binary,,,23,WEAK,Negative,False
VAP.NCRO,binary,Z.A.only.E,binary,,,23,WEAK,Negative,False
VAP.NCRO,binary,Neither.Abx.E,binary,,,23,WEAK,Negative,False
VAP.NCRO,binary,P.C.Z.A.T,binary,,,23,WEAK,Negative,False
VAP.NCRO,binary,P.C.only.T,binary,,,23,WEAK,Negative,False
VAP.NCRO,binary,Z.A.only.T,binary,,,23,WEAK,Negative,False
VAP.NCRO,binary,Neither.Abx.T,binary,,,23,WEAK,Negative,False
VAP.NCRO,binary,Amoxicillin.Clavulanic.Acid,ordinal,,,23,WEAK,Negative,False
VAP.NCRO,binary,Amikacin,ordinal,,,23,WEAK,Negative,False
VAP.NCRO,binary,Aztreonam,ordinal,,,23,WEAK,Negative,False
VAP.NCRO,binary,Chloramphenicol,ordinal,,,23,WEAK,Negative,False
VAP.NCRO,binary,Ciprofloxacin,ordinal,,,23,WEAK,Negative,False
VAP.NCRO,binary,Colistin,ordinal,,,23,WEAK,Negative,False
VAP.NCRO,binary,Ceftriaxone,ordinal,,,23,WEAK,Negative,False
VAP.NCRO,binary,Doxycycline,ordinal,,,23,WEAK,Negative,False
VAP.NCRO,binary,Ertapenem,ordinal,,,23,WEAK,Negative,False
VAP.NCRO,binary,Cefepime,ordinal,,,23,WEAK,Negative,False
VAP.NCRO,binary,Fosfomycin,ordinal,,,23,WEAK,Negative,False
VAP.NCRO,binary,Cefoxitin,ordinal,,,23,WEAK,Negative,False
VAP.NCRO,binary,Nitrofurantoin,ordinal,,,23,WEAK,Negative,False
VAP.NCRO,binary,Gentamicin,ordinal,,,23,WEAK,Negative,False
VAP.NCRO,binary,Imipenem,ordinal,,,23,WEAK,Negative,False
VAP.NCRO,binary,Levofloxacin,ordinal,,,23,WEAK,Negative,False
VAP.NCRO,binary,Meropenem,ordinal,,,23,WEAK,Negative,False
VAP.NCRO,binary,Minocycline,ordinal,,,23,WEAK,Negative,False
VAP.NCRO,binary,Cefuroxime,ordinal,,,23,WEAK,Negative,False
VAP.NCRO,binary,Cefoperazone.Sulbactam,ordinal,,,23,WEAK,Negative,False
VAP.NCRO,binary,Trimethoprim.Sulfamethoxazole,ordinal,,,23,WEAK,Negative,False
VAP.NCRO,binary,Cefotaxime,ordinal,,,23,WEAK,Negative,False
VAP.NCRO,binary,Ceftazidime,ordinal,,,23,WEAK,Negative,False
VAP.NCRO,binary,Tigecycline,ordinal,,,23,WEAK,Negative,False
VAP.NCRO,binary,Piperacillin.Tazobactam,ordinal,,,23,WEAK,Negative,False
VAP.NCRO,binary,Ceftazidime.Avibactam,binary,,,23,WEAK,Negative,False
VAP.NCRO,binary,ESBL.producer,binary,,,23,WEAK,Negative,False
VAP.NCRO,binary,AmpC,binary,,,23,WEAK,Negative,False
VAP.NCRO,binary,Carbapenemase,binary,,,23,WEAK,Negative,False
VAP.NCRO,binary,MRSA,binary,,,23,WEAK,Negative,False
VAP.NCRO,binary,VAN,binary,,,23,WEAK,Negative,False
VAP.NCRO,binary,Ceftazidime.Avibactam.T,binary,,,23,WEAK,Negative,False
VAP.NCRO,binary,Ceftazidime.Avibactam.Aztreonam.T,binary,,,23,WEAK,Negative,False
VAP.NCRO,binary,Ceftazidime.Avibactam.Aztreonam.Synergy.T,ordinal,,,23,WEAK,Negative,False
VAP.NCRO,binary,Polymyxin.Colistin.Inclusion.T,binary,,,23,WEAK,Negative,False
VAP.NCRO,binary,Clinical.Improvement,ordinal,,,23,WEAK,Negative,False
VAP.NCRO,binary,ICU.Stay.in.28.Days,continuous,,,23,WEAK,Negative,False
VAP.NCRO,binary,GW.Stay.in.28.Days,continuous,,,23,WEAK,Negative,False
VAP.NCRO,binary,Total.Hospital.stay.in.28.days,continuous,,,23,WEAK,Negative,False
VAP.NCRO,binary,Mortality.in.ICU,binary,,,23,WEAK,Negative,False
VAP.NCRO,binary,Mortality.in.Hospital,binary,,,23,WEAK,Negative,False
VAP.NCRO,binary,Mortality.post.28.Day.Discharge,binary,,,23,WEAK,Negative,False
VAP.NCRO,binary,Overall.Mortality,binary,,,23,WEAK,Negative,False
VAP.NCRO,binary,Relapse.post.28.Day.Discharge,binary,,,23,WEAK,Negative,False
VAP.NCRO,binary,Other.Illness.Leading.to.Hospitalization.post.28.Days.Discharge,binary,,,23,WEAK,Negative,False
CAP.NCRO,binary,BSI.NCRO,binary,,,23,WEAK,Negative,False
CAP.NCRO,binary,Other.NCRO,binary,,,23,WEAK,Negative,False
CAP.NCRO,binary,Hospitalization.in.past.6.Months,binary,,,23,WEAK,Negative,False
CAP.NCRO,binary,CV.Catheter.in.6.Months,binary,,,23,WEAK,Negative,False
CAP.NCRO,binary,CV.Catheter.Now,binary,,,23,WEAK,Negative,False
CAP.NCRO,binary,Urinary.Catheter.in.6.Months,binary,,,23,WEAK,Negative,False
CAP.NCRO,binary,Urinary.Catheter.Now,binary,,,23,WEAK,Negative,False
CAP.NCRO,binary,Surgery.in.last.3.Months,binary,,,23,WEAK,Negative,False
CAP.NCRO,binary,Past.CREPA.infection,binary,,,23,WEAK,Negative,False
CAP.NCRO,binary,Endoscopy.in.1.week,binary,,,23,WEAK,Negative,False
CAP.NCRO,binary,Dialysis.in.1.week,binary,,,23,WEAK,Negative,False
CAP.NCRO,binary,Immunosuppressive.drugs.in.1.week,binary,,,23,WEAK,Negative,False
CAP.NCRO,binary,Inotropes,binary,,,23,WEAK,Negative,False
CAP.NCRO,binary,Dialysis.on.day.1,binary,,,23,WEAK,Negative,False
CAP.NCRO,binary,Ventilation,binary,,,23,WEAK,Negative,False
CAP.NCRO,binary,Overall.organ.support,binary,,,23,WEAK,Negative,False
CAP.NCRO,binary,Neutropenia,binary,,,23,WEAK,Negative,False
CAP.NCRO,binary,HIV.Present,binary,,,23,WEAK,Negative,False
CAP.NCRO,binary,TB,binary,,,23,WEAK,Negative,False
CAP.NCRO,binary,Any.Viral.Infection,binary,,,23,WEAK,Negative,False
CAP.NCRO,binary,Any.Fungal.Infection,binary,,,23,WEAK,Negative,False
CAP.NCRO,binary,Hemat.Malignancy,binary,,,23,WEAK,Negative,False
CAP.NCRO,binary,Solid.Organ,binary,,,23,WEAK,Negative,False
CAP.NCRO,binary,APACHEII,continuous,,,23,WEAK,Negative,False
CAP.NCRO,binary,SOFA,continuous,,,23,WEAK,Negative,False
CAP.NCRO,binary,Hb,binary,,,23,WEAK,Negative,False
CAP.NCRO,binary,TLC,binary,,,23,WEAK,Negative,False
CAP.NCRO,binary,ANC,binary,,,23,WEAK,Negative,False
CAP.NCRO,binary,Lympho,binary,,,23,WEAK,Negative,False
CAP.NCRO,binary,Platelet,binary,,,23,WEAK,Negative,False
CAP.NCRO,binary,INR,binary,,,23,WEAK,Negative,False
CAP.NCRO,binary,Bil,binary,,,23,WEAK,Negative,False
CAP.NCRO,binary,SGPT,binary,,,23,WEAK,Negative,False
CAP.NCRO,binary,SGOT,binary,,,23,WEAK,Negative,False
CAP.NCRO,binary,Albumin,binary,,,23,WEAK,Negative,False
CAP.NCRO,binary,Total.Protein,binary,,,23,WEAK,Negative,False
CAP.NCRO,binary,Globulin,binary,,,23,WEAK,Negative,False
CAP.NCRO,binary,ALP,binary,,,23,WEAK,Negative,False
CAP.NCRO,binary,Creatinine,binary,,,23,WEAK,Negative,False
CAP.NCRO,binary,Sodium,binary,,,23,WEAK,Negative,False
CAP.NCRO,binary,Potassium,binary,,,23,WEAK,Negative,False
CAP.NCRO,binary,Urea,continuous,,,23,WEAK,Negative,False
CAP.NCRO,binary,Calcium,binary,,,23,WEAK,Negative,False
CAP.NCRO,binary,Magnesium,binary,,,23,WEAK,Negative,False
CAP.NCRO,binary,Procalcitonin,binary,,,23,WEAK,Negative,False
CAP.NCRO,binary,P.C.Z.A.E,binary,,,23,WEAK,Negative,False
CAP.NCRO,binary,P.C.only.E,binary,,,23,WEAK,Negative,False
CAP.NCRO,binary,Z.A.only.E,binary,,,23,WEAK,Negative,False
CAP.NCRO,binary,Neither.Abx.E,binary,,,23,WEAK,Negative,False
CAP.NCRO,binary,P.C.Z.A.T,binary,,,23,WEAK,Negative,False
CAP.NCRO,binary,P.C.only.T,binary,,,23,WEAK,Negative,False
CAP.NCRO,binary,Z.A.only.T,binary,,,23,WEAK,Negative,False
CAP.NCRO,binary,Neither.Abx.T,binary,,,23,WEAK,Negative,False
CAP.NCRO,binary,Amoxicillin.Clavulanic.Acid,ordinal,,,23,WEAK,Negative,False
CAP.NCRO,binary,Amikacin,ordinal,,,23,WEAK,Negative,False
CAP.NCRO,binary,Aztreonam,ordinal,,,23,WEAK,Negative,False
CAP.NCRO,binary,Chloramphenicol,ordinal,,,23,WEAK,Negative,False
CAP.NCRO,binary,Ciprofloxacin,ordinal,,,23,WEAK,Negative,False
CAP.NCRO,binary,Colistin,ordinal,,,23,WEAK,Negative,False
CAP.NCRO,binary,Ceftriaxone,ordinal,,,23,WEAK,Negative,False
CAP.NCRO,binary,Doxycycline,ordinal,,,23,WEAK,Negative,False
CAP.NCRO,binary,Ertapenem,ordinal,,,23,WEAK,Negative,False
CAP.NCRO,binary,Cefepime,ordinal,,,23,WEAK,Negative,False
CAP.NCRO,binary,Fosfomycin,ordinal,,,23,WEAK,Negative,False
CAP.NCRO,binary,Cefoxitin,ordinal,,,23,WEAK,Negative,False
CAP.NCRO,binary,Nitrofurantoin,ordinal,,,23,WEAK,Negative,False
CAP.NCRO,binary,Gentamicin,ordinal,,,23,WEAK,Negative,False
CAP.NCRO,binary,Imipenem,ordinal,,,23,WEAK,Negative,False
CAP.NCRO,binary,Levofloxacin,ordinal,,,23,WEAK,Negative,False
CAP.NCRO,binary,Meropenem,ordinal,,,23,WEAK,Negative,False
CAP.NCRO,binary,Minocycline,ordinal,,,23,WEAK,Negative,False
CAP.NCRO,binary,Cefuroxime,ordinal,,,23,WEAK,Negative,False
CAP.NCRO,binary,Cefoperazone.Sulbactam,ordinal,,,23,WEAK,Negative,False
CAP.NCRO,binary,Trimethoprim.Sulfamethoxazole,ordinal,,,23,WEAK,Negative,False
CAP.NCRO,binary,Cefotaxime,ordinal,,,23,WEAK,Negative,False
CAP.NCRO,binary,Ceftazidime,ordinal,,,23,WEAK,Negative,False
CAP.NCRO,binary,Tigecycline,ordinal,,,23,WEAK,Negative,False
CAP.NCRO,binary,Piperacillin.Tazobactam,ordinal,,,23,WEAK,Negative,False
CAP.NCRO,binary,Ceftazidime.Avibactam,binary,,,23,WEAK,Negative,False
CAP.NCRO,binary,ESBL.producer,binary,,,23,WEAK,Negative,False
CAP.NCRO,binary,AmpC,binary,,,23,WEAK,Negative,False
CAP.NCRO,binary,Carbapenemase,binary,,,23,WEAK,Negative,False
CAP.NCRO,binary,MRSA,binary,,,23,WEAK,Negative,False
CAP.NCRO,binary,VAN,binary,,,23,WEAK,Negative,False
CAP.NCRO,binary,Ceftazidime.Avibactam.T,binary,,,23,WEAK,Negative,False
CAP.NCRO,binary,Ceftazidime.Avibactam.Aztreonam.T,binary,,,23,WEAK,Negative,False
CAP.NCRO,binary,Ceftazidime.Avibactam.Aztreonam.Synergy.T,ordinal,,,23,WEAK,Negative,False
CAP.NCRO,binary,Polymyxin.Colistin.Inclusion.T,binary,,,23,WEAK,Negative,False
CAP.NCRO,binary,Clinical.Improvement,ordinal,,,23,WEAK,Negative,False
CAP.NCRO,binary,ICU.Stay.in.28.Days,continuous,,,23,WEAK,Negative,False
CAP.NCRO,binary,GW.Stay.in.28.Days,continuous,,,23,WEAK,Negative,False
CAP.NCRO,binary,Total.Hospital.stay.in.28.days,continuous,,,23,WEAK,Negative,False
CAP.NCRO,binary,Mortality.in.ICU,binary,,,23,WEAK,Negative,False
CAP.NCRO,binary,Mortality.in.Hospital,binary,,,23,WEAK,Negative,False
CAP.NCRO,binary,Mortality.post.28.Day.Discharge,binary,,,23,WEAK,Negative,False
CAP.NCRO,binary,Overall.Mortality,binary,,,23,WEAK,Negative,False
CAP.NCRO,binary,Relapse.post.28.Day.Discharge,binary,,,23,WEAK,Negative,False
CAP.NCRO,binary,Other.Illness.Leading.to.Hospitalization.post.28.Days.Discharge,binary,,,23,WEAK,Negative,False
BSI.NCRO,binary,Other.NCRO,binary,,,23,WEAK,Negative,False
BSI.NCRO,binary,Hospitalization.in.past.6.Months,binary,,,23,WEAK,Negative,False
BSI.NCRO,binary,CV.Catheter.in.6.Months,binary,,,23,WEAK,Negative,False
BSI.NCRO,binary,CV.Catheter.Now,binary,,,23,WEAK,Negative,False
BSI.NCRO,binary,Urinary.Catheter.in.6.Months,binary,,,23,WEAK,Negative,False
BSI.NCRO,binary,Urinary.Catheter.Now,binary,,,23,WEAK,Negative,False
BSI.NCRO,binary,Surgery.in.last.3.Months,binary,,,23,WEAK,Negative,False
BSI.NCRO,binary,Past.CREPA.infection,binary,,,23,WEAK,Negative,False
BSI.NCRO,binary,Endoscopy.in.1.week,binary,,,23,WEAK,Negative,False
BSI.NCRO,binary,Dialysis.in.1.week,binary,,,23,WEAK,Negative,False
BSI.NCRO,binary,Immunosuppressive.drugs.in.1.week,binary,,,23,WEAK,Negative,False
BSI.NCRO,binary,Inotropes,binary,,,23,WEAK,Negative,False
BSI.NCRO,binary,Dialysis.on.day.1,binary,,,23,WEAK,Negative,False
BSI.NCRO,binary,Ventilation,binary,,,23,WEAK,Negative,False
BSI.NCRO,binary,Overall.organ.support,binary,,,23,WEAK,Negative,False
BSI.NCRO,binary,Neutropenia,binary,,,23,WEAK,Negative,False
BSI.NCRO,binary,HIV.Present,binary,,,23,WEAK,Negative,False
BSI.NCRO,binary,TB,binary,,,23,WEAK,Negative,False
BSI.NCRO,binary,Any.Viral.Infection,binary,,,23,WEAK,Negative,False
BSI.NCRO,binary,Any.Fungal.Infection,binary,,,23,WEAK,Negative,False
BSI.NCRO,binary,Hemat.Malignancy,binary,,,23,WEAK,Negative,False
BSI.NCRO,binary,Solid.Organ,binary,,,23,WEAK,Negative,False
BSI.NCRO,binary,APACHEII,continuous,,,23,WEAK,Negative,False
BSI.NCRO,binary,SOFA,continuous,,,23,WEAK,Negative,False
BSI.NCRO,binary,Hb,binary,,,23,WEAK,Negative,False
BSI.NCRO,binary,TLC,binary,,,23,WEAK,Negative,False
BSI.NCRO,binary,ANC,binary,,,23,WEAK,Negative,False
BSI.NCRO,binary,Lympho,binary,,,23,WEAK,Negative,False
BSI.NCRO,binary,Platelet,binary,,,23,WEAK,Negative,False
BSI.NCRO,binary,INR,binary,,,23,WEAK,Negative,False
BSI.NCRO,binary,Bil,binary,,,23,WEAK,Negative,False
BSI.NCRO,binary,SGPT,binary,,,23,WEAK,Negative,False
BSI.NCRO,binary,SGOT,binary,,,23,WEAK,Negative,False
BSI.NCRO,binary,Albumin,binary,,,23,WEAK,Negative,False
BSI.NCRO,binary,Total.Protein,binary,,,23,WEAK,Negative,False
BSI.NCRO,binary,Globulin,binary,,,23,WEAK,Negative,False
BSI.NCRO,binary,ALP,binary,,,23,WEAK,Negative,False
BSI.NCRO,binary,Creatinine,binary,,,23,WEAK,Negative,False
BSI.NCRO,binary,Sodium,binary,,,23,WEAK,Negative,False
BSI.NCRO,binary,Potassium,binary,,,23,WEAK,Negative,False
BSI.NCRO,binary,Urea,continuous,,,23,WEAK,Negative,False
BSI.NCRO,binary,Calcium,binary,,,23,WEAK,Negative,False
BSI.NCRO,binary,Magnesium,binary,,,23,WEAK,Negative,False
BSI.NCRO,binary,Procalcitonin,binary,,,23,WEAK,Negative,False
BSI.NCRO,binary,P.C.Z.A.E,binary,,,23,WEAK,Negative,False
BSI.NCRO,binary,P.C.only.E,binary,,,23,WEAK,Negative,False
BSI.NCRO,binary,Z.A.only.E,binary,,,23,WEAK,Negative,False
BSI.NCRO,binary,Neither.Abx.E,binary,,,23,WEAK,Negative,False
BSI.NCRO,binary,P.C.Z.A.T,binary,,,23,WEAK,Negative,False
BSI.NCRO,binary,P.C.only.T,binary,,,23,WEAK,Negative,False
BSI.NCRO,binary,Z.A.only.T,binary,,,23,WEAK,Negative,False
BSI.NCRO,binary,Neither.Abx.T,binary,,,23,WEAK,Negative,False
BSI.NCRO,binary,Amoxicillin.Clavulanic.Acid,ordinal,,,23,WEAK,Negative,False
BSI.NCRO,binary,Amikacin,ordinal,,,23,WEAK,Negative,False
BSI.NCRO,binary,Aztreonam,ordinal,,,23,WEAK,Negative,False
BSI.NCRO,binary,Chloramphenicol,ordinal,,,23,WEAK,Negative,False
BSI.NCRO,binary,Ciprofloxacin,ordinal,,,23,WEAK,Negative,False
BSI.NCRO,binary,Colistin,ordinal,,,23,WEAK,Negative,False
BSI.NCRO,binary,Ceftriaxone,ordinal,,,23,WEAK,Negative,False
BSI.NCRO,binary,Doxycycline,ordinal,,,23,WEAK,Negative,False
BSI.NCRO,binary,Ertapenem,ordinal,,,23,WEAK,Negative,False
BSI.NCRO,binary,Cefepime,ordinal,,,23,WEAK,Negative,False
BSI.NCRO,binary,Fosfomycin,ordinal,,,23,WEAK,Negative,False
BSI.NCRO,binary,Cefoxitin,ordinal,,,23,WEAK,Negative,False
BSI.NCRO,binary,Nitrofurantoin,ordinal,,,23,WEAK,Negative,False
BSI.NCRO,binary,Gentamicin,ordinal,,,23,WEAK,Negative,False
BSI.NCRO,binary,Imipenem,ordinal,,,23,WEAK,Negative,False
BSI.NCRO,binary,Levofloxacin,ordinal,,,23,WEAK,Negative,False
BSI.NCRO,binary,Meropenem,ordinal,,,23,WEAK,Negative,False
BSI.NCRO,binary,Minocycline,ordinal,,,23,WEAK,Negative,False
BSI.NCRO,binary,Cefuroxime,ordinal,,,23,WEAK,Negative,False
BSI.NCRO,binary,Cefoperazone.Sulbactam,ordinal,,,23,WEAK,Negative,False
BSI.NCRO,binary,Trimethoprim.Sulfamethoxazole,ordinal,,,23,WEAK,Negative,False
BSI.NCRO,binary,Cefotaxime,ordinal,,,23,WEAK,Negative,False
BSI.NCRO,binary,Ceftazidime,ordinal,,,23,WEAK,Negative,False
BSI.NCRO,binary,Tigecycline,ordinal,,,23,WEAK,Negative,False
BSI.NCRO,binary,Piperacillin.Tazobactam,ordinal,,,23,WEAK,Negative,False
BSI.NCRO,binary,Ceftazidime.Avibactam,binary,,,23,WEAK,Negative,False
BSI.NCRO,binary,ESBL.producer,binary,,,23,WEAK,Negative,False
BSI.NCRO,binary,AmpC,binary,,,23,WEAK,Negative,False
BSI.NCRO,binary,Carbapenemase,binary,,,23,WEAK,Negative,False
BSI.NCRO,binary,MRSA,binary,,,23,WEAK,Negative,False
BSI.NCRO,binary,VAN,binary,,,23,WEAK,Negative,False
BSI.NCRO,binary,Ceftazidime.Avibactam.T,binary,,,23,WEAK,Negative,False
BSI.NCRO,binary,Ceftazidime.Avibactam.Aztreonam.T,binary,,,23,WEAK,Negative,False
BSI.NCRO,binary,Ceftazidime.Avibactam.Aztreonam.Synergy.T,ordinal,,,23,WEAK,Negative,False
BSI.NCRO,binary,Polymyxin.Colistin.Inclusion.T,binary,,,23,WEAK,Negative,False
BSI.NCRO,binary,Clinical.Improvement,ordinal,,,23,WEAK,Negative,False
BSI.NCRO,binary,ICU.Stay.in.28.Days,continuous,,,23,WEAK,Negative,False
BSI.NCRO,binary,GW.Stay.in.28.Days,continuous,,,23,WEAK,Negative,False
BSI.NCRO,binary,Total.Hospital.stay.in.28.days,continuous,,,23,WEAK,Negative,False
BSI.NCRO,binary,Mortality.in.ICU,binary,,,23,WEAK,Negative,False
BSI.NCRO,binary,Mortality.in.Hospital,binary,,,23,WEAK,Negative,False
BSI.NCRO,binary,Mortality.post.28.Day.Discharge,binary,,,23,WEAK,Negative,False
BSI.NCRO,binary,Overall.Mortality,binary,,,23,WEAK,Negative,False
BSI.NCRO,binary,Relapse.post.28.Day.Discharge,binary,,,23,WEAK,Negative,False
BSI.NCRO,binary,Other.Illness.Leading.to.Hospitalization.post.28.Days.Discharge,binary,,,23,WEAK,Negative,False
Other.NCRO,binary,Hospitalization.in.past.6.Months,binary,,,23,WEAK,Negative,False
Other.NCRO,binary,CV.Catheter.in.6.Months,binary,,,23,WEAK,Negative,False
Other.NCRO,binary,CV.Catheter.Now,binary,,,23,WEAK,Negative,False
Other.NCRO,binary,Urinary.Catheter.in.6.Months,binary,,,23,WEAK,Negative,False
Other.NCRO,binary,Urinary.Catheter.Now,binary,,,23,WEAK,Negative,False
Other.NCRO,binary,Surgery.in.last.3.Months,binary,,,23,WEAK,Negative,False
Other.NCRO,binary,Past.CREPA.infection,binary,,,23,WEAK,Negative,False
Other.NCRO,binary,Endoscopy.in.1.week,binary,,,23,WEAK,Negative,False
Other.NCRO,binary,Dialysis.in.1.week,binary,,,23,WEAK,Negative,False
Other.NCRO,binary,Immunosuppressive.drugs.in.1.week,binary,,,23,WEAK,Negative,False
Other.NCRO,binary,Inotropes,binary,,,23,WEAK,Negative,False
Other.NCRO,binary,Dialysis.on.day.1,binary,,,23,WEAK,Negative,False
Other.NCRO,binary,Ventilation,binary,,,23,WEAK,Negative,False
Other.NCRO,binary,Overall.organ.support,binary,,,23,WEAK,Negative,False
Other.NCRO,binary,Neutropenia,binary,,,23,WEAK,Negative,False
Other.NCRO,binary,HIV.Present,binary,,,23,WEAK,Negative,False
Other.NCRO,binary,TB,binary,,,23,WEAK,Negative,False
Other.NCRO,binary,Any.Viral.Infection,binary,,,23,WEAK,Negative,False
Other.NCRO,binary,Any.Fungal.Infection,binary,,,23,WEAK,Negative,False
Other.NCRO,binary,Hemat.Malignancy,binary,,,23,WEAK,Negative,False
Other.NCRO,binary,Solid.Organ,binary,,,23,WEAK,Negative,False
Other.NCRO,binary,APACHEII,continuous,,,23,WEAK,Negative,False
Other.NCRO,binary,SOFA,continuous,,,23,WEAK,Negative,False
Other.NCRO,binary,Hb,binary,,,23,WEAK,Negative,False
Other.NCRO,binary,TLC,binary,,,23,WEAK,Negative,False
Other.NCRO,binary,ANC,binary,,,23,WEAK,Negative,False
Other.NCRO,binary,Lympho,binary,,,23,WEAK,Negative,False
Other.NCRO,binary,Platelet,binary,,,23,WEAK,Negative,False
Other.NCRO,binary,INR,binary,,,23,WEAK,Negative,False
Other.NCRO,binary,Bil,binary,,,23,WEAK,Negative,False
Other.NCRO,binary,SGPT,binary,,,23,WEAK,Negative,False
Other.NCRO,binary,SGOT,binary,,,23,WEAK,Negative,False
Other.NCRO,binary,Albumin,binary,,,23,WEAK,Negative,False
Other.NCRO,binary,Total.Protein,binary,,,23,WEAK,Negative,False
Other.NCRO,binary,Globulin,binary,,,23,WEAK,Negative,False
Other.NCRO,binary,ALP,binary,,,23,WEAK,Negative,False
Other.NCRO,binary,Creatinine,binary,,,23,WEAK,Negative,False
Other.NCRO,binary,Sodium,binary,,,23,WEAK,Negative,False
Other.NCRO,binary,Potassium,binary,,,23,WEAK,Negative,False
Other.NCRO,binary,Urea,continuous,,,23,WEAK,Negative,False
Other.NCRO,binary,Calcium,binary,,,23,WEAK,Negative,False
Other.NCRO,binary,Magnesium,binary,,,23,WEAK,Negative,False
Other.NCRO,binary,Procalcitonin,binary,,,23,WEAK,Negative,False
Other.NCRO,binary,P.C.Z.A.E,binary,,,23,WEAK,Negative,False
Other.NCRO,binary,P.C.only.E,binary,,,23,WEAK,Negative,False
Other.NCRO,binary,Z.A.only.E,binary,,,23,WEAK,Negative,False
Other.NCRO,binary,Neither.Abx.E,binary,,,23,WEAK,Negative,False
Other.NCRO,binary,P.C.Z.A.T,binary,,,23,WEAK,Negative,False
Other.NCRO,binary,P.C.only.T,binary,,,23,WEAK,Negative,False
Other.NCRO,binary,Z.A.only.T,binary,,,23,WEAK,Negative,False
Other.NCRO,binary,Neither.Abx.T,binary,,,23,WEAK,Negative,False
Other.NCRO,binary,Amoxicillin.Clavulanic.Acid,ordinal,,,23,WEAK,Negative,False
Other.NCRO,binary,Amikacin,ordinal,,,23,WEAK,Negative,False
Other.NCRO,binary,Aztreonam,ordinal,,,23,WEAK,Negative,False
Other.NCRO,binary,Chloramphenicol,ordinal,,,23,WEAK,Negative,False
Other.NCRO,binary,Ciprofloxacin,ordinal,,,23,WEAK,Negative,False
Other.NCRO,binary,Colistin,ordinal,,,23,WEAK,Negative,False
Other.NCRO,binary,Ceftriaxone,ordinal,,,23,WEAK,Negative,False
Other.NCRO,binary,Doxycycline,ordinal,,,23,WEAK,Negative,False
Other.NCRO,binary,Ertapenem,ordinal,,,23,WEAK,Negative,False
Other.NCRO,binary,Cefepime,ordinal,,,23,WEAK,Negative,False
Other.NCRO,binary,Fosfomycin,ordinal,,,23,WEAK,Negative,False
Other.NCRO,binary,Cefoxitin,ordinal,,,23,WEAK,Negative,False
Other.NCRO,binary,Nitrofurantoin,ordinal,,,23,WEAK,Negative,False
Other.NCRO,binary,Gentamicin,ordinal,,,23,WEAK,Negative,False
Other.NCRO,binary,Imipenem,ordinal,,,23,WEAK,Negative,False
Other.NCRO,binary,Levofloxacin,ordinal,,,23,WEAK,Negative,False
Other.NCRO,binary,Meropenem,ordinal,,,23,WEAK,Negative,False
Other.NCRO,binary,Minocycline,ordinal,,,23,WEAK,Negative,False
Other.NCRO,binary,Cefuroxime,ordinal,,,23,WEAK,Negative,False
Other.NCRO,binary,Cefoperazone.Sulbactam,ordinal,,,23,WEAK,Negative,False
Other.NCRO,binary,Trimethoprim.Sulfamethoxazole,ordinal,,,23,WEAK,Negative,False
Other.NCRO,binary,Cefotaxime,ordinal,,,23,WEAK,Negative,False
Other.NCRO,binary,Ceftazidime,ordinal,,,23,WEAK,Negative,False
Other.NCRO,binary,Tigecycline,ordinal,,,23,WEAK,Negative,False
Other.NCRO,binary,Piperacillin.Tazobactam,ordinal,,,23,WEAK,Negative,False
Other.NCRO,binary,Ceftazidime.Avibactam,binary,,,23,WEAK,Negative,False
Other.NCRO,binary,ESBL.producer,binary,,,23,WEAK,Negative,False
Other.NCRO,binary,AmpC,binary,,,23,WEAK,Negative,False
Other.NCRO,binary,Carbapenemase,binary,,,23,WEAK,Negative,False
Other.NCRO,binary,MRSA,binary,,,23,WEAK,Negative,False
Other.NCRO,binary,VAN,binary,,,23,WEAK,Negative,False
Other.NCRO,binary,Ceftazidime.Avibactam.T,binary,,,23,WEAK,Negative,False
Other.NCRO,binary,Ceftazidime.Avibactam.Aztreonam.T,binary,,,23,WEAK,Negative,False
Other.NCRO,binary,Ceftazidime.Avibactam.Aztreonam.Synergy.T,ordinal,,,23,WEAK,Negative,False
Other.NCRO,binary,Polymyxin.Colistin.Inclusion.T,binary,,,23,WEAK,Negative,False
Other.NCRO,binary,Clinical.Improvement,ordinal,,,23,WEAK,Negative,False
Other.NCRO,binary,ICU.Stay.in.28.Days,continuous,,,23,WEAK,Negative,False
Other.NCRO,binary,GW.Stay.in.28.Days,continuous,,,23,WEAK,Negative,False
Other.NCRO,binary,Total.Hospital.stay.in.28.days,continuous,,,23,WEAK,Negative,False
Other.NCRO,binary,Mortality.in.ICU,binary,,,23,WEAK,Negative,False
Other.NCRO,binary,Mortality.in.Hospital,binary,,,23,WEAK,Negative,False
Other.NCRO,binary,Mortality.post.28.Day.Discharge,binary,,,23,WEAK,Negative,False
Other.NCRO,binary,Overall.Mortality,binary,,,23,WEAK,Negative,False
Other.NCRO,binary,Relapse.post.28.Day.Discharge,binary,,,23,WEAK,Negative,False
Other.NCRO,binary,Other.Illness.Leading.to.Hospitalization.post.28.Days.Discharge,binary,,,23,WEAK,Negative,False
Hospitalization.in.past.6.Months,binary,CV.Catheter.Now,binary,,,23,WEAK,Negative,False
Hospitalization.in.past.6.Months,binary,Urinary.Catheter.Now,binary,,,23,WEAK,Negative,False
Hospitalization.in.past.6.Months,binary,Dialysis.in.1.week,binary,,,23,WEAK,Negative,False
Hospitalization.in.past.6.Months,binary,Dialysis.on.day.1,binary,,,23,WEAK,Negative,False
Hospitalization.in.past.6.Months,binary,HIV.Present,binary,,,23,WEAK,Negative,False
Hospitalization.in.past.6.Months,binary,TB,binary,,,23,WEAK,Negative,False
Hospitalization.in.past.6.Months,binary,INR,binary,,,23,WEAK,Negative,False
Hospitalization.in.past.6.Months,binary,Aztreonam,ordinal,,,23,WEAK,Negative,False
Hospitalization.in.past.6.Months,binary,Ciprofloxacin,ordinal,,,23,WEAK,Negative,False
Hospitalization.in.past.6.Months,binary,Cefepime,ordinal,,,23,WEAK,Negative,False
Hospitalization.in.past.6.Months,binary,Cefoxitin,ordinal,,,23,WEAK,Negative,False
Hospitalization.in.past.6.Months,binary,Imipenem,ordinal,,,23,WEAK,Negative,False
Hospitalization.in.past.6.Months,binary,Levofloxacin,ordinal,,,23,WEAK,Negative,False
Hospitalization.in.past.6.Months,binary,ESBL.producer,binary,,,23,WEAK,Negative,False
Hospitalization.in.past.6.Months,binary,AmpC,binary,,,23,WEAK,Negative,False
Hospitalization.in.past.6.Months,binary,Carbapenemase,binary,,,23,WEAK,Negative,False
Hospitalization.in.past.6.Months,binary,MRSA,binary,,,23,WEAK,Negative,False
Hospitalization.in.past.6.Months,binary,VAN,binary,,,23,WEAK,Negative,False
CV.Catheter.in.6.Months,binary,CV.Catheter.Now,binary,,,23,WEAK,Negative,False
CV.Catheter.in.6.Months,binary,Urinary.Catheter.Now,binary,,,23,WEAK,Negative,False
CV.Catheter.in.6.Months,binary,Dialysis.in.1.week,binary,,,23,WEAK,Negative,False
CV.Catheter.in.6.Months,binary,Dialysis.on.day.1,binary,,,23,WEAK,Negative,False
CV.Catheter.in.6.Months,binary,HIV.Present,binary,,,23,WEAK,Negative,False
CV.Catheter.in.6.Months,binary,TB,binary,,,23,WEAK,Negative,False
CV.Catheter.in.6.Months,binary,INR,binary,,,23,WEAK,Negative,False
CV.Catheter.in.6.Months,binary,Aztreonam,ordinal,,,23,WEAK,Negative,False
CV.Catheter.in.6.Months,binary,Ciprofloxacin,ordinal,,,23,WEAK,Negative,False
CV.Catheter.in.6.Months,binary,Cefepime,ordinal,,,23,WEAK,Negative,False
CV.Catheter.in.6.Months,binary,Cefoxitin,ordinal,,,23,WEAK,Negative,False
CV.Catheter.in.6.Months,binary,Imipenem,ordinal,,,23,WEAK,Negative,False
CV.Catheter.in.6.Months,binary,Levofloxacin,ordinal,,,23,WEAK,Negative,False
CV.Catheter.in.6.Months,binary,ESBL.producer,binary,,,23,WEAK,Negative,False
CV.Catheter.in.6.Months,binary,AmpC,binary,,,23,WEAK,Negative,False
CV.Catheter.in.6.Months,binary,Carbapenemase,binary,,,23,WEAK,Negative,False
CV.Catheter.in.6.Months,binary,MRSA,binary,,,23,WEAK,Negative,False
CV.Catheter.in.6.Months,binary,VAN,binary,,,23,WEAK,Negative,False
CV.Catheter.Now,binary,Urinary.Catheter.in.6.Months,binary,,,23,WEAK,Negative,False
CV.Catheter.Now,binary,Urinary.Catheter.Now,binary,,,23,WEAK,Negative,False
CV.Catheter.Now,binary,Surgery.in.last.3.Months,binary,,,23,WEAK,Negative,False
CV.Catheter.Now,binary,Past.CREPA.infection,binary,,,23,WEAK,Negative,False
CV.Catheter.Now,binary,Endoscopy.in.1.week,binary,,,23,WEAK,Negative,False
CV.Catheter.Now,binary,Dialysis.in.1.week,binary,,,23,WEAK,Negative,False
CV.Catheter.Now,binary,Immunosuppressive.drugs.in.1.week,binary,,,23,WEAK,Negative,False
CV.Catheter.Now,binary,Inotropes,binary,,,23,WEAK,Negative,False
CV.Catheter.Now,binary,Dialysis.on.day.1,binary,,,23,WEAK,Negative,False
CV.Catheter.Now,binary,Ventilation,binary,,,23,WEAK,Negative,False
CV.Catheter.Now,binary,Overall.organ.support,binary,,,23,WEAK,Negative,False
CV.Catheter.Now,binary,Neutropenia,binary,,,23,WEAK,Negative,False
CV.Catheter.Now,binary,HIV.Present,binary,,,23,WEAK,Negative,False
CV.Catheter.Now,binary,TB,binary,,,23,WEAK,Negative,False
CV.Catheter.Now,binary,Any.Viral.Infection,binary,,,23,WEAK,Negative,False
CV.Catheter.Now,binary,Any.Fungal.Infection,binary,,,23,WEAK,Negative,False
CV.Catheter.Now,binary,Hemat.Malignancy,binary,,,23,WEAK,Negative,False
CV.Catheter.Now,binary,Solid.Organ,binary,,,23,WEAK,Negative,False
CV.Catheter.Now,binary,APACHEII,continuous,,,23,WEAK,Negative,False
CV.Catheter.Now,binary,SOFA,continuous,,,23,WEAK,Negative,False
CV.Catheter.Now,binary,Hb,binary,,,23,WEAK,Negative,False
CV.Catheter.Now,binary,TLC,binary,,,23,WEAK,Negative,False
CV.Catheter.Now,binary,ANC,binary,,,23,WEAK,Negative,False
CV.Catheter.Now,binary,Lympho,binary,,,23,WEAK,Negative,False
CV.Catheter.Now,binary,Platelet,binary,,,23,WEAK,Negative,False
CV.Catheter.Now,binary,INR,binary,,,23,WEAK,Negative,False
CV.Catheter.Now,binary,Bil,binary,,,23,WEAK,Negative,False
CV.Catheter.Now,binary,SGPT,binary,,,23,WEAK,Negative,False
CV.Catheter.Now,binary,SGOT,binary,,,23,WEAK,Negative,False
CV.Catheter.Now,binary,Albumin,binary,,,23,WEAK,Negative,False
CV.Catheter.Now,binary,Total.Protein,binary,,,23,WEAK,Negative,False
CV.Catheter.Now,binary,Globulin,binary,,,23,WEAK,Negative,False
CV.Catheter.Now,binary,ALP,binary,,,23,WEAK,Negative,False
CV.Catheter.Now,binary,Creatinine,binary,,,23,WEAK,Negative,False
CV.Catheter.Now,binary,Sodium,binary,,,23,WEAK,Negative,False
CV.Catheter.Now,binary,Potassium,binary,,,23,WEAK,Negative,False
CV.Catheter.Now,binary,Urea,continuous,,,23,WEAK,Negative,False
CV.Catheter.Now,binary,Calcium,binary,,,23,WEAK,Negative,False
CV.Catheter.Now,binary,Magnesium,binary,,,23,WEAK,Negative,False
CV.Catheter.Now,binary,Procalcitonin,binary,,,23,WEAK,Negative,False
CV.Catheter.Now,binary,P.C.Z.A.E,binary,,,23,WEAK,Negative,False
CV.Catheter.Now,binary,P.C.only.E,binary,,,23,WEAK,Negative,False
CV.Catheter.Now,binary,Z.A.only.E,binary,,,23,WEAK,Negative,False
CV.Catheter.Now,binary,Neither.Abx.E,binary,,,23,WEAK,Negative,False
CV.Catheter.Now,binary,P.C.Z.A.T,binary,,,23,WEAK,Negative,False
CV.Catheter.Now,binary,P.C.only.T,binary,,,23,WEAK,Negative,False
CV.Catheter.Now,binary,Z.A.only.T,binary,,,23,WEAK,Negative,False
CV.Catheter.Now,binary,Neither.Abx.T,binary,,,23,WEAK,Negative,False
CV.Catheter.Now,binary,Amoxicillin.Clavulanic.Acid,ordinal,,,23,WEAK,Negative,False
CV.Catheter.Now,binary,Amikacin,ordinal,,,23,WEAK,Negative,False
CV.Catheter.Now,binary,Aztreonam,ordinal,,,23,WEAK,Negative,False
CV.Catheter.Now,binary,Chloramphenicol,ordinal,,,23,WEAK,Negative,False
CV.Catheter.Now,binary,Ciprofloxacin,ordinal,,,23,WEAK,Negative,False
CV.Catheter.Now,binary,Colistin,ordinal,,,23,WEAK,Negative,False
CV.Catheter.Now,binary,Ceftriaxone,ordinal,,,23,WEAK,Negative,False
CV.Catheter.Now,binary,Doxycycline,ordinal,,,23,WEAK,Negative,False
CV.Catheter.Now,binary,Ertapenem,ordinal,,,23,WEAK,Negative,False
CV.Catheter.Now,binary,Cefepime,ordinal,,,23,WEAK,Negative,False
CV.Catheter.Now,binary,Fosfomycin,ordinal,,,23,WEAK,Negative,False
CV.Catheter.Now,binary,Cefoxitin,ordinal,,,23,WEAK,Negative,False
CV.Catheter.Now,binary,Nitrofurantoin,ordinal,,,23,WEAK,Negative,False
CV.Catheter.Now,binary,Gentamicin,ordinal,,,23,WEAK,Negative,False
CV.Catheter.Now,binary,Imipenem,ordinal,,,23,WEAK,Negative,False
CV.Catheter.Now,binary,Levofloxacin,ordinal,,,23,WEAK,Negative,False
CV.Catheter.Now,binary,Meropenem,ordinal,,,23,WEAK,Negative,False
CV.Catheter.Now,binary,Minocycline,ordinal,,,23,WEAK,Negative,False
CV.Catheter.Now,binary,Cefuroxime,ordinal,,,23,WEAK,Negative,False
CV.Catheter.Now,binary,Cefoperazone.Sulbactam,ordinal,,,23,WEAK,Negative,False
CV.Catheter.Now,binary,Trimethoprim.Sulfamethoxazole,ordinal,,,23,WEAK,Negative,False
CV.Catheter.Now,binary,Cefotaxime,ordinal,,,23,WEAK,Negative,False
CV.Catheter.Now,binary,Ceftazidime,ordinal,,,23,WEAK,Negative,False
CV.Catheter.Now,binary,Tigecycline,ordinal,,,23,WEAK,Negative,False
CV.Catheter.Now,binary,Piperacillin.Tazobactam,ordinal,,,23,WEAK,Negative,False
CV.Catheter.Now,binary,Ceftazidime.Avibactam,binary,,,23,WEAK,Negative,False
CV.Catheter.Now,binary,ESBL.producer,binary,,,23,WEAK,Negative,False
CV.Catheter.Now,binary,AmpC,binary,,,23,WEAK,Negative,False
CV.Catheter.Now,binary,Carbapenemase,binary,,,23,WEAK,Negative,False
CV.Catheter.Now,binary,MRSA,binary,,,23,WEAK,Negative,False
CV.Catheter.Now,binary,VAN,binary,,,23,WEAK,Negative,False
CV.Catheter.Now,binary,Ceftazidime.Avibactam.T,binary,,,23,WEAK,Negative,False
CV.Catheter.Now,binary,Ceftazidime.Avibactam.Aztreonam.T,binary,,,23,WEAK,Negative,False
CV.Catheter.Now,binary,Ceftazidime.Avibactam.Aztreonam.Synergy.T,ordinal,,,23,WEAK,Negative,False
CV.Catheter.Now,binary,Polymyxin.Colistin.Inclusion.T,binary,,,23,WEAK,Negative,False
CV.Catheter.Now,binary,Clinical.Improvement,ordinal,,,23,WEAK,Negative,False
CV.Catheter.Now,binary,ICU.Stay.in.28.Days,continuous,,,23,WEAK,Negative,False
CV.Catheter.Now,binary,GW.Stay.in.28.Days,continuous,,,23,WEAK,Negative,False
CV.Catheter.Now,binary,Total.Hospital.stay.in.28.days,continuous,,,23,WEAK,Negative,False
CV.Catheter.Now,binary,Mortality.in.ICU,binary,,,23,WEAK,Negative,False
CV.Catheter.Now,binary,Mortality.in.Hospital,binary,,,23,WEAK,Negative,False
CV.Catheter.Now,binary,Mortality.post.28.Day.Discharge,binary,,,23,WEAK,Negative,False
CV.Catheter.Now,binary,Overall.Mortality,binary,,,23,WEAK,Negative,False
CV.Catheter.Now,binary,Relapse.post.28.Day.Discharge,binary,,,23,WEAK,Negative,False
CV.Catheter.Now,binary,Other.Illness.Leading.to.Hospitalization.post.28.Days.Discharge,binary,,,23,WEAK,Negative,False
Urinary.Catheter.in.6.Months,binary,Urinary.Catheter.Now,binary,,,23,WEAK,Negative,False
Urinary.Catheter.in.6.Months,binary,Dialysis.in.1.week,binary,,,23,WEAK,Negative,False
Urinary.Catheter.in.6.Months,binary,Dialysis.on.day.1,binary,,,23,WEAK,Negative,False
Urinary.Catheter.in.6.Months,binary,HIV.Present,binary,,,23,WEAK,Negative,False
Urinary.Catheter.in.6.Months,binary,TB,binary,,,23,WEAK,Negative,False
Urinary.Catheter.in.6.Months,binary,INR,binary,,,23,WEAK,Negative,False
Urinary.Catheter.in.6.Months,binary,Aztreonam,ordinal,,,23,WEAK,Negative,False
Urinary.Catheter.in.6.Months,binary,Ciprofloxacin,ordinal,,,23,WEAK,Negative,False
Urinary.Catheter.in.6.Months,binary,Cefepime,ordinal,,,23,WEAK,Negative,False
Urinary.Catheter.in.6.Months,binary,Cefoxitin,ordinal,,,23,WEAK,Negative,False
Urinary.Catheter.in.6.Months,binary,Imipenem,ordinal,,,23,WEAK,Negative,False
Urinary.Catheter.in.6.Months,binary,Levofloxacin,ordinal,,,23,WEAK,Negative,False
Urinary.Catheter.in.6.Months,binary,ESBL.producer,binary,,,23,WEAK,Negative,False
Urinary.Catheter.in.6.Months,binary,AmpC,binary,,,23,WEAK,Negative,False
Urinary.Catheter.in.6.Months,binary,Carbapenemase,binary,,,23,WEAK,Negative,False
Urinary.Catheter.in.6.Months,binary,MRSA,binary,,,23,WEAK,Negative,False
Urinary.Catheter.in.6.Months,binary,VAN,binary,,,23,WEAK,Negative,False
Urinary.Catheter.Now,binary,Surgery.in.last.3.Months,binary,,,23,WEAK,Negative,False
Urinary.Catheter.Now,binary,Past.CREPA.infection,binary,,,23,WEAK,Negative,False
Urinary.Catheter.Now,binary,Endoscopy.in.1.week,binary,,,23,WEAK,Negative,False
Urinary.Catheter.Now,binary,Dialysis.in.1.week,binary,,,23,WEAK,Negative,False
Urinary.Catheter.Now,binary,Immunosuppressive.drugs.in.1.week,binary,,,23,WEAK,Negative,False
Urinary.Catheter.Now,binary,Inotropes,binary,,,23,WEAK,Negative,False
Urinary.Catheter.Now,binary,Dialysis.on.day.1,binary,,,23,WEAK,Negative,False
Urinary.Catheter.Now,binary,Ventilation,binary,,,23,WEAK,Negative,False
Urinary.Catheter.Now,binary,Overall.organ.support,binary,,,23,WEAK,Negative,False
Urinary.Catheter.Now,binary,Neutropenia,binary,,,23,WEAK,Negative,False
Urinary.Catheter.Now,binary,HIV.Present,binary,,,23,WEAK,Negative,False
Urinary.Catheter.Now,binary,TB,binary,,,23,WEAK,Negative,False
Urinary.Catheter.Now,binary,Any.Viral.Infection,binary,,,23,WEAK,Negative,False
Urinary.Catheter.Now,binary,Any.Fungal.Infection,binary,,,23,WEAK,Negative,False
Urinary.Catheter.Now,binary,Hemat.Malignancy,binary,,,23,WEAK,Negative,False
Urinary.Catheter.Now,binary,Solid.Organ,binary,,,23,WEAK,Negative,False
Urinary.Catheter.Now,binary,APACHEII,continuous,,,23,WEAK,Negative,False
Urinary.Catheter.Now,binary,SOFA,continuous,,,23,WEAK,Negative,False
Urinary.Catheter.Now,binary,Hb,binary,,,23,WEAK,Negative,False
Urinary.Catheter.Now,binary,TLC,binary,,,23,WEAK,Negative,False
Urinary.Catheter.Now,binary,ANC,binary,,,23,WEAK,Negative,False
Urinary.Catheter.Now,binary,Lympho,binary,,,23,WEAK,Negative,False
Urinary.Catheter.Now,binary,Platelet,binary,,,23,WEAK,Negative,False
Urinary.Catheter.Now,binary,INR,binary,,,23,WEAK,Negative,False
Urinary.Catheter.Now,binary,Bil,binary,,,23,WEAK,Negative,False
Urinary.Catheter.Now,binary,SGPT,binary,,,23,WEAK,Negative,False
Urinary.Catheter.Now,binary,SGOT,binary,,,23,WEAK,Negative,False
Urinary.Catheter.Now,binary,Albumin,binary,,,23,WEAK,Negative,False
Urinary.Catheter.Now,binary,Total.Protein,binary,,,23,WEAK,Negative,False
Urinary.Catheter.Now,binary,Globulin,binary,,,23,WEAK,Negative,False
Urinary.Catheter.Now,binary,ALP,binary,,,23,WEAK,Negative,False
Urinary.Catheter.Now,binary,Creatinine,binary,,,23,WEAK,Negative,False
Urinary.Catheter.Now,binary,Sodium,binary,,,23,WEAK,Negative,False
Urinary.Catheter.Now,binary,Potassium,binary,,,23,WEAK,Negative,False
Urinary.Catheter.Now,binary,Urea,continuous,,,23,WEAK,Negative,False
Urinary.Catheter.Now,binary,Calcium,binary,,,23,WEAK,Negative,False
Urinary.Catheter.Now,binary,Magnesium,binary,,,23,WEAK,Negative,False
Urinary.Catheter.Now,binary,Procalcitonin,binary,,,23,WEAK,Negative,False
Urinary.Catheter.Now,binary,P.C.Z.A.E,binary,,,23,WEAK,Negative,False
Urinary.Catheter.Now,binary,P.C.only.E,binary,,,23,WEAK,Negative,False
Urinary.Catheter.Now,binary,Z.A.only.E,binary,,,23,WEAK,Negative,False
Urinary.Catheter.Now,binary,Neither.Abx.E,binary,,,23,WEAK,Negative,False
Urinary.Catheter.Now,binary,P.C.Z.A.T,binary,,,23,WEAK,Negative,False
Urinary.Catheter.Now,binary,P.C.only.T,binary,,,23,WEAK,Negative,False
Urinary.Catheter.Now,binary,Z.A.only.T,binary,,,23,WEAK,Negative,False
Urinary.Catheter.Now,binary,Neither.Abx.T,binary,,,23,WEAK,Negative,False
Urinary.Catheter.Now,binary,Amoxicillin.Clavulanic.Acid,ordinal,,,23,WEAK,Negative,False
Urinary.Catheter.Now,binary,Amikacin,ordinal,,,23,WEAK,Negative,False
Urinary.Catheter.Now,binary,Aztreonam,ordinal,,,23,WEAK,Negative,False
Urinary.Catheter.Now,binary,Chloramphenicol,ordinal,,,23,WEAK,Negative,False
Urinary.Catheter.Now,binary,Ciprofloxacin,ordinal,,,23,WEAK,Negative,False
Urinary.Catheter.Now,binary,Colistin,ordinal,,,23,WEAK,Negative,False
Urinary.Catheter.Now,binary,Ceftriaxone,ordinal,,,23,WEAK,Negative,False
Urinary.Catheter.Now,binary,Doxycycline,ordinal,,,23,WEAK,Negative,False
Urinary.Catheter.Now,binary,Ertapenem,ordinal,,,23,WEAK,Negative,False
Urinary.Catheter.Now,binary,Cefepime,ordinal,,,23,WEAK,Negative,False
Urinary.Catheter.Now,binary,Fosfomycin,ordinal,,,23,WEAK,Negative,False
Urinary.Catheter.Now,binary,Cefoxitin,ordinal,,,23,WEAK,Negative,False
Urinary.Catheter.Now,binary,Nitrofurantoin,ordinal,,,23,WEAK,Negative,False
Urinary.Catheter.Now,binary,Gentamicin,ordinal,,,23,WEAK,Negative,False
Urinary.Catheter.Now,binary,Imipenem,ordinal,,,23,WEAK,Negative,False
Urinary.Catheter.Now,binary,Levofloxacin,ordinal,,,23,WEAK,Negative,False
Urinary.Catheter.Now,binary,Meropenem,ordinal,,,23,WEAK,Negative,False
Urinary.Catheter.Now,binary,Minocycline,ordinal,,,23,WEAK,Negative,False
Urinary.Catheter.Now,binary,Cefuroxime,ordinal,,,23,WEAK,Negative,False
Urinary.Catheter.Now,binary,Cefoperazone.Sulbactam,ordinal,,,23,WEAK,Negative,False
Urinary.Catheter.Now,binary,Trimethoprim.Sulfamethoxazole,ordinal,,,23,WEAK,Negative,False
Urinary.Catheter.Now,binary,Cefotaxime,ordinal,,,23,WEAK,Negative,False
Urinary.Catheter.Now,binary,Ceftazidime,ordinal,,,23,WEAK,Negative,False
Urinary.Catheter.Now,binary,Tigecycline,ordinal,,,23,WEAK,Negative,False
Urinary.Catheter.Now,binary,Piperacillin.Tazobactam,ordinal,,,23,WEAK,Negative,False
Urinary.Catheter.Now,binary,Ceftazidime.Avibactam,binary,,,23,WEAK,Negative,False
Urinary.Catheter.Now,binary,ESBL.producer,binary,,,23,WEAK,Negative,False
Urinary.Catheter.Now,binary,AmpC,binary,,,23,WEAK,Negative,False
Urinary.Catheter.Now,binary,Carbapenemase,binary,,,23,WEAK,Negative,False
Urinary.Catheter.Now,binary,MRSA,binary,,,23,WEAK,Negative,False
Urinary.Catheter.Now,binary,VAN,binary,,,23,WEAK,Negative,False
Urinary.Catheter.Now,binary,Ceftazidime.Avibactam.T,binary,,,23,WEAK,Negative,False
Urinary.Catheter.Now,binary,Ceftazidime.Avibactam.Aztreonam.T,binary,,,23,WEAK,Negative,False
Urinary.Catheter.Now,binary,Ceftazidime.Avibactam.Aztreonam.Synergy.T,ordinal,,,23,WEAK,Negative,False
Urinary.Catheter.Now,binary,Polymyxin.Colistin.Inclusion.T,binary,,,23,WEAK,Negative,False
Urinary.Catheter.Now,binary,Clinical.Improvement,ordinal,,,23,WEAK,Negative,False
Urinary.Catheter.Now,binary,ICU.Stay.in.28.Days,continuous,,,23,WEAK,Negative,False
Urinary.Catheter.Now,binary,GW.Stay.in.28.Days,continuous,,,23,WEAK,Negative,False
Urinary.Catheter.Now,binary,Total.Hospital.stay.in.28.days,continuous,,,23,WEAK,Negative,False
Urinary.Catheter.Now,binary,Mortality.in.ICU,binary,,,23,WEAK,Negative,False
Urinary.Catheter.Now,binary,Mortality.in.Hospital,binary,,,23,WEAK,Negative,False
Urinary.Catheter.Now,binary,Mortality.post.28.Day.Discharge,binary,,,23,WEAK,Negative,False
Urinary.Catheter.Now,binary,Overall.Mortality,binary,,,23,WEAK,Negative,False
Urinary.Catheter.Now,binary,Relapse.post.28.Day.Discharge,binary,,,23,WEAK,Negative,False
Urinary.Catheter.Now,binary,Other.Illness.Leading.to.Hospitalization.post.28.Days.Discharge,binary,,,23,WEAK,Negative,False
Surgery.in.last.3.Months,binary,Dialysis.in.1.week,binary,,,23,WEAK,Negative,False
Surgery.in.last.3.Months,binary,Dialysis.on.day.1,binary,,,23,WEAK,Negative,False
Surgery.in.last.3.Months,binary,HIV.Present,binary,,,23,WEAK,Negative,False
Surgery.in.last.3.Months,binary,TB,binary,,,23,WEAK,Negative,False
Surgery.in.last.3.Months,binary,INR,binary,,,23,WEAK,Negative,False
Surgery.in.last.3.Months,binary,Aztreonam,ordinal,,,23,WEAK,Negative,False
Surgery.in.last.3.Months,binary,Ciprofloxacin,ordinal,,,23,WEAK,Negative,False
Surgery.in.last.3.Months,binary,Cefepime,ordinal,,,23,WEAK,Negative,False
Surgery.in.last.3.Months,binary,Cefoxitin,ordinal,,,23,WEAK,Negative,False
Surgery.in.last.3.Months,binary,Imipenem,ordinal,,,23,WEAK,Negative,False
Surgery.in.last.3.Months,binary,Levofloxacin,ordinal,,,23,WEAK,Negative,False
Surgery.in.last.3.Months,binary,ESBL.producer,binary,,,23,WEAK,Negative,False
Surgery.in.last.3.Months,binary,AmpC,binary,,,23,WEAK,Negative,False
Surgery.in.last.3.Months,binary,Carbapenemase,binary,,,23,WEAK,Negative,False
Surgery.in.last.3.Months,binary,MRSA,binary,,,23,WEAK,Negative,False
Surgery.in.last.3.Months,binary,VAN,binary,,,23,WEAK,Negative,False
Past.CREPA.infection,binary,Dialysis.in.1.week,binary,,,23,WEAK,Negative,False
Past.CREPA.infection,binary,Dialysis.on.day.1,binary,,,23,WEAK,Negative,False
Past.CREPA.infection,binary,HIV.Present,binary,,,23,WEAK,Negative,False
Past.CREPA.infection,binary,TB,binary,,,23,WEAK,Negative,False
Past.CREPA.infection,binary,INR,binary,,,23,WEAK,Negative,False
Past.CREPA.infection,binary,Aztreonam,ordinal,,,23,WEAK,Negative,False
Past.CREPA.infection,binary,Ciprofloxacin,ordinal,,,23,WEAK,Negative,False
Past.CREPA.infection,binary,Cefepime,ordinal,,,23,WEAK,Negative,False
Past.CREPA.infection,binary,Cefoxitin,ordinal,,,23,WEAK,Negative,False
Past.CREPA.infection,binary,Imipenem,ordinal,,,23,WEAK,Negative,False
Past.CREPA.infection,binary,Levofloxacin,ordinal,,,23,WEAK,Negative,False
Past.CREPA.infection,binary,ESBL.producer,binary,,,23,WEAK,Negative,False
Past.CREPA.infection,binary,AmpC,binary,,,23,WEAK,Negative,False
Past.CREPA.infection,binary,Carbapenemase,binary,,,23,WEAK,Negative,False
Past.CREPA.infection,binary,MRSA,binary,,,23,WEAK,Negative,False
Past.CREPA.infection,binary,VAN,binary,,,23,WEAK,Negative,False
Endoscopy.in.1.week,binary,Dialysis.in.1.week,binary,,,23,WEAK,Negative,False
Endoscopy.in.1.week,binary,Dialysis.on.day.1,binary,,,23,WEAK,Negative,False
Endoscopy.in.1.week,binary,HIV.Present,binary,,,23,WEAK,Negative,False
Endoscopy.in.1.week,binary,TB,binary,,,23,WEAK,Negative,False
Endoscopy.in.1.week,binary,INR,binary,,,23,WEAK,Negative,False
Endoscopy.in.1.week,binary,Aztreonam,ordinal,,,23,WEAK,Negative,False
Endoscopy.in.1.week,binary,Ciprofloxacin,ordinal,,,23,WEAK,Negative,False
Endoscopy.in.1.week,binary,Cefepime,ordinal,,,23,WEAK,Negative,False
Endoscopy.in.1.week,binary,Cefoxitin,ordinal,,,23,WEAK,Negative,False
Endoscopy.in.1.week,binary,Imipenem,ordinal,,,23,WEAK,Negative,False
Endoscopy.in.1.week,binary,Levofloxacin,ordinal,,,23,WEAK,Negative,False
Endoscopy.in.1.week,binary,ESBL.producer,binary,,,23,WEAK,Negative,False
Endoscopy.in.1.week,binary,AmpC,binary,,,23,WEAK,Negative,False
Endoscopy.in.1.week,binary,Carbapenemase,binary,,,23,WEAK,Negative,False
Endoscopy.in.1.week,binary,MRSA,binary,,,23,WEAK,Negative,False
Endoscopy.in.1.week,binary,VAN,binary,,,23,WEAK,Negative,False
Dialysis.in.1.week,binary,Immunosuppressive.drugs.in.1.week,binary,,,23,WEAK,Negative,False
Dialysis.in.1.week,binary,Inotropes,binary,,,23,WEAK,Negative,False
Dialysis.in.1.week,binary,Dialysis.on.day.1,binary,,,23,WEAK,Negative,False
Dialysis.in.1.week,binary,Ventilation,binary,,,23,WEAK,Negative,False
Dialysis.in.1.week,binary,Overall.organ.support,binary,,,23,WEAK,Negative,False
Dialysis.in.1.week,binary,Neutropenia,binary,,,23,WEAK,Negative,False
Dialysis.in.1.week,binary,HIV.Present,binary,,,23,WEAK,Negative,False
Dialysis.in.1.week,binary,TB,binary,,,23,WEAK,Negative,False
Dialysis.in.1.week,binary,Any.Viral.Infection,binary,,,23,WEAK,Negative,False
Dialysis.in.1.week,binary,Any.Fungal.Infection,binary,,,23,WEAK,Negative,False
Dialysis.in.1.week,binary,Hemat.Malignancy,binary,,,23,WEAK,Negative,False
Dialysis.in.1.week,binary,Solid.Organ,binary,,,23,WEAK,Negative,False
Dialysis.in.1.week,binary,APACHEII,continuous,,,23,WEAK,Negative,False
Dialysis.in.1.week,binary,SOFA,continuous,,,23,WEAK,Negative,False
Dialysis.in.1.week,binary,Hb,binary,,,23,WEAK,Negative,False
Dialysis.in.1.week,binary,TLC,binary,,,23,WEAK,Negative,False
Dialysis.in.1.week,binary,ANC,binary,,,23,WEAK,Negative,False
Dialysis.in.1.week,binary,Lympho,binary,,,23,WEAK,Negative,False
Dialysis.in.1.week,binary,Platelet,binary,,,23,WEAK,Negative,False
Dialysis.in.1.week,binary,INR,binary,,,23,WEAK,Negative,False
Dialysis.in.1.week,binary,Bil,binary,,,23,WEAK,Negative,False
Dialysis.in.1.week,binary,SGPT,binary,,,23,WEAK,Negative,False
Dialysis.in.1.week,binary,SGOT,binary,,,23,WEAK,Negative,False
Dialysis.in.1.week,binary,Albumin,binary,,,23,WEAK,Negative,False
Dialysis.in.1.week,binary,Total.Protein,binary,,,23,WEAK,Negative,False
Dialysis.in.1.week,binary,Globulin,binary,,,23,WEAK,Negative,False
Dialysis.in.1.week,binary,ALP,binary,,,23,WEAK,Negative,False
Dialysis.in.1.week,binary,Creatinine,binary,,,23,WEAK,Negative,False
Dialysis.in.1.week,binary,Sodium,binary,,,23,WEAK,Negative,False
Dialysis.in.1.week,binary,Potassium,binary,,,23,WEAK,Negative,False
Dialysis.in.1.week,binary,Urea,continuous,,,23,WEAK,Negative,False
Dialysis.in.1.week,binary,Calcium,binary,,,23,WEAK,Negative,False
Dialysis.in.1.week,binary,Magnesium,binary,,,23,WEAK,Negative,False
Dialysis.in.1.week,binary,Procalcitonin,binary,,,23,WEAK,Negative,False
Dialysis.in.1.week,binary,P.C.Z.A.E,binary,,,23,WEAK,Negative,False
Dialysis.in.1.week,binary,P.C.only.E,binary,,,23,WEAK,Negative,False
Dialysis.in.1.week,binary,Z.A.only.E,binary,,,23,WEAK,Negative,False
Dialysis.in.1.week,binary,Neither.Abx.E,binary,,,23,WEAK,Negative,False
Dialysis.in.1.week,binary,P.C.Z.A.T,binary,,,23,WEAK,Negative,False
Dialysis.in.1.week,binary,P.C.only.T,binary,,,23,WEAK,Negative,False
Dialysis.in.1.week,binary,Z.A.only.T,binary,,,23,WEAK,Negative,False
Dialysis.in.1.week,binary,Neither.Abx.T,binary,,,23,WEAK,Negative,False
Dialysis.in.1.week,binary,Amoxicillin.Clavulanic.Acid,ordinal,,,23,WEAK,Negative,False
Dialysis.in.1.week,binary,Amikacin,ordinal,,,23,WEAK,Negative,False
Dialysis.in.1.week,binary,Aztreonam,ordinal,,,23,WEAK,Negative,False
Dialysis.in.1.week,binary,Chloramphenicol,ordinal,,,23,WEAK,Negative,False
Dialysis.in.1.week,binary,Ciprofloxacin,ordinal,,,23,WEAK,Negative,False
Dialysis.in.1.week,binary,Colistin,ordinal,,,23,WEAK,Negative,False
Dialysis.in.1.week,binary,Ceftriaxone,ordinal,,,23,WEAK,Negative,False
Dialysis.in.1.week,binary,Doxycycline,ordinal,,,23,WEAK,Negative,False
Dialysis.in.1.week,binary,Ertapenem,ordinal,,,23,WEAK,Negative,False
Dialysis.in.1.week,binary,Cefepime,ordinal,,,23,WEAK,Negative,False
Dialysis.in.1.week,binary,Fosfomycin,ordinal,,,23,WEAK,Negative,False
Dialysis.in.1.week,binary,Cefoxitin,ordinal,,,23,WEAK,Negative,False
Dialysis.in.1.week,binary,Nitrofurantoin,ordinal,,,23,WEAK,Negative,False
Dialysis.in.1.week,binary,Gentamicin,ordinal,,,23,WEAK,Negative,False
Dialysis.in.1.week,binary,Imipenem,ordinal,,,23,WEAK,Negative,False
Dialysis.in.1.week,binary,Levofloxacin,ordinal,,,23,WEAK,Negative,False
Dialysis.in.1.week,binary,Meropenem,ordinal,,,23,WEAK,Negative,False
Dialysis.in.1.week,binary,Minocycline,ordinal,,,23,WEAK,Negative,False
Dialysis.in.1.week,binary,Cefuroxime,ordinal,,,23,WEAK,Negative,False
Dialysis.in.1.week,binary,Cefoperazone.Sulbactam,ordinal,,,23,WEAK,Negative,False
Dialysis.in.1.week,binary,Trimethoprim.Sulfamethoxazole,ordinal,,,23,WEAK,Negative,False
Dialysis.in.1.week,binary,Cefotaxime,ordinal,,,23,WEAK,Negative,False
Dialysis.in.1.week,binary,Ceftazidime,ordinal,,,23,WEAK,Negative,False
Dialysis.in.1.week,binary,Tigecycline,ordinal,,,23,WEAK,Negative,False
Dialysis.in.1.week,binary,Piperacillin.Tazobactam,ordinal,,,23,WEAK,Negative,False
Dialysis.in.1.week,binary,Ceftazidime.Avibactam,binary,,,23,WEAK,Negative,False
Dialysis.in.1.week,binary,ESBL.producer,binary,,,23,WEAK,Negative,False
Dialysis.in.1.week,binary,AmpC,binary,,,23,WEAK,Negative,False
Dialysis.in.1.week,binary,Carbapenemase,binary,,,23,WEAK,Negative,False
Dialysis.in.1.week,binary,MRSA,binary,,,23,WEAK,Negative,False
Dialysis.in.1.week,binary,VAN,binary,,,23,WEAK,Negative,False
Dialysis.in.1.week,binary,Ceftazidime.Avibactam.T,binary,,,23,WEAK,Negative,False
Dialysis.in.1.week,binary,Ceftazidime.Avibactam.Aztreonam.T,binary,,,23,WEAK,Negative,False
Dialysis.in.1.week,binary,Ceftazidime.Avibactam.Aztreonam.Synergy.T,ordinal,,,23,WEAK,Negative,False
Dialysis.in.1.week,binary,Polymyxin.Colistin.Inclusion.T,binary,,,23,WEAK,Negative,False
Dialysis.in.1.week,binary,Clinical.Improvement,ordinal,,,23,WEAK,Negative,False
Dialysis.in.1.week,binary,ICU.Stay.in.28.Days,continuous,,,23,WEAK,Negative,False
Dialysis.in.1.week,binary,GW.Stay.in.28.Days,continuous,,,23,WEAK,Negative,False
Dialysis.in.1.week,binary,Total.Hospital.stay.in.28.days,continuous,,,23,WEAK,Negative,False
Dialysis.in.1.week,binary,Mortality.in.ICU,binary,,,23,WEAK,Negative,False
Dialysis.in.1.week,binary,Mortality.in.Hospital,binary,,,23,WEAK,Negative,False
Dialysis.in.1.week,binary,Mortality.post.28.Day.Discharge,binary,,,23,WEAK,Negative,False
Dialysis.in.1.week,binary,Overall.Mortality,binary,,,23,WEAK,Negative,False
Dialysis.in.1.week,binary,Relapse.post.28.Day.Discharge,binary,,,23,WEAK,Negative,False
Dialysis.in.1.week,binary,Other.Illness.Leading.to.Hospitalization.post.28.Days.Discharge,binary,,,23,WEAK,Negative,False
Immunosuppressive.drugs.in.1.week,binary,Dialysis.on.day.1,binary,,,23,WEAK,Negative,False
Immunosuppressive.drugs.in.1.week,binary,HIV.Present,binary,,,23,WEAK,Negative,False
Immunosuppressive.drugs.in.1.week,binary,TB,binary,,,23,WEAK,Negative,False
Immunosuppressive.drugs.in.1.week,binary,INR,binary,,,23,WEAK,Negative,False
Immunosuppressive.drugs.in.1.week,binary,Aztreonam,ordinal,,,23,WEAK,Negative,False
Immunosuppressive.drugs.in.1.week,binary,Ciprofloxacin,ordinal,,,23,WEAK,Negative,False
Immunosuppressive.drugs.in.1.week,binary,Cefepime,ordinal,,,23,WEAK,Negative,False
Immunosuppressive.drugs.in.1.week,binary,Cefoxitin,ordinal,,,23,WEAK,Negative,False
Immunosuppressive.drugs.in.1.week,binary,Imipenem,ordinal,,,23,WEAK,Negative,False
Immunosuppressive.drugs.in.1.week,binary,Levofloxacin,ordinal,,,23,WEAK,Negative,False
Immunosuppressive.drugs.in.1.week,binary,ESBL.producer,binary,,,23,WEAK,Negative,False
Immunosuppressive.drugs.in.1.week,binary,AmpC,binary,,,23,WEAK,Negative,False
Immunosuppressive.drugs.in.1.week,binary,Carbapenemase,binary,,,23,WEAK,Negative,False
Immunosuppressive.drugs.in.1.week,binary,MRSA,binary,,,23,WEAK,Negative,False
Immunosuppressive.drugs.in.1.week,binary,VAN,binary,,,23,WEAK,Negative,False
Inotropes,binary,Dialysis.on.day.1,binary,,,23,WEAK,Negative,False
Inotropes,binary,HIV.Present,binary,,,23,WEAK,Negative,False
Inotropes,binary,TB,binary,,,23,WEAK,Negative,False
Inotropes,binary,INR,binary,,,23,WEAK,Negative,False
Inotropes,binary,Aztreonam,ordinal,,,23,WEAK,Negative,False
Inotropes,binary,Ciprofloxacin,ordinal,,,23,WEAK,Negative,False
Inotropes,binary,Cefepime,ordinal,,,23,WEAK,Negative,False
Inotropes,binary,Cefoxitin,ordinal,,,23,WEAK,Negative,False
Inotropes,binary,Imipenem,ordinal,,,23,WEAK,Negative,False
Inotropes,binary,Levofloxacin,ordinal,,,23,WEAK,Negative,False
Inotropes,binary,ESBL.producer,binary,,,23,WEAK,Negative,False
Inotropes,binary,AmpC,binary,,,23,WEAK,Negative,False
Inotropes,binary,Carbapenemase,binary,,,23,WEAK,Negative,False
Inotropes,binary,MRSA,binary,,,23,WEAK,Negative,False
Inotropes,binary,VAN,binary,,,23,WEAK,Negative,False
Dialysis.on.day.1,binary,Ventilation,binary,,,23,WEAK,Negative,False
Dialysis.on.day.1,binary,Overall.organ.support,binary,,,23,WEAK,Negative,False
Dialysis.on.day.1,binary,Neutropenia,binary,,,23,WEAK,Negative,False
Dialysis.on.day.1,binary,HIV.Present,binary,,,23,WEAK,Negative,False
Dialysis.on.day.1,binary,TB,binary,,,23,WEAK,Negative,False
Dialysis.on.day.1,binary,Any.Viral.Infection,binary,,,23,WEAK,Negative,False
Dialysis.on.day.1,binary,Any.Fungal.Infection,binary,,,23,WEAK,Negative,False
Dialysis.on.day.1,binary,Hemat.Malignancy,binary,,,23,WEAK,Negative,False
Dialysis.on.day.1,binary,Solid.Organ,binary,,,23,WEAK,Negative,False
Dialysis.on.day.1,binary,APACHEII,continuous,,,23,WEAK,Negative,False
Dialysis.on.day.1,binary,SOFA,continuous,,,23,WEAK,Negative,False
Dialysis.on.day.1,binary,Hb,binary,,,23,WEAK,Negative,False
Dialysis.on.day.1,binary,TLC,binary,,,23,WEAK,Negative,False
Dialysis.on.day.1,binary,ANC,binary,,,23,WEAK,Negative,False
Dialysis.on.day.1,binary,Lympho,binary,,,23,WEAK,Negative,False
Dialysis.on.day.1,binary,Platelet,binary,,,23,WEAK,Negative,False
Dialysis.on.day.1,binary,INR,binary,,,23,WEAK,Negative,False
Dialysis.on.day.1,binary,Bil,binary,,,23,WEAK,Negative,False
Dialysis.on.day.1,binary,SGPT,binary,,,23,WEAK,Negative,False
Dialysis.on.day.1,binary,SGOT,binary,,,23,WEAK,Negative,False
Dialysis.on.day.1,binary,Albumin,binary,,,23,WEAK,Negative,False
Dialysis.on.day.1,binary,Total.Protein,binary,,,23,WEAK,Negative,False
Dialysis.on.day.1,binary,Globulin,binary,,,23,WEAK,Negative,False
Dialysis.on.day.1,binary,ALP,binary,,,23,WEAK,Negative,False
Dialysis.on.day.1,binary,Creatinine,binary,,,23,WEAK,Negative,False
Dialysis.on.day.1,binary,Sodium,binary,,,23,WEAK,Negative,False
Dialysis.on.day.1,binary,Potassium,binary,,,23,WEAK,Negative,False
Dialysis.on.day.1,binary,Urea,continuous,,,23,WEAK,Negative,False
Dialysis.on.day.1,binary,Calcium,binary,,,23,WEAK,Negative,False
Dialysis.on.day.1,binary,Magnesium,binary,,,23,WEAK,Negative,False
Dialysis.on.day.1,binary,Procalcitonin,binary,,,23,WEAK,Negative,False
Dialysis.on.day.1,binary,P.C.Z.A.E,binary,,,23,WEAK,Negative,False
Dialysis.on.day.1,binary,P.C.only.E,binary,,,23,WEAK,Negative,False
Dialysis.on.day.1,binary,Z.A.only.E,binary,,,23,WEAK,Negative,False
Dialysis.on.day.1,binary,Neither.Abx.E,binary,,,23,WEAK,Negative,False
Dialysis.on.day.1,binary,P.C.Z.A.T,binary,,,23,WEAK,Negative,False
Dialysis.on.day.1,binary,P.C.only.T,binary,,,23,WEAK,Negative,False
Dialysis.on.day.1,binary,Z.A.only.T,binary,,,23,WEAK,Negative,False
Dialysis.on.day.1,binary,Neither.Abx.T,binary,,,23,WEAK,Negative,False
Dialysis.on.day.1,binary,Amoxicillin.Clavulanic.Acid,ordinal,,,23,WEAK,Negative,False
Dialysis.on.day.1,binary,Amikacin,ordinal,,,23,WEAK,Negative,False
Dialysis.on.day.1,binary,Aztreonam,ordinal,,,23,WEAK,Negative,False
Dialysis.on.day.1,binary,Chloramphenicol,ordinal,,,23,WEAK,Negative,False
Dialysis.on.day.1,binary,Ciprofloxacin,ordinal,,,23,WEAK,Negative,False
Dialysis.on.day.1,binary,Colistin,ordinal,,,23,WEAK,Negative,False
Dialysis.on.day.1,binary,Ceftriaxone,ordinal,,,23,WEAK,Negative,False
Dialysis.on.day.1,binary,Doxycycline,ordinal,,,23,WEAK,Negative,False
Dialysis.on.day.1,binary,Ertapenem,ordinal,,,23,WEAK,Negative,False
Dialysis.on.day.1,binary,Cefepime,ordinal,,,23,WEAK,Negative,False
Dialysis.on.day.1,binary,Fosfomycin,ordinal,,,23,WEAK,Negative,False
Dialysis.on.day.1,binary,Cefoxitin,ordinal,,,23,WEAK,Negative,False
Dialysis.on.day.1,binary,Nitrofurantoin,ordinal,,,23,WEAK,Negative,False
Dialysis.on.day.1,binary,Gentamicin,ordinal,,,23,WEAK,Negative,False
Dialysis.on.day.1,binary,Imipenem,ordinal,,,23,WEAK,Negative,False
Dialysis.on.day.1,binary,Levofloxacin,ordinal,,,23,WEAK,Negative,False
Dialysis.on.day.1,binary,Meropenem,ordinal,,,23,WEAK,Negative,False
Dialysis.on.day.1,binary,Minocycline,ordinal,,,23,WEAK,Negative,False
Dialysis.on.day.1,binary,Cefuroxime,ordinal,,,23,WEAK,Negative,False
Dialysis.on.day.1,binary,Cefoperazone.Sulbactam,ordinal,,,23,WEAK,Negative,False
Dialysis.on.day.1,binary,Trimethoprim.Sulfamethoxazole,ordinal,,,23,WEAK,Negative,False
Dialysis.on.day.1,binary,Cefotaxime,ordinal,,,23,WEAK,Negative,False
Dialysis.on.day.1,binary,Ceftazidime,ordinal,,,23,WEAK,Negative,False
Dialysis.on.day.1,binary,Tigecycline,ordinal,,,23,WEAK,Negative,False
Dialysis.on.day.1,binary,Piperacillin.Tazobactam,ordinal,,,23,WEAK,Negative,False
Dialysis.on.day.1,binary,Ceftazidime.Avibactam,binary,,,23,WEAK,Negative,False
Dialysis.on.day.1,binary,ESBL.producer,binary,,,23,WEAK,Negative,False
Dialysis.on.day.1,binary,AmpC,binary,,,23,WEAK,Negative,False
Dialysis.on.day.1,binary,Carbapenemase,binary,,,23,WEAK,Negative,False
Dialysis.on.day.1,binary,MRSA,binary,,,23,WEAK,Negative,False
Dialysis.on.day.1,binary,VAN,binary,,,23,WEAK,Negative,False
Dialysis.on.day.1,binary,Ceftazidime.Avibactam.T,binary,,,23,WEAK,Negative,False
Dialysis.on.day.1,binary,Ceftazidime.Avibactam.Aztreonam.T,binary,,,23,WEAK,Negative,False
Dialysis.on.day.1,binary,Ceftazidime.Avibactam.Aztreonam.Synergy.T,ordinal,,,23,WEAK,Negative,False
Dialysis.on.day.1,binary,Polymyxin.Colistin.Inclusion.T,binary,,,23,WEAK,Negative,False
Dialysis.on.day.1,binary,Clinical.Improvement,ordinal,,,23,WEAK,Negative,False
Dialysis.on.day.1,binary,ICU.Stay.in.28.Days,continuous,,,23,WEAK,Negative,False
Dialysis.on.day.1,binary,GW.Stay.in.28.Days,continuous,,,23,WEAK,Negative,False
Dialysis.on.day.1,binary,Total.Hospital.stay.in.28.days,continuous,,,23,WEAK,Negative,False
Dialysis.on.day.1,binary,Mortality.in.ICU,binary,,,23,WEAK,Negative,False
Dialysis.on.day.1,binary,Mortality.in.Hospital,binary,,,23,WEAK,Negative,False
Dialysis.on.day.1,binary,Mortality.post.28.Day.Discharge,binary,,,23,WEAK,Negative,False
Dialysis.on.day.1,binary,Overall.Mortality,binary,,,23,WEAK,Negative,False
Dialysis.on.day.1,binary,Relapse.post.28.Day.Discharge,binary,,,23,WEAK,Negative,False
Dialysis.on.day.1,binary,Other.Illness.Leading.to.Hospitalization.post.28.Days.Discharge,binary,,,23,WEAK,Negative,False
Ventilation,binary,HIV.Present,binary,,,23,WEAK,Negative,False
Ventilation,binary,TB,binary,,,23,WEAK,Negative,False
Ventilation,binary,INR,binary,,,23,WEAK,Negative,False
Ventilation,binary,Aztreonam,ordinal,,,23,WEAK,Negative,False
Ventilation,binary,Ciprofloxacin,ordinal,,,23,WEAK,Negative,False
Ventilation,binary,Cefepime,ordinal,,,23,WEAK,Negative,False
Ventilation,binary,Cefoxitin,ordinal,,,23,WEAK,Negative,False
Ventilation,binary,Imipenem,ordinal,,,23,WEAK,Negative,False
Ventilation,binary,Levofloxacin,ordinal,,,23,WEAK,Negative,False
Ventilation,binary,ESBL.producer,binary,,,23,WEAK,Negative,False
Ventilation,binary,AmpC,binary,,,23,WEAK,Negative,False
Ventilation,binary,Carbapenemase,binary,,,23,WEAK,Negative,False
Ventilation,binary,MRSA,binary,,,23,WEAK,Negative,False
Ventilation,binary,VAN,binary,,,23,WEAK,Negative,False
Overall.organ.support,binary,HIV.Present,binary,,,23,WEAK,Negative,False
Overall.organ.support,binary,TB,binary,,,23,WEAK,Negative,False
Overall.organ.support,binary,INR,binary,,,23,WEAK,Negative,False
Overall.organ.support,binary,Aztreonam,ordinal,,,23,WEAK,Negative,False
Overall.organ.support,binary,Ciprofloxacin,ordinal,,,23,WEAK,Negative,False
Overall.organ.support,binary,Cefepime,ordinal,,,23,WEAK,Negative,False
Overall.organ.support,binary,Cefoxitin,ordinal,,,23,WEAK,Negative,False
Overall.organ.support,binary,Imipenem,ordinal,,,23,WEAK,Negative,False
Overall.organ.support,binary,Levofloxacin,ordinal,,,23,WEAK,Negative,False
Overall.organ.support,binary,ESBL.producer,binary,,,23,WEAK,Negative,False
Overall.organ.support,binary,AmpC,binary,,,23,WEAK,Negative,False
Overall.organ.support,binary,Carbapenemase,binary,,,23,WEAK,Negative,False
Overall.organ.support,binary,MRSA,binary,,,23,WEAK,Negative,False
Overall.organ.support,binary,VAN,binary,,,23,WEAK,Negative,False
Neutropenia,binary,HIV.Present,binary,,,23,WEAK,Negative,False
Neutropenia,binary,TB,binary,,,23,WEAK,Negative,False
Neutropenia,binary,INR,binary,,,23,WEAK,Negative,False
Neutropenia,binary,Aztreonam,ordinal,,,23,WEAK,Negative,False
Neutropenia,binary,Ciprofloxacin,ordinal,,,23,WEAK,Negative,False
Neutropenia,binary,Cefepime,ordinal,,,23,WEAK,Negative,False
Neutropenia,binary,Cefoxitin,ordinal,,,23,WEAK,Negative,False
Neutropenia,binary,Imipenem,ordinal,,,23,WEAK,Negative,False
Neutropenia,binary,Levofloxacin,ordinal,,,23,WEAK,Negative,False
Neutropenia,binary,ESBL.producer,binary,,,23,WEAK,Negative,False
Neutropenia,binary,AmpC,binary,,,23,WEAK,Negative,False
Neutropenia,binary,Carbapenemase,binary,,,23,WEAK,Negative,False
Neutropenia,binary,MRSA,binary,,,23,WEAK,Negative,False
Neutropenia,binary,VAN,binary,,,23,WEAK,Negative,False
HIV.Present,binary,TB,binary,,,23,WEAK,Negative,False
HIV.Present,binary,Any.Viral.Infection,binary,,,23,WEAK,Negative,False
HIV.Present,binary,Any.Fungal.Infection,binary,,,23,WEAK,Negative,False
HIV.Present,binary,Hemat.Malignancy,binary,,,23,WEAK,Negative,False
HIV.Present,binary,Solid.Organ,binary,,,23,WEAK,Negative,False
HIV.Present,binary,APACHEII,continuous,,,23,WEAK,Negative,False
HIV.Present,binary,SOFA,continuous,,,23,WEAK,Negative,False
HIV.Present,binary,Hb,binary,,,23,WEAK,Negative,False
HIV.Present,binary,TLC,binary,,,23,WEAK,Negative,False
HIV.Present,binary,ANC,binary,,,23,WEAK,Negative,False
HIV.Present,binary,Lympho,binary,,,23,WEAK,Negative,False
HIV.Present,binary,Platelet,binary,,,23,WEAK,Negative,False
HIV.Present,binary,INR,binary,,,23,WEAK,Negative,False
HIV.Present,binary,Bil,binary,,,23,WEAK,Negative,False
HIV.Present,binary,SGPT,binary,,,23,WEAK,Negative,False
HIV.Present,binary,SGOT,binary,,,23,WEAK,Negative,False
HIV.Present,binary,Albumin,binary,,,23,WEAK,Negative,False
HIV.Present,binary,Total.Protein,binary,,,23,WEAK,Negative,False
HIV.Present,binary,Globulin,binary,,,23,WEAK,Negative,False
HIV.Present,binary,ALP,binary,,,23,WEAK,Negative,False
HIV.Present,binary,Creatinine,binary,,,23,WEAK,Negative,False
HIV.Present,binary,Sodium,binary,,,23,WEAK,Negative,False
HIV.Present,binary,Potassium,binary,,,23,WEAK,Negative,False
HIV.Present,binary,Urea,continuous,,,23,WEAK,Negative,False
HIV.Present,binary,Calcium,binary,,,23,WEAK,Negative,False
HIV.Present,binary,Magnesium,binary,,,23,WEAK,Negative,False
HIV.Present,binary,Procalcitonin,binary,,,23,WEAK,Negative,False
HIV.Present,binary,P.C.Z.A.E,binary,,,23,WEAK,Negative,False
HIV.Present,binary,P.C.only.E,binary,,,23,WEAK,Negative,False
HIV.Present,binary,Z.A.only.E,binary,,,23,WEAK,Negative,False
HIV.Present,binary,Neither.Abx.E,binary,,,23,WEAK,Negative,False
HIV.Present,binary,P.C.Z.A.T,binary,,,23,WEAK,Negative,False
HIV.Present,binary,P.C.only.T,binary,,,23,WEAK,Negative,False
HIV.Present,binary,Z.A.only.T,binary,,,23,WEAK,Negative,False
HIV.Present,binary,Neither.Abx.T,binary,,,23,WEAK,Negative,False
HIV.Present,binary,Amoxicillin.Clavulanic.Acid,ordinal,,,23,WEAK,Negative,False
HIV.Present,binary,Amikacin,ordinal,,,23,WEAK,Negative,False
HIV.Present,binary,Aztreonam,ordinal,,,23,WEAK,Negative,False
HIV.Present,binary,Chloramphenicol,ordinal,,,23,WEAK,Negative,False
HIV.Present,binary,Ciprofloxacin,ordinal,,,23,WEAK,Negative,False
HIV.Present,binary,Colistin,ordinal,,,23,WEAK,Negative,False
HIV.Present,binary,Ceftriaxone,ordinal,,,23,WEAK,Negative,False
HIV.Present,binary,Doxycycline,ordinal,,,23,WEAK,Negative,False
HIV.Present,binary,Ertapenem,ordinal,,,23,WEAK,Negative,False
HIV.Present,binary,Cefepime,ordinal,,,23,WEAK,Negative,False
HIV.Present,binary,Fosfomycin,ordinal,,,23,WEAK,Negative,False
HIV.Present,binary,Cefoxitin,ordinal,,,23,WEAK,Negative,False
HIV.Present,binary,Nitrofurantoin,ordinal,,,23,WEAK,Negative,False
HIV.Present,binary,Gentamicin,ordinal,,,23,WEAK,Negative,False
HIV.Present,binary,Imipenem,ordinal,,,23,WEAK,Negative,False
HIV.Present,binary,Levofloxacin,ordinal,,,23,WEAK,Negative,False
HIV.Present,binary,Meropenem,ordinal,,,23,WEAK,Negative,False
HIV.Present,binary,Minocycline,ordinal,,,23,WEAK,Negative,False
HIV.Present,binary,Cefuroxime,ordinal,,,23,WEAK,Negative,False
HIV.Present,binary,Cefoperazone.Sulbactam,ordinal,,,23,WEAK,Negative,False
HIV.Present,binary,Trimethoprim.Sulfamethoxazole,ordinal,,,23,WEAK,Negative,False
HIV.Present,binary,Cefotaxime,ordinal,,,23,WEAK,Negative,False
HIV.Present,binary,Ceftazidime,ordinal,,,23,WEAK,Negative,False
HIV.Present,binary,Tigecycline,ordinal,,,23,WEAK,Negative,False
HIV.Present,binary,Piperacillin.Tazobactam,ordinal,,,23,WEAK,Negative,False
HIV.Present,binary,Ceftazidime.Avibactam,binary,,,23,WEAK,Negative,False
HIV.Present,binary,ESBL.producer,binary,,,23,WEAK,Negative,False
HIV.Present,binary,AmpC,binary,,,23,WEAK,Negative,False
HIV.Present,binary,Carbapenemase,binary,,,23,WEAK,Negative,False
HIV.Present,binary,MRSA,binary,,,23,WEAK,Negative,False
HIV.Present,binary,VAN,binary,,,23,WEAK,Negative,False
HIV.Present,binary,Ceftazidime.Avibactam.T,binary,,,23,WEAK,Negative,False
HIV.Present,binary,Ceftazidime.Avibactam.Aztreonam.T,binary,,,23,WEAK,Negative,False
HIV.Present,binary,Ceftazidime.Avibactam.Aztreonam.Synergy.T,ordinal,,,23,WEAK,Negative,False
HIV.Present,binary,Polymyxin.Colistin.Inclusion.T,binary,,,23,WEAK,Negative,False
HIV.Present,binary,Clinical.Improvement,ordinal,,,23,WEAK,Negative,False
HIV.Present,binary,ICU.Stay.in.28.Days,continuous,,,23,WEAK,Negative,False
HIV.Present,binary,GW.Stay.in.28.Days,continuous,,,23,WEAK,Negative,False
HIV.Present,binary,Total.Hospital.stay.in.28.days,continuous,,,23,WEAK,Negative,False
HIV.Present,binary,Mortality.in.ICU,binary,,,23,WEAK,Negative,False
HIV.Present,binary,Mortality.in.Hospital,binary,,,23,WEAK,Negative,False
HIV.Present,binary,Mortality.post.28.Day.Discharge,binary,,,23,WEAK,Negative,False
HIV.Present,binary,Overall.Mortality,binary,,,23,WEAK,Negative,False
HIV.Present,binary,Relapse.post.28.Day.Discharge,binary,,,23,WEAK,Negative,False
HIV.Present,binary,Other.Illness.Leading.to.Hospitalization.post.28.Days.Discharge,binary,,,23,WEAK,Negative,False
TB,binary,Any.Viral.Infection,binary,,,23,WEAK,Negative,False
TB,binary,Any.Fungal.Infection,binary,,,23,WEAK,Negative,False
TB,binary,Hemat.Malignancy,binary,,,23,WEAK,Negative,False
TB,binary,Solid.Organ,binary,,,23,WEAK,Negative,False
TB,binary,APACHEII,continuous,,,23,WEAK,Negative,False
TB,binary,SOFA,continuous,,,23,WEAK,Negative,False
TB,binary,Hb,binary,,,23,WEAK,Negative,False
TB,binary,TLC,binary,,,23,WEAK,Negative,False
TB,binary,ANC,binary,,,23,WEAK,Negative,False
TB,binary,Lympho,binary,,,23,WEAK,Negative,False
TB,binary,Platelet,binary,,,23,WEAK,Negative,False
TB,binary,INR,binary,,,23,WEAK,Negative,False
TB,binary,Bil,binary,,,23,WEAK,Negative,False
TB,binary,SGPT,binary,,,23,WEAK,Negative,False
TB,binary,SGOT,binary,,,23,WEAK,Negative,False
TB,binary,Albumin,binary,,,23,WEAK,Negative,False
TB,binary,Total.Protein,binary,,,23,WEAK,Negative,False
TB,binary,Globulin,binary,,,23,WEAK,Negative,False
TB,binary,ALP,binary,,,23,WEAK,Negative,False
TB,binary,Creatinine,binary,,,23,WEAK,Negative,False
TB,binary,Sodium,binary,,,23,WEAK,Negative,False
TB,binary,Potassium,binary,,,23,WEAK,Negative,False
TB,binary,Urea,continuous,,,23,WEAK,Negative,False
TB,binary,Calcium,binary,,,23,WEAK,Negative,False
TB,binary,Magnesium,binary,,,23,WEAK,Negative,False
TB,binary,Procalcitonin,binary,,,23,WEAK,Negative,False
TB,binary,P.C.Z.A.E,binary,,,23,WEAK,Negative,False
TB,binary,P.C.only.E,binary,,,23,WEAK,Negative,False
TB,binary,Z.A.only.E,binary,,,23,WEAK,Negative,False
TB,binary,Neither.Abx.E,binary,,,23,WEAK,Negative,False
TB,binary,P.C.Z.A.T,binary,,,23,WEAK,Negative,False
TB,binary,P.C.only.T,binary,,,23,WEAK,Negative,False
TB,binary,Z.A.only.T,binary,,,23,WEAK,Negative,False
TB,binary,Neither.Abx.T,binary,,,23,WEAK,Negative,False
TB,binary,Amoxicillin.Clavulanic.Acid,ordinal,,,23,WEAK,Negative,False
TB,binary,Amikacin,ordinal,,,23,WEAK,Negative,False
TB,binary,Aztreonam,ordinal,,,23,WEAK,Negative,False
TB,binary,Chloramphenicol,ordinal,,,23,WEAK,Negative,False
TB,binary,Ciprofloxacin,ordinal,,,23,WEAK,Negative,False
TB,binary,Colistin,ordinal,,,23,WEAK,Negative,False
TB,binary,Ceftriaxone,ordinal,,,23,WEAK,Negative,False
TB,binary,Doxycycline,ordinal,,,23,WEAK,Negative,False
TB,binary,Ertapenem,ordinal,,,23,WEAK,Negative,False
TB,binary,Cefepime,ordinal,,,23,WEAK,Negative,False
TB,binary,Fosfomycin,ordinal,,,23,WEAK,Negative,False
TB,binary,Cefoxitin,ordinal,,,23,WEAK,Negative,False
TB,binary,Nitrofurantoin,ordinal,,,23,WEAK,Negative,False
TB,binary,Gentamicin,ordinal,,,23,WEAK,Negative,False
TB,binary,Imipenem,ordinal,,,23,WEAK,Negative,False
TB,binary,Levofloxacin,ordinal,,,23,WEAK,Negative,False
TB,binary,Meropenem,ordinal,,,23,WEAK,Negative,False
TB,binary,Minocycline,ordinal,,,23,WEAK,Negative,False
TB,binary,Cefuroxime,ordinal,,,23,WEAK,Negative,False
TB,binary,Cefoperazone.Sulbactam,ordinal,,,23,WEAK,Negative,False
TB,binary,Trimethoprim.Sulfamethoxazole,ordinal,,,23,WEAK,Negative,False
TB,binary,Cefotaxime,ordinal,,,23,WEAK,Negative,False
TB,binary,Ceftazidime,ordinal,,,23,WEAK,Negative,False
TB,binary,Tigecycline,ordinal,,,23,WEAK,Negative,False
TB,binary,Piperacillin.Tazobactam,ordinal,,,23,WEAK,Negative,False
TB,binary,Ceftazidime.Avibactam,binary,,,23,WEAK,Negative,False
TB,binary,ESBL.producer,binary,,,23,WEAK,Negative,False
TB,binary,AmpC,binary,,,23,WEAK,Negative,False
TB,binary,Carbapenemase,binary,,,23,WEAK,Negative,False
TB,binary,MRSA,binary,,,23,WEAK,Negative,False
TB,binary,VAN,binary,,,23,WEAK,Negative,False
TB,binary,Ceftazidime.Avibactam.T,binary,,,23,WEAK,Negative,False
TB,binary,Ceftazidime.Avibactam.Aztreonam.T,binary,,,23,WEAK,Negative,False
TB,binary,Ceftazidime.Avibactam.Aztreonam.Synergy.T,ordinal,,,23,WEAK,Negative,False
TB,binary,Polymyxin.Colistin.Inclusion.T,binary,,,23,WEAK,Negative,False
TB,binary,Clinical.Improvement,ordinal,,,23,WEAK,Negative,False
TB,binary,ICU.Stay.in.28.Days,continuous,,,23,WEAK,Negative,False
TB,binary,GW.Stay.in.28.Days,continuous,,,23,WEAK,Negative,False
TB,binary,Total.Hospital.stay.in.28.days,continuous,,,23,WEAK,Negative,False
TB,binary,Mortality.in.ICU,binary,,,23,WEAK,Negative,False
TB,binary,Mortality.in.Hospital,binary,,,23,WEAK,Negative,False
TB,binary,Mortality.post.28.Day.Discharge,binary,,,23,WEAK,Negative,False
TB,binary,Overall.Mortality,binary,,,23,WEAK,Negative,False
TB,binary,Relapse.post.28.Day.Discharge,binary,,,23,WEAK,Negative,False
TB,binary,Other.Illness.Leading.to.Hospitalization.post.28.Days.Discharge,binary,,,23,WEAK,Negative,False
Any.Viral.Infection,binary,INR,binary,,,23,WEAK,Negative,False
Any.Viral.Infection,binary,Aztreonam,ordinal,,,23,WEAK,Negative,False
Any.Viral.Infection,binary,Ciprofloxacin,ordinal,,,23,WEAK,Negative,False
Any.Viral.Infection,binary,Cefepime,ordinal,,,23,WEAK,Negative,False
Any.Viral.Infection,binary,Cefoxitin,ordinal,,,23,WEAK,Negative,False
Any.Viral.Infection,binary,Imipenem,ordinal,,,23,WEAK,Negative,False
Any.Viral.Infection,binary,Levofloxacin,ordinal,,,23,WEAK,Negative,False
Any.Viral.Infection,binary,ESBL.producer,binary,,,23,WEAK,Negative,False
Any.Viral.Infection,binary,AmpC,binary,,,23,WEAK,Negative,False
Any.Viral.Infection,binary,Carbapenemase,binary,,,23,WEAK,Negative,False
Any.Viral.Infection,binary,MRSA,binary,,,23,WEAK,Negative,False
Any.Viral.Infection,binary,VAN,binary,,,23,WEAK,Negative,False
Any.Fungal.Infection,binary,INR,binary,,,23,WEAK,Negative,False
Any.Fungal.Infection,binary,Aztreonam,ordinal,,,23,WEAK,Negative,False
Any.Fungal.Infection,binary,Ciprofloxacin,ordinal,,,23,WEAK,Negative,False
Any.Fungal.Infection,binary,Cefepime,ordinal,,,23,WEAK,Negative,False
Any.Fungal.Infection,binary,Cefoxitin,ordinal,,,23,WEAK,Negative,False
Any.Fungal.Infection,binary,Imipenem,ordinal,,,23,WEAK,Negative,False
Any.Fungal.Infection,binary,Levofloxacin,ordinal,,,23,WEAK,Negative,False
Any.Fungal.Infection,binary,ESBL.producer,binary,,,23,WEAK,Negative,False
Any.Fungal.Infection,binary,AmpC,binary,,,23,WEAK,Negative,False
Any.Fungal.Infection,binary,Carbapenemase,binary,,,23,WEAK,Negative,False
Any.Fungal.Infection,binary,MRSA,binary,,,23,WEAK,Negative,False
Any.Fungal.Infection,binary,VAN,binary,,,23,WEAK,Negative,False
Hemat.Malignancy,binary,INR,binary,,,23,WEAK,Negative,False
Hemat.Malignancy,binary,Aztreonam,ordinal,,,23,WEAK,Negative,False
Hemat.Malignancy,binary,Ciprofloxacin,ordinal,,,23,WEAK,Negative,False
Hemat.Malignancy,binary,Cefepime,ordinal,,,23,WEAK,Negative,False
Hemat.Malignancy,binary,Cefoxitin,ordinal,,,23,WEAK,Negative,False
Hemat.Malignancy,binary,Imipenem,ordinal,,,23,WEAK,Negative,False
Hemat.Malignancy,binary,Levofloxacin,ordinal,,,23,WEAK,Negative,False
Hemat.Malignancy,binary,ESBL.producer,binary,,,23,WEAK,Negative,False
Hemat.Malignancy,binary,AmpC,binary,,,23,WEAK,Negative,False
Hemat.Malignancy,binary,Carbapenemase,binary,,,23,WEAK,Negative,False
Hemat.Malignancy,binary,MRSA,binary,,,23,WEAK,Negative,False
Hemat.Malignancy,binary,VAN,binary,,,23,WEAK,Negative,False
Solid.Organ,binary,INR,binary,,,23,WEAK,Negative,False
Solid.Organ,binary,Aztreonam,ordinal,,,23,WEAK,Negative,False
Solid.Organ,binary,Ciprofloxacin,ordinal,,,23,WEAK,Negative,False
Solid.Organ,binary,Cefepime,ordinal,,,23,WEAK,Negative,False
Solid.Organ,binary,Cefoxitin,ordinal,,,23,WEAK,Negative,False
Solid.Organ,binary,Imipenem,ordinal,,,23,WEAK,Negative,False
Solid.Organ,binary,Levofloxacin,ordinal,,,23,WEAK,Negative,False
Solid.Organ,binary,ESBL.producer,binary,,,23,WEAK,Negative,False
Solid.Organ,binary,AmpC,binary,,,23,WEAK,Negative,False
Solid.Organ,binary,Carbapenemase,binary,,,23,WEAK,Negative,False
Solid.Organ,binary,MRSA,binary,,,23,WEAK,Negative,False
Solid.Organ,binary,VAN,binary,,,23,WEAK,Negative,False
APACHEII,continuous,INR,binary,,,23,WEAK,Negative,False
APACHEII,continuous,Aztreonam,ordinal,,,23,WEAK,Negative,False
APACHEII,continuous,Ciprofloxacin,ordinal,,,23,WEAK,Negative,False
APACHEII,continuous,Cefepime,ordinal,,,23,WEAK,Negative,False
APACHEII,continuous,Cefoxitin,ordinal,,,23,WEAK,Negative,False
APACHEII,continuous,Imipenem,ordinal,,,23,WEAK,Negative,False
APACHEII,continuous,Levofloxacin,ordinal,,,23,WEAK,Negative,False
APACHEII,continuous,ESBL.producer,binary,,,23,WEAK,Negative,False
APACHEII,continuous,AmpC,binary,,,23,WEAK,Negative,False
APACHEII,continuous,Carbapenemase,binary,,,23,WEAK,Negative,False
APACHEII,continuous,MRSA,binary,,,23,WEAK,Negative,False
APACHEII,continuous,VAN,binary,,,23,WEAK,Negative,False
SOFA,continuous,INR,binary,,,23,WEAK,Negative,False
SOFA,continuous,Aztreonam,ordinal,,,23,WEAK,Negative,False
SOFA,continuous,Ciprofloxacin,ordinal,,,23,WEAK,Negative,False
SOFA,continuous,Cefepime,ordinal,,,23,WEAK,Negative,False
SOFA,continuous,Cefoxitin,ordinal,,,23,WEAK,Negative,False
SOFA,continuous,Imipenem,ordinal,,,23,WEAK,Negative,False
SOFA,continuous,Levofloxacin,ordinal,,,23,WEAK,Negative,False
SOFA,continuous,ESBL.producer,binary,,,23,WEAK,Negative,False
SOFA,continuous,AmpC,binary,,,23,WEAK,Negative,False
SOFA,continuous,Carbapenemase,binary,,,23,WEAK,Negative,False
SOFA,continuous,MRSA,binary,,,23,WEAK,Negative,False
SOFA,continuous,VAN,binary,,,23,WEAK,Negative,False
Hb,binary,INR,binary,,,23,WEAK,Negative,False
Hb,binary,Aztreonam,ordinal,,,23,WEAK,Negative,False
Hb,binary,Ciprofloxacin,ordinal,,,23,WEAK,Negative,False
Hb,binary,Cefepime,ordinal,,,23,WEAK,Negative,False
Hb,binary,Cefoxitin,ordinal,,,23,WEAK,Negative,False
Hb,binary,Imipenem,ordinal,,,23,WEAK,Negative,False
Hb,binary,Levofloxacin,ordinal,,,23,WEAK,Negative,False
Hb,binary,ESBL.producer,binary,,,23,WEAK,Negative,False
Hb,binary,AmpC,binary,,,23,WEAK,Negative,False
Hb,binary,Carbapenemase,binary,,,23,WEAK,Negative,False
Hb,binary,MRSA,binary,,,23,WEAK,Negative,False
Hb,binary,VAN,binary,,,23,WEAK,Negative,False
TLC,binary,INR,binary,,,23,WEAK,Negative,False
TLC,binary,Aztreonam,ordinal,,,23,WEAK,Negative,False
TLC,binary,Ciprofloxacin,ordinal,,,23,WEAK,Negative,False
TLC,binary,Cefepime,ordinal,,,23,WEAK,Negative,False
TLC,binary,Cefoxitin,ordinal,,,23,WEAK,Negative,False
TLC,binary,Imipenem,ordinal,,,23,WEAK,Negative,False
TLC,binary,Levofloxacin,ordinal,,,23,WEAK,Negative,False
TLC,binary,ESBL.producer,binary,,,23,WEAK,Negative,False
TLC,binary,AmpC,binary,,,23,WEAK,Negative,False
TLC,binary,Carbapenemase,binary,,,23,WEAK,Negative,False
TLC,binary,MRSA,binary,,,23,WEAK,Negative,False
TLC,binary,VAN,binary,,,23,WEAK,Negative,False
ANC,binary,INR,binary,,,23,WEAK,Negative,False
ANC,binary,Aztreonam,ordinal,,,23,WEAK,Negative,False
ANC,binary,Ciprofloxacin,ordinal,,,23,WEAK,Negative,False
ANC,binary,Cefepime,ordinal,,,23,WEAK,Negative,False
ANC,binary,Cefoxitin,ordinal,,,23,WEAK,Negative,False
ANC,binary,Imipenem,ordinal,,,23,WEAK,Negative,False
ANC,binary,Levofloxacin,ordinal,,,23,WEAK,Negative,False
ANC,binary,ESBL.producer,binary,,,23,WEAK,Negative,False
ANC,binary,AmpC,binary,,,23,WEAK,Negative,False
ANC,binary,Carbapenemase,binary,,,23,WEAK,Negative,False
ANC,binary,MRSA,binary,,,23,WEAK,Negative,False
ANC,binary,VAN,binary,,,23,WEAK,Negative,False
Lympho,binary,INR,binary,,,23,WEAK,Negative,False
Lympho,binary,Aztreonam,ordinal,,,23,WEAK,Negative,False
Lympho,binary,Ciprofloxacin,ordinal,,,23,WEAK,Negative,False
Lympho,binary,Cefepime,ordinal,,,23,WEAK,Negative,False
Lympho,binary,Cefoxitin,ordinal,,,23,WEAK,Negative,False
Lympho,binary,Imipenem,ordinal,,,23,WEAK,Negative,False
Lympho,binary,Levofloxacin,ordinal,,,23,WEAK,Negative,False
Lympho,binary,ESBL.producer,binary,,,23,WEAK,Negative,False
Lympho,binary,AmpC,binary,,,23,WEAK,Negative,False
Lympho,binary,Carbapenemase,binary,,,23,WEAK,Negative,False
Lympho,binary,MRSA,binary,,,23,WEAK,Negative,False
Lympho,binary,VAN,binary,,,23,WEAK,Negative,False
Platelet,binary,INR,binary,,,23,WEAK,Negative,False
Platelet,binary,Aztreonam,ordinal,,,23,WEAK,Negative,False
Platelet,binary,Ciprofloxacin,ordinal,,,23,WEAK,Negative,False
Platelet,binary,Cefepime,ordinal,,,23,WEAK,Negative,False
Platelet,binary,Cefoxitin,ordinal,,,23,WEAK,Negative,False
Platelet,binary,Imipenem,ordinal,,,23,WEAK,Negative,False
Platelet,binary,Levofloxacin,ordinal,,,23,WEAK,Negative,False
Platelet,binary,ESBL.producer,binary,,,23,WEAK,Negative,False
Platelet,binary,AmpC,binary,,,23,WEAK,Negative,False
Platelet,binary,Carbapenemase,binary,,,23,WEAK,Negative,False
Platelet,binary,MRSA,binary,,,23,WEAK,Negative,False
Platelet,binary,VAN,binary,,,23,WEAK,Negative,False
INR,binary,Bil,binary,,,23,WEAK,Negative,False
INR,binary,SGPT,binary,,,23,WEAK,Negative,False
INR,binary,SGOT,binary,,,23,WEAK,Negative,False
INR,binary,Albumin,binary,,,23,WEAK,Negative,False
INR,binary,Total.Protein,binary,,,23,WEAK,Negative,False
INR,binary,Globulin,binary,,,23,WEAK,Negative,False
INR,binary,ALP,binary,,,23,WEAK,Negative,False
INR,binary,Creatinine,binary,,,23,WEAK,Negative,False
INR,binary,Sodium,binary,,,23,WEAK,Negative,False
INR,binary,Potassium,binary,,,23,WEAK,Negative,False
INR,binary,Urea,continuous,,,23,WEAK,Negative,False
INR,binary,Calcium,binary,,,23,WEAK,Negative,False
INR,binary,Magnesium,binary,,,23,WEAK,Negative,False
INR,binary,Procalcitonin,binary,,,23,WEAK,Negative,False
INR,binary,P.C.Z.A.E,binary,,,23,WEAK,Negative,False
INR,binary,P.C.only.E,binary,,,23,WEAK,Negative,False
INR,binary,Z.A.only.E,binary,,,23,WEAK,Negative,False
INR,binary,Neither.Abx.E,binary,,,23,WEAK,Negative,False
INR,binary,P.C.Z.A.T,binary,,,23,WEAK,Negative,False
INR,binary,P.C.only.T,binary,,,23,WEAK,Negative,False
INR,binary,Z.A.only.T,binary,,,23,WEAK,Negative,False
INR,binary,Neither.Abx.T,binary,,,23,WEAK,Negative,False
INR,binary,Amoxicillin.Clavulanic.Acid,ordinal,,,23,WEAK,Negative,False
INR,binary,Amikacin,ordinal,,,23,WEAK,Negative,False
INR,binary,Aztreonam,ordinal,,,23,WEAK,Negative,False
INR,binary,Chloramphenicol,ordinal,,,23,WEAK,Negative,False
INR,binary,Ciprofloxacin,ordinal,,,23,WEAK,Negative,False
INR,binary,Colistin,ordinal,,,23,WEAK,Negative,False
INR,binary,Ceftriaxone,ordinal,,,23,WEAK,Negative,False
INR,binary,Doxycycline,ordinal,,,23,WEAK,Negative,False
INR,binary,Ertapenem,ordinal,,,23,WEAK,Negative,False
INR,binary,Cefepime,ordinal,,,23,WEAK,Negative,False
INR,binary,Fosfomycin,ordinal,,,23,WEAK,Negative,False
INR,binary,Cefoxitin,ordinal,,,23,WEAK,Negative,False
INR,binary,Nitrofurantoin,ordinal,,,23,WEAK,Negative,False
INR,binary,Gentamicin,ordinal,,,23,WEAK,Negative,False
INR,binary,Imipenem,ordinal,,,23,WEAK,Negative,False
INR,binary,Levofloxacin,ordinal,,,23,WEAK,Negative,False
INR,binary,Meropenem,ordinal,,,23,WEAK,Negative,False
INR,binary,Minocycline,ordinal,,,23,WEAK,Negative,False
INR,binary,Cefuroxime,ordinal,,,23,WEAK,Negative,False
INR,binary,Cefoperazone.Sulbactam,ordinal,,,23,WEAK,Negative,False
INR,binary,Trimethoprim.Sulfamethoxazole,ordinal,,,23,WEAK,Negative,False
INR,binary,Cefotaxime,ordinal,,,23,WEAK,Negative,False
INR,binary,Ceftazidime,ordinal,,,23,WEAK,Negative,False
INR,binary,Tigecycline,ordinal,,,23,WEAK,Negative,False
INR,binary,Piperacillin.Tazobactam,ordinal,,,23,WEAK,Negative,False
INR,binary,Ceftazidime.Avibactam,binary,,,23,WEAK,Negative,False
INR,binary,ESBL.producer,binary,,,23,WEAK,Negative,False
INR,binary,AmpC,binary,,,23,WEAK,Negative,False
INR,binary,Carbapenemase,binary,,,23,WEAK,Negative,False
INR,binary,MRSA,binary,,,23,WEAK,Negative,False
INR,binary,VAN,binary,,,23,WEAK,Negative,False
INR,binary,Ceftazidime.Avibactam.T,binary,,,23,WEAK,Negative,False
INR,binary,Ceftazidime.Avibactam.Aztreonam.T,binary,,,23,WEAK,Negative,False
INR,binary,Ceftazidime.Avibactam.Aztreonam.Synergy.T,ordinal,,,23,WEAK,Negative,False
INR,binary,Polymyxin.Colistin.Inclusion.T,binary,,,23,WEAK,Negative,False
INR,binary,Clinical.Improvement,ordinal,,,23,WEAK,Negative,False
INR,binary,ICU.Stay.in.28.Days,continuous,,,23,WEAK,Negative,False
INR,binary,GW.Stay.in.28.Days,continuous,,,23,WEAK,Negative,False
INR,binary,Total.Hospital.stay.in.28.days,continuous,,,23,WEAK,Negative,False
INR,binary,Mortality.in.ICU,binary,,,23,WEAK,Negative,False
INR,binary,Mortality.in.Hospital,binary,,,23,WEAK,Negative,False
INR,binary,Mortality.post.28.Day.Discharge,binary,,,23,WEAK,Negative,False
INR,binary,Overall.Mortality,binary,,,23,WEAK,Negative,False
INR,binary,Relapse.post.28.Day.Discharge,binary,,,23,WEAK,Negative,False
INR,binary,Other.Illness.Leading.to.Hospitalization.post.28.Days.Discharge,binary,,,23,WEAK,Negative,False
Bil,binary,Aztreonam,ordinal,,,23,WEAK,Negative,False
Bil,binary,Ciprofloxacin,ordinal,,,23,WEAK,Negative,False
Bil,binary,Cefepime,ordinal,,,23,WEAK,Negative,False
Bil,binary,Cefoxitin,ordinal,,,23,WEAK,Negative,False
Bil,binary,Imipenem,ordinal,,,23,WEAK,Negative,False
Bil,binary,Levofloxacin,ordinal,,,23,WEAK,Negative,False
Bil,binary,ESBL.producer,binary,,,23,WEAK,Negative,False
Bil,binary,AmpC,binary,,,23,WEAK,Negative,False
Bil,binary,Carbapenemase,binary,,,23,WEAK,Negative,False
Bil,binary,MRSA,binary,,,23,WEAK,Negative,False
Bil,binary,VAN,binary,,,23,WEAK,Negative,False
SGPT,binary,Aztreonam,ordinal,,,23,WEAK,Negative,False
SGPT,binary,Ciprofloxacin,ordinal,,,23,WEAK,Negative,False
SGPT,binary,Cefepime,ordinal,,,23,WEAK,Negative,False
SGPT,binary,Cefoxitin,ordinal,,,23,WEAK,Negative,False
SGPT,binary,Imipenem,ordinal,,,23,WEAK,Negative,False
SGPT,binary,Levofloxacin,ordinal,,,23,WEAK,Negative,False
SGPT,binary,ESBL.producer,binary,,,23,WEAK,Negative,False
SGPT,binary,AmpC,binary,,,23,WEAK,Negative,False
SGPT,binary,Carbapenemase,binary,,,23,WEAK,Negative,False
SGPT,binary,MRSA,binary,,,23,WEAK,Negative,False
SGPT,binary,VAN,binary,,,23,WEAK,Negative,False
SGOT,binary,Aztreonam,ordinal,,,23,WEAK,Negative,False
SGOT,binary,Ciprofloxacin,ordinal,,,23,WEAK,Negative,False
SGOT,binary,Cefepime,ordinal,,,23,WEAK,Negative,False
SGOT,binary,Cefoxitin,ordinal,,,23,WEAK,Negative,False
SGOT,binary,Imipenem,ordinal,,,23,WEAK,Negative,False
SGOT,binary,Levofloxacin,ordinal,,,23,WEAK,Negative,False
SGOT,binary,ESBL.producer,binary,,,23,WEAK,Negative,False
SGOT,binary,AmpC,binary,,,23,WEAK,Negative,False
SGOT,binary,Carbapenemase,binary,,,23,WEAK,Negative,False
SGOT,binary,MRSA,binary,,,23,WEAK,Negative,False
SGOT,binary,VAN,binary,,,23,WEAK,Negative,False
Albumin,binary,Aztreonam,ordinal,,,23,WEAK,Negative,False
Albumin,binary,Ciprofloxacin,ordinal,,,23,WEAK,Negative,False
Albumin,binary,Cefepime,ordinal,,,23,WEAK,Negative,False
Albumin,binary,Cefoxitin,ordinal,,,23,WEAK,Negative,False
Albumin,binary,Imipenem,ordinal,,,23,WEAK,Negative,False
Albumin,binary,Levofloxacin,ordinal,,,23,WEAK,Negative,False
Albumin,binary,ESBL.producer,binary,,,23,WEAK,Negative,False
Albumin,binary,AmpC,binary,,,23,WEAK,Negative,False
Albumin,binary,Carbapenemase,binary,,,23,WEAK,Negative,False
Albumin,binary,MRSA,binary,,,23,WEAK,Negative,False
Albumin,binary,VAN,binary,,,23,WEAK,Negative,False
Total.Protein,binary,Aztreonam,ordinal,,,23,WEAK,Negative,False
Total.Protein,binary,Ciprofloxacin,ordinal,,,23,WEAK,Negative,False
Total.Protein,binary,Cefepime,ordinal,,,23,WEAK,Negative,False
Total.Protein,binary,Cefoxitin,ordinal,,,23,WEAK,Negative,False
Total.Protein,binary,Imipenem,ordinal,,,23,WEAK,Negative,False
Total.Protein,binary,Levofloxacin,ordinal,,,23,WEAK,Negative,False
Total.Protein,binary,ESBL.producer,binary,,,23,WEAK,Negative,False
Total.Protein,binary,AmpC,binary,,,23,WEAK,Negative,False
Total.Protein,binary,Carbapenemase,binary,,,23,WEAK,Negative,False
Total.Protein,binary,MRSA,binary,,,23,WEAK,Negative,False
Total.Protein,binary,VAN,binary,,,23,WEAK,Negative,False
Globulin,binary,Aztreonam,ordinal,,,23,WEAK,Negative,False
Globulin,binary,Ciprofloxacin,ordinal,,,23,WEAK,Negative,False
Globulin,binary,Cefepime,ordinal,,,23,WEAK,Negative,False
Globulin,binary,Cefoxitin,ordinal,,,23,WEAK,Negative,False
Globulin,binary,Imipenem,ordinal,,,23,WEAK,Negative,False
Globulin,binary,Levofloxacin,ordinal,,,23,WEAK,Negative,False
Globulin,binary,ESBL.producer,binary,,,23,WEAK,Negative,False
Globulin,binary,AmpC,binary,,,23,WEAK,Negative,False
Globulin,binary,Carbapenemase,binary,,,23,WEAK,Negative,False
Globulin,binary,MRSA,binary,,,23,WEAK,Negative,False
Globulin,binary,VAN,binary,,,23,WEAK,Negative,False
ALP,binary,Aztreonam,ordinal,,,23,WEAK,Negative,False
ALP,binary,Ciprofloxacin,ordinal,,,23,WEAK,Negative,False
ALP,binary,Cefepime,ordinal,,,23,WEAK,Negative,False
ALP,binary,Cefoxitin,ordinal,,,23,WEAK,Negative,False
ALP,binary,Imipenem,ordinal,,,23,WEAK,Negative,False
ALP,binary,Levofloxacin,ordinal,,,23,WEAK,Negative,False
ALP,binary,ESBL.producer,binary,,,23,WEAK,Negative,False
ALP,binary,AmpC,binary,,,23,WEAK,Negative,False
ALP,binary,Carbapenemase,binary,,,23,WEAK,Negative,False
ALP,binary,MRSA,binary,,,23,WEAK,Negative,False
ALP,binary,VAN,binary,,,23,WEAK,Negative,False
Creatinine,binary,Aztreonam,ordinal,,,23,WEAK,Negative,False
Creatinine,binary,Ciprofloxacin,ordinal,,,23,WEAK,Negative,False
Creatinine,binary,Cefepime,ordinal,,,23,WEAK,Negative,False
Creatinine,binary,Cefoxitin,ordinal,,,23,WEAK,Negative,False
Creatinine,binary,Imipenem,ordinal,,,23,WEAK,Negative,False
Creatinine,binary,Levofloxacin,ordinal,,,23,WEAK,Negative,False
Creatinine,binary,ESBL.producer,binary,,,23,WEAK,Negative,False
Creatinine,binary,AmpC,binary,,,23,WEAK,Negative,False
Creatinine,binary,Carbapenemase,binary,,,23,WEAK,Negative,False
Creatinine,binary,MRSA,binary,,,23,WEAK,Negative,False
Creatinine,binary,VAN,binary,,,23,WEAK,Negative,False
Sodium,binary,Aztreonam,ordinal,,,23,WEAK,Negative,False
Sodium,binary,Ciprofloxacin,ordinal,,,23,WEAK,Negative,False
Sodium,binary,Cefepime,ordinal,,,23,WEAK,Negative,False
Sodium,binary,Cefoxitin,ordinal,,,23,WEAK,Negative,False
Sodium,binary,Imipenem,ordinal,,,23,WEAK,Negative,False
Sodium,binary,Levofloxacin,ordinal,,,23,WEAK,Negative,False
Sodium,binary,ESBL.producer,binary,,,23,WEAK,Negative,False
Sodium,binary,AmpC,binary,,,23,WEAK,Negative,False
Sodium,binary,Carbapenemase,binary,,,23,WEAK,Negative,False
Sodium,binary,MRSA,binary,,,23,WEAK,Negative,False
Sodium,binary,VAN,binary,,,23,WEAK,Negative,False
Potassium,binary,Aztreonam,ordinal,,,23,WEAK,Negative,False
Potassium,binary,Ciprofloxacin,ordinal,,,23,WEAK,Negative,False
Potassium,binary,Cefepime,ordinal,,,23,WEAK,Negative,False
Potassium,binary,Cefoxitin,ordinal,,,23,WEAK,Negative,False
Potassium,binary,Imipenem,ordinal,,,23,WEAK,Negative,False
Potassium,binary,Levofloxacin,ordinal,,,23,WEAK,Negative,False
Potassium,binary,ESBL.producer,binary,,,23,WEAK,Negative,False
Potassium,binary,AmpC,binary,,,23,WEAK,Negative,False
Potassium,binary,Carbapenemase,binary,,,23,WEAK,Negative,False
Potassium,binary,MRSA,binary,,,23,WEAK,Negative,False
Potassium,binary,VAN,binary,,,23,WEAK,Negative,False
Urea,continuous,Aztreonam,ordinal,,,23,WEAK,Negative,False
Urea,continuous,Ciprofloxacin,ordinal,,,23,WEAK,Negative,False
Urea,continuous,Cefepime,ordinal,,,23,WEAK,Negative,False
Urea,continuous,Cefoxitin,ordinal,,,23,WEAK,Negative,False
Urea,continuous,Imipenem,ordinal,,,23,WEAK,Negative,False
Urea,continuous,Levofloxacin,ordinal,,,23,WEAK,Negative,False
Urea,continuous,ESBL.producer,binary,,,23,WEAK,Negative,False
Urea,continuous,AmpC,binary,,,23,WEAK,Negative,False
Urea,continuous,Carbapenemase,binary,,,23,WEAK,Negative,False
Urea,continuous,MRSA,binary,,,23,WEAK,Negative,False
Urea,continuous,VAN,binary,,,23,WEAK,Negative,False
Calcium,binary,Aztreonam,ordinal,,,23,WEAK,Negative,False
Calcium,binary,Ciprofloxacin,ordinal,,,23,WEAK,Negative,False
Calcium,binary,Cefepime,ordinal,,,23,WEAK,Negative,False
Calcium,binary,Cefoxitin,ordinal,,,23,WEAK,Negative,False
Calcium,binary,Imipenem,ordinal,,,23,WEAK,Negative,False
Calcium,binary,Levofloxacin,ordinal,,,23,WEAK,Negative,False
Calcium,binary,ESBL.producer,binary,,,23,WEAK,Negative,False
Calcium,binary,AmpC,binary,,,23,WEAK,Negative,False
Calcium,binary,Carbapenemase,binary,,,23,WEAK,Negative,False
Calcium,binary,MRSA,binary,,,23,WEAK,Negative,False
Calcium,binary,VAN,binary,,,23,WEAK,Negative,False
Magnesium,binary,Aztreonam,ordinal,,,23,WEAK,Negative,False
Magnesium,binary,Ciprofloxacin,ordinal,,,23,WEAK,Negative,False
Magnesium,binary,Cefepime,ordinal,,,23,WEAK,Negative,False
Magnesium,binary,Cefoxitin,ordinal,,,23,WEAK,Negative,False
Magnesium,binary,Imipenem,ordinal,,,23,WEAK,Negative,False
Magnesium,binary,Levofloxacin,ordinal,,,23,WEAK,Negative,False
Magnesium,binary,ESBL.producer,binary,,,23,WEAK,Negative,False
Magnesium,binary,AmpC,binary,,,23,WEAK,Negative,False
Magnesium,binary,Carbapenemase,binary,,,23,WEAK,Negative,False
Magnesium,binary,MRSA,binary,,,23,WEAK,Negative,False
Magnesium,binary,VAN,binary,,,23,WEAK,Negative,False
Procalcitonin,binary,Aztreonam,ordinal,,,23,WEAK,Negative,False
Procalcitonin,binary,Ciprofloxacin,ordinal,,,23,WEAK,Negative,False
Procalcitonin,binary,Cefepime,ordinal,,,23,WEAK,Negative,False
Procalcitonin,binary,Cefoxitin,ordinal,,,23,WEAK,Negative,False
Procalcitonin,binary,Imipenem,ordinal,,,23,WEAK,Negative,False
Procalcitonin,binary,Levofloxacin,ordinal,,,23,WEAK,Negative,False
Procalcitonin,binary,ESBL.producer,binary,,,23,WEAK,Negative,False
Procalcitonin,binary,AmpC,binary,,,23,WEAK,Negative,False
Procalcitonin,binary,Carbapenemase,binary,,,23,WEAK,Negative,False
Procalcitonin,binary,MRSA,binary,,,23,WEAK,Negative,False
Procalcitonin,binary,VAN,binary,,,23,WEAK,Negative,False
P.C.Z.A.E,binary,Aztreonam,ordinal,,,23,WEAK,Negative,False
P.C.Z.A.E,binary,Ciprofloxacin,ordinal,,,23,WEAK,Negative,False
P.C.Z.A.E,binary,Cefepime,ordinal,,,23,WEAK,Negative,False
P.C.Z.A.E,binary,Cefoxitin,ordinal,,,23,WEAK,Negative,False
P.C.Z.A.E,binary,Imipenem,ordinal,,,23,WEAK,Negative,False
P.C.Z.A.E,binary,Levofloxacin,ordinal,,,23,WEAK,Negative,False
P.C.Z.A.E,binary,ESBL.producer,binary,,,23,WEAK,Negative,False
P.C.Z.A.E,binary,AmpC,binary,,,23,WEAK,Negative,False
P.C.Z.A.E,binary,Carbapenemase,binary,,,23,WEAK,Negative,False
P.C.Z.A.E,binary,MRSA,binary,,,23,WEAK,Negative,False
P.C.Z.A.E,binary,VAN,binary,,,23,WEAK,Negative,False
P.C.only.E,binary,Aztreonam,ordinal,,,23,WEAK,Negative,False
P.C.only.E,binary,Ciprofloxacin,ordinal,,,23,WEAK,Negative,False
P.C.only.E,binary,Cefepime,ordinal,,,23,WEAK,Negative,False
P.C.only.E,binary,Cefoxitin,ordinal,,,23,WEAK,Negative,False
P.C.only.E,binary,Imipenem,ordinal,,,23,WEAK,Negative,False
P.C.only.E,binary,Levofloxacin,ordinal,,,23,WEAK,Negative,False
P.C.only.E,binary,ESBL.producer,binary,,,23,WEAK,Negative,False
P.C.only.E,binary,AmpC,binary,,,23,WEAK,Negative,False
P.C.only.E,binary,Carbapenemase,binary,,,23,WEAK,Negative,False
P.C.only.E,binary,MRSA,binary,,,23,WEAK,Negative,False
P.C.only.E,binary,VAN,binary,,,23,WEAK,Negative,False
Z.A.only.E,binary,Aztreonam,ordinal,,,23,WEAK,Negative,False
Z.A.only.E,binary,Ciprofloxacin,ordinal,,,23,WEAK,Negative,False
Z.A.only.E,binary,Cefepime,ordinal,,,23,WEAK,Negative,False
Z.A.only.E,binary,Cefoxitin,ordinal,,,23,WEAK,Negative,False
Z.A.only.E,binary,Imipenem,ordinal,,,23,WEAK,Negative,False
Z.A.only.E,binary,Levofloxacin,ordinal,,,23,WEAK,Negative,False
Z.A.only.E,binary,ESBL.producer,binary,,,23,WEAK,Negative,False
Z.A.only.E,binary,AmpC,binary,,,23,WEAK,Negative,False
Z.A.only.E,binary,Carbapenemase,binary,,,23,WEAK,Negative,False
Z.A.only.E,binary,MRSA,binary,,,23,WEAK,Negative,False
Z.A.only.E,binary,VAN,binary,,,23,WEAK,Negative,False
Neither.Abx.E,binary,Aztreonam,ordinal,,,23,WEAK,Negative,False
Neither.Abx.E,binary,Ciprofloxacin,ordinal,,,23,WEAK,Negative,False
Neither.Abx.E,binary,Cefepime,ordinal,,,23,WEAK,Negative,False
Neither.Abx.E,binary,Cefoxitin,ordinal,,,23,WEAK,Negative,False
Neither.Abx.E,binary,Imipenem,ordinal,,,23,WEAK,Negative,False
Neither.Abx.E,binary,Levofloxacin,ordinal,,,23,WEAK,Negative,False
Neither.Abx.E,binary,ESBL.producer,binary,,,23,WEAK,Negative,False
Neither.Abx.E,binary,AmpC,binary,,,23,WEAK,Negative,False
Neither.Abx.E,binary,Carbapenemase,binary,,,23,WEAK,Negative,False
Neither.Abx.E,binary,MRSA,binary,,,23,WEAK,Negative,False
Neither.Abx.E,binary,VAN,binary,,,23,WEAK,Negative,False
P.C.Z.A.T,binary,Aztreonam,ordinal,,,23,WEAK,Negative,False
P.C.Z.A.T,binary,Ciprofloxacin,ordinal,,,23,WEAK,Negative,False
P.C.Z.A.T,binary,Cefepime,ordinal,,,23,WEAK,Negative,False
P.C.Z.A.T,binary,Cefoxitin,ordinal,,,23,WEAK,Negative,False
P.C.Z.A.T,binary,Imipenem,ordinal,,,23,WEAK,Negative,False
P.C.Z.A.T,binary,Levofloxacin,ordinal,,,23,WEAK,Negative,False
P.C.Z.A.T,binary,ESBL.producer,binary,,,23,WEAK,Negative,False
P.C.Z.A.T,binary,AmpC,binary,,,23,WEAK,Negative,False
P.C.Z.A.T,binary,Carbapenemase,binary,,,23,WEAK,Negative,False
P.C.Z.A.T,binary,MRSA,binary,,,23,WEAK,Negative,False
P.C.Z.A.T,binary,VAN,binary,,,23,WEAK,Negative,False
P.C.only.T,binary,Aztreonam,ordinal,,,23,WEAK,Negative,False
P.C.only.T,binary,Ciprofloxacin,ordinal,,,23,WEAK,Negative,False
P.C.only.T,binary,Cefepime,ordinal,,,23,WEAK,Negative,False
P.C.only.T,binary,Cefoxitin,ordinal,,,23,WEAK,Negative,False
P.C.only.T,binary,Imipenem,ordinal,,,23,WEAK,Negative,False
P.C.only.T,binary,Levofloxacin,ordinal,,,23,WEAK,Negative,False
P.C.only.T,binary,ESBL.producer,binary,,,23,WEAK,Negative,False
P.C.only.T,binary,AmpC,binary,,,23,WEAK,Negative,False
P.C.only.T,binary,Carbapenemase,binary,,,23,WEAK,Negative,False
P.C.only.T,binary,MRSA,binary,,,23,WEAK,Negative,False
P.C.only.T,binary,VAN,binary,,,23,WEAK,Negative,False
Z.A.only.T,binary,Aztreonam,ordinal,,,23,WEAK,Negative,False
Z.A.only.T,binary,Ciprofloxacin,ordinal,,,23,WEAK,Negative,False
Z.A.only.T,binary,Cefepime,ordinal,,,23,WEAK,Negative,False
Z.A.only.T,binary,Cefoxitin,ordinal,,,23,WEAK,Negative,False
Z.A.only.T,binary,Imipenem,ordinal,,,23,WEAK,Negative,False
Z.A.only.T,binary,Levofloxacin,ordinal,,,23,WEAK,Negative,False
Z.A.only.T,binary,ESBL.producer,binary,,,23,WEAK,Negative,False
Z.A.only.T,binary,AmpC,binary,,,23,WEAK,Negative,False
Z.A.only.T,binary,Carbapenemase,binary,,,23,WEAK,Negative,False
Z.A.only.T,binary,MRSA,binary,,,23,WEAK,Negative,False
Z.A.only.T,binary,VAN,binary,,,23,WEAK,Negative,False
Neither.Abx.T,binary,Aztreonam,ordinal,,,23,WEAK,Negative,False
Neither.Abx.T,binary,Ciprofloxacin,ordinal,,,23,WEAK,Negative,False
Neither.Abx.T,binary,Cefepime,ordinal,,,23,WEAK,Negative,False
Neither.Abx.T,binary,Cefoxitin,ordinal,,,23,WEAK,Negative,False
Neither.Abx.T,binary,Imipenem,ordinal,,,23,WEAK,Negative,False
Neither.Abx.T,binary,Levofloxacin,ordinal,,,23,WEAK,Negative,False
Neither.Abx.T,binary,ESBL.producer,binary,,,23,WEAK,Negative,False
Neither.Abx.T,binary,AmpC,binary,,,23,WEAK,Negative,False
Neither.Abx.T,binary,Carbapenemase,binary,,,23,WEAK,Negative,False
Neither.Abx.T,binary,MRSA,binary,,,23,WEAK,Negative,False
Neither.Abx.T,binary,VAN,binary,,,23,WEAK,Negative,False
Amoxicillin.Clavulanic.Acid,ordinal,Aztreonam,ordinal,,,23,WEAK,Negative,False
Amoxicillin.Clavulanic.Acid,ordinal,Ciprofloxacin,ordinal,,,23,WEAK,Negative,False
Amoxicillin.Clavulanic.Acid,ordinal,Cefepime,ordinal,,,23,WEAK,Negative,False
Amoxicillin.Clavulanic.Acid,ordinal,Cefoxitin,ordinal,,,23,WEAK,Negative,False
Amoxicillin.Clavulanic.Acid,ordinal,Imipenem,ordinal,,,23,WEAK,Negative,False
Amoxicillin.Clavulanic.Acid,ordinal,Levofloxacin,ordinal,,,23,WEAK,Negative,False
Amoxicillin.Clavulanic.Acid,ordinal,ESBL.producer,binary,,,23,WEAK,Negative,False
Amoxicillin.Clavulanic.Acid,ordinal,AmpC,binary,,,23,WEAK,Negative,False
Amoxicillin.Clavulanic.Acid,ordinal,Carbapenemase,binary,,,23,WEAK,Negative,False
Amoxicillin.Clavulanic.Acid,ordinal,MRSA,binary,,,23,WEAK,Negative,False
Amoxicillin.Clavulanic.Acid,ordinal,VAN,binary,,,23,WEAK,Negative,False
Amikacin,ordinal,Aztreonam,ordinal,,,23,WEAK,Negative,False
Amikacin,ordinal,Ciprofloxacin,ordinal,,,23,WEAK,Negative,False
Amikacin,ordinal,Cefepime,ordinal,,,23,WEAK,Negative,False
Amikacin,ordinal,Cefoxitin,ordinal,,,23,WEAK,Negative,False
Amikacin,ordinal,Imipenem,ordinal,,,23,WEAK,Negative,False
Amikacin,ordinal,Levofloxacin,ordinal,,,23,WEAK,Negative,False
Amikacin,ordinal,ESBL.producer,binary,,,23,WEAK,Negative,False
Amikacin,ordinal,AmpC,binary,,,23,WEAK,Negative,False
Amikacin,ordinal,Carbapenemase,binary,,,23,WEAK,Negative,False
Amikacin,ordinal,MRSA,binary,,,23,WEAK,Negative,False
Amikacin,ordinal,VAN,binary,,,23,WEAK,Negative,False
Aztreonam,ordinal,Chloramphenicol,ordinal,,,23,WEAK,Negative,False
Aztreonam,ordinal,Ciprofloxacin,ordinal,,,23,WEAK,Negative,False
Aztreonam,ordinal,Colistin,ordinal,,,23,WEAK,Negative,False
Aztreonam,ordinal,Ceftriaxone,ordinal,,,23,WEAK,Negative,False
Aztreonam,ordinal,Doxycycline,ordinal,,,23,WEAK,Negative,False
Aztreonam,ordinal,Ertapenem,ordinal,,,23,WEAK,Negative,False
Aztreonam,ordinal,Cefepime,ordinal,,,23,WEAK,Negative,False
Aztreonam,ordinal,Fosfomycin,ordinal,,,23,WEAK,Negative,False
Aztreonam,ordinal,Cefoxitin,ordinal,,,23,WEAK,Negative,False
Aztreonam,ordinal,Nitrofurantoin,ordinal,,,23,WEAK,Negative,False
Aztreonam,ordinal,Gentamicin,ordinal,,,23,WEAK,Negative,False
Aztreonam,ordinal,Imipenem,ordinal,,,23,WEAK,Negative,False
Aztreonam,ordinal,Levofloxacin,ordinal,,,23,WEAK,Negative,False
Aztreonam,ordinal,Meropenem,ordinal,,,23,WEAK,Negative,False
Aztreonam,ordinal,Minocycline,ordinal,,,23,WEAK,Negative,False
Aztreonam,ordinal,Cefuroxime,ordinal,,,23,WEAK,Negative,False
Aztreonam,ordinal,Cefoperazone.Sulbactam,ordinal,,,23,WEAK,Negative,False
Aztreonam,ordinal,Trimethoprim.Sulfamethoxazole,ordinal,,,23,WEAK,Negative,False
Aztreonam,ordinal,Cefotaxime,ordinal,,,23,WEAK,Negative,False
Aztreonam,ordinal,Ceftazidime,ordinal,,,23,WEAK,Negative,False
Aztreonam,ordinal,Tigecycline,ordinal,,,23,WEAK,Negative,False
Aztreonam,ordinal,Piperacillin.Tazobactam,ordinal,,,23,WEAK,Negative,False
Aztreonam,ordinal,Ceftazidime.Avibactam,binary,,,23,WEAK,Negative,False
Aztreonam,ordinal,ESBL.producer,binary,,,23,WEAK,Negative,False
Aztreonam,ordinal,AmpC,binary,,,23,WEAK,Negative,False
Aztreonam,ordinal,Carbapenemase,binary,,,23,WEAK,Negative,False
Aztreonam,ordinal,MRSA,binary,,,23,WEAK,Negative,False
Aztreonam,ordinal,VAN,binary,,,23,WEAK,Negative,False
Aztreonam,ordinal,Ceftazidime.Avibactam.T,binary,,,23,WEAK,Negative,False
Aztreonam,ordinal,Ceftazidime.Avibactam.Aztreonam.T,binary,,,23,WEAK,Negative,False
Aztreonam,ordinal,Ceftazidime.Avibactam.Aztreonam.Synergy.T,ordinal,,,23,WEAK,Negative,False
Aztreonam,ordinal,Polymyxin.Colistin.Inclusion.T,binary,,,23,WEAK,Negative,False
Aztreonam,ordinal,Clinical.Improvement,ordinal,,,23,WEAK,Negative,False
Aztreonam,ordinal,ICU.Stay.in.28.Days,continuous,,,23,WEAK,Negative,False
Aztreonam,ordinal,GW.Stay.in.28.Days,continuous,,,23,WEAK,Negative,False
Aztreonam,ordinal,Total.Hospital.stay.in.28.days,continuous,,,23,WEAK,Negative,False
Aztreonam,ordinal,Mortality.in.ICU,binary,,,23,WEAK,Negative,False
Aztreonam,ordinal,Mortality.in.Hospital,binary,,,23,WEAK,Negative,False
Aztreonam,ordinal,Mortality.post.28.Day.Discharge,binary,,,23,WEAK,Negative,False
Aztreonam,ordinal,Overall.Mortality,binary,,,23,WEAK,Negative,False
Aztreonam,ordinal,Relapse.post.28.Day.Discharge,binary,,,23,WEAK,Negative,False
Aztreonam,ordinal,Other.Illness.Leading.to.Hospitalization.post.28.Days.Discharge,binary,,,23,WEAK,Negative,False
Chloramphenicol,ordinal,Ciprofloxacin,ordinal,,,23,WEAK,Negative,False
Chloramphenicol,ordinal,Cefepime,ordinal,,,23,WEAK,Negative,False
Chloramphenicol,ordinal,Cefoxitin,ordinal,,,23,WEAK,Negative,False
Chloramphenicol,ordinal,Imipenem,ordinal,,,23,WEAK,Negative,False
Chloramphenicol,ordinal,Levofloxacin,ordinal,,,23,WEAK,Negative,False
Chloramphenicol,ordinal,ESBL.producer,binary,,,23,WEAK,Negative,False
Chloramphenicol,ordinal,AmpC,binary,,,23,WEAK,Negative,False
Chloramphenicol,ordinal,Carbapenemase,binary,,,23,WEAK,Negative,False
Chloramphenicol,ordinal,MRSA,binary,,,23,WEAK,Negative,False
Chloramphenicol,ordinal,VAN,binary,,,23,WEAK,Negative,False
Ciprofloxacin,ordinal,Colistin,ordinal,,,23,WEAK,Negative,False
Ciprofloxacin,ordinal,Ceftriaxone,ordinal,,,23,WEAK,Negative,False
Ciprofloxacin,ordinal,Doxycycline,ordinal,,,23,WEAK,Negative,False
Ciprofloxacin,ordinal,Ertapenem,ordinal,,,23,WEAK,Negative,False
Ciprofloxacin,ordinal,Cefepime,ordinal,,,23,WEAK,Negative,False
Ciprofloxacin,ordinal,Fosfomycin,ordinal,,,23,WEAK,Negative,False
Ciprofloxacin,ordinal,Cefoxitin,ordinal,,,23,WEAK,Negative,False
Ciprofloxacin,ordinal,Nitrofurantoin,ordinal,,,23,WEAK,Negative,False
Ciprofloxacin,ordinal,Gentamicin,ordinal,,,23,WEAK,Negative,False
Ciprofloxacin,ordinal,Imipenem,ordinal,,,23,WEAK,Negative,False
Ciprofloxacin,ordinal,Levofloxacin,ordinal,,,23,WEAK,Negative,False
Ciprofloxacin,ordinal,Meropenem,ordinal,,,23,WEAK,Negative,False
Ciprofloxacin,ordinal,Minocycline,ordinal,,,23,WEAK,Negative,False
Ciprofloxacin,ordinal,Cefuroxime,ordinal,,,23,WEAK,Negative,False
Ciprofloxacin,ordinal,Cefoperazone.Sulbactam,ordinal,,,23,WEAK,Negative,False
Ciprofloxacin,ordinal,Trimethoprim.Sulfamethoxazole,ordinal,,,23,WEAK,Negative,False
Ciprofloxacin,ordinal,Cefotaxime,ordinal,,,23,WEAK,Negative,False
Ciprofloxacin,ordinal,Ceftazidime,ordinal,,,23,WEAK,Negative,False
Ciprofloxacin,ordinal,Tigecycline,ordinal,,,23,WEAK,Negative,False
Ciprofloxacin,ordinal,Piperacillin.Tazobactam,ordinal,,,23,WEAK,Negative,False
Ciprofloxacin,ordinal,Ceftazidime.Avibactam,binary,,,23,WEAK,Negative,False
Ciprofloxacin,ordinal,ESBL.producer,binary,,,23,WEAK,Negative,False
Ciprofloxacin,ordinal,AmpC,binary,,,23,WEAK,Negative,False
Ciprofloxacin,ordinal,Carbapenemase,binary,,,23,WEAK,Negative,False
Ciprofloxacin,ordinal,MRSA,binary,,,23,WEAK,Negative,False
Ciprofloxacin,ordinal,VAN,binary,,,23,WEAK,Negative,False
Ciprofloxacin,ordinal,Ceftazidime.Avibactam.T,binary,,,23,WEAK,Negative,False
Ciprofloxacin,ordinal,Ceftazidime.Avibactam.Aztreonam.T,binary,,,23,WEAK,Negative,False
Ciprofloxacin,ordinal,Ceftazidime.Avibactam.Aztreonam.Synergy.T,ordinal,,,23,WEAK,Negative,False
Ciprofloxacin,ordinal,Polymyxin.Colistin.Inclusion.T,binary,,,23,WEAK,Negative,False
Ciprofloxacin,ordinal,Clinical.Improvement,ordinal,,,23,WEAK,Negative,False
Ciprofloxacin,ordinal,ICU.Stay.in.28.Days,continuous,,,23,WEAK,Negative,False
Ciprofloxacin,ordinal,GW.Stay.in.28.Days,continuous,,,23,WEAK,Negative,False
Ciprofloxacin,ordinal,Total.Hospital.stay.in.28.days,continuous,,,23,WEAK,Negative,False
Ciprofloxacin,ordinal,Mortality.in.ICU,binary,,,23,WEAK,Negative,False
Ciprofloxacin,ordinal,Mortality.in.Hospital,binary,,,23,WEAK,Negative,False
Ciprofloxacin,ordinal,Mortality.post.28.Day.Discharge,binary,,,23,WEAK,Negative,False
Ciprofloxacin,ordinal,Overall.Mortality,binary,,,23,WEAK,Negative,False
Ciprofloxacin,ordinal,Relapse.post.28.Day.Discharge,binary,,,23,WEAK,Negative,False
Ciprofloxacin,ordinal,Other.Illness.Leading.to.Hospitalization.post.28.Days.Discharge,binary,,,23,WEAK,Negative,False
Colistin,ordinal,Cefepime,ordinal,,,23,WEAK,Negative,False
Colistin,ordinal,Cefoxitin,ordinal,,,23,WEAK,Negative,False
Colistin,ordinal,Imipenem,ordinal,,,23,WEAK,Negative,False
Colistin,ordinal,Levofloxacin,ordinal,,,23,WEAK,Negative,False
Colistin,ordinal,ESBL.producer,binary,,,23,WEAK,Negative,False
Colistin,ordinal,AmpC,binary,,,23,WEAK,Negative,False
Colistin,ordinal,Carbapenemase,binary,,,23,WEAK,Negative,False
Colistin,ordinal,MRSA,binary,,,23,WEAK,Negative,False
Colistin,ordinal,VAN,binary,,,23,WEAK,Negative,False
Ceftriaxone,ordinal,Cefepime,ordinal,,,23,WEAK,Negative,False
Ceftriaxone,ordinal,Cefoxitin,ordinal,,,23,WEAK,Negative,False
Ceftriaxone,ordinal,Imipenem,ordinal,,,23,WEAK,Negative,False
Ceftriaxone,ordinal,Levofloxacin,ordinal,,,23,WEAK,Negative,False
Ceftriaxone,ordinal,ESBL.producer,binary,,,23,WEAK,Negative,False
Ceftriaxone,ordinal,AmpC,binary,,,23,WEAK,Negative,False
Ceftriaxone,ordinal,Carbapenemase,binary,,,23,WEAK,Negative,False
Ceftriaxone,ordinal,MRSA,binary,,,23,WEAK,Negative,False
Ceftriaxone,ordinal,VAN,binary,,,23,WEAK,Negative,False
Doxycycline,ordinal,Cefepime,ordinal,,,23,WEAK,Negative,False
Doxycycline,ordinal,Cefoxitin,ordinal,,,23,WEAK,Negative,False
Doxycycline,ordinal,Imipenem,ordinal,,,23,WEAK,Negative,False
Doxycycline,ordinal,Levofloxacin,ordinal,,,23,WEAK,Negative,False
Doxycycline,ordinal,ESBL.producer,binary,,,23,WEAK,Negative,False
Doxycycline,ordinal,AmpC,binary,,,23,WEAK,Negative,False
Doxycycline,ordinal,Carbapenemase,binary,,,23,WEAK,Negative,False
Doxycycline,ordinal,MRSA,binary,,,23,WEAK,Negative,False
Doxycycline,ordinal,VAN,binary,,,23,WEAK,Negative,False
Ertapenem,ordinal,Cefepime,ordinal,,,23,WEAK,Negative,False
Ertapenem,ordinal,Cefoxitin,ordinal,,,23,WEAK,Negative,False
Ertapenem,ordinal,Imipenem,ordinal,,,23,WEAK,Negative,False
Ertapenem,ordinal,Levofloxacin,ordinal,,,23,WEAK,Negative,False
Ertapenem,ordinal,ESBL.producer,binary,,,23,WEAK,Negative,False
Ertapenem,ordinal,AmpC,binary,,,23,WEAK,Negative,False
Ertapenem,ordinal,Carbapenemase,binary,,,23,WEAK,Negative,False
Ertapenem,ordinal,MRSA,binary,,,23,WEAK,Negative,False
Ertapenem,ordinal,VAN,binary,,,23,WEAK,Negative,False
Cefepime,ordinal,Fosfomycin,ordinal,,,23,WEAK,Negative,False
Cefepime,ordinal,Cefoxitin,ordinal,,,23,WEAK,Negative,False
Cefepime,ordinal,Nitrofurantoin,ordinal,,,23,WEAK,Negative,False
Cefepime,ordinal,Gentamicin,ordinal,,,23,WEAK,Negative,False
Cefepime,ordinal,Imipenem,ordinal,,,23,WEAK,Negative,False
Cefepime,ordinal,Levofloxacin,ordinal,,,23,WEAK,Negative,False
Cefepime,ordinal,Meropenem,ordinal,,,23,WEAK,Negative,False
Cefepime,ordinal,Minocycline,ordinal,,,23,WEAK,Negative,False
Cefepime,ordinal,Cefuroxime,ordinal,,,23,WEAK,Negative,False
Cefepime,ordinal,Cefoperazone.Sulbactam,ordinal,,,23,WEAK,Negative,False
Cefepime,ordinal,Trimethoprim.Sulfamethoxazole,ordinal,,,23,WEAK,Negative,False
Cefepime,ordinal,Cefotaxime,ordinal,,,23,WEAK,Negative,False
Cefepime,ordinal,Ceftazidime,ordinal,,,23,WEAK,Negative,False
Cefepime,ordinal,Tigecycline,ordinal,,,23,WEAK,Negative,False
Cefepime,ordinal,Piperacillin.Tazobactam,ordinal,,,23,WEAK,Negative,False
Cefepime,ordinal,Ceftazidime.Avibactam,binary,,,23,WEAK,Negative,False
Cefepime,ordinal,ESBL.producer,binary,,,23,WEAK,Negative,False
Cefepime,ordinal,AmpC,binary,,,23,WEAK,Negative,False
Cefepime,ordinal,Carbapenemase,binary,,,23,WEAK,Negative,False
Cefepime,ordinal,MRSA,binary,,,23,WEAK,Negative,False
Cefepime,ordinal,VAN,binary,,,23,WEAK,Negative,False
Cefepime,ordinal,Ceftazidime.Avibactam.T,binary,,,23,WEAK,Negative,False
Cefepime,ordinal,Ceftazidime.Avibactam.Aztreonam.T,binary,,,23,WEAK,Negative,False
Cefepime,ordinal,Ceftazidime.Avibactam.Aztreonam.Synergy.T,ordinal,,,23,WEAK,Negative,False
Cefepime,ordinal,Polymyxin.Colistin.Inclusion.T,binary,,,23,WEAK,Negative,False
Cefepime,ordinal,Clinical.Improvement,ordinal,,,23,WEAK,Negative,False
Cefepime,ordinal,ICU.Stay.in.28.Days,continuous,,,23,WEAK,Negative,False
Cefepime,ordinal,GW.Stay.in.28.Days,continuous,,,23,WEAK,Negative,False
Cefepime,ordinal,Total.Hospital.stay.in.28.days,continuous,,,23,WEAK,Negative,False
Cefepime,ordinal,Mortality.in.ICU,binary,,,23,WEAK,Negative,False
Cefepime,ordinal,Mortality.in.Hospital,binary,,,23,WEAK,Negative,False
Cefepime,ordinal,Mortality.post.28.Day.Discharge,binary,,,23,WEAK,Negative,False
Cefepime,ordinal,Overall.Mortality,binary,,,23,WEAK,Negative,False
Cefepime,ordinal,Relapse.post.28.Day.Discharge,binary,,,23,WEAK,Negative,False
Cefepime,ordinal,Other.Illness.Leading.to.Hospitalization.post.28.Days.Discharge,binary,,,23,WEAK,Negative,False
Fosfomycin,ordinal,Cefoxitin,ordinal,,,23,WEAK,Negative,False
Fosfomycin,ordinal,Imipenem,ordinal,,,23,WEAK,Negative,False
Fosfomycin,ordinal,Levofloxacin,ordinal,,,23,WEAK,Negative,False
Fosfomycin,ordinal,ESBL.producer,binary,,,23,WEAK,Negative,False
Fosfomycin,ordinal,AmpC,binary,,,23,WEAK,Negative,False
Fosfomycin,ordinal,Carbapenemase,binary,,,23,WEAK,Negative,False
Fosfomycin,ordinal,MRSA,binary,,,23,WEAK,Negative,False
Fosfomycin,ordinal,VAN,binary,,,23,WEAK,Negative,False
Cefoxitin,ordinal,Nitrofurantoin,ordinal,,,23,WEAK,Negative,False
Cefoxitin,ordinal,Gentamicin,ordinal,,,23,WEAK,Negative,False
Cefoxitin,ordinal,Imipenem,ordinal,,,23,WEAK,Negative,False
Cefoxitin,ordinal,Levofloxacin,ordinal,,,23,WEAK,Negative,False
Cefoxitin,ordinal,Meropenem,ordinal,,,23,WEAK,Negative,False
Cefoxitin,ordinal,Minocycline,ordinal,,,23,WEAK,Negative,False
Cefoxitin,ordinal,Cefuroxime,ordinal,,,23,WEAK,Negative,False
Cefoxitin,ordinal,Cefoperazone.Sulbactam,ordinal,,,23,WEAK,Negative,False
Cefoxitin,ordinal,Trimethoprim.Sulfamethoxazole,ordinal,,,23,WEAK,Negative,False
Cefoxitin,ordinal,Cefotaxime,ordinal,,,23,WEAK,Negative,False
Cefoxitin,ordinal,Ceftazidime,ordinal,,,23,WEAK,Negative,False
Cefoxitin,ordinal,Tigecycline,ordinal,,,23,WEAK,Negative,False
Cefoxitin,ordinal,Piperacillin.Tazobactam,ordinal,,,23,WEAK,Negative,False
Cefoxitin,ordinal,Ceftazidime.Avibactam,binary,,,23,WEAK,Negative,False
Cefoxitin,ordinal,ESBL.producer,binary,,,23,WEAK,Negative,False
Cefoxitin,ordinal,AmpC,binary,,,23,WEAK,Negative,False
Cefoxitin,ordinal,Carbapenemase,binary,,,23,WEAK,Negative,False
Cefoxitin,ordinal,MRSA,binary,,,23,WEAK,Negative,False
Cefoxitin,ordinal,VAN,binary,,,23,WEAK,Negative,False
Cefoxitin,ordinal,Ceftazidime.Avibactam.T,binary,,,23,WEAK,Negative,False
Cefoxitin,ordinal,Ceftazidime.Avibactam.Aztreonam.T,binary,,,23,WEAK,Negative,False
Cefoxitin,ordinal,Ceftazidime.Avibactam.Aztreonam.Synergy.T,ordinal,,,23,WEAK,Negative,False
Cefoxitin,ordinal,Polymyxin.Colistin.Inclusion.T,binary,,,23,WEAK,Negative,False
Cefoxitin,ordinal,Clinical.Improvement,ordinal,,,23,WEAK,Negative,False
Cefoxitin,ordinal,ICU.Stay.in.28.Days,continuous,,,23,WEAK,Negative,False
Cefoxitin,ordinal,GW.Stay.in.28.Days,continuous,,,23,WEAK,Negative,False
Cefoxitin,ordinal,Total.Hospital.stay.in.28.days,continuous,,,23,WEAK,Negative,False
Cefoxitin,ordinal,Mortality.in.ICU,binary,,,23,WEAK,Negative,False
Cefoxitin,ordinal,Mortality.in.Hospital,binary,,,23,WEAK,Negative,False
Cefoxitin,ordinal,Mortality.post.28.Day.Discharge,binary,,,23,WEAK,Negative,False
Cefoxitin,ordinal,Overall.Mortality,binary,,,23,WEAK,Negative,False
Cefoxitin,ordinal,Relapse.post.28.Day.Discharge,binary,,,23,WEAK,Negative,False
Cefoxitin,ordinal,Other.Illness.Leading.to.Hospitalization.post.28.Days.Discharge,binary,,,23,WEAK,Negative,False
Nitrofurantoin,ordinal,Imipenem,ordinal,,,23,WEAK,Negative,False
Nitrofurantoin,ordinal,Levofloxacin,ordinal,,,23,WEAK,Negative,False
Nitrofurantoin,ordinal,ESBL.producer,binary,,,23,WEAK,Negative,False
Nitrofurantoin,ordinal,AmpC,binary,,,23,WEAK,Negative,False
Nitrofurantoin,ordinal,Carbapenemase,binary,,,23,WEAK,Negative,False
Nitrofurantoin,ordinal,MRSA,binary,,,23,WEAK,Negative,False
Nitrofurantoin,ordinal,VAN,binary,,,23,WEAK,Negative,False
Gentamicin,ordinal,Imipenem,ordinal,,,23,WEAK,Negative,False
Gentamicin,ordinal,Levofloxacin,ordinal,,,23,WEAK,Negative,False
Gentamicin,ordinal,ESBL.producer,binary,,,23,WEAK,Negative,False
Gentamicin,ordinal,AmpC,binary,,,23,WEAK,Negative,False
Gentamicin,ordinal,Carbapenemase,binary,,,23,WEAK,Negative,False
Gentamicin,ordinal,MRSA,binary,,,23,WEAK,Negative,False
Gentamicin,ordinal,VAN,binary,,,23,WEAK,Negative,False
Imipenem,ordinal,Levofloxacin,ordinal,,,23,WEAK,Negative,False
Imipenem,ordinal,Meropenem,ordinal,,,23,WEAK,Negative,False
Imipenem,ordinal,Minocycline,ordinal,,,23,WEAK,Negative,False
Imipenem,ordinal,Cefuroxime,ordinal,,,23,WEAK,Negative,False
Imipenem,ordinal,Cefoperazone.Sulbactam,ordinal,,,23,WEAK,Negative,False
Imipenem,ordinal,Trimethoprim.Sulfamethoxazole,ordinal,,,23,WEAK,Negative,False
Imipenem,ordinal,Cefotaxime,ordinal,,,23,WEAK,Negative,False
Imipenem,ordinal,Ceftazidime,ordinal,,,23,WEAK,Negative,False
Imipenem,ordinal,Tigecycline,ordinal,,,23,WEAK,Negative,False
Imipenem,ordinal,Piperacillin.Tazobactam,ordinal,,,23,WEAK,Negative,False
Imipenem,ordinal,Ceftazidime.Avibactam,binary,,,23,WEAK,Negative,False
Imipenem,ordinal,ESBL.producer,binary,,,23,WEAK,Negative,False
Imipenem,ordinal,AmpC,binary,,,23,WEAK,Negative,False
Imipenem,ordinal,Carbapenemase,binary,,,23,WEAK,Negative,False
Imipenem,ordinal,MRSA,binary,,,23,WEAK,Negative,False
Imipenem,ordinal,VAN,binary,,,23,WEAK,Negative,False
Imipenem,ordinal,Ceftazidime.Avibactam.T,binary,,,23,WEAK,Negative,False
Imipenem,ordinal,Ceftazidime.Avibactam.Aztreonam.T,binary,,,23,WEAK,Negative,False
Imipenem,ordinal,Ceftazidime.Avibactam.Aztreonam.Synergy.T,ordinal,,,23,WEAK,Negative,False
Imipenem,ordinal,Polymyxin.Colistin.Inclusion.T,binary,,,23,WEAK,Negative,False
Imipenem,ordinal,Clinical.Improvement,ordinal,,,23,WEAK,Negative,False
Imipenem,ordinal,ICU.Stay.in.28.Days,continuous,,,23,WEAK,Negative,False
Imipenem,ordinal,GW.Stay.in.28.Days,continuous,,,23,WEAK,Negative,False
Imipenem,ordinal,Total.Hospital.stay.in.28.days,continuous,,,23,WEAK,Negative,False
Imipenem,ordinal,Mortality.in.ICU,binary,,,23,WEAK,Negative,False
Imipenem,ordinal,Mortality.in.Hospital,binary,,,23,WEAK,Negative,False
Imipenem,ordinal,Mortality.post.28.Day.Discharge,binary,,,23,WEAK,Negative,False
Imipenem,ordinal,Overall.Mortality,binary,,,23,WEAK,Negative,False
Imipenem,ordinal,Relapse.post.28.Day.Discharge,binary,,,23,WEAK,Negative,False
Imipenem,ordinal,Other.Illness.Leading.to.Hospitalization.post.28.Days.Discharge,binary,,,23,WEAK,Negative,False
Levofloxacin,ordinal,Meropenem,ordinal,,,23,WEAK,Negative,False
Levofloxacin,ordinal,Minocycline,ordinal,,,23,WEAK,Negative,False
Levofloxacin,ordinal,Cefuroxime,ordinal,,,23,WEAK,Negative,False
Levofloxacin,ordinal,Cefoperazone.Sulbactam,ordinal,,,23,WEAK,Negative,False
Levofloxacin,ordinal,Trimethoprim.Sulfamethoxazole,ordinal,,,23,WEAK,Negative,False
Levofloxacin,ordinal,Cefotaxime,ordinal,,,23,WEAK,Negative,False
Levofloxacin,ordinal,Ceftazidime,ordinal,,,23,WEAK,Negative,False
Levofloxacin,ordinal,Tigecycline,ordinal,,,23,WEAK,Negative,False
Levofloxacin,ordinal,Piperacillin.Tazobactam,ordinal,,,23,WEAK,Negative,False
Levofloxacin,ordinal,Ceftazidime.Avibactam,binary,,,23,WEAK,Negative,False
Levofloxacin,ordinal,ESBL.producer,binary,,,23,WEAK,Negative,False
Levofloxacin,ordinal,AmpC,binary,,,23,WEAK,Negative,False
Levofloxacin,ordinal,Carbapenemase,binary,,,23,WEAK,Negative,False
Levofloxacin,ordinal,MRSA,binary,,,23,WEAK,Negative,False
Levofloxacin,ordinal,VAN,binary,,,23,WEAK,Negative,False
Levofloxacin,ordinal,Ceftazidime.Avibactam.T,binary,,,23,WEAK,Negative,False
Levofloxacin,ordinal,Ceftazidime.Avibactam.Aztreonam.T,binary,,,23,WEAK,Negative,False
Levofloxacin,ordinal,Ceftazidime.Avibactam.Aztreonam.Synergy.T,ordinal,,,23,WEAK,Negative,False
Levofloxacin,ordinal,Polymyxin.Colistin.Inclusion.T,binary,,,23,WEAK,Negative,False
Levofloxacin,ordinal,Clinical.Improvement,ordinal,,,23,WEAK,Negative,False
Levofloxacin,ordinal,ICU.Stay.in.28.Days,continuous,,,23,WEAK,Negative,False
Levofloxacin,ordinal,GW.Stay.in.28.Days,continuous,,,23,WEAK,Negative,False
Levofloxacin,ordinal,Total.Hospital.stay.in.28.days,continuous,,,23,WEAK,Negative,False
Levofloxacin,ordinal,Mortality.in.ICU,binary,,,23,WEAK,Negative,False
Levofloxacin,ordinal,Mortality.in.Hospital,binary,,,23,WEAK,Negative,False
Levofloxacin,ordinal,Mortality.post.28.Day.Discharge,binary,,,23,WEAK,Negative,False
Levofloxacin,ordinal,Overall.Mortality,binary,,,23,WEAK,Negative,False
Levofloxacin,ordinal,Relapse.post.28.Day.Discharge,binary,,,23,WEAK,Negative,False
Levofloxacin,ordinal,Other.Illness.Leading.to.Hospitalization.post.28.Days.Discharge,binary,,,23,WEAK,Negative,False
Meropenem,ordinal,ESBL.producer,binary,,,23,WEAK,Negative,False
Meropenem,ordinal,AmpC,binary,,,23,WEAK,Negative,False
Meropenem,ordinal,Carbapenemase,binary,,,23,WEAK,Negative,False
Meropenem,ordinal,MRSA,binary,,,23,WEAK,Negative,False
Meropenem,ordinal,VAN,binary,,,23,WEAK,Negative,False
Minocycline,ordinal,ESBL.producer,binary,,,23,WEAK,Negative,False
Minocycline,ordinal,AmpC,binary,,,23,WEAK,Negative,False
Minocycline,ordinal,Carbapenemase,binary,,,23,WEAK,Negative,False
Minocycline,ordinal,MRSA,binary,,,23,WEAK,Negative,False
Minocycline,ordinal,VAN,binary,,,23,WEAK,Negative,False
Cefuroxime,ordinal,ESBL.producer,binary,,,23,WEAK,Negative,False
Cefuroxime,ordinal,AmpC,binary,,,23,WEAK,Negative,False
Cefuroxime,ordinal,Carbapenemase,binary,,,23,WEAK,Negative,False
Cefuroxime,ordinal,MRSA,binary,,,23,WEAK,Negative,False
Cefuroxime,ordinal,VAN,binary,,,23,WEAK,Negative,False
Cefoperazone.Sulbactam,ordinal,ESBL.producer,binary,,,23,WEAK,Negative,False
Cefoperazone.Sulbactam,ordinal,AmpC,binary,,,23,WEAK,Negative,False
Cefoperazone.Sulbactam,ordinal,Carbapenemase,binary,,,23,WEAK,Negative,False
Cefoperazone.Sulbactam,ordinal,MRSA,binary,,,23,WEAK,Negative,False
Cefoperazone.Sulbactam,ordinal,VAN,binary,,,23,WEAK,Negative,False
Trimethoprim.Sulfamethoxazole,ordinal,ESBL.producer,binary,,,23,WEAK,Negative,False
Trimethoprim.Sulfamethoxazole,ordinal,AmpC,binary,,,23,WEAK,Negative,False
Trimethoprim.Sulfamethoxazole,ordinal,Carbapenemase,binary,,,23,WEAK,Negative,False
Trimethoprim.Sulfamethoxazole,ordinal,MRSA,binary,,,23,WEAK,Negative,False
Trimethoprim.Sulfamethoxazole,ordinal,VAN,binary,,,23,WEAK,Negative,False
Cefotaxime,ordinal,ESBL.producer,binary,,,23,WEAK,Negative,False
Cefotaxime,ordinal,AmpC,binary,,,23,WEAK,Negative,False
Cefotaxime,ordinal,Carbapenemase,binary,,,23,WEAK,Negative,False
Cefotaxime,ordinal,MRSA,binary,,,23,WEAK,Negative,False
Cefotaxime,ordinal,VAN,binary,,,23,WEAK,Negative,False
Ceftazidime,ordinal,ESBL.producer,binary,,,23,WEAK,Negative,False
Ceftazidime,ordinal,AmpC,binary,,,23,WEAK,Negative,False
Ceftazidime,ordinal,Carbapenemase,binary,,,23,WEAK,Negative,False
Ceftazidime,ordinal,MRSA,binary,,,23,WEAK,Negative,False
Ceftazidime,ordinal,VAN,binary,,,23,WEAK,Negative,False
Tigecycline,ordinal,ESBL.producer,binary,,,23,WEAK,Negative,False
Tigecycline,ordinal,AmpC,binary,,,23,WEAK,Negative,False
Tigecycline,ordinal,Carbapenemase,binary,,,23,WEAK,Negative,False
Tigecycline,ordinal,MRSA,binary,,,23,WEAK,Negative,False
Tigecycline,ordinal,VAN,binary,,,23,WEAK,Negative,False
Piperacillin.Tazobactam,ordinal,ESBL.producer,binary,,,23,WEAK,Negative,False
Piperacillin.Tazobactam,ordinal,AmpC,binary,,,23,WEAK,Negative,False
Piperacillin.Tazobactam,ordinal,Carbapenemase,binary,,,23,WEAK,Negative,False
Piperacillin.Tazobactam,ordinal,MRSA,binary,,,23,WEAK,Negative,False
Piperacillin.Tazobactam,ordinal,VAN,binary,,,23,WEAK,Negative,False
Ceftazidime.Avibactam,binary,ESBL.producer,binary,,,23,WEAK,Negative,False
Ceftazidime.Avibactam,binary,AmpC,binary,,,23,WEAK,Negative,False
Ceftazidime.Avibactam,binary,Carbapenemase,binary,,,23,WEAK,Negative,False
Ceftazidime.Avibactam,binary,MRSA,binary,,,23,WEAK,Negative,False
Ceftazidime.Avibactam,binary,VAN,binary,,,23,WEAK,Negative,False
ESBL.producer,binary,AmpC,binary,,,23,WEAK,Negative,False
ESBL.producer,binary,Carbapenemase,binary,,,23,WEAK,Negative,False
ESBL.producer,binary,MRSA,binary,,,23,WEAK,Negative,False
ESBL.producer,binary,VAN,binary,,,23,WEAK,Negative,False
ESBL.producer,binary,Ceftazidime.Avibactam.T,binary,,,23,WEAK,Negative,False
ESBL.producer,binary,Ceftazidime.Avibactam.Aztreonam.T,binary,,,23,WEAK,Negative,False
ESBL.producer,binary,Ceftazidime.Avibactam.Aztreonam.Synergy.T,ordinal,,,23,WEAK,Negative,False
ESBL.producer,binary,Polymyxin.Colistin.Inclusion.T,binary,,,23,WEAK,Negative,False
ESBL.producer,binary,Clinical.Improvement,ordinal,,,23,WEAK,Negative,False
ESBL.producer,binary,ICU.Stay.in.28.Days,continuous,,,23,WEAK,Negative,False
ESBL.producer,binary,GW.Stay.in.28.Days,continuous,,,23,WEAK,Negative,False
ESBL.producer,binary,Total.Hospital.stay.in.28.days,continuous,,,23,WEAK,Negative,False
ESBL.producer,binary,Mortality.in.ICU,binary,,,23,WEAK,Negative,False
ESBL.producer,binary,Mortality.in.Hospital,binary,,,23,WEAK,Negative,False
ESBL.producer,binary,Mortality.post.28.Day.Discharge,binary,,,23,WEAK,Negative,False
ESBL.producer,binary,Overall.Mortality,binary,,,23,WEAK,Negative,False
ESBL.producer,binary,Relapse.post.28.Day.Discharge,binary,,,23,WEAK,Negative,False
ESBL.producer,binary,Other.Illness.Leading.to.Hospitalization.post.28.Days.Discharge,binary,,,23,WEAK,Negative,False
AmpC,binary,Carbapenemase,binary,,,23,WEAK,Negative,False
AmpC,binary,MRSA,binary,,,23,WEAK,Negative,False
AmpC,binary,VAN,binary,,,23,WEAK,Negative,False
AmpC,binary,Ceftazidime.Avibactam.T,binary,,,23,WEAK,Negative,False
AmpC,binary,Ceftazidime.Avibactam.Aztreonam.T,binary,,,23,WEAK,Negative,False
AmpC,binary,Ceftazidime.Avibactam.Aztreonam.Synergy.T,ordinal,,,23,WEAK,Negative,False
AmpC,binary,Polymyxin.Colistin.Inclusion.T,binary,,,23,WEAK,Negative,False
AmpC,binary,Clinical.Improvement,ordinal,,,23,WEAK,Negative,False
AmpC,binary,ICU.Stay.in.28.Days,continuous,,,23,WEAK,Negative,False
AmpC,binary,GW.Stay.in.28.Days,continuous,,,23,WEAK,Negative,False
AmpC,binary,Total.Hospital.stay.in.28.days,continuous,,,23,WEAK,Negative,False
AmpC,binary,Mortality.in.ICU,binary,,,23,WEAK,Negative,False
AmpC,binary,Mortality.in.Hospital,binary,,,23,WEAK,Negative,False
AmpC,binary,Mortality.post.28.Day.Discharge,binary,,,23,WEAK,Negative,False
AmpC,binary,Overall.Mortality,binary,,,23,WEAK,Negative,False
AmpC,binary,Relapse.post.28.Day.Discharge,binary,,,23,WEAK,Negative,False
AmpC,binary,Other.Illness.Leading.to.Hospitalization.post.28.Days.Discharge,binary,,,23,WEAK,Negative,False
Carbapenemase,binary,MRSA,binary,,,23,WEAK,Negative,False
Carbapenemase,binary,VAN,binary,,,23,WEAK,Negative,False
Carbapenemase,binary,Ceftazidime.Avibactam.T,binary,,,23,WEAK,Negative,False
Carbapenemase,binary,Ceftazidime.Avibactam.Aztreonam.T,binary,,,23,WEAK,Negative,False
Carbapenemase,binary,Ceftazidime.Avibactam.Aztreonam.Synergy.T,ordinal,,,23,WEAK,Negative,False
Carbapenemase,binary,Polymyxin.Colistin.Inclusion.T,binary,,,23,WEAK,Negative,False
Carbapenemase,binary,Clinical.Improvement,ordinal,,,23,WEAK,Negative,False
Carbapenemase,binary,ICU.Stay.in.28.Days,continuous,,,23,WEAK,Negative,False
Carbapenemase,binary,GW.Stay.in.28.Days,continuous,,,23,WEAK,Negative,False
Carbapenemase,binary,Total.Hospital.stay.in.28.days,continuous,,,23,WEAK,Negative,False
Carbapenemase,binary,Mortality.in.ICU,binary,,,23,WEAK,Negative,False
Carbapenemase,binary,Mortality.in.Hospital,binary,,,23,WEAK,Negative,False
Carbapenemase,binary,Mortality.post.28.Day.Discharge,binary,,,23,WEAK,Negative,False
Carbapenemase,binary,Overall.Mortality,binary,,,23,WEAK,Negative,False
Carbapenemase,binary,Relapse.post.28.Day.Discharge,binary,,,23,WEAK,Negative,False
Carbapenemase,binary,Other.Illness.Leading.to.Hospitalization.post.28.Days.Discharge,binary,,,23,WEAK,Negative,False
MRSA,binary,VAN,binary,,,23,WEAK,Negative,False
MRSA,binary,Ceftazidime.Avibactam.T,binary,,,23,WEAK,Negative,False
MRSA,binary,Ceftazidime.Avibactam.Aztreonam.T,binary,,,23,WEAK,Negative,False
MRSA,binary,Ceftazidime.Avibactam.Aztreonam.Synergy.T,ordinal,,,23,WEAK,Negative,False
MRSA,binary,Polymyxin.Colistin.Inclusion.T,binary,,,23,WEAK,Negative,False
MRSA,binary,Clinical.Improvement,ordinal,,,23,WEAK,Negative,False
MRSA,binary,ICU.Stay.in.28.Days,continuous,,,23,WEAK,Negative,False
MRSA,binary,GW.Stay.in.28.Days,continuous,,,23,WEAK,Negative,False
MRSA,binary,Total.Hospital.stay.in.28.days,continuous,,,23,WEAK,Negative,False
MRSA,binary,Mortality.in.ICU,binary,,,23,WEAK,Negative,False
MRSA,binary,Mortality.in.Hospital,binary,,,23,WEAK,Negative,False
MRSA,binary,Mortality.post.28.Day.Discharge,binary,,,23,WEAK,Negative,False
MRSA,binary,Overall.Mortality,binary,,,23,WEAK,Negative,False
MRSA,binary,Relapse.post.28.Day.Discharge,binary,,,23,WEAK,Negative,False
MRSA,binary,Other.Illness.Leading.to.Hospitalization.post.28.Days.Discharge,binary,,,23,WEAK,Negative,False
VAN,binary,Ceftazidime.Avibactam.T,binary,,,23,WEAK,Negative,False
VAN,binary,Ceftazidime.Avibactam.Aztreonam.T,binary,,,23,WEAK,Negative,False
VAN,binary,Ceftazidime.Avibactam.Aztreonam.Synergy.T,ordinal,,,23,WEAK,Negative,False
VAN,binary,Polymyxin.Colistin.Inclusion.T,binary,,,23,WEAK,Negative,False
VAN,binary,Clinical.Improvement,ordinal,,,23,WEAK,Negative,False
VAN,binary,ICU.Stay.in.28.Days,continuous,,,23,WEAK,Negative,False
VAN,binary,GW.Stay.in.28.Days,continuous,,,23,WEAK,Negative,False
VAN,binary,Total.Hospital.stay.in.28.days,continuous,,,23,WEAK,Negative,False
VAN,binary,Mortality.in.ICU,binary,,,23,WEAK,Negative,False
VAN,binary,Mortality.in.Hospital,binary,,,23,WEAK,Negative,False
VAN,binary,Mortality.post.28.Day.Discharge,binary,,,23,WEAK,Negative,False
VAN,binary,Overall.Mortality,binary,,,23,WEAK,Negative,False
VAN,binary,Relapse.post.28.Day.Discharge,binary,,,23,WEAK,Negative,False
VAN,binary,Other.Illness.Leading.to.Hospitalization.post.28.Days.Discharge,binary,,,23,WEAK,Negative,False
